interval_start,interval_kW
3/5/19 3:45,49.44
3/5/19 3:30,51.36
3/5/19 3:15,50.88
3/5/19 3:00,52.8
3/5/19 2:45,52.32
3/5/19 2:30,50.88
3/5/19 2:15,51.36
3/5/19 2:00,50.4
3/5/19 1:45,53.28
3/5/19 1:30,52.8
3/5/19 1:15,51.84
3/5/19 1:00,50.88
3/5/19 0:45,52.32
3/5/19 0:30,51.84
3/5/19 0:15,51.36
3/5/19 0:00,50.4
3/4/19 23:45,55.68
3/4/19 23:30,53.76
3/4/19 23:15,53.28
3/4/19 23:00,51.84
3/4/19 22:45,52.8
3/4/19 22:30,53.76
3/4/19 22:15,72
3/4/19 22:00,72.96
3/4/19 21:45,75.84
3/4/19 21:30,72.48
3/4/19 21:15,68.64
3/4/19 21:00,62.88
3/4/19 20:45,72.48
3/4/19 20:30,74.88
3/4/19 20:15,70.08
3/4/19 20:00,71.04
3/4/19 19:45,70.08
3/4/19 19:30,67.2
3/4/19 19:15,72.48
3/4/19 19:00,185.28
3/4/19 18:45,187.68
3/4/19 18:30,189.12
3/4/19 18:15,194.4
3/4/19 18:00,192.96
3/4/19 17:45,190.56
3/4/19 17:30,193.44
3/4/19 17:15,196.32
3/4/19 17:00,196.32
3/4/19 16:45,192
3/4/19 16:30,95.52
3/4/19 16:15,80.16
3/4/19 16:00,87.84
3/4/19 15:45,91.68
3/4/19 15:30,89.28
3/4/19 15:15,98.88
3/4/19 15:00,100.32
3/4/19 14:45,120
3/4/19 14:30,132.96
3/4/19 14:15,123.84
3/4/19 14:00,134.88
3/4/19 13:45,124.8
3/4/19 13:30,127.2
3/4/19 13:15,127.2
3/4/19 13:00,125.28
3/4/19 12:45,118.56
3/4/19 12:30,120.48
3/4/19 12:15,116.64
3/4/19 12:00,125.28
3/4/19 11:45,127.2
3/4/19 11:30,121.44
3/4/19 11:15,125.28
3/4/19 11:00,124.32
3/4/19 10:45,117.6
3/4/19 10:30,119.04
3/4/19 10:15,119.52
3/4/19 10:00,119.52
3/4/19 9:45,120
3/4/19 9:30,121.44
3/4/19 9:15,121.92
3/4/19 9:00,118.08
3/4/19 8:45,114.24
3/4/19 8:30,121.92
3/4/19 8:15,116.64
3/4/19 8:00,95.04
3/4/19 7:45,88.8
3/4/19 7:30,87.84
3/4/19 7:15,85.92
3/4/19 7:00,61.44
3/4/19 6:45,47.04
3/4/19 6:30,44.64
3/4/19 6:15,44.64
3/4/19 6:00,46.56
3/4/19 5:45,50.88
3/4/19 5:30,49.44
3/4/19 5:15,48.48
3/4/19 5:00,47.04
3/4/19 4:45,47.52
3/4/19 4:30,48.48
3/4/19 4:15,47.52
3/4/19 4:00,50.4
3/4/19 3:45,47.52
3/4/19 3:30,50.88
3/4/19 3:15,50.4
3/4/19 3:00,47.04
3/4/19 2:45,48
3/4/19 2:30,49.44
3/4/19 2:15,49.44
3/4/19 2:00,45.12
3/4/19 1:45,49.92
3/4/19 1:30,48.48
3/4/19 1:15,50.4
3/4/19 1:00,50.88
3/4/19 0:45,49.44
3/4/19 0:30,48.48
3/4/19 0:15,47.04
3/4/19 0:00,50.4
3/3/19 23:45,49.92
3/3/19 23:30,48.48
3/3/19 23:15,48.48
3/3/19 23:00,50.88
3/3/19 22:45,50.88
3/3/19 22:30,48.48
3/3/19 22:15,48
3/3/19 22:00,50.4
3/3/19 21:45,50.4
3/3/19 21:30,48.96
3/3/19 21:15,48.48
3/3/19 21:00,52.32
3/3/19 20:45,51.36
3/3/19 20:30,47.04
3/3/19 20:15,50.4
3/3/19 20:00,53.76
3/3/19 19:45,52.32
3/3/19 19:30,47.04
3/3/19 19:15,49.44
3/3/19 19:00,50.4
3/3/19 18:45,48
3/3/19 18:30,51.36
3/3/19 18:15,48.96
3/3/19 18:00,47.04
3/3/19 17:45,45.6
3/3/19 17:30,49.44
3/3/19 17:15,44.64
3/3/19 17:00,41.76
3/3/19 16:45,41.28
3/3/19 16:30,31.2
3/3/19 16:15,33.12
3/3/19 16:00,34.56
3/3/19 15:45,53.28
3/3/19 15:30,54.24
3/3/19 15:15,56.16
3/3/19 15:00,40.32
3/3/19 14:45,39.84
3/3/19 14:30,36.48
3/3/19 14:15,33.6
3/3/19 14:00,36.48
3/3/19 13:45,34.08
3/3/19 13:30,32.16
3/3/19 13:15,37.92
3/3/19 13:00,35.52
3/3/19 12:45,36.96
3/3/19 12:30,49.92
3/3/19 12:15,57.12
3/3/19 12:00,58.08
3/3/19 11:45,60.48
3/3/19 11:30,62.88
3/3/19 11:15,65.28
3/3/19 11:00,58.56
3/3/19 10:45,57.12
3/3/19 10:30,54.24
3/3/19 10:15,64.8
3/3/19 10:00,63.84
3/3/19 9:45,62.88
3/3/19 9:30,60.48
3/3/19 9:15,56.16
3/3/19 9:00,54.24
3/3/19 8:45,58.08
3/3/19 8:30,60
3/3/19 8:15,60
3/3/19 8:00,56.64
3/3/19 7:45,56.64
3/3/19 7:30,60.96
3/3/19 7:15,61.44
3/3/19 7:00,60
3/3/19 6:45,61.44
3/3/19 6:30,72.96
3/3/19 6:15,74.88
3/3/19 6:00,81.12
3/3/19 5:45,84.48
3/3/19 5:30,79.68
3/3/19 5:15,75.84
3/3/19 5:00,71.52
3/3/19 4:45,75.36
3/3/19 4:30,72
3/3/19 4:15,70.56
3/3/19 4:00,52.8
3/3/19 3:45,50.4
3/3/19 3:30,49.92
3/3/19 3:15,48.48
3/3/19 3:00,49.44
3/3/19 2:45,51.84
3/3/19 2:30,48.96
3/3/19 2:15,48.96
3/3/19 2:00,49.92
3/3/19 1:45,48
3/3/19 1:30,47.04
3/3/19 1:15,49.44
3/3/19 1:00,49.44
3/3/19 0:45,48.48
3/3/19 0:30,48.96
3/3/19 0:15,50.88
3/3/19 0:00,47.04
3/2/19 23:45,48.96
3/2/19 23:30,51.84
3/2/19 23:15,49.44
3/2/19 23:00,49.44
3/2/19 22:45,53.28
3/2/19 22:30,50.4
3/2/19 22:15,49.92
3/2/19 22:00,50.88
3/2/19 21:45,54.72
3/2/19 21:30,52.32
3/2/19 21:15,51.84
3/2/19 21:00,51.84
3/2/19 20:45,51.36
3/2/19 20:30,52.32
3/2/19 20:15,53.76
3/2/19 20:00,50.88
3/2/19 19:45,51.36
3/2/19 19:30,52.8
3/2/19 19:15,51.36
3/2/19 19:00,64.32
3/2/19 18:45,68.64
3/2/19 18:30,64.32
3/2/19 18:15,60.96
3/2/19 18:00,64.8
3/2/19 17:45,69.12
3/2/19 17:30,69.12
3/2/19 17:15,68.64
3/2/19 17:00,59.52
3/2/19 16:45,61.92
3/2/19 16:30,56.64
3/2/19 16:15,53.76
3/2/19 16:00,56.64
3/2/19 15:45,59.52
3/2/19 15:30,54.24
3/2/19 15:15,57.12
3/2/19 15:00,60
3/2/19 14:45,55.2
3/2/19 14:30,60.96
3/2/19 14:15,59.04
3/2/19 14:00,62.4
3/2/19 13:45,60.96
3/2/19 13:30,57.12
3/2/19 13:15,69.12
3/2/19 13:00,71.52
3/2/19 12:45,67.2
3/2/19 12:30,68.16
3/2/19 12:15,75.36
3/2/19 12:00,74.88
3/2/19 11:45,82.56
3/2/19 11:30,81.12
3/2/19 11:15,82.08
3/2/19 11:00,77.76
3/2/19 10:45,84
3/2/19 10:30,83.52
3/2/19 10:15,79.68
3/2/19 10:00,73.44
3/2/19 9:45,62.4
3/2/19 9:30,61.44
3/2/19 9:15,61.92
3/2/19 9:00,60
3/2/19 8:45,62.88
3/2/19 8:30,63.36
3/2/19 8:15,50.4
3/2/19 8:00,43.68
3/2/19 7:45,41.76
3/2/19 7:30,34.08
3/2/19 7:15,35.52
3/2/19 7:00,33.6
3/2/19 6:45,34.08
3/2/19 6:30,37.92
3/2/19 6:15,42.72
3/2/19 6:00,48.96
3/2/19 5:45,48.48
3/2/19 5:30,50.88
3/2/19 5:15,50.88
3/2/19 5:00,53.76
3/2/19 4:45,51.36
3/2/19 4:30,50.4
3/2/19 4:15,48.96
3/2/19 4:00,52.32
3/2/19 3:45,50.88
3/2/19 3:30,48.96
3/2/19 3:15,49.44
3/2/19 3:00,50.88
3/2/19 2:45,49.44
3/2/19 2:30,50.88
3/2/19 2:15,50.4
3/2/19 2:00,50.4
3/2/19 1:45,48.48
3/2/19 1:30,51.84
3/2/19 1:15,57.6
3/2/19 1:00,51.36
3/2/19 0:45,49.92
3/2/19 0:30,50.4
3/2/19 0:15,53.28
3/2/19 0:00,50.88
3/1/19 23:45,51.84
3/1/19 23:30,53.76
3/1/19 23:15,50.88
3/1/19 23:00,51.84
3/1/19 22:45,53.28
3/1/19 22:30,58.08
3/1/19 22:15,54.24
3/1/19 22:00,54.72
3/1/19 21:45,69.12
3/1/19 21:30,74.88
3/1/19 21:15,76.8
3/1/19 21:00,72.96
3/1/19 20:45,74.88
3/1/19 20:30,80.64
3/1/19 20:15,77.28
3/1/19 20:00,75.84
3/1/19 19:45,84.96
3/1/19 19:30,82.56
3/1/19 19:15,78.72
3/1/19 19:00,82.56
3/1/19 18:45,81.12
3/1/19 18:30,82.56
3/1/19 18:15,84.48
3/1/19 18:00,82.56
3/1/19 17:45,85.92
3/1/19 17:30,82.08
3/1/19 17:15,88.8
3/1/19 17:00,87.84
3/1/19 16:45,77.76
3/1/19 16:30,72.48
3/1/19 16:15,71.04
3/1/19 16:00,84.96
3/1/19 15:45,86.88
3/1/19 15:30,96.48
3/1/19 15:15,106.08
3/1/19 15:00,118.08
3/1/19 14:45,129.12
3/1/19 14:30,155.52
3/1/19 14:15,144.48
3/1/19 14:00,143.52
3/1/19 13:45,146.88
3/1/19 13:30,145.44
3/1/19 13:15,152.64
3/1/19 13:00,143.52
3/1/19 12:45,132
3/1/19 12:30,125.28
3/1/19 12:15,125.76
3/1/19 12:00,133.44
3/1/19 11:45,125.28
3/1/19 11:30,132.96
3/1/19 11:15,138.24
3/1/19 11:00,128.16
3/1/19 10:45,133.92
3/1/19 10:30,132
3/1/19 10:15,126.72
3/1/19 10:00,121.92
3/1/19 9:45,121.44
3/1/19 9:30,121.92
3/1/19 9:15,127.2
3/1/19 9:00,128.16
3/1/19 8:45,122.4
3/1/19 8:30,123.84
3/1/19 8:15,115.2
3/1/19 8:00,90.72
3/1/19 7:45,93.12
3/1/19 7:30,98.4
3/1/19 7:15,84
3/1/19 7:00,74.88
3/1/19 6:45,69.12
3/1/19 6:30,60
3/1/19 6:15,49.92
3/1/19 6:00,53.28
3/1/19 5:45,56.64
3/1/19 5:30,57.12
3/1/19 5:15,59.04
3/1/19 5:00,54.72
3/1/19 4:45,55.2
3/1/19 4:30,52.8
3/1/19 4:15,57.12
3/1/19 4:00,51.36
3/1/19 3:45,49.92
3/1/19 3:30,51.84
3/1/19 3:15,51.84
3/1/19 3:00,52.32
3/1/19 2:45,50.4
3/1/19 2:30,52.32
3/1/19 2:15,52.32
3/1/19 2:00,56.64
3/1/19 1:45,51.36
3/1/19 1:30,50.4
3/1/19 1:15,52.8
3/1/19 1:00,53.76
3/1/19 0:45,51.84
3/1/19 0:30,51.84
3/1/19 0:15,54.24
3/1/19 0:00,51.84
2/28/19 23:45,57.12
2/28/19 23:30,57.12
2/28/19 23:15,53.28
2/28/19 23:00,52.8
2/28/19 22:45,56.16
2/28/19 22:30,54.24
2/28/19 22:15,52.8
2/28/19 22:00,58.08
2/28/19 21:45,56.64
2/28/19 21:30,57.12
2/28/19 21:15,63.84
2/28/19 21:00,78.72
2/28/19 20:45,75.84
2/28/19 20:30,79.68
2/28/19 20:15,76.8
2/28/19 20:00,78.72
2/28/19 19:45,79.2
2/28/19 19:30,75.36
2/28/19 19:15,83.04
2/28/19 19:00,84
2/28/19 18:45,83.52
2/28/19 18:30,80.64
2/28/19 18:15,80.64
2/28/19 18:00,88.32
2/28/19 17:45,90.72
2/28/19 17:30,86.4
2/28/19 17:15,93.12
2/28/19 17:00,90.24
2/28/19 16:45,97.92
2/28/19 16:30,92.16
2/28/19 16:15,98.88
2/28/19 16:00,102.24
2/28/19 15:45,104.64
2/28/19 15:30,112.32
2/28/19 15:15,134.4
2/28/19 15:00,138.24
2/28/19 14:45,154.56
2/28/19 14:30,151.2
2/28/19 14:15,147.36
2/28/19 14:00,147.84
2/28/19 13:45,146.4
2/28/19 13:30,148.8
2/28/19 13:15,142.08
2/28/19 13:00,138.24
2/28/19 12:45,128.64
2/28/19 12:30,123.36
2/28/19 12:15,136.8
2/28/19 12:00,137.28
2/28/19 11:45,131.04
2/28/19 11:30,133.44
2/28/19 11:15,132
2/28/19 11:00,123.84
2/28/19 10:45,129.6
2/28/19 10:30,125.76
2/28/19 10:15,126.24
2/28/19 10:00,131.52
2/28/19 9:45,126.24
2/28/19 9:30,125.28
2/28/19 9:15,126.24
2/28/19 9:00,122.88
2/28/19 8:45,123.36
2/28/19 8:30,127.68
2/28/19 8:15,120.48
2/28/19 8:00,92.16
2/28/19 7:45,90.72
2/28/19 7:30,103.2
2/28/19 7:15,81.6
2/28/19 7:00,75.36
2/28/19 6:45,66.72
2/28/19 6:30,68.64
2/28/19 6:15,70.08
2/28/19 6:00,71.52
2/28/19 5:45,76.8
2/28/19 5:30,74.88
2/28/19 5:15,72.48
2/28/19 5:00,58.56
2/28/19 4:45,54.72
2/28/19 4:30,52.32
2/28/19 4:15,52.32
2/28/19 4:00,49.44
2/28/19 3:45,48.48
2/28/19 3:30,51.84
2/28/19 3:15,50.88
2/28/19 3:00,48.96
2/28/19 2:45,49.44
2/28/19 2:30,50.88
2/28/19 2:15,49.44
2/28/19 2:00,48.48
2/28/19 1:45,49.44
2/28/19 1:30,50.88
2/28/19 1:15,51.36
2/28/19 1:00,48.96
2/28/19 0:45,48.96
2/28/19 0:30,50.88
2/28/19 0:15,50.4
2/28/19 0:00,53.28
2/27/19 23:45,52.8
2/27/19 23:30,51.84
2/27/19 23:15,50.88
2/27/19 23:00,49.92
2/27/19 22:45,52.32
2/27/19 22:30,50.4
2/27/19 22:15,50.4
2/27/19 22:00,52.32
2/27/19 21:45,50.88
2/27/19 21:30,49.44
2/27/19 21:15,54.72
2/27/19 21:00,76.8
2/27/19 20:45,66.72
2/27/19 20:30,64.8
2/27/19 20:15,85.92
2/27/19 20:00,167.04
2/27/19 19:45,198.24
2/27/19 19:30,195.36
2/27/19 19:15,200.16
2/27/19 19:00,205.44
2/27/19 18:45,206.88
2/27/19 18:30,206.88
2/27/19 18:15,204.96
2/27/19 18:00,202.56
2/27/19 17:45,210.72
2/27/19 17:30,175.2
2/27/19 17:15,100.32
2/27/19 17:00,93.12
2/27/19 16:45,88.32
2/27/19 16:30,87.36
2/27/19 16:15,90.72
2/27/19 16:00,89.76
2/27/19 15:45,97.92
2/27/19 15:30,101.76
2/27/19 15:15,104.16
2/27/19 15:00,103.2
2/27/19 14:45,128.16
2/27/19 14:30,133.44
2/27/19 14:15,136.32
2/27/19 14:00,139.68
2/27/19 13:45,143.04
2/27/19 13:30,135.84
2/27/19 13:15,137.28
2/27/19 13:00,133.92
2/27/19 12:45,116.16
2/27/19 12:30,117.12
2/27/19 12:15,125.76
2/27/19 12:00,127.2
2/27/19 11:45,129.6
2/27/19 11:30,131.04
2/27/19 11:15,132.96
2/27/19 11:00,132.96
2/27/19 10:45,132
2/27/19 10:30,128.16
2/27/19 10:15,121.92
2/27/19 10:00,120.96
2/27/19 9:45,119.52
2/27/19 9:30,126.24
2/27/19 9:15,123.84
2/27/19 9:00,127.68
2/27/19 8:45,127.2
2/27/19 8:30,129.6
2/27/19 8:15,122.4
2/27/19 8:00,95.04
2/27/19 7:45,94.08
2/27/19 7:30,105.12
2/27/19 7:15,85.92
2/27/19 7:00,74.88
2/27/19 6:45,68.64
2/27/19 6:30,71.04
2/27/19 6:15,72.96
2/27/19 6:00,75.84
2/27/19 5:45,79.68
2/27/19 5:30,70.56
2/27/19 5:15,56.64
2/27/19 5:00,56.64
2/27/19 4:45,59.52
2/27/19 4:30,55.68
2/27/19 4:15,56.64
2/27/19 4:00,54.72
2/27/19 3:45,55.68
2/27/19 3:30,57.12
2/27/19 3:15,54.24
2/27/19 3:00,54.72
2/27/19 2:45,54.72
2/27/19 2:30,57.6
2/27/19 2:15,55.2
2/27/19 2:00,52.8
2/27/19 1:45,54.24
2/27/19 1:30,51.84
2/27/19 1:15,54.24
2/27/19 1:00,55.2
2/27/19 0:45,54.72
2/27/19 0:30,54.72
2/27/19 0:15,54.72
2/27/19 0:00,55.68
2/26/19 23:45,54.72
2/26/19 23:30,56.16
2/26/19 23:15,55.68
2/26/19 23:00,56.64
2/26/19 22:45,59.04
2/26/19 22:30,56.64
2/26/19 22:15,57.6
2/26/19 22:00,59.04
2/26/19 21:45,60
2/26/19 21:30,56.64
2/26/19 21:15,59.52
2/26/19 21:00,76.8
2/26/19 20:45,78.72
2/26/19 20:30,149.76
2/26/19 20:15,182.88
2/26/19 20:00,182.4
2/26/19 19:45,185.76
2/26/19 19:30,183.84
2/26/19 19:15,185.76
2/26/19 19:00,192.96
2/26/19 18:45,192.48
2/26/19 18:30,194.4
2/26/19 18:15,196.32
2/26/19 18:00,197.76
2/26/19 17:45,202.08
2/26/19 17:30,205.44
2/26/19 17:15,204.96
2/26/19 17:00,168.96
2/26/19 16:45,96.96
2/26/19 16:30,97.44
2/26/19 16:15,97.44
2/26/19 16:00,107.52
2/26/19 15:45,113.28
2/26/19 15:30,108.48
2/26/19 15:15,122.88
2/26/19 15:00,125.76
2/26/19 14:45,137.28
2/26/19 14:30,158.4
2/26/19 14:15,141.12
2/26/19 14:00,148.8
2/26/19 13:45,147.84
2/26/19 13:30,140.64
2/26/19 13:15,135.36
2/26/19 13:00,135.36
2/26/19 12:45,122.88
2/26/19 12:30,126.24
2/26/19 12:15,128.64
2/26/19 12:00,128.64
2/26/19 11:45,128.16
2/26/19 11:30,128.64
2/26/19 11:15,132
2/26/19 11:00,128.64
2/26/19 10:45,128.16
2/26/19 10:30,131.04
2/26/19 10:15,130.56
2/26/19 10:00,126.24
2/26/19 9:45,126.72
2/26/19 9:30,129.12
2/26/19 9:15,125.28
2/26/19 9:00,126.72
2/26/19 8:45,123.36
2/26/19 8:30,120.96
2/26/19 8:15,115.2
2/26/19 8:00,87.84
2/26/19 7:45,81.6
2/26/19 7:30,92.16
2/26/19 7:15,83.04
2/26/19 7:00,66.24
2/26/19 6:45,49.44
2/26/19 6:30,51.36
2/26/19 6:15,53.28
2/26/19 6:00,56.64
2/26/19 5:45,55.2
2/26/19 5:30,53.28
2/26/19 5:15,55.2
2/26/19 5:00,56.16
2/26/19 4:45,54.24
2/26/19 4:30,51.84
2/26/19 4:15,54.72
2/26/19 4:00,52.8
2/26/19 3:45,54.24
2/26/19 3:30,54.24
2/26/19 3:15,54.72
2/26/19 3:00,54.72
2/26/19 2:45,54.24
2/26/19 2:30,51.36
2/26/19 2:15,52.8
2/26/19 2:00,54.24
2/26/19 1:45,53.76
2/26/19 1:30,55.68
2/26/19 1:15,51.84
2/26/19 1:00,52.8
2/26/19 0:45,54.24
2/26/19 0:30,56.64
2/26/19 0:15,53.76
2/26/19 0:00,52.8
2/25/19 23:45,53.28
2/25/19 23:30,56.16
2/25/19 23:15,55.2
2/25/19 23:00,57.12
2/25/19 22:45,51.36
2/25/19 22:30,55.2
2/25/19 22:15,52.8
2/25/19 22:00,54.24
2/25/19 21:45,62.4
2/25/19 21:30,77.76
2/25/19 21:15,78.72
2/25/19 21:00,75.36
2/25/19 20:45,82.56
2/25/19 20:30,89.28
2/25/19 20:15,86.88
2/25/19 20:00,86.4
2/25/19 19:45,90.24
2/25/19 19:30,92.16
2/25/19 19:15,92.64
2/25/19 19:00,100.32
2/25/19 18:45,100.8
2/25/19 18:30,107.52
2/25/19 18:15,104.16
2/25/19 18:00,108.48
2/25/19 17:45,112.32
2/25/19 17:30,109.92
2/25/19 17:15,113.76
2/25/19 17:00,111.84
2/25/19 16:45,117.12
2/25/19 16:30,107.52
2/25/19 16:15,107.04
2/25/19 16:00,113.28
2/25/19 15:45,109.44
2/25/19 15:30,112.32
2/25/19 15:15,126.24
2/25/19 15:00,128.64
2/25/19 14:45,144.48
2/25/19 14:30,140.64
2/25/19 14:15,139.2
2/25/19 14:00,143.52
2/25/19 13:45,151.2
2/25/19 13:30,138.72
2/25/19 13:15,139.68
2/25/19 13:00,141.6
2/25/19 12:45,131.52
2/25/19 12:30,126.24
2/25/19 12:15,143.04
2/25/19 12:00,132.48
2/25/19 11:45,129.6
2/25/19 11:30,135.36
2/25/19 11:15,137.76
2/25/19 11:00,132.48
2/25/19 10:45,135.36
2/25/19 10:30,130.56
2/25/19 10:15,131.52
2/25/19 10:00,134.4
2/25/19 9:45,134.88
2/25/19 9:30,134.4
2/25/19 9:15,133.44
2/25/19 9:00,133.92
2/25/19 8:45,126.72
2/25/19 8:30,127.68
2/25/19 8:15,117.12
2/25/19 8:00,87.36
2/25/19 7:45,89.28
2/25/19 7:30,96.96
2/25/19 7:15,90.24
2/25/19 7:00,66.72
2/25/19 6:45,48.96
2/25/19 6:30,51.36
2/25/19 6:15,50.88
2/25/19 6:00,51.36
2/25/19 5:45,53.28
2/25/19 5:30,53.76
2/25/19 5:15,53.28
2/25/19 5:00,55.68
2/25/19 4:45,54.72
2/25/19 4:30,51.84
2/25/19 4:15,54.24
2/25/19 4:00,54.24
2/25/19 3:45,55.68
2/25/19 3:30,51.84
2/25/19 3:15,52.8
2/25/19 3:00,53.76
2/25/19 2:45,52.32
2/25/19 2:30,51.36
2/25/19 2:15,55.2
2/25/19 2:00,54.24
2/25/19 1:45,56.16
2/25/19 1:30,51.84
2/25/19 1:15,52.32
2/25/19 1:00,52.8
2/25/19 0:45,53.76
2/25/19 0:30,53.28
2/25/19 0:15,55.68
2/25/19 0:00,51.84
2/24/19 23:45,52.8
2/24/19 23:30,54.72
2/24/19 23:15,54.24
2/24/19 23:00,56.16
2/24/19 22:45,54.24
2/24/19 22:30,51.84
2/24/19 22:15,51.36
2/24/19 22:00,55.2
2/24/19 21:45,55.68
2/24/19 21:30,52.8
2/24/19 21:15,53.28
2/24/19 21:00,52.8
2/24/19 20:45,52.32
2/24/19 20:30,53.28
2/24/19 20:15,53.76
2/24/19 20:00,52.8
2/24/19 19:45,54.72
2/24/19 19:30,52.32
2/24/19 19:15,54.24
2/24/19 19:00,51.36
2/24/19 18:45,53.76
2/24/19 18:30,53.28
2/24/19 18:15,53.28
2/24/19 18:00,52.8
2/24/19 17:45,52.32
2/24/19 17:30,48
2/24/19 17:15,46.56
2/24/19 17:00,43.2
2/24/19 16:45,43.2
2/24/19 16:30,36.96
2/24/19 16:15,36
2/24/19 16:00,37.44
2/24/19 15:45,35.04
2/24/19 15:30,36.48
2/24/19 15:15,37.92
2/24/19 15:00,35.04
2/24/19 14:45,37.44
2/24/19 14:30,37.92
2/24/19 14:15,36
2/24/19 14:00,48
2/24/19 13:45,60
2/24/19 13:30,58.08
2/24/19 13:15,59.52
2/24/19 13:00,59.04
2/24/19 12:45,68.64
2/24/19 12:30,67.2
2/24/19 12:15,62.4
2/24/19 12:00,65.76
2/24/19 11:45,68.64
2/24/19 11:30,67.68
2/24/19 11:15,72
2/24/19 11:00,64.8
2/24/19 10:45,63.84
2/24/19 10:30,64.32
2/24/19 10:15,70.08
2/24/19 10:00,72
2/24/19 9:45,72.48
2/24/19 9:30,72.96
2/24/19 9:15,64.8
2/24/19 9:00,68.16
2/24/19 8:45,69.12
2/24/19 8:30,67.2
2/24/19 8:15,75.84
2/24/19 8:00,76.8
2/24/19 7:45,72.48
2/24/19 7:30,73.44
2/24/19 7:15,69.6
2/24/19 7:00,62.4
2/24/19 6:45,72.96
2/24/19 6:30,86.4
2/24/19 6:15,84.96
2/24/19 6:00,91.2
2/24/19 5:45,88.32
2/24/19 5:30,79.2
2/24/19 5:15,76.32
2/24/19 5:00,52.32
2/24/19 4:45,54.72
2/24/19 4:30,52.8
2/24/19 4:15,55.68
2/24/19 4:00,56.16
2/24/19 3:45,56.16
2/24/19 3:30,57.12
2/24/19 3:15,57.12
2/24/19 3:00,55.68
2/24/19 2:45,56.64
2/24/19 2:30,56.16
2/24/19 2:15,56.16
2/24/19 2:00,57.6
2/24/19 1:45,57.6
2/24/19 1:30,56.16
2/24/19 1:15,58.56
2/24/19 1:00,56.16
2/24/19 0:45,54.24
2/24/19 0:30,55.2
2/24/19 0:15,56.64
2/24/19 0:00,58.56
2/23/19 23:45,54.72
2/23/19 23:30,52.8
2/23/19 23:15,53.28
2/23/19 23:00,53.28
2/23/19 22:45,53.28
2/23/19 22:30,53.28
2/23/19 22:15,51.84
2/23/19 22:00,50.4
2/23/19 21:45,51.84
2/23/19 21:30,51.84
2/23/19 21:15,54.72
2/23/19 21:00,52.8
2/23/19 20:45,54.24
2/23/19 20:30,57.12
2/23/19 20:15,56.16
2/23/19 20:00,52.32
2/23/19 19:45,51.36
2/23/19 19:30,49.44
2/23/19 19:15,50.88
2/23/19 19:00,49.44
2/23/19 18:45,49.44
2/23/19 18:30,51.36
2/23/19 18:15,48.96
2/23/19 18:00,48.48
2/23/19 17:45,50.88
2/23/19 17:30,47.52
2/23/19 17:15,45.12
2/23/19 17:00,44.64
2/23/19 16:45,37.44
2/23/19 16:30,34.08
2/23/19 16:15,39.36
2/23/19 16:00,53.76
2/23/19 15:45,55.68
2/23/19 15:30,52.32
2/23/19 15:15,53.76
2/23/19 15:00,55.68
2/23/19 14:45,53.76
2/23/19 14:30,58.08
2/23/19 14:15,57.12
2/23/19 14:00,55.68
2/23/19 13:45,62.88
2/23/19 13:30,57.6
2/23/19 13:15,55.2
2/23/19 13:00,60
2/23/19 12:45,59.04
2/23/19 12:30,57.6
2/23/19 12:15,63.84
2/23/19 12:00,65.28
2/23/19 11:45,60
2/23/19 11:30,60.96
2/23/19 11:15,67.2
2/23/19 11:00,63.36
2/23/19 10:45,61.44
2/23/19 10:30,63.84
2/23/19 10:15,60.48
2/23/19 10:00,54.72
2/23/19 9:45,60
2/23/19 9:30,59.52
2/23/19 9:15,55.68
2/23/19 9:00,61.44
2/23/19 8:45,61.44
2/23/19 8:30,57.6
2/23/19 8:15,54.24
2/23/19 8:00,40.32
2/23/19 7:45,41.76
2/23/19 7:30,39.36
2/23/19 7:15,36.96
2/23/19 7:00,37.44
2/23/19 6:45,35.04
2/23/19 6:30,40.32
2/23/19 6:15,48.48
2/23/19 6:00,54.24
2/23/19 5:45,52.8
2/23/19 5:30,54.24
2/23/19 5:15,57.6
2/23/19 5:00,55.2
2/23/19 4:45,53.76
2/23/19 4:30,52.8
2/23/19 4:15,53.28
2/23/19 4:00,52.8
2/23/19 3:45,55.68
2/23/19 3:30,51.36
2/23/19 3:15,52.8
2/23/19 3:00,54.24
2/23/19 2:45,54.72
2/23/19 2:30,51.84
2/23/19 2:15,54.24
2/23/19 2:00,53.28
2/23/19 1:45,53.76
2/23/19 1:30,53.28
2/23/19 1:15,52.32
2/23/19 1:00,54.24
2/23/19 0:45,53.28
2/23/19 0:30,50.88
2/23/19 0:15,52.8
2/23/19 0:00,53.76
2/22/19 23:45,54.24
2/22/19 23:30,51.84
2/22/19 23:15,52.8
2/22/19 23:00,53.28
2/22/19 22:45,55.2
2/22/19 22:30,50.88
2/22/19 22:15,49.92
2/22/19 22:00,51.36
2/22/19 21:45,54.24
2/22/19 21:30,49.92
2/22/19 21:15,52.8
2/22/19 21:00,52.8
2/22/19 20:45,53.28
2/22/19 20:30,53.76
2/22/19 20:15,52.32
2/22/19 20:00,51.36
2/22/19 19:45,65.76
2/22/19 19:30,53.76
2/22/19 19:15,53.76
2/22/19 19:00,51.84
2/22/19 18:45,54.24
2/22/19 18:30,55.68
2/22/19 18:15,60.48
2/22/19 18:00,77.28
2/22/19 17:45,85.44
2/22/19 17:30,87.84
2/22/19 17:15,90.72
2/22/19 17:00,91.68
2/22/19 16:45,88.32
2/22/19 16:30,78.72
2/22/19 16:15,85.92
2/22/19 16:00,90.24
2/22/19 15:45,95.04
2/22/19 15:30,100.8
2/22/19 15:15,106.56
2/22/19 15:00,116.64
2/22/19 14:45,108.96
2/22/19 14:30,112.32
2/22/19 14:15,112.32
2/22/19 14:00,114.24
2/22/19 13:45,133.44
2/22/19 13:30,133.92
2/22/19 13:15,127.68
2/22/19 13:00,136.8
2/22/19 12:45,125.28
2/22/19 12:30,123.84
2/22/19 12:15,127.2
2/22/19 12:00,136.32
2/22/19 11:45,139.68
2/22/19 11:30,138.24
2/22/19 11:15,144.48
2/22/19 11:00,136.32
2/22/19 10:45,135.84
2/22/19 10:30,143.52
2/22/19 10:15,142.56
2/22/19 10:00,139.2
2/22/19 9:45,142.08
2/22/19 9:30,142.56
2/22/19 9:15,142.56
2/22/19 9:00,141.12
2/22/19 8:45,141.6
2/22/19 8:30,133.92
2/22/19 8:15,121.92
2/22/19 8:00,101.76
2/22/19 7:45,84.96
2/22/19 7:30,84.96
2/22/19 7:15,69.6
2/22/19 7:00,64.32
2/22/19 6:45,53.76
2/22/19 6:30,54.72
2/22/19 6:15,57.12
2/22/19 6:00,60.48
2/22/19 5:45,62.88
2/22/19 5:30,59.52
2/22/19 5:15,61.92
2/22/19 5:00,64.32
2/22/19 4:45,59.04
2/22/19 4:30,59.52
2/22/19 4:15,62.4
2/22/19 4:00,56.64
2/22/19 3:45,55.68
2/22/19 3:30,56.16
2/22/19 3:15,55.68
2/22/19 3:00,57.6
2/22/19 2:45,58.56
2/22/19 2:30,58.56
2/22/19 2:15,56.16
2/22/19 2:00,56.64
2/22/19 1:45,61.44
2/22/19 1:30,59.04
2/22/19 1:15,57.12
2/22/19 1:00,60
2/22/19 0:45,59.52
2/22/19 0:30,54.24
2/22/19 0:15,58.08
2/22/19 0:00,57.12
2/21/19 23:45,59.52
2/21/19 23:30,57.12
2/21/19 23:15,56.16
2/21/19 23:00,54.72
2/21/19 22:45,58.08
2/21/19 22:30,56.16
2/21/19 22:15,55.68
2/21/19 22:00,56.64
2/21/19 21:45,58.08
2/21/19 21:30,55.68
2/21/19 21:15,59.04
2/21/19 21:00,76.32
2/21/19 20:45,81.12
2/21/19 20:30,78.24
2/21/19 20:15,76.8
2/21/19 20:00,81.6
2/21/19 19:45,83.52
2/21/19 19:30,82.08
2/21/19 19:15,88.32
2/21/19 19:00,79.68
2/21/19 18:45,79.68
2/21/19 18:30,84.96
2/21/19 18:15,88.32
2/21/19 18:00,91.68
2/21/19 17:45,95.52
2/21/19 17:30,95.04
2/21/19 17:15,90.72
2/21/19 17:00,93.6
2/21/19 16:45,99.84
2/21/19 16:30,96.96
2/21/19 16:15,102.24
2/21/19 16:00,103.68
2/21/19 15:45,104.64
2/21/19 15:30,108
2/21/19 15:15,120.48
2/21/19 15:00,127.68
2/21/19 14:45,125.76
2/21/19 14:30,125.28
2/21/19 14:15,128.64
2/21/19 14:00,129.12
2/21/19 13:45,130.56
2/21/19 13:30,127.68
2/21/19 13:15,113.76
2/21/19 13:00,110.4
2/21/19 12:45,112.8
2/21/19 12:30,113.76
2/21/19 12:15,113.76
2/21/19 12:00,118.08
2/21/19 11:45,122.4
2/21/19 11:30,121.44
2/21/19 11:15,124.32
2/21/19 11:00,118.08
2/21/19 10:45,117.12
2/21/19 10:30,120.96
2/21/19 10:15,122.4
2/21/19 10:00,107.04
2/21/19 9:45,97.44
2/21/19 9:30,96.48
2/21/19 9:15,103.2
2/21/19 9:00,121.92
2/21/19 8:45,124.8
2/21/19 8:30,126.72
2/21/19 8:15,124.32
2/21/19 8:00,99.36
2/21/19 7:45,98.88
2/21/19 7:30,95.04
2/21/19 7:15,68.64
2/21/19 7:00,68.16
2/21/19 6:45,57.6
2/21/19 6:30,54.24
2/21/19 6:15,55.68
2/21/19 6:00,58.08
2/21/19 5:45,55.68
2/21/19 5:30,57.6
2/21/19 5:15,59.52
2/21/19 5:00,58.56
2/21/19 4:45,57.12
2/21/19 4:30,57.12
2/21/19 4:15,59.52
2/21/19 4:00,57.12
2/21/19 3:45,54.24
2/21/19 3:30,57.6
2/21/19 3:15,55.68
2/21/19 3:00,54.24
2/21/19 2:45,54.24
2/21/19 2:30,55.68
2/21/19 2:15,53.76
2/21/19 2:00,55.2
2/21/19 1:45,53.76
2/21/19 1:30,51.84
2/21/19 1:15,55.2
2/21/19 1:00,57.12
2/21/19 0:45,53.28
2/21/19 0:30,55.2
2/21/19 0:15,53.76
2/21/19 0:00,53.76
2/20/19 23:45,55.68
2/20/19 23:30,55.68
2/20/19 23:15,54.72
2/20/19 23:00,56.16
2/20/19 22:45,55.2
2/20/19 22:30,55.2
2/20/19 22:15,55.2
2/20/19 22:00,53.76
2/20/19 21:45,56.64
2/20/19 21:30,57.12
2/20/19 21:15,56.16
2/20/19 21:00,60.96
2/20/19 20:45,63.84
2/20/19 20:30,79.68
2/20/19 20:15,89.28
2/20/19 20:00,86.88
2/20/19 19:45,85.44
2/20/19 19:30,80.64
2/20/19 19:15,87.84
2/20/19 19:00,90.72
2/20/19 18:45,92.16
2/20/19 18:30,90.72
2/20/19 18:15,92.64
2/20/19 18:00,94.56
2/20/19 17:45,95.04
2/20/19 17:30,96
2/20/19 17:15,97.44
2/20/19 17:00,189.6
2/20/19 16:45,189.12
2/20/19 16:30,190.56
2/20/19 16:15,120.96
2/20/19 16:00,94.56
2/20/19 15:45,97.44
2/20/19 15:30,105.6
2/20/19 15:15,124.32
2/20/19 15:00,124.32
2/20/19 14:45,127.68
2/20/19 14:30,126.24
2/20/19 14:15,130.56
2/20/19 14:00,125.76
2/20/19 13:45,130.56
2/20/19 13:30,132.96
2/20/19 13:15,130.56
2/20/19 13:00,132.96
2/20/19 12:45,121.44
2/20/19 12:30,120
2/20/19 12:15,127.2
2/20/19 12:00,127.68
2/20/19 11:45,123.36
2/20/19 11:30,131.04
2/20/19 11:15,129.6
2/20/19 11:00,126.24
2/20/19 10:45,132.48
2/20/19 10:30,128.64
2/20/19 10:15,126.24
2/20/19 10:00,132
2/20/19 9:45,132
2/20/19 9:30,132.48
2/20/19 9:15,144.96
2/20/19 9:00,137.28
2/20/19 8:45,138.72
2/20/19 8:30,138.24
2/20/19 8:15,118.08
2/20/19 8:00,91.2
2/20/19 7:45,89.76
2/20/19 7:30,93.12
2/20/19 7:15,72.96
2/20/19 7:00,60.48
2/20/19 6:45,53.28
2/20/19 6:30,54.24
2/20/19 6:15,53.28
2/20/19 6:00,56.64
2/20/19 5:45,53.76
2/20/19 5:30,54.24
2/20/19 5:15,55.68
2/20/19 5:00,52.32
2/20/19 4:45,54.24
2/20/19 4:30,53.76
2/20/19 4:15,56.64
2/20/19 4:00,53.76
2/20/19 3:45,55.2
2/20/19 3:30,52.32
2/20/19 3:15,52.8
2/20/19 3:00,52.8
2/20/19 2:45,51.84
2/20/19 2:30,52.32
2/20/19 2:15,57.6
2/20/19 2:00,53.76
2/20/19 1:45,54.24
2/20/19 1:30,53.28
2/20/19 1:15,54.72
2/20/19 1:00,53.28
2/20/19 0:45,53.28
2/20/19 0:30,53.28
2/20/19 0:15,54.24
2/20/19 0:00,53.76
2/19/19 23:45,55.68
2/19/19 23:30,53.28
2/19/19 23:15,55.2
2/19/19 23:00,54.24
2/19/19 22:45,54.72
2/19/19 22:30,50.88
2/19/19 22:15,54.24
2/19/19 22:00,54.72
2/19/19 21:45,53.28
2/19/19 21:30,54.24
2/19/19 21:15,116.16
2/19/19 21:00,173.28
2/19/19 20:45,177.6
2/19/19 20:30,183.84
2/19/19 20:15,186.72
2/19/19 20:00,189.6
2/19/19 19:45,196.32
2/19/19 19:30,200.64
2/19/19 19:15,203.52
2/19/19 19:00,206.4
2/19/19 18:45,203.52
2/19/19 18:30,206.88
2/19/19 18:15,207.36
2/19/19 18:00,204
2/19/19 17:45,201.12
2/19/19 17:30,176.16
2/19/19 17:15,108.96
2/19/19 17:00,106.56
2/19/19 16:45,108.96
2/19/19 16:30,105.12
2/19/19 16:15,115.2
2/19/19 16:00,109.44
2/19/19 15:45,106.56
2/19/19 15:30,113.28
2/19/19 15:15,120.48
2/19/19 15:00,125.76
2/19/19 14:45,133.92
2/19/19 14:30,131.52
2/19/19 14:15,130.08
2/19/19 14:00,136.32
2/19/19 13:45,132
2/19/19 13:30,132.96
2/19/19 13:15,133.44
2/19/19 13:00,134.4
2/19/19 12:45,127.2
2/19/19 12:30,130.56
2/19/19 12:15,128.16
2/19/19 12:00,135.36
2/19/19 11:45,134.4
2/19/19 11:30,136.8
2/19/19 11:15,142.08
2/19/19 11:00,138.72
2/19/19 10:45,139.68
2/19/19 10:30,145.92
2/19/19 10:15,146.88
2/19/19 10:00,142.08
2/19/19 9:45,138.24
2/19/19 9:30,139.2
2/19/19 9:15,132
2/19/19 9:00,131.04
2/19/19 8:45,133.44
2/19/19 8:30,139.2
2/19/19 8:15,119.52
2/19/19 8:00,105.6
2/19/19 7:45,97.92
2/19/19 7:30,94.08
2/19/19 7:15,85.92
2/19/19 7:00,72.96
2/19/19 6:45,54.72
2/19/19 6:30,56.16
2/19/19 6:15,62.4
2/19/19 6:00,60.96
2/19/19 5:45,63.36
2/19/19 5:30,60.96
2/19/19 5:15,65.76
2/19/19 5:00,60
2/19/19 4:45,63.84
2/19/19 4:30,61.44
2/19/19 4:15,61.44
2/19/19 4:00,61.92
2/19/19 3:45,60.48
2/19/19 3:30,63.84
2/19/19 3:15,61.44
2/19/19 3:00,60.96
2/19/19 2:45,62.88
2/19/19 2:30,61.44
2/19/19 2:15,63.36
2/19/19 2:00,58.08
2/19/19 1:45,61.44
2/19/19 1:30,61.44
2/19/19 1:15,60
2/19/19 1:00,64.8
2/19/19 0:45,59.52
2/19/19 0:30,61.44
2/19/19 0:15,60
2/19/19 0:00,60.48
2/18/19 23:45,62.88
2/18/19 23:30,58.08
2/18/19 23:15,64.8
2/18/19 23:00,58.08
2/18/19 22:45,60
2/18/19 22:30,59.52
2/18/19 22:15,58.08
2/18/19 22:00,61.92
2/18/19 21:45,57.6
2/18/19 21:30,58.56
2/18/19 21:15,63.36
2/18/19 21:00,55.2
2/18/19 20:45,59.52
2/18/19 20:30,60.48
2/18/19 20:15,53.76
2/18/19 20:00,59.52
2/18/19 19:45,57.6
2/18/19 19:30,53.76
2/18/19 19:15,60
2/18/19 19:00,56.64
2/18/19 18:45,58.56
2/18/19 18:30,59.04
2/18/19 18:15,52.8
2/18/19 18:00,57.6
2/18/19 17:45,56.64
2/18/19 17:30,51.84
2/18/19 17:15,54.24
2/18/19 17:00,47.52
2/18/19 16:45,48.96
2/18/19 16:30,37.92
2/18/19 16:15,43.2
2/18/19 16:00,38.88
2/18/19 15:45,46.56
2/18/19 15:30,42.72
2/18/19 15:15,47.52
2/18/19 15:00,45.12
2/18/19 14:45,52.32
2/18/19 14:30,45.6
2/18/19 14:15,47.04
2/18/19 14:00,47.52
2/18/19 13:45,48
2/18/19 13:30,43.2
2/18/19 13:15,51.36
2/18/19 13:00,45.12
2/18/19 12:45,47.52
2/18/19 12:30,49.44
2/18/19 12:15,52.8
2/18/19 12:00,50.4
2/18/19 11:45,51.36
2/18/19 11:30,50.4
2/18/19 11:15,52.8
2/18/19 11:00,51.36
2/18/19 10:45,50.4
2/18/19 10:30,51.36
2/18/19 10:15,45.6
2/18/19 10:00,53.28
2/18/19 9:45,49.44
2/18/19 9:30,49.92
2/18/19 9:15,56.16
2/18/19 9:00,52.8
2/18/19 8:45,53.76
2/18/19 8:30,57.12
2/18/19 8:15,49.92
2/18/19 8:00,55.2
2/18/19 7:45,53.76
2/18/19 7:30,53.76
2/18/19 7:15,52.32
2/18/19 7:00,49.92
2/18/19 6:45,53.28
2/18/19 6:30,52.8
2/18/19 6:15,58.56
2/18/19 6:00,59.52
2/18/19 5:45,57.12
2/18/19 5:30,62.4
2/18/19 5:15,58.56
2/18/19 5:00,62.4
2/18/19 4:45,58.56
2/18/19 4:30,59.52
2/18/19 4:15,57.6
2/18/19 4:00,60.96
2/18/19 3:45,58.56
2/18/19 3:30,60.48
2/18/19 3:15,56.16
2/18/19 3:00,62.88
2/18/19 2:45,60.48
2/18/19 2:30,61.44
2/18/19 2:15,56.16
2/18/19 2:00,61.92
2/18/19 1:45,54.72
2/18/19 1:30,59.52
2/18/19 1:15,59.04
2/18/19 1:00,55.68
2/18/19 0:45,61.92
2/18/19 0:30,53.28
2/18/19 0:15,56.16
2/18/19 0:00,57.12
2/17/19 23:45,55.68
2/17/19 23:30,61.92
2/17/19 23:15,59.04
2/17/19 23:00,56.64
2/17/19 22:45,59.04
2/17/19 22:30,53.28
2/17/19 22:15,56.64
2/17/19 22:00,58.08
2/17/19 21:45,58.08
2/17/19 21:30,55.68
2/17/19 21:15,60.96
2/17/19 21:00,57.6
2/17/19 20:45,54.24
2/17/19 20:30,61.44
2/17/19 20:15,56.64
2/17/19 20:00,55.68
2/17/19 19:45,59.52
2/17/19 19:30,54.72
2/17/19 19:15,56.16
2/17/19 19:00,57.6
2/17/19 18:45,54.72
2/17/19 18:30,54.72
2/17/19 18:15,60.48
2/17/19 18:00,54.72
2/17/19 17:45,52.8
2/17/19 17:30,55.2
2/17/19 17:15,50.88
2/17/19 17:00,45.12
2/17/19 16:45,45.6
2/17/19 16:30,37.44
2/17/19 16:15,40.8
2/17/19 16:00,40.32
2/17/19 15:45,37.44
2/17/19 15:30,39.84
2/17/19 15:15,41.28
2/17/19 15:00,37.92
2/17/19 14:45,38.88
2/17/19 14:30,56.16
2/17/19 14:15,56.16
2/17/19 14:00,63.36
2/17/19 13:45,60
2/17/19 13:30,64.8
2/17/19 13:15,66.72
2/17/19 13:00,62.4
2/17/19 12:45,65.28
2/17/19 12:30,63.84
2/17/19 12:15,66.24
2/17/19 12:00,64.8
2/17/19 11:45,75.36
2/17/19 11:30,77.76
2/17/19 11:15,66.72
2/17/19 11:00,69.6
2/17/19 10:45,70.56
2/17/19 10:30,67.68
2/17/19 10:15,67.68
2/17/19 10:00,70.56
2/17/19 9:45,66.24
2/17/19 9:30,75.84
2/17/19 9:15,67.68
2/17/19 9:00,65.76
2/17/19 8:45,72.96
2/17/19 8:30,69.6
2/17/19 8:15,72.48
2/17/19 8:00,81.12
2/17/19 7:45,76.32
2/17/19 7:30,73.92
2/17/19 7:15,79.68
2/17/19 7:00,70.56
2/17/19 6:45,77.76
2/17/19 6:30,85.44
2/17/19 6:15,92.16
2/17/19 6:00,88.8
2/17/19 5:45,87.36
2/17/19 5:30,79.68
2/17/19 5:15,81.12
2/17/19 5:00,55.68
2/17/19 4:45,60.96
2/17/19 4:30,54.24
2/17/19 4:15,57.6
2/17/19 4:00,55.68
2/17/19 3:45,54.72
2/17/19 3:30,61.92
2/17/19 3:15,53.28
2/17/19 3:00,59.52
2/17/19 2:45,55.68
2/17/19 2:30,55.68
2/17/19 2:15,57.12
2/17/19 2:00,53.76
2/17/19 1:45,54.72
2/17/19 1:30,56.64
2/17/19 1:15,55.2
2/17/19 1:00,57.6
2/17/19 0:45,56.64
2/17/19 0:30,53.76
2/17/19 0:15,58.08
2/17/19 0:00,51.84
2/16/19 23:45,54.72
2/16/19 23:30,57.6
2/16/19 23:15,51.84
2/16/19 23:00,57.6
2/16/19 22:45,58.56
2/16/19 22:30,51.84
2/16/19 22:15,59.52
2/16/19 22:00,59.04
2/16/19 21:45,55.2
2/16/19 21:30,56.64
2/16/19 21:15,53.76
2/16/19 21:00,54.72
2/16/19 20:45,55.68
2/16/19 20:30,53.76
2/16/19 20:15,56.16
2/16/19 20:00,58.56
2/16/19 19:45,55.2
2/16/19 19:30,56.16
2/16/19 19:15,58.08
2/16/19 19:00,54.24
2/16/19 18:45,55.68
2/16/19 18:30,53.28
2/16/19 18:15,52.8
2/16/19 18:00,55.68
2/16/19 17:45,49.44
2/16/19 17:30,50.88
2/16/19 17:15,47.04
2/16/19 17:00,47.52
2/16/19 16:45,41.76
2/16/19 16:30,48
2/16/19 16:15,50.4
2/16/19 16:00,56.64
2/16/19 15:45,54.24
2/16/19 15:30,54.72
2/16/19 15:15,57.12
2/16/19 15:00,60
2/16/19 14:45,54.24
2/16/19 14:30,56.64
2/16/19 14:15,58.56
2/16/19 14:00,54.72
2/16/19 13:45,57.12
2/16/19 13:30,56.64
2/16/19 13:15,54.72
2/16/19 13:00,58.56
2/16/19 12:45,55.68
2/16/19 12:30,55.68
2/16/19 12:15,58.56
2/16/19 12:00,55.68
2/16/19 11:45,60.96
2/16/19 11:30,56.16
2/16/19 11:15,64.32
2/16/19 11:00,58.08
2/16/19 10:45,60
2/16/19 10:30,55.2
2/16/19 10:15,60.96
2/16/19 10:00,56.16
2/16/19 9:45,61.92
2/16/19 9:30,57.12
2/16/19 9:15,45.6
2/16/19 9:00,43.2
2/16/19 8:45,46.08
2/16/19 8:30,45.12
2/16/19 8:15,40.8
2/16/19 8:00,45.6
2/16/19 7:45,45.6
2/16/19 7:30,45.12
2/16/19 7:15,45.6
2/16/19 7:00,39.84
2/16/19 6:45,43.2
2/16/19 6:30,42.72
2/16/19 6:15,48.96
2/16/19 6:00,54.72
2/16/19 5:45,56.64
2/16/19 5:30,56.64
2/16/19 5:15,56.64
2/16/19 5:00,57.12
2/16/19 4:45,61.92
2/16/19 4:30,54.24
2/16/19 4:15,54.72
2/16/19 4:00,55.2
2/16/19 3:45,53.28
2/16/19 3:30,56.64
2/16/19 3:15,56.16
2/16/19 3:00,52.8
2/16/19 2:45,61.44
2/16/19 2:30,57.6
2/16/19 2:15,52.8
2/16/19 2:00,57.6
2/16/19 1:45,54.72
2/16/19 1:30,52.8
2/16/19 1:15,57.6
2/16/19 1:00,54.24
2/16/19 0:45,56.16
2/16/19 0:30,58.56
2/16/19 0:15,54.24
2/16/19 0:00,57.6
2/15/19 23:45,55.68
2/15/19 23:30,54.72
2/15/19 23:15,59.52
2/15/19 23:00,58.08
2/15/19 22:45,54.72
2/15/19 22:30,56.64
2/15/19 22:15,60.48
2/15/19 22:00,63.84
2/15/19 21:45,65.28
2/15/19 21:30,65.28
2/15/19 21:15,59.52
2/15/19 21:00,80.64
2/15/19 20:45,76.32
2/15/19 20:30,74.4
2/15/19 20:15,78.24
2/15/19 20:00,77.28
2/15/19 19:45,79.2
2/15/19 19:30,82.56
2/15/19 19:15,80.64
2/15/19 19:00,82.08
2/15/19 18:45,85.44
2/15/19 18:30,83.52
2/15/19 18:15,81.12
2/15/19 18:00,93.12
2/15/19 17:45,92.16
2/15/19 17:30,89.76
2/15/19 17:15,91.68
2/15/19 17:00,95.04
2/15/19 16:45,84
2/15/19 16:30,88.32
2/15/19 16:15,86.4
2/15/19 16:00,88.32
2/15/19 15:45,96
2/15/19 15:30,99.36
2/15/19 15:15,107.52
2/15/19 15:00,108.48
2/15/19 14:45,117.12
2/15/19 14:30,121.44
2/15/19 14:15,120
2/15/19 14:00,126.72
2/15/19 13:45,132
2/15/19 13:30,129.12
2/15/19 13:15,134.88
2/15/19 13:00,132.96
2/15/19 12:45,115.68
2/15/19 12:30,114.24
2/15/19 12:15,119.52
2/15/19 12:00,121.92
2/15/19 11:45,115.68
2/15/19 11:30,132
2/15/19 11:15,125.28
2/15/19 11:00,127.68
2/15/19 10:45,126.72
2/15/19 10:30,130.56
2/15/19 10:15,131.04
2/15/19 10:00,138.72
2/15/19 9:45,136.8
2/15/19 9:30,142.56
2/15/19 9:15,133.92
2/15/19 9:00,135.84
2/15/19 8:45,132.96
2/15/19 8:30,132.96
2/15/19 8:15,109.92
2/15/19 8:00,77.76
2/15/19 7:45,81.12
2/15/19 7:30,82.08
2/15/19 7:15,68.16
2/15/19 7:00,61.92
2/15/19 6:45,55.2
2/15/19 6:30,49.92
2/15/19 6:15,49.44
2/15/19 6:00,54.24
2/15/19 5:45,58.08
2/15/19 5:30,56.16
2/15/19 5:15,54.24
2/15/19 5:00,55.68
2/15/19 4:45,56.64
2/15/19 4:30,56.64
2/15/19 4:15,54.72
2/15/19 4:00,55.2
2/15/19 3:45,52.8
2/15/19 3:30,53.28
2/15/19 3:15,53.28
2/15/19 3:00,52.8
2/15/19 2:45,51.36
2/15/19 2:30,54.72
2/15/19 2:15,54.24
2/15/19 2:00,54.24
2/15/19 1:45,53.76
2/15/19 1:30,51.36
2/15/19 1:15,54.72
2/15/19 1:00,55.2
2/15/19 0:45,52.8
2/15/19 0:30,51.84
2/15/19 0:15,52.8
2/15/19 0:00,52.8
2/14/19 23:45,54.72
2/14/19 23:30,55.68
2/14/19 23:15,56.16
2/14/19 23:00,51.36
2/14/19 22:45,55.68
2/14/19 22:30,51.84
2/14/19 22:15,53.28
2/14/19 22:00,55.68
2/14/19 21:45,57.12
2/14/19 21:30,58.08
2/14/19 21:15,57.6
2/14/19 21:00,56.64
2/14/19 20:45,56.64
2/14/19 20:30,67.68
2/14/19 20:15,76.8
2/14/19 20:00,77.28
2/14/19 19:45,73.92
2/14/19 19:30,76.32
2/14/19 19:15,82.56
2/14/19 19:00,82.56
2/14/19 18:45,81.12
2/14/19 18:30,82.08
2/14/19 18:15,87.84
2/14/19 18:00,87.36
2/14/19 17:45,92.16
2/14/19 17:30,94.56
2/14/19 17:15,88.32
2/14/19 17:00,95.04
2/14/19 16:45,90.72
2/14/19 16:30,83.52
2/14/19 16:15,86.88
2/14/19 16:00,94.56
2/14/19 15:45,96.96
2/14/19 15:30,97.92
2/14/19 15:15,112.8
2/14/19 15:00,116.16
2/14/19 14:45,121.44
2/14/19 14:30,124.32
2/14/19 14:15,125.76
2/14/19 14:00,116.16
2/14/19 13:45,120
2/14/19 13:30,119.52
2/14/19 13:15,122.88
2/14/19 13:00,122.4
2/14/19 12:45,120
2/14/19 12:30,122.4
2/14/19 12:15,115.68
2/14/19 12:00,121.92
2/14/19 11:45,128.64
2/14/19 11:30,117.12
2/14/19 11:15,122.4
2/14/19 11:00,116.64
2/14/19 10:45,118.08
2/14/19 10:30,130.56
2/14/19 10:15,124.8
2/14/19 10:00,97.92
2/14/19 9:45,92.64
2/14/19 9:30,90.72
2/14/19 9:15,96
2/14/19 9:00,115.68
2/14/19 8:45,128.64
2/14/19 8:30,129.12
2/14/19 8:15,116.16
2/14/19 8:00,97.92
2/14/19 7:45,95.52
2/14/19 7:30,92.64
2/14/19 7:15,77.76
2/14/19 7:00,61.44
2/14/19 6:45,47.04
2/14/19 6:30,46.08
2/14/19 6:15,47.52
2/14/19 6:00,51.84
2/14/19 5:45,52.8
2/14/19 5:30,52.8
2/14/19 5:15,52.8
2/14/19 5:00,55.68
2/14/19 4:45,53.28
2/14/19 4:30,53.28
2/14/19 4:15,56.16
2/14/19 4:00,50.4
2/14/19 3:45,49.44
2/14/19 3:30,55.2
2/14/19 3:15,49.92
2/14/19 3:00,49.92
2/14/19 2:45,50.88
2/14/19 2:30,52.32
2/14/19 2:15,48
2/14/19 2:00,48.48
2/14/19 1:45,49.44
2/14/19 1:30,49.92
2/14/19 1:15,52.8
2/14/19 1:00,49.44
2/14/19 0:45,50.4
2/14/19 0:30,49.92
2/14/19 0:15,49.92
2/14/19 0:00,51.36
2/13/19 23:45,50.4
2/13/19 23:30,51.84
2/13/19 23:15,53.76
2/13/19 23:00,51.84
2/13/19 22:45,51.84
2/13/19 22:30,49.92
2/13/19 22:15,51.84
2/13/19 22:00,52.8
2/13/19 21:45,52.32
2/13/19 21:30,52.8
2/13/19 21:15,56.16
2/13/19 21:00,55.2
2/13/19 20:45,56.64
2/13/19 20:30,57.6
2/13/19 20:15,73.92
2/13/19 20:00,80.16
2/13/19 19:45,82.56
2/13/19 19:30,194.4
2/13/19 19:15,204.48
2/13/19 19:00,209.28
2/13/19 18:45,206.4
2/13/19 18:30,204.96
2/13/19 18:15,207.84
2/13/19 18:00,212.16
2/13/19 17:45,216
2/13/19 17:30,220.8
2/13/19 17:15,217.92
2/13/19 17:00,216.48
2/13/19 16:45,223.2
2/13/19 16:30,221.28
2/13/19 16:15,220.8
2/13/19 16:00,220.32
2/13/19 15:45,122.88
2/13/19 15:30,119.04
2/13/19 15:15,121.44
2/13/19 15:00,121.44
2/13/19 14:45,131.04
2/13/19 14:30,137.76
2/13/19 14:15,138.72
2/13/19 14:00,140.16
2/13/19 13:45,137.28
2/13/19 13:30,138.72
2/13/19 13:15,133.44
2/13/19 13:00,138.24
2/13/19 12:45,128.64
2/13/19 12:30,122.88
2/13/19 12:15,125.76
2/13/19 12:00,134.4
2/13/19 11:45,128.64
2/13/19 11:30,136.32
2/13/19 11:15,138.24
2/13/19 11:00,128.64
2/13/19 10:45,130.56
2/13/19 10:30,134.88
2/13/19 10:15,131.52
2/13/19 10:00,131.52
2/13/19 9:45,124.8
2/13/19 9:30,130.08
2/13/19 9:15,141.12
2/13/19 9:00,137.28
2/13/19 8:45,135.36
2/13/19 8:30,129.6
2/13/19 8:15,116.16
2/13/19 8:00,87.84
2/13/19 7:45,91.2
2/13/19 7:30,95.52
2/13/19 7:15,79.68
2/13/19 7:00,74.88
2/13/19 6:45,52.32
2/13/19 6:30,48.96
2/13/19 6:15,52.8
2/13/19 6:00,51.36
2/13/19 5:45,53.76
2/13/19 5:30,52.8
2/13/19 5:15,54.72
2/13/19 5:00,54.24
2/13/19 4:45,58.08
2/13/19 4:30,53.76
2/13/19 4:15,54.72
2/13/19 4:00,53.28
2/13/19 3:45,53.28
2/13/19 3:30,51.84
2/13/19 3:15,52.32
2/13/19 3:00,54.24
2/13/19 2:45,50.88
2/13/19 2:30,51.36
2/13/19 2:15,50.4
2/13/19 2:00,52.8
2/13/19 1:45,55.2
2/13/19 1:30,50.4
2/13/19 1:15,53.28
2/13/19 1:00,53.28
2/13/19 0:45,52.32
2/13/19 0:30,53.76
2/13/19 0:15,51.36
2/13/19 0:00,50.88
2/12/19 23:45,51.84
2/12/19 23:30,54.72
2/12/19 23:15,53.28
2/12/19 23:00,51.36
2/12/19 22:45,55.2
2/12/19 22:30,52.8
2/12/19 22:15,52.8
2/12/19 22:00,53.76
2/12/19 21:45,55.68
2/12/19 21:30,56.64
2/12/19 21:15,54.24
2/12/19 21:00,54.72
2/12/19 20:45,55.68
2/12/19 20:30,58.56
2/12/19 20:15,73.44
2/12/19 20:00,72
2/12/19 19:45,79.68
2/12/19 19:30,74.4
2/12/19 19:15,77.28
2/12/19 19:00,81.12
2/12/19 18:45,84.48
2/12/19 18:30,82.56
2/12/19 18:15,87.36
2/12/19 18:00,86.4
2/12/19 17:45,88.8
2/12/19 17:30,94.56
2/12/19 17:15,97.44
2/12/19 17:00,96
2/12/19 16:45,97.92
2/12/19 16:30,93.6
2/12/19 16:15,103.2
2/12/19 16:00,102.24
2/12/19 15:45,102.72
2/12/19 15:30,108.96
2/12/19 15:15,111.84
2/12/19 15:00,117.12
2/12/19 14:45,122.4
2/12/19 14:30,138.72
2/12/19 14:15,136.8
2/12/19 14:00,129.12
2/12/19 13:45,133.44
2/12/19 13:30,131.52
2/12/19 13:15,129.6
2/12/19 13:00,128.64
2/12/19 12:45,118.56
2/12/19 12:30,118.08
2/12/19 12:15,118.56
2/12/19 12:00,127.68
2/12/19 11:45,120.96
2/12/19 11:30,123.84
2/12/19 11:15,126.24
2/12/19 11:00,127.68
2/12/19 10:45,132.96
2/12/19 10:30,129.6
2/12/19 10:15,125.76
2/12/19 10:00,127.2
2/12/19 9:45,124.8
2/12/19 9:30,124.8
2/12/19 9:15,137.28
2/12/19 9:00,132.48
2/12/19 8:45,135.36
2/12/19 8:30,127.68
2/12/19 8:15,117.6
2/12/19 8:00,88.8
2/12/19 7:45,82.56
2/12/19 7:30,83.52
2/12/19 7:15,68.16
2/12/19 7:00,62.4
2/12/19 6:45,51.84
2/12/19 6:30,52.32
2/12/19 6:15,52.8
2/12/19 6:00,51.84
2/12/19 5:45,53.28
2/12/19 5:30,54.72
2/12/19 5:15,54.72
2/12/19 5:00,52.32
2/12/19 4:45,50.88
2/12/19 4:30,53.28
2/12/19 4:15,52.8
2/12/19 4:00,53.76
2/12/19 3:45,53.28
2/12/19 3:30,53.28
2/12/19 3:15,53.76
2/12/19 3:00,53.76
2/12/19 2:45,54.72
2/12/19 2:30,49.92
2/12/19 2:15,51.84
2/12/19 2:00,52.8
2/12/19 1:45,52.32
2/12/19 1:30,51.84
2/12/19 1:15,51.84
2/12/19 1:00,53.76
2/12/19 0:45,55.68
2/12/19 0:30,52.8
2/12/19 0:15,51.84
2/12/19 0:00,53.76
2/11/19 23:45,54.72
2/11/19 23:30,50.88
2/11/19 23:15,53.28
2/11/19 23:00,56.16
2/11/19 22:45,51.84
2/11/19 22:30,50.88
2/11/19 22:15,51.84
2/11/19 22:00,53.76
2/11/19 21:45,51.84
2/11/19 21:30,65.28
2/11/19 21:15,79.68
2/11/19 21:00,79.2
2/11/19 20:45,79.68
2/11/19 20:30,82.08
2/11/19 20:15,80.16
2/11/19 20:00,82.56
2/11/19 19:45,80.64
2/11/19 19:30,79.2
2/11/19 19:15,83.04
2/11/19 19:00,88.32
2/11/19 18:45,89.76
2/11/19 18:30,163.2
2/11/19 18:15,205.92
2/11/19 18:00,209.76
2/11/19 17:45,211.2
2/11/19 17:30,205.92
2/11/19 17:15,104.64
2/11/19 17:00,98.4
2/11/19 16:45,103.2
2/11/19 16:30,89.28
2/11/19 16:15,97.92
2/11/19 16:00,104.16
2/11/19 15:45,99.84
2/11/19 15:30,113.76
2/11/19 15:15,115.2
2/11/19 15:00,120.48
2/11/19 14:45,129.6
2/11/19 14:30,130.56
2/11/19 14:15,130.08
2/11/19 14:00,136.32
2/11/19 13:45,132.96
2/11/19 13:30,134.4
2/11/19 13:15,132.96
2/11/19 13:00,137.28
2/11/19 12:45,131.04
2/11/19 12:30,127.2
2/11/19 12:15,132.48
2/11/19 12:00,140.16
2/11/19 11:45,136.32
2/11/19 11:30,139.68
2/11/19 11:15,147.36
2/11/19 11:00,137.76
2/11/19 10:45,140.64
2/11/19 10:30,145.44
2/11/19 10:15,143.04
2/11/19 10:00,139.2
2/11/19 9:45,139.68
2/11/19 9:30,134.88
2/11/19 9:15,141.6
2/11/19 9:00,135.36
2/11/19 8:45,138.72
2/11/19 8:30,139.2
2/11/19 8:15,132.48
2/11/19 8:00,94.56
2/11/19 7:45,91.68
2/11/19 7:30,94.08
2/11/19 7:15,76.8
2/11/19 7:00,67.2
2/11/19 6:45,54.72
2/11/19 6:30,54.24
2/11/19 6:15,51.36
2/11/19 6:00,51.84
2/11/19 5:45,53.28
2/11/19 5:30,56.64
2/11/19 5:15,56.16
2/11/19 5:00,53.76
2/11/19 4:45,55.2
2/11/19 4:30,50.4
2/11/19 4:15,50.4
2/11/19 4:00,52.32
2/11/19 3:45,52.32
2/11/19 3:30,53.28
2/11/19 3:15,52.32
2/11/19 3:00,54.24
2/11/19 2:45,54.24
2/11/19 2:30,53.28
2/11/19 2:15,55.2
2/11/19 2:00,50.88
2/11/19 1:45,52.32
2/11/19 1:30,51.84
2/11/19 1:15,51.36
2/11/19 1:00,50.88
2/11/19 0:45,52.8
2/11/19 0:30,50.88
2/11/19 0:15,50.88
2/11/19 0:00,48.48
2/10/19 23:45,53.76
2/10/19 23:30,52.32
2/10/19 23:15,51.36
2/10/19 23:00,51.36
2/10/19 22:45,53.28
2/10/19 22:30,49.92
2/10/19 22:15,52.32
2/10/19 22:00,51.36
2/10/19 21:45,53.28
2/10/19 21:30,50.4
2/10/19 21:15,50.88
2/10/19 21:00,49.92
2/10/19 20:45,53.28
2/10/19 20:30,52.32
2/10/19 20:15,49.44
2/10/19 20:00,51.36
2/10/19 19:45,49.44
2/10/19 19:30,51.36
2/10/19 19:15,49.92
2/10/19 19:00,49.92
2/10/19 18:45,49.44
2/10/19 18:30,51.36
2/10/19 18:15,48.48
2/10/19 18:00,51.36
2/10/19 17:45,49.92
2/10/19 17:30,49.44
2/10/19 17:15,46.08
2/10/19 17:00,41.76
2/10/19 16:45,41.28
2/10/19 16:30,34.08
2/10/19 16:15,32.64
2/10/19 16:00,33.12
2/10/19 15:45,36.48
2/10/19 15:30,34.08
2/10/19 15:15,36
2/10/19 15:00,37.92
2/10/19 14:45,35.52
2/10/19 14:30,36
2/10/19 14:15,36.48
2/10/19 14:00,35.04
2/10/19 13:45,53.76
2/10/19 13:30,57.6
2/10/19 13:15,51.36
2/10/19 13:00,50.88
2/10/19 12:45,52.32
2/10/19 12:30,52.32
2/10/19 12:15,51.84
2/10/19 12:00,52.32
2/10/19 11:45,61.44
2/10/19 11:30,62.88
2/10/19 11:15,59.52
2/10/19 11:00,59.52
2/10/19 10:45,58.56
2/10/19 10:30,60
2/10/19 10:15,64.8
2/10/19 10:00,71.04
2/10/19 9:45,71.52
2/10/19 9:30,64.8
2/10/19 9:15,65.76
2/10/19 9:00,67.68
2/10/19 8:45,66.72
2/10/19 8:30,67.68
2/10/19 8:15,68.64
2/10/19 8:00,72
2/10/19 7:45,67.68
2/10/19 7:30,69.6
2/10/19 7:15,64.8
2/10/19 7:00,73.44
2/10/19 6:45,76.32
2/10/19 6:30,77.76
2/10/19 6:15,74.4
2/10/19 6:00,82.56
2/10/19 5:45,82.56
2/10/19 5:30,77.76
2/10/19 5:15,76.32
2/10/19 5:00,62.88
2/10/19 4:45,51.36
2/10/19 4:30,49.92
2/10/19 4:15,50.88
2/10/19 4:00,51.84
2/10/19 3:45,51.84
2/10/19 3:30,51.36
2/10/19 3:15,52.8
2/10/19 3:00,48.96
2/10/19 2:45,52.8
2/10/19 2:30,52.32
2/10/19 2:15,51.84
2/10/19 2:00,54.24
2/10/19 1:45,50.88
2/10/19 1:30,47.52
2/10/19 1:15,50.4
2/10/19 1:00,50.88
2/10/19 0:45,50.4
2/10/19 0:30,53.28
2/10/19 0:15,50.88
2/10/19 0:00,48.48
2/9/19 23:45,50.88
2/9/19 23:30,51.36
2/9/19 23:15,52.32
2/9/19 23:00,53.28
2/9/19 22:45,54.24
2/9/19 22:30,49.92
2/9/19 22:15,48
2/9/19 22:00,51.84
2/9/19 21:45,53.28
2/9/19 21:30,53.28
2/9/19 21:15,51.36
2/9/19 21:00,50.88
2/9/19 20:45,52.8
2/9/19 20:30,52.32
2/9/19 20:15,52.8
2/9/19 20:00,53.28
2/9/19 19:45,52.32
2/9/19 19:30,50.88
2/9/19 19:15,52.32
2/9/19 19:00,53.28
2/9/19 18:45,51.36
2/9/19 18:30,50.4
2/9/19 18:15,52.8
2/9/19 18:00,53.28
2/9/19 17:45,56.64
2/9/19 17:30,54.24
2/9/19 17:15,47.52
2/9/19 17:00,42.72
2/9/19 16:45,42.72
2/9/19 16:30,60
2/9/19 16:15,57.6
2/9/19 16:00,61.92
2/9/19 15:45,62.4
2/9/19 15:30,62.4
2/9/19 15:15,64.8
2/9/19 15:00,63.36
2/9/19 14:45,61.44
2/9/19 14:30,65.28
2/9/19 14:15,64.32
2/9/19 14:00,62.4
2/9/19 13:45,68.16
2/9/19 13:30,66.24
2/9/19 13:15,65.76
2/9/19 13:00,66.24
2/9/19 12:45,66.24
2/9/19 12:30,67.2
2/9/19 12:15,72
2/9/19 12:00,77.76
2/9/19 11:45,76.32
2/9/19 11:30,72.48
2/9/19 11:15,68.64
2/9/19 11:00,71.52
2/9/19 10:45,68.64
2/9/19 10:30,70.08
2/9/19 10:15,71.04
2/9/19 10:00,74.88
2/9/19 9:45,73.44
2/9/19 9:30,69.6
2/9/19 9:15,69.12
2/9/19 9:00,69.12
2/9/19 8:45,63.36
2/9/19 8:30,62.4
2/9/19 8:15,55.68
2/9/19 8:00,60
2/9/19 7:45,48.96
2/9/19 7:30,35.52
2/9/19 7:15,34.56
2/9/19 7:00,39.36
2/9/19 6:45,36
2/9/19 6:30,40.32
2/9/19 6:15,45.6
2/9/19 6:00,48
2/9/19 5:45,49.92
2/9/19 5:30,51.84
2/9/19 5:15,52.32
2/9/19 5:00,51.84
2/9/19 4:45,55.2
2/9/19 4:30,52.8
2/9/19 4:15,49.92
2/9/19 4:00,49.92
2/9/19 3:45,51.36
2/9/19 3:30,50.88
2/9/19 3:15,51.84
2/9/19 3:00,53.28
2/9/19 2:45,49.92
2/9/19 2:30,52.32
2/9/19 2:15,50.4
2/9/19 2:00,54.72
2/9/19 1:45,54.24
2/9/19 1:30,51.84
2/9/19 1:15,53.28
2/9/19 1:00,53.28
2/9/19 0:45,52.32
2/9/19 0:30,53.76
2/9/19 0:15,51.84
2/9/19 0:00,53.28
2/8/19 23:45,54.24
2/8/19 23:30,60.96
2/8/19 23:15,172.32
2/8/19 23:00,239.04
2/8/19 22:45,300
2/8/19 22:30,304.8
2/8/19 22:15,307.2
2/8/19 22:00,306.72
2/8/19 21:45,312.48
2/8/19 21:30,318.72
2/8/19 21:15,333.6
2/8/19 21:00,334.08
2/8/19 20:45,328.32
2/8/19 20:30,332.64
2/8/19 20:15,329.28
2/8/19 20:00,332.64
2/8/19 19:45,333.12
2/8/19 19:30,325.44
2/8/19 19:15,318.24
2/8/19 19:00,317.28
2/8/19 18:45,314.4
2/8/19 18:30,316.32
2/8/19 18:15,321.12
2/8/19 18:00,322.08
2/8/19 17:45,326.88
2/8/19 17:30,321.6
2/8/19 17:15,294.24
2/8/19 17:00,120.48
2/8/19 16:45,95.52
2/8/19 16:30,88.8
2/8/19 16:15,87.84
2/8/19 16:00,86.88
2/8/19 15:45,94.08
2/8/19 15:30,96.48
2/8/19 15:15,112.8
2/8/19 15:00,111.84
2/8/19 14:45,124.8
2/8/19 14:30,127.2
2/8/19 14:15,133.92
2/8/19 14:00,137.28
2/8/19 13:45,134.88
2/8/19 13:30,132.48
2/8/19 13:15,137.28
2/8/19 13:00,134.88
2/8/19 12:45,120
2/8/19 12:30,108.48
2/8/19 12:15,109.44
2/8/19 12:00,116.16
2/8/19 11:45,121.92
2/8/19 11:30,118.56
2/8/19 11:15,120
2/8/19 11:00,118.56
2/8/19 10:45,116.64
2/8/19 10:30,116.64
2/8/19 10:15,120.96
2/8/19 10:00,121.44
2/8/19 9:45,117.6
2/8/19 9:30,122.4
2/8/19 9:15,120.96
2/8/19 9:00,114.72
2/8/19 8:45,115.2
2/8/19 8:30,122.88
2/8/19 8:15,121.44
2/8/19 8:00,107.52
2/8/19 7:45,105.12
2/8/19 7:30,111.36
2/8/19 7:15,103.2
2/8/19 7:00,88.32
2/8/19 6:45,80.64
2/8/19 6:30,64.8
2/8/19 6:15,58.08
2/8/19 6:00,61.92
2/8/19 5:45,65.28
2/8/19 5:30,58.56
2/8/19 5:15,59.52
2/8/19 5:00,64.32
2/8/19 4:45,60
2/8/19 4:30,59.52
2/8/19 4:15,61.92
2/8/19 4:00,54.24
2/8/19 3:45,53.76
2/8/19 3:30,60
2/8/19 3:15,58.08
2/8/19 3:00,56.64
2/8/19 2:45,58.56
2/8/19 2:30,54.24
2/8/19 2:15,54.72
2/8/19 2:00,57.6
2/8/19 1:45,57.12
2/8/19 1:30,54.72
2/8/19 1:15,55.68
2/8/19 1:00,59.04
2/8/19 0:45,57.12
2/8/19 0:30,55.68
2/8/19 0:15,56.16
2/8/19 0:00,57.6
2/7/19 23:45,55.2
2/7/19 23:30,57.6
2/7/19 23:15,57.12
2/7/19 23:00,53.28
2/7/19 22:45,57.6
2/7/19 22:30,57.12
2/7/19 22:15,51.84
2/7/19 22:00,55.68
2/7/19 21:45,60
2/7/19 21:30,56.64
2/7/19 21:15,56.64
2/7/19 21:00,60
2/7/19 20:45,56.64
2/7/19 20:30,79.2
2/7/19 20:15,79.2
2/7/19 20:00,79.68
2/7/19 19:45,84.48
2/7/19 19:30,84.96
2/7/19 19:15,81.12
2/7/19 19:00,84.96
2/7/19 18:45,83.04
2/7/19 18:30,87.36
2/7/19 18:15,88.32
2/7/19 18:00,93.6
2/7/19 17:45,89.76
2/7/19 17:30,93.12
2/7/19 17:15,87.84
2/7/19 17:00,91.2
2/7/19 16:45,90.72
2/7/19 16:30,88.32
2/7/19 16:15,87.36
2/7/19 16:00,89.76
2/7/19 15:45,95.04
2/7/19 15:30,96.48
2/7/19 15:15,117.12
2/7/19 15:00,120.48
2/7/19 14:45,123.84
2/7/19 14:30,124.32
2/7/19 14:15,125.28
2/7/19 14:00,127.2
2/7/19 13:45,126.72
2/7/19 13:30,129.12
2/7/19 13:15,127.2
2/7/19 13:00,119.52
2/7/19 12:45,128.64
2/7/19 12:30,122.4
2/7/19 12:15,118.56
2/7/19 12:00,123.36
2/7/19 11:45,127.2
2/7/19 11:30,124.32
2/7/19 11:15,123.84
2/7/19 11:00,120.96
2/7/19 10:45,121.92
2/7/19 10:30,123.84
2/7/19 10:15,122.88
2/7/19 10:00,118.56
2/7/19 9:45,100.32
2/7/19 9:30,100.8
2/7/19 9:15,103.68
2/7/19 9:00,119.52
2/7/19 8:45,123.36
2/7/19 8:30,130.56
2/7/19 8:15,121.92
2/7/19 8:00,110.4
2/7/19 7:45,109.92
2/7/19 7:30,103.68
2/7/19 7:15,87.36
2/7/19 7:00,78.72
2/7/19 6:45,51.84
2/7/19 6:30,58.08
2/7/19 6:15,65.28
2/7/19 6:00,63.84
2/7/19 5:45,60.96
2/7/19 5:30,59.52
2/7/19 5:15,64.8
2/7/19 5:00,62.88
2/7/19 4:45,65.28
2/7/19 4:30,64.32
2/7/19 4:15,61.92
2/7/19 4:00,61.92
2/7/19 3:45,61.44
2/7/19 3:30,58.08
2/7/19 3:15,56.16
2/7/19 3:00,61.44
2/7/19 2:45,62.4
2/7/19 2:30,57.6
2/7/19 2:15,56.64
2/7/19 2:00,60.96
2/7/19 1:45,60
2/7/19 1:30,62.88
2/7/19 1:15,61.92
2/7/19 1:00,57.6
2/7/19 0:45,59.04
2/7/19 0:30,60.48
2/7/19 0:15,59.52
2/7/19 0:00,56.64
2/6/19 23:45,59.52
2/6/19 23:30,63.36
2/6/19 23:15,59.04
2/6/19 23:00,56.16
2/6/19 22:45,61.44
2/6/19 22:30,60.96
2/6/19 22:15,57.12
2/6/19 22:00,61.44
2/6/19 21:45,60
2/6/19 21:30,60
2/6/19 21:15,60.96
2/6/19 21:00,63.36
2/6/19 20:45,64.32
2/6/19 20:30,80.64
2/6/19 20:15,81.6
2/6/19 20:00,76.8
2/6/19 19:45,83.04
2/6/19 19:30,81.6
2/6/19 19:15,84
2/6/19 19:00,86.4
2/6/19 18:45,79.2
2/6/19 18:30,84.48
2/6/19 18:15,89.28
2/6/19 18:00,91.2
2/6/19 17:45,95.04
2/6/19 17:30,96.96
2/6/19 17:15,91.68
2/6/19 17:00,97.92
2/6/19 16:45,90.24
2/6/19 16:30,92.16
2/6/19 16:15,89.76
2/6/19 16:00,97.92
2/6/19 15:45,101.76
2/6/19 15:30,111.36
2/6/19 15:15,109.92
2/6/19 15:00,116.16
2/6/19 14:45,121.44
2/6/19 14:30,127.68
2/6/19 14:15,125.76
2/6/19 14:00,128.16
2/6/19 13:45,132
2/6/19 13:30,131.52
2/6/19 13:15,132.96
2/6/19 13:00,137.28
2/6/19 12:45,116.64
2/6/19 12:30,123.84
2/6/19 12:15,127.2
2/6/19 12:00,136.32
2/6/19 11:45,133.44
2/6/19 11:30,140.16
2/6/19 11:15,136.8
2/6/19 11:00,135.84
2/6/19 10:45,134.88
2/6/19 10:30,141.6
2/6/19 10:15,144.48
2/6/19 10:00,143.52
2/6/19 9:45,141.12
2/6/19 9:30,140.64
2/6/19 9:15,130.08
2/6/19 9:00,128.64
2/6/19 8:45,124.8
2/6/19 8:30,129.12
2/6/19 8:15,125.28
2/6/19 8:00,106.56
2/6/19 7:45,98.4
2/6/19 7:30,98.4
2/6/19 7:15,78.24
2/6/19 7:00,71.52
2/6/19 6:45,60.48
2/6/19 6:30,57.12
2/6/19 6:15,56.64
2/6/19 6:00,61.92
2/6/19 5:45,63.36
2/6/19 5:30,56.64
2/6/19 5:15,59.52
2/6/19 5:00,60.96
2/6/19 4:45,60.48
2/6/19 4:30,58.56
2/6/19 4:15,58.56
2/6/19 4:00,53.28
2/6/19 3:45,55.68
2/6/19 3:30,55.68
2/6/19 3:15,53.76
2/6/19 3:00,55.68
2/6/19 2:45,58.08
2/6/19 2:30,53.76
2/6/19 2:15,53.76
2/6/19 2:00,54.72
2/6/19 1:45,55.2
2/6/19 1:30,55.2
2/6/19 1:15,52.8
2/6/19 1:00,57.6
2/6/19 0:45,53.28
2/6/19 0:30,56.16
2/6/19 0:15,55.68
2/6/19 0:00,51.84
2/5/19 23:45,56.64
2/5/19 23:30,50.4
2/5/19 23:15,56.16
2/5/19 23:00,52.8
2/5/19 22:45,56.64
2/5/19 22:30,51.36
2/5/19 22:15,56.16
2/5/19 22:00,60.96
2/5/19 21:45,64.8
2/5/19 21:30,59.52
2/5/19 21:15,66.72
2/5/19 21:00,84
2/5/19 20:45,92.16
2/5/19 20:30,93.12
2/5/19 20:15,99.84
2/5/19 20:00,93.6
2/5/19 19:45,93.6
2/5/19 19:30,91.68
2/5/19 19:15,93.12
2/5/19 19:00,92.64
2/5/19 18:45,99.36
2/5/19 18:30,100.32
2/5/19 18:15,105.12
2/5/19 18:00,109.44
2/5/19 17:45,108.48
2/5/19 17:30,111.36
2/5/19 17:15,111.36
2/5/19 17:00,105.12
2/5/19 16:45,110.88
2/5/19 16:30,106.08
2/5/19 16:15,112.8
2/5/19 16:00,117.6
2/5/19 15:45,120
2/5/19 15:30,128.64
2/5/19 15:15,132.48
2/5/19 15:00,137.76
2/5/19 14:45,130.56
2/5/19 14:30,145.92
2/5/19 14:15,142.56
2/5/19 14:00,148.32
2/5/19 13:45,142.08
2/5/19 13:30,144.96
2/5/19 13:15,142.56
2/5/19 13:00,149.28
2/5/19 12:45,129.6
2/5/19 12:30,122.4
2/5/19 12:15,129.12
2/5/19 12:00,130.56
2/5/19 11:45,132.96
2/5/19 11:30,136.8
2/5/19 11:15,137.76
2/5/19 11:00,137.76
2/5/19 10:45,138.24
2/5/19 10:30,135.84
2/5/19 10:15,135.36
2/5/19 10:00,140.16
2/5/19 9:45,134.88
2/5/19 9:30,127.68
2/5/19 9:15,125.28
2/5/19 9:00,132
2/5/19 8:45,132.96
2/5/19 8:30,125.28
2/5/19 8:15,119.04
2/5/19 8:00,90.24
2/5/19 7:45,86.88
2/5/19 7:30,92.16
2/5/19 7:15,73.92
2/5/19 7:00,62.88
2/5/19 6:45,48
2/5/19 6:30,50.4
2/5/19 6:15,49.44
2/5/19 6:00,49.44
2/5/19 5:45,52.8
2/5/19 5:30,50.4
2/5/19 5:15,47.52
2/5/19 5:00,50.88
2/5/19 4:45,50.88
2/5/19 4:30,48.48
2/5/19 4:15,50.4
2/5/19 4:00,51.84
2/5/19 3:45,52.32
2/5/19 3:30,52.8
2/5/19 3:15,49.92
2/5/19 3:00,52.8
2/5/19 2:45,51.36
2/5/19 2:30,50.4
2/5/19 2:15,52.32
2/5/19 2:00,48.96
2/5/19 1:45,50.88
2/5/19 1:30,49.92
2/5/19 1:15,49.92
2/5/19 1:00,53.76
2/5/19 0:45,52.32
2/5/19 0:30,50.88
2/5/19 0:15,52.8
2/5/19 0:00,50.4
2/4/19 23:45,50.88
2/4/19 23:30,50.88
2/4/19 23:15,51.84
2/4/19 23:00,51.36
2/4/19 22:45,51.84
2/4/19 22:30,50.4
2/4/19 22:15,54.24
2/4/19 22:00,54.72
2/4/19 21:45,56.64
2/4/19 21:30,70.56
2/4/19 21:15,71.04
2/4/19 21:00,73.92
2/4/19 20:45,71.52
2/4/19 20:30,72.96
2/4/19 20:15,73.44
2/4/19 20:00,73.44
2/4/19 19:45,74.88
2/4/19 19:30,75.84
2/4/19 19:15,77.76
2/4/19 19:00,83.04
2/4/19 18:45,79.68
2/4/19 18:30,81.12
2/4/19 18:15,85.92
2/4/19 18:00,86.4
2/4/19 17:45,90.72
2/4/19 17:30,90.24
2/4/19 17:15,95.04
2/4/19 17:00,93.12
2/4/19 16:45,94.08
2/4/19 16:30,95.04
2/4/19 16:15,97.92
2/4/19 16:00,108.48
2/4/19 15:45,106.08
2/4/19 15:30,109.44
2/4/19 15:15,122.4
2/4/19 15:00,112.32
2/4/19 14:45,118.08
2/4/19 14:30,125.28
2/4/19 14:15,125.28
2/4/19 14:00,132.48
2/4/19 13:45,127.2
2/4/19 13:30,125.28
2/4/19 13:15,134.4
2/4/19 13:00,125.28
2/4/19 12:45,121.92
2/4/19 12:30,120.96
2/4/19 12:15,123.36
2/4/19 12:00,128.16
2/4/19 11:45,129.12
2/4/19 11:30,128.16
2/4/19 11:15,132
2/4/19 11:00,128.16
2/4/19 10:45,129.12
2/4/19 10:30,132.96
2/4/19 10:15,117.6
2/4/19 10:00,125.76
2/4/19 9:45,125.28
2/4/19 9:30,122.4
2/4/19 9:15,122.88
2/4/19 9:00,125.76
2/4/19 8:45,120
2/4/19 8:30,118.56
2/4/19 8:15,112.8
2/4/19 8:00,85.92
2/4/19 7:45,85.92
2/4/19 7:30,88.8
2/4/19 7:15,76.8
2/4/19 7:00,66.72
2/4/19 6:45,53.28
2/4/19 6:30,50.4
2/4/19 6:15,48.48
2/4/19 6:00,48.96
2/4/19 5:45,49.44
2/4/19 5:30,48.96
2/4/19 5:15,48.96
2/4/19 5:00,48.96
2/4/19 4:45,48.48
2/4/19 4:30,50.4
2/4/19 4:15,49.92
2/4/19 4:00,50.4
2/4/19 3:45,50.88
2/4/19 3:30,48.96
2/4/19 3:15,48.96
2/4/19 3:00,49.92
2/4/19 2:45,48.48
2/4/19 2:30,49.92
2/4/19 2:15,51.36
2/4/19 2:00,49.44
2/4/19 1:45,48.48
2/4/19 1:30,46.08
2/4/19 1:15,48.48
2/4/19 1:00,48
2/4/19 0:45,51.36
2/4/19 0:30,48
2/4/19 0:15,46.56
2/4/19 0:00,49.92
2/3/19 23:45,53.28
2/3/19 23:30,49.92
2/3/19 23:15,51.36
2/3/19 23:00,52.32
2/3/19 22:45,50.88
2/3/19 22:30,48.48
2/3/19 22:15,49.92
2/3/19 22:00,52.8
2/3/19 21:45,52.8
2/3/19 21:30,51.36
2/3/19 21:15,48.48
2/3/19 21:00,51.36
2/3/19 20:45,51.36
2/3/19 20:30,49.44
2/3/19 20:15,49.92
2/3/19 20:00,48.96
2/3/19 19:45,53.28
2/3/19 19:30,51.36
2/3/19 19:15,48.96
2/3/19 19:00,50.4
2/3/19 18:45,51.36
2/3/19 18:30,50.88
2/3/19 18:15,48
2/3/19 18:00,50.4
2/3/19 17:45,52.32
2/3/19 17:30,52.32
2/3/19 17:15,48
2/3/19 17:00,42.24
2/3/19 16:45,43.2
2/3/19 16:30,37.44
2/3/19 16:15,35.04
2/3/19 16:00,34.56
2/3/19 15:45,35.04
2/3/19 15:30,39.84
2/3/19 15:15,35.52
2/3/19 15:00,36.96
2/3/19 14:45,35.52
2/3/19 14:30,37.44
2/3/19 14:15,36.48
2/3/19 14:00,51.84
2/3/19 13:45,54.24
2/3/19 13:30,56.64
2/3/19 13:15,56.64
2/3/19 13:00,60.48
2/3/19 12:45,60.48
2/3/19 12:30,61.44
2/3/19 12:15,55.68
2/3/19 12:00,56.16
2/3/19 11:45,57.6
2/3/19 11:30,64.32
2/3/19 11:15,60.96
2/3/19 11:00,58.08
2/3/19 10:45,60.48
2/3/19 10:30,59.52
2/3/19 10:15,60.48
2/3/19 10:00,63.84
2/3/19 9:45,69.6
2/3/19 9:30,65.76
2/3/19 9:15,63.84
2/3/19 9:00,64.32
2/3/19 8:45,65.28
2/3/19 8:30,65.28
2/3/19 8:15,66.24
2/3/19 8:00,68.64
2/3/19 7:45,67.2
2/3/19 7:30,68.64
2/3/19 7:15,68.16
2/3/19 7:00,62.4
2/3/19 6:45,65.28
2/3/19 6:30,77.76
2/3/19 6:15,87.36
2/3/19 6:00,85.44
2/3/19 5:45,86.88
2/3/19 5:30,88.32
2/3/19 5:15,86.4
2/3/19 5:00,85.44
2/3/19 4:45,90.24
2/3/19 4:30,85.44
2/3/19 4:15,78.24
2/3/19 4:00,54.24
2/3/19 3:45,56.16
2/3/19 3:30,55.2
2/3/19 3:15,55.68
2/3/19 3:00,53.76
2/3/19 2:45,52.8
2/3/19 2:30,53.76
2/3/19 2:15,58.08
2/3/19 2:00,54.24
2/3/19 1:45,53.28
2/3/19 1:30,52.8
2/3/19 1:15,54.24
2/3/19 1:00,56.16
2/3/19 0:45,54.72
2/3/19 0:30,57.12
2/3/19 0:15,55.68
2/3/19 0:00,54.72
2/2/19 23:45,57.6
2/2/19 23:30,57.6
2/2/19 23:15,70.08
2/2/19 23:00,81.6
2/2/19 22:45,84.48
2/2/19 22:30,83.52
2/2/19 22:15,86.4
2/2/19 22:00,89.28
2/2/19 21:45,93.6
2/2/19 21:30,94.08
2/2/19 21:15,103.68
2/2/19 21:00,99.84
2/2/19 20:45,94.08
2/2/19 20:30,96.48
2/2/19 20:15,105.6
2/2/19 20:00,104.64
2/2/19 19:45,107.52
2/2/19 19:30,107.52
2/2/19 19:15,107.52
2/2/19 19:00,107.52
2/2/19 18:45,111.84
2/2/19 18:30,110.88
2/2/19 18:15,112.32
2/2/19 18:00,108.48
2/2/19 17:45,109.92
2/2/19 17:30,111.84
2/2/19 17:15,80.64
2/2/19 17:00,75.84
2/2/19 16:45,78.24
2/2/19 16:30,82.08
2/2/19 16:15,82.08
2/2/19 16:00,79.2
2/2/19 15:45,78.24
2/2/19 15:30,62.88
2/2/19 15:15,63.84
2/2/19 15:00,65.28
2/2/19 14:45,71.04
2/2/19 14:30,70.56
2/2/19 14:15,73.92
2/2/19 14:00,68.16
2/2/19 13:45,69.6
2/2/19 13:30,70.56
2/2/19 13:15,69.12
2/2/19 13:00,68.64
2/2/19 12:45,69.12
2/2/19 12:30,70.56
2/2/19 12:15,72.96
2/2/19 12:00,66.72
2/2/19 11:45,69.12
2/2/19 11:30,67.68
2/2/19 11:15,67.68
2/2/19 11:00,66.72
2/2/19 10:45,64.32
2/2/19 10:30,67.2
2/2/19 10:15,73.92
2/2/19 10:00,67.2
2/2/19 9:45,61.92
2/2/19 9:30,61.44
2/2/19 9:15,65.76
2/2/19 9:00,60.96
2/2/19 8:45,59.04
2/2/19 8:30,57.12
2/2/19 8:15,48
2/2/19 8:00,35.04
2/2/19 7:45,37.92
2/2/19 7:30,35.04
2/2/19 7:15,34.08
2/2/19 7:00,33.12
2/2/19 6:45,33.6
2/2/19 6:30,38.88
2/2/19 6:15,43.2
2/2/19 6:00,44.64
2/2/19 5:45,46.56
2/2/19 5:30,51.84
2/2/19 5:15,51.36
2/2/19 5:00,46.56
2/2/19 4:45,48.96
2/2/19 4:30,45.6
2/2/19 4:15,48
2/2/19 4:00,49.92
2/2/19 3:45,47.04
2/2/19 3:30,50.4
2/2/19 3:15,47.52
2/2/19 3:00,47.52
2/2/19 2:45,48.48
2/2/19 2:30,48.96
2/2/19 2:15,48
2/2/19 2:00,51.36
2/2/19 1:45,49.92
2/2/19 1:30,51.84
2/2/19 1:15,49.44
2/2/19 1:00,50.4
2/2/19 0:45,49.44
2/2/19 0:30,52.32
2/2/19 0:15,46.56
2/2/19 0:00,47.04
2/1/19 23:45,52.32
2/1/19 23:30,49.92
2/1/19 23:15,49.44
2/1/19 23:00,49.92
2/1/19 22:45,51.36
2/1/19 22:30,49.92
2/1/19 22:15,57.12
2/1/19 22:00,63.84
2/1/19 21:45,65.28
2/1/19 21:30,69.12
2/1/19 21:15,70.56
2/1/19 21:00,72
2/1/19 20:45,71.52
2/1/19 20:30,70.08
2/1/19 20:15,72.48
2/1/19 20:00,70.08
2/1/19 19:45,74.4
2/1/19 19:30,75.36
2/1/19 19:15,82.56
2/1/19 19:00,80.64
2/1/19 18:45,84
2/1/19 18:30,79.68
2/1/19 18:15,83.04
2/1/19 18:00,87.36
2/1/19 17:45,92.64
2/1/19 17:30,92.64
2/1/19 17:15,89.28
2/1/19 17:00,92.16
2/1/19 16:45,90.24
2/1/19 16:30,84.48
2/1/19 16:15,90.24
2/1/19 16:00,94.56
2/1/19 15:45,108
2/1/19 15:30,111.36
2/1/19 15:15,123.36
2/1/19 15:00,127.68
2/1/19 14:45,131.04
2/1/19 14:30,125.28
2/1/19 14:15,134.88
2/1/19 14:00,124.8
2/1/19 13:45,136.32
2/1/19 13:30,133.92
2/1/19 13:15,133.44
2/1/19 13:00,129.6
2/1/19 12:45,121.44
2/1/19 12:30,118.08
2/1/19 12:15,118.08
2/1/19 12:00,126.72
2/1/19 11:45,125.28
2/1/19 11:30,130.08
2/1/19 11:15,131.04
2/1/19 11:00,134.4
2/1/19 10:45,132.96
2/1/19 10:30,130.08
2/1/19 10:15,132
2/1/19 10:00,140.64
2/1/19 9:45,131.04
2/1/19 9:30,140.16
2/1/19 9:15,133.92
2/1/19 9:00,133.92
2/1/19 8:45,132
2/1/19 8:30,133.44
2/1/19 8:15,123.36
2/1/19 8:00,99.84
2/1/19 7:45,103.2
2/1/19 7:30,103.68
2/1/19 7:15,85.92
2/1/19 7:00,86.88
2/1/19 6:45,76.8
2/1/19 6:30,70.56
2/1/19 6:15,55.68
2/1/19 6:00,53.28
2/1/19 5:45,51.84
2/1/19 5:30,55.68
2/1/19 5:15,51.84
2/1/19 5:00,50.88
2/1/19 4:45,51.84
2/1/19 4:30,48.96
2/1/19 4:15,51.36
2/1/19 4:00,54.24
2/1/19 3:45,53.76
2/1/19 3:30,52.32
2/1/19 3:15,49.44
2/1/19 3:00,48.48
2/1/19 2:45,50.88
2/1/19 2:30,49.92
2/1/19 2:15,51.36
2/1/19 2:00,51.36
2/1/19 1:45,48.96
2/1/19 1:30,50.88
2/1/19 1:15,49.92
2/1/19 1:00,48.96
2/1/19 0:45,51.84
2/1/19 0:30,48
2/1/19 0:15,51.84
2/1/19 0:00,50.4
1/31/19 23:45,49.92
1/31/19 23:30,52.32
1/31/19 23:15,49.92
1/31/19 23:00,51.84
1/31/19 22:45,54.24
1/31/19 22:30,50.88
1/31/19 22:15,53.28
1/31/19 22:00,51.84
1/31/19 21:45,53.76
1/31/19 21:30,72.48
1/31/19 21:15,74.88
1/31/19 21:00,73.44
1/31/19 20:45,75.84
1/31/19 20:30,79.2
1/31/19 20:15,79.2
1/31/19 20:00,75.36
1/31/19 19:45,77.76
1/31/19 19:30,78.24
1/31/19 19:15,82.08
1/31/19 19:00,84
1/31/19 18:45,84
1/31/19 18:30,88.8
1/31/19 18:15,89.76
1/31/19 18:00,89.76
1/31/19 17:45,92.16
1/31/19 17:30,98.88
1/31/19 17:15,99.36
1/31/19 17:00,90.72
1/31/19 16:45,98.4
1/31/19 16:30,92.64
1/31/19 16:15,97.92
1/31/19 16:00,101.28
1/31/19 15:45,104.64
1/31/19 15:30,104.16
1/31/19 15:15,120.48
1/31/19 15:00,128.16
1/31/19 14:45,122.4
1/31/19 14:30,136.32
1/31/19 14:15,138.24
1/31/19 14:00,140.16
1/31/19 13:45,136.32
1/31/19 13:30,136.8
1/31/19 13:15,140.16
1/31/19 13:00,131.52
1/31/19 12:45,107.04
1/31/19 12:30,109.92
1/31/19 12:15,109.92
1/31/19 12:00,115.2
1/31/19 11:45,111.84
1/31/19 11:30,112.8
1/31/19 11:15,113.28
1/31/19 11:00,114.72
1/31/19 10:45,111.84
1/31/19 10:30,113.76
1/31/19 10:15,120.96
1/31/19 10:00,126.24
1/31/19 9:45,109.44
1/31/19 9:30,113.76
1/31/19 9:15,108
1/31/19 9:00,110.88
1/31/19 8:45,110.4
1/31/19 8:30,114.24
1/31/19 8:15,108.48
1/31/19 8:00,77.76
1/31/19 7:45,71.52
1/31/19 7:30,79.68
1/31/19 7:15,60
1/31/19 7:00,53.28
1/31/19 6:45,45.12
1/31/19 6:30,48.96
1/31/19 6:15,46.56
1/31/19 6:00,49.92
1/31/19 5:45,50.88
1/31/19 5:30,52.32
1/31/19 5:15,51.36
1/31/19 5:00,50.4
1/31/19 4:45,49.44
1/31/19 4:30,48.48
1/31/19 4:15,48.48
1/31/19 4:00,50.4
1/31/19 3:45,51.84
1/31/19 3:30,48
1/31/19 3:15,47.52
1/31/19 3:00,47.52
1/31/19 2:45,49.44
1/31/19 2:30,48.48
1/31/19 2:15,50.4
1/31/19 2:00,47.52
1/31/19 1:45,49.92
1/31/19 1:30,49.44
1/31/19 1:15,48.48
1/31/19 1:00,52.32
1/31/19 0:45,49.44
1/31/19 0:30,50.88
1/31/19 0:15,47.52
1/31/19 0:00,48.48
1/30/19 23:45,51.84
1/30/19 23:30,52.8
1/30/19 23:15,50.4
1/30/19 23:00,49.92
1/30/19 22:45,52.8
1/30/19 22:30,52.32
1/30/19 22:15,48.96
1/30/19 22:00,50.4
1/30/19 21:45,50.4
1/30/19 21:30,51.36
1/30/19 21:15,57.12
1/30/19 21:00,60.48
1/30/19 20:45,63.36
1/30/19 20:30,66.72
1/30/19 20:15,69.6
1/30/19 20:00,73.44
1/30/19 19:45,78.72
1/30/19 19:30,86.4
1/30/19 19:15,84.96
1/30/19 19:00,89.28
1/30/19 18:45,94.08
1/30/19 18:30,102.24
1/30/19 18:15,103.68
1/30/19 18:00,99.84
1/30/19 17:45,102.24
1/30/19 17:30,103.68
1/30/19 17:15,95.04
1/30/19 17:00,89.76
1/30/19 16:45,94.56
1/30/19 16:30,95.52
1/30/19 16:15,99.36
1/30/19 16:00,98.4
1/30/19 15:45,106.08
1/30/19 15:30,109.92
1/30/19 15:15,120.48
1/30/19 15:00,119.04
1/30/19 14:45,125.76
1/30/19 14:30,144.48
1/30/19 14:15,139.2
1/30/19 14:00,147.36
1/30/19 13:45,132.96
1/30/19 13:30,131.52
1/30/19 13:15,136.32
1/30/19 13:00,134.4
1/30/19 12:45,117.12
1/30/19 12:30,118.08
1/30/19 12:15,132
1/30/19 12:00,127.68
1/30/19 11:45,125.76
1/30/19 11:30,126.72
1/30/19 11:15,127.68
1/30/19 11:00,135.36
1/30/19 10:45,133.44
1/30/19 10:30,126.72
1/30/19 10:15,129.12
1/30/19 10:00,128.64
1/30/19 9:45,126.24
1/30/19 9:30,126.24
1/30/19 9:15,122.4
1/30/19 9:00,118.56
1/30/19 8:45,116.64
1/30/19 8:30,113.28
1/30/19 8:15,105.12
1/30/19 8:00,80.64
1/30/19 7:45,82.08
1/30/19 7:30,83.04
1/30/19 7:15,71.52
1/30/19 7:00,67.2
1/30/19 6:45,54.24
1/30/19 6:30,53.76
1/30/19 6:15,49.92
1/30/19 6:00,52.8
1/30/19 5:45,53.28
1/30/19 5:30,53.28
1/30/19 5:15,56.64
1/30/19 5:00,51.36
1/30/19 4:45,55.68
1/30/19 4:30,53.76
1/30/19 4:15,55.68
1/30/19 4:00,49.92
1/30/19 3:45,50.4
1/30/19 3:30,53.28
1/30/19 3:15,50.4
1/30/19 3:00,50.88
1/30/19 2:45,49.44
1/30/19 2:30,52.8
1/30/19 2:15,49.44
1/30/19 2:00,52.8
1/30/19 1:45,54.72
1/30/19 1:30,49.92
1/30/19 1:15,52.8
1/30/19 1:00,53.28
1/30/19 0:45,50.88
1/30/19 0:30,49.44
1/30/19 0:15,52.32
1/30/19 0:00,50.88
1/29/19 23:45,50.88
1/29/19 23:30,53.28
1/29/19 23:15,56.64
1/29/19 23:00,53.76
1/29/19 22:45,53.76
1/29/19 22:30,52.32
1/29/19 22:15,52.32
1/29/19 22:00,62.4
1/29/19 21:45,71.04
1/29/19 21:30,70.56
1/29/19 21:15,75.36
1/29/19 21:00,76.8
1/29/19 20:45,79.2
1/29/19 20:30,78.72
1/29/19 20:15,84
1/29/19 20:00,81.12
1/29/19 19:45,82.08
1/29/19 19:30,76.8
1/29/19 19:15,86.4
1/29/19 19:00,94.08
1/29/19 18:45,96.96
1/29/19 18:30,98.4
1/29/19 18:15,96.96
1/29/19 18:00,102.24
1/29/19 17:45,107.04
1/29/19 17:30,105.6
1/29/19 17:15,108.96
1/29/19 17:00,100.8
1/29/19 16:45,104.64
1/29/19 16:30,108.96
1/29/19 16:15,111.36
1/29/19 16:00,115.2
1/29/19 15:45,108.48
1/29/19 15:30,127.68
1/29/19 15:15,147.84
1/29/19 15:00,144
1/29/19 14:45,150.24
1/29/19 14:30,165.12
1/29/19 14:15,148.32
1/29/19 14:00,171.84
1/29/19 13:45,168
1/29/19 13:30,150.24
1/29/19 13:15,168.48
1/29/19 13:00,144.48
1/29/19 12:45,140.16
1/29/19 12:30,134.88
1/29/19 12:15,147.36
1/29/19 12:00,140.16
1/29/19 11:45,137.76
1/29/19 11:30,141.12
1/29/19 11:15,145.44
1/29/19 11:00,135.36
1/29/19 10:45,142.08
1/29/19 10:30,137.76
1/29/19 10:15,136.32
1/29/19 10:00,136.32
1/29/19 9:45,138.72
1/29/19 9:30,133.44
1/29/19 9:15,132
1/29/19 9:00,126.24
1/29/19 8:45,126.24
1/29/19 8:30,122.4
1/29/19 8:15,116.64
1/29/19 8:00,94.56
1/29/19 7:45,89.76
1/29/19 7:30,102.24
1/29/19 7:15,79.68
1/29/19 7:00,73.92
1/29/19 6:45,49.92
1/29/19 6:30,52.8
1/29/19 6:15,50.88
1/29/19 6:00,48.48
1/29/19 5:45,48
1/29/19 5:30,47.52
1/29/19 5:15,50.4
1/29/19 5:00,47.04
1/29/19 4:45,48.48
1/29/19 4:30,46.08
1/29/19 4:15,49.92
1/29/19 4:00,48.96
1/29/19 3:45,50.4
1/29/19 3:30,50.4
1/29/19 3:15,48.48
1/29/19 3:00,48.96
1/29/19 2:45,48.48
1/29/19 2:30,49.44
1/29/19 2:15,48
1/29/19 2:00,48.48
1/29/19 1:45,49.92
1/29/19 1:30,46.56
1/29/19 1:15,53.28
1/29/19 1:00,50.88
1/29/19 0:45,48.96
1/29/19 0:30,48
1/29/19 0:15,51.84
1/29/19 0:00,52.8
1/28/19 23:45,50.88
1/28/19 23:30,51.84
1/28/19 23:15,49.92
1/28/19 23:00,51.36
1/28/19 22:45,56.16
1/28/19 22:30,52.32
1/28/19 22:15,49.44
1/28/19 22:00,52.32
1/28/19 21:45,51.84
1/28/19 21:30,51.84
1/28/19 21:15,54.72
1/28/19 21:00,68.64
1/28/19 20:45,72.96
1/28/19 20:30,73.44
1/28/19 20:15,75.36
1/28/19 20:00,80.16
1/28/19 19:45,87.36
1/28/19 19:30,77.76
1/28/19 19:15,81.12
1/28/19 19:00,86.4
1/28/19 18:45,85.44
1/28/19 18:30,86.88
1/28/19 18:15,88.32
1/28/19 18:00,94.08
1/28/19 17:45,93.12
1/28/19 17:30,94.56
1/28/19 17:15,93.12
1/28/19 17:00,95.52
1/28/19 16:45,105.12
1/28/19 16:30,103.68
1/28/19 16:15,106.56
1/28/19 16:00,132
1/28/19 15:45,125.28
1/28/19 15:30,121.92
1/28/19 15:15,138.72
1/28/19 15:00,147.84
1/28/19 14:45,155.04
1/28/19 14:30,162.24
1/28/19 14:15,147.36
1/28/19 14:00,149.28
1/28/19 13:45,146.88
1/28/19 13:30,140.16
1/28/19 13:15,143.04
1/28/19 13:00,126.24
1/28/19 12:45,127.68
1/28/19 12:30,114.24
1/28/19 12:15,122.88
1/28/19 12:00,122.88
1/28/19 11:45,126.72
1/28/19 11:30,130.08
1/28/19 11:15,134.88
1/28/19 11:00,128.64
1/28/19 10:45,126.24
1/28/19 10:30,122.4
1/28/19 10:15,126.72
1/28/19 10:00,124.32
1/28/19 9:45,121.44
1/28/19 9:30,125.28
1/28/19 9:15,121.92
1/28/19 9:00,121.44
1/28/19 8:45,120.48
1/28/19 8:30,115.68
1/28/19 8:15,117.12
1/28/19 8:00,85.92
1/28/19 7:45,84.48
1/28/19 7:30,92.16
1/28/19 7:15,71.52
1/28/19 7:00,64.8
1/28/19 6:45,59.04
1/28/19 6:30,58.56
1/28/19 6:15,51.36
1/28/19 6:00,48.96
1/28/19 5:45,49.92
1/28/19 5:30,48
1/28/19 5:15,49.92
1/28/19 5:00,50.4
1/28/19 4:45,50.4
1/28/19 4:30,52.32
1/28/19 4:15,50.4
1/28/19 4:00,48
1/28/19 3:45,49.92
1/28/19 3:30,49.44
1/28/19 3:15,51.36
1/28/19 3:00,49.92
1/28/19 2:45,49.44
1/28/19 2:30,50.4
1/28/19 2:15,52.32
1/28/19 2:00,51.36
1/28/19 1:45,50.4
1/28/19 1:30,48
1/28/19 1:15,48.96
1/28/19 1:00,50.88
1/28/19 0:45,53.28
1/28/19 0:30,48
1/28/19 0:15,48.96
1/28/19 0:00,49.92
1/27/19 23:45,50.88
1/27/19 23:30,52.8
1/27/19 23:15,49.92
1/27/19 23:00,53.28
1/27/19 22:45,52.32
1/27/19 22:30,51.36
1/27/19 22:15,51.84
1/27/19 22:00,53.28
1/27/19 21:45,55.68
1/27/19 21:30,51.84
1/27/19 21:15,53.28
1/27/19 21:00,51.36
1/27/19 20:45,54.72
1/27/19 20:30,52.8
1/27/19 20:15,55.68
1/27/19 20:00,51.36
1/27/19 19:45,56.64
1/27/19 19:30,51.84
1/27/19 19:15,55.2
1/27/19 19:00,53.28
1/27/19 18:45,52.32
1/27/19 18:30,50.88
1/27/19 18:15,56.64
1/27/19 18:00,54.72
1/27/19 17:45,55.2
1/27/19 17:30,54.24
1/27/19 17:15,50.88
1/27/19 17:00,48.96
1/27/19 16:45,46.56
1/27/19 16:30,42.24
1/27/19 16:15,37.92
1/27/19 16:00,40.8
1/27/19 15:45,41.76
1/27/19 15:30,42.72
1/27/19 15:15,39.36
1/27/19 15:00,42.24
1/27/19 14:45,37.92
1/27/19 14:30,40.8
1/27/19 14:15,52.8
1/27/19 14:00,56.16
1/27/19 13:45,64.32
1/27/19 13:30,65.28
1/27/19 13:15,60.96
1/27/19 13:00,64.8
1/27/19 12:45,61.92
1/27/19 12:30,61.92
1/27/19 12:15,63.84
1/27/19 12:00,58.56
1/27/19 11:45,62.88
1/27/19 11:30,64.8
1/27/19 11:15,52.32
1/27/19 11:00,51.84
1/27/19 10:45,57.6
1/27/19 10:30,57.6
1/27/19 10:15,57.12
1/27/19 10:00,60
1/27/19 9:45,56.16
1/27/19 9:30,51.84
1/27/19 9:15,50.88
1/27/19 9:00,47.04
1/27/19 8:45,51.36
1/27/19 8:30,51.84
1/27/19 8:15,54.24
1/27/19 8:00,56.64
1/27/19 7:45,59.52
1/27/19 7:30,51.36
1/27/19 7:15,53.76
1/27/19 7:00,55.2
1/27/19 6:45,59.52
1/27/19 6:30,74.4
1/27/19 6:15,79.2
1/27/19 6:00,82.08
1/27/19 5:45,83.52
1/27/19 5:30,84.48
1/27/19 5:15,75.36
1/27/19 5:00,71.52
1/27/19 4:45,73.92
1/27/19 4:30,72
1/27/19 4:15,74.88
1/27/19 4:00,62.4
1/27/19 3:45,53.76
1/27/19 3:30,51.36
1/27/19 3:15,52.32
1/27/19 3:00,52.32
1/27/19 2:45,50.88
1/27/19 2:30,51.84
1/27/19 2:15,58.08
1/27/19 2:00,55.2
1/27/19 1:45,52.32
1/27/19 1:30,49.92
1/27/19 1:15,54.24
1/27/19 1:00,52.32
1/27/19 0:45,54.24
1/27/19 0:30,51.84
1/27/19 0:15,57.6
1/27/19 0:00,54.24
1/26/19 23:45,56.64
1/26/19 23:30,56.16
1/26/19 23:15,53.76
1/26/19 23:00,60.96
1/26/19 22:45,72.96
1/26/19 22:30,76.8
1/26/19 22:15,73.92
1/26/19 22:00,79.2
1/26/19 21:45,75.36
1/26/19 21:30,79.2
1/26/19 21:15,93.6
1/26/19 21:00,90.72
1/26/19 20:45,89.76
1/26/19 20:30,103.68
1/26/19 20:15,114.72
1/26/19 20:00,112.32
1/26/19 19:45,114.72
1/26/19 19:30,124.8
1/26/19 19:15,121.44
1/26/19 19:00,125.28
1/26/19 18:45,209.28
1/26/19 18:30,229.44
1/26/19 18:15,231.36
1/26/19 18:00,235.2
1/26/19 17:45,236.64
1/26/19 17:30,229.92
1/26/19 17:15,231.36
1/26/19 17:00,229.92
1/26/19 16:45,219.36
1/26/19 16:30,87.36
1/26/19 16:15,83.52
1/26/19 16:00,82.56
1/26/19 15:45,92.16
1/26/19 15:30,79.2
1/26/19 15:15,78.72
1/26/19 15:00,75.36
1/26/19 14:45,68.16
1/26/19 14:30,73.44
1/26/19 14:15,68.16
1/26/19 14:00,63.84
1/26/19 13:45,70.56
1/26/19 13:30,67.2
1/26/19 13:15,70.08
1/26/19 13:00,74.88
1/26/19 12:45,70.56
1/26/19 12:30,68.64
1/26/19 12:15,67.2
1/26/19 12:00,65.76
1/26/19 11:45,63.84
1/26/19 11:30,69.6
1/26/19 11:15,59.04
1/26/19 11:00,58.56
1/26/19 10:45,64.32
1/26/19 10:30,58.08
1/26/19 10:15,54.72
1/26/19 10:00,56.64
1/26/19 9:45,57.6
1/26/19 9:30,55.2
1/26/19 9:15,54.72
1/26/19 9:00,53.28
1/26/19 8:45,53.76
1/26/19 8:30,55.2
1/26/19 8:15,55.68
1/26/19 8:00,38.88
1/26/19 7:45,38.4
1/26/19 7:30,33.6
1/26/19 7:15,36
1/26/19 7:00,36
1/26/19 6:45,37.44
1/26/19 6:30,50.4
1/26/19 6:15,50.88
1/26/19 6:00,51.36
1/26/19 5:45,53.28
1/26/19 5:30,53.76
1/26/19 5:15,52.8
1/26/19 5:00,52.8
1/26/19 4:45,54.72
1/26/19 4:30,50.88
1/26/19 4:15,53.76
1/26/19 4:00,51.36
1/26/19 3:45,54.24
1/26/19 3:30,55.2
1/26/19 3:15,56.16
1/26/19 3:00,52.8
1/26/19 2:45,57.12
1/26/19 2:30,54.24
1/26/19 2:15,52.8
1/26/19 2:00,53.76
1/26/19 1:45,52.32
1/26/19 1:30,50.88
1/26/19 1:15,55.68
1/26/19 1:00,54.72
1/26/19 0:45,55.68
1/26/19 0:30,59.04
1/26/19 0:15,56.16
1/26/19 0:00,57.12
1/25/19 23:45,55.2
1/25/19 23:30,57.6
1/25/19 23:15,59.04
1/25/19 23:00,77.28
1/25/19 22:45,78.72
1/25/19 22:30,77.76
1/25/19 22:15,83.04
1/25/19 22:00,83.52
1/25/19 21:45,90.24
1/25/19 21:30,87.36
1/25/19 21:15,85.92
1/25/19 21:00,92.16
1/25/19 20:45,84.48
1/25/19 20:30,98.4
1/25/19 20:15,86.4
1/25/19 20:00,90.24
1/25/19 19:45,96
1/25/19 19:30,95.52
1/25/19 19:15,89.76
1/25/19 19:00,92.16
1/25/19 18:45,96.96
1/25/19 18:30,98.4
1/25/19 18:15,101.28
1/25/19 18:00,104.64
1/25/19 17:45,104.16
1/25/19 17:30,99.36
1/25/19 17:15,100.8
1/25/19 17:00,98.4
1/25/19 16:45,101.28
1/25/19 16:30,96.96
1/25/19 16:15,106.08
1/25/19 16:00,111.36
1/25/19 15:45,107.04
1/25/19 15:30,114.72
1/25/19 15:15,116.64
1/25/19 15:00,126.72
1/25/19 14:45,135.84
1/25/19 14:30,146.88
1/25/19 14:15,147.84
1/25/19 14:00,134.88
1/25/19 13:45,141.12
1/25/19 13:30,132
1/25/19 13:15,134.4
1/25/19 13:00,121.92
1/25/19 12:45,108.96
1/25/19 12:30,111.84
1/25/19 12:15,108.48
1/25/19 12:00,107.04
1/25/19 11:45,116.16
1/25/19 11:30,135.36
1/25/19 11:15,128.64
1/25/19 11:00,128.64
1/25/19 10:45,135.84
1/25/19 10:30,132.96
1/25/19 10:15,134.88
1/25/19 10:00,134.88
1/25/19 9:45,129.6
1/25/19 9:30,122.88
1/25/19 9:15,121.92
1/25/19 9:00,124.8
1/25/19 8:45,121.44
1/25/19 8:30,113.76
1/25/19 8:15,106.56
1/25/19 8:00,79.68
1/25/19 7:45,81.6
1/25/19 7:30,89.28
1/25/19 7:15,69.12
1/25/19 7:00,66.24
1/25/19 6:45,45.12
1/25/19 6:30,49.44
1/25/19 6:15,53.76
1/25/19 6:00,52.8
1/25/19 5:45,53.76
1/25/19 5:30,53.28
1/25/19 5:15,53.76
1/25/19 5:00,53.28
1/25/19 4:45,54.24
1/25/19 4:30,56.64
1/25/19 4:15,52.8
1/25/19 4:00,50.4
1/25/19 3:45,51.84
1/25/19 3:30,52.32
1/25/19 3:15,53.76
1/25/19 3:00,50.4
1/25/19 2:45,49.44
1/25/19 2:30,51.36
1/25/19 2:15,48.96
1/25/19 2:00,50.4
1/25/19 1:45,53.28
1/25/19 1:30,52.8
1/25/19 1:15,53.76
1/25/19 1:00,48.96
1/25/19 0:45,49.44
1/25/19 0:30,51.84
1/25/19 0:15,50.4
1/25/19 0:00,50.4
1/24/19 23:45,53.76
1/24/19 23:30,55.2
1/24/19 23:15,53.28
1/24/19 23:00,50.88
1/24/19 22:45,55.68
1/24/19 22:30,53.76
1/24/19 22:15,67.2
1/24/19 22:00,76.32
1/24/19 21:45,78.24
1/24/19 21:30,73.92
1/24/19 21:15,74.4
1/24/19 21:00,73.44
1/24/19 20:45,74.88
1/24/19 20:30,77.28
1/24/19 20:15,77.28
1/24/19 20:00,79.2
1/24/19 19:45,77.28
1/24/19 19:30,74.88
1/24/19 19:15,79.68
1/24/19 19:00,83.52
1/24/19 18:45,158.88
1/24/19 18:30,195.84
1/24/19 18:15,197.28
1/24/19 18:00,196.8
1/24/19 17:45,205.92
1/24/19 17:30,205.44
1/24/19 17:15,105.12
1/24/19 17:00,94.56
1/24/19 16:45,102.72
1/24/19 16:30,105.12
1/24/19 16:15,105.12
1/24/19 16:00,108.48
1/24/19 15:45,127.68
1/24/19 15:30,121.92
1/24/19 15:15,128.64
1/24/19 15:00,137.28
1/24/19 14:45,149.28
1/24/19 14:30,152.16
1/24/19 14:15,156.96
1/24/19 14:00,146.88
1/24/19 13:45,142.08
1/24/19 13:30,134.4
1/24/19 13:15,142.08
1/24/19 13:00,137.28
1/24/19 12:45,129.6
1/24/19 12:30,134.4
1/24/19 12:15,126.72
1/24/19 12:00,124.8
1/24/19 11:45,126.24
1/24/19 11:30,133.44
1/24/19 11:15,129.6
1/24/19 11:00,123.84
1/24/19 10:45,129.6
1/24/19 10:30,120.48
1/24/19 10:15,121.92
1/24/19 10:00,99.36
1/24/19 9:45,85.44
1/24/19 9:30,84
1/24/19 9:15,92.16
1/24/19 9:00,110.88
1/24/19 8:45,114.24
1/24/19 8:30,114.72
1/24/19 8:15,121.92
1/24/19 8:00,97.92
1/24/19 7:45,88.8
1/24/19 7:30,93.6
1/24/19 7:15,72.48
1/24/19 7:00,65.76
1/24/19 6:45,51.36
1/24/19 6:30,51.84
1/24/19 6:15,52.8
1/24/19 6:00,52.8
1/24/19 5:45,54.24
1/24/19 5:30,55.68
1/24/19 5:15,55.68
1/24/19 5:00,54.72
1/24/19 4:45,54.72
1/24/19 4:30,53.76
1/24/19 4:15,51.84
1/24/19 4:00,51.84
1/24/19 3:45,53.76
1/24/19 3:30,52.8
1/24/19 3:15,54.24
1/24/19 3:00,53.76
1/24/19 2:45,53.76
1/24/19 2:30,57.12
1/24/19 2:15,59.52
1/24/19 2:00,54.72
1/24/19 1:45,54.24
1/24/19 1:30,52.8
1/24/19 1:15,52.8
1/24/19 1:00,54.24
1/24/19 0:45,55.2
1/24/19 0:30,53.28
1/24/19 0:15,53.76
1/24/19 0:00,53.28
1/23/19 23:45,54.72
1/23/19 23:30,56.64
1/23/19 23:15,54.72
1/23/19 23:00,53.28
1/23/19 22:45,55.2
1/23/19 22:30,54.72
1/23/19 22:15,63.36
1/23/19 22:00,62.4
1/23/19 21:45,86.4
1/23/19 21:30,182.88
1/23/19 21:15,191.04
1/23/19 21:00,192
1/23/19 20:45,199.68
1/23/19 20:30,204.48
1/23/19 20:15,206.4
1/23/19 20:00,204.96
1/23/19 19:45,203.04
1/23/19 19:30,205.92
1/23/19 19:15,204
1/23/19 19:00,207.84
1/23/19 18:45,213.6
1/23/19 18:30,213.6
1/23/19 18:15,218.4
1/23/19 18:00,221.76
1/23/19 17:45,217.44
1/23/19 17:30,222.24
1/23/19 17:15,222.24
1/23/19 17:00,149.28
1/23/19 16:45,100.32
1/23/19 16:30,96
1/23/19 16:15,96
1/23/19 16:00,99.84
1/23/19 15:45,108
1/23/19 15:30,114.24
1/23/19 15:15,107.04
1/23/19 15:00,113.76
1/23/19 14:45,125.28
1/23/19 14:30,135.36
1/23/19 14:15,139.2
1/23/19 14:00,132.96
1/23/19 13:45,140.64
1/23/19 13:30,136.8
1/23/19 13:15,129.6
1/23/19 13:00,132
1/23/19 12:45,118.08
1/23/19 12:30,117.12
1/23/19 12:15,118.56
1/23/19 12:00,123.84
1/23/19 11:45,124.32
1/23/19 11:30,125.28
1/23/19 11:15,129.12
1/23/19 11:00,123.84
1/23/19 10:45,125.28
1/23/19 10:30,125.76
1/23/19 10:15,126.24
1/23/19 10:00,128.16
1/23/19 9:45,127.2
1/23/19 9:30,126.72
1/23/19 9:15,125.28
1/23/19 9:00,131.04
1/23/19 8:45,127.68
1/23/19 8:30,125.76
1/23/19 8:15,122.4
1/23/19 8:00,92.64
1/23/19 7:45,96.48
1/23/19 7:30,97.92
1/23/19 7:15,84.96
1/23/19 7:00,75.36
1/23/19 6:45,57.6
1/23/19 6:30,60
1/23/19 6:15,57.12
1/23/19 6:00,53.76
1/23/19 5:45,55.2
1/23/19 5:30,52.8
1/23/19 5:15,53.76
1/23/19 5:00,55.2
1/23/19 4:45,53.28
1/23/19 4:30,51.84
1/23/19 4:15,53.28
1/23/19 4:00,54.24
1/23/19 3:45,58.08
1/23/19 3:30,54.24
1/23/19 3:15,55.68
1/23/19 3:00,55.2
1/23/19 2:45,53.28
1/23/19 2:30,54.24
1/23/19 2:15,53.76
1/23/19 2:00,53.28
1/23/19 1:45,54.24
1/23/19 1:30,52.8
1/23/19 1:15,56.16
1/23/19 1:00,54.72
1/23/19 0:45,54.72
1/23/19 0:30,55.68
1/23/19 0:15,55.68
1/23/19 0:00,52.32
1/22/19 23:45,54.72
1/22/19 23:30,56.64
1/22/19 23:15,55.68
1/22/19 23:00,56.64
1/22/19 22:45,57.6
1/22/19 22:30,55.68
1/22/19 22:15,56.16
1/22/19 22:00,73.92
1/22/19 21:45,78.24
1/22/19 21:30,76.8
1/22/19 21:15,78.72
1/22/19 21:00,79.2
1/22/19 20:45,77.28
1/22/19 20:30,81.12
1/22/19 20:15,81.12
1/22/19 20:00,77.76
1/22/19 19:45,82.08
1/22/19 19:30,89.76
1/22/19 19:15,92.64
1/22/19 19:00,94.08
1/22/19 18:45,92.64
1/22/19 18:30,96
1/22/19 18:15,93.12
1/22/19 18:00,149.28
1/22/19 17:45,216.96
1/22/19 17:30,222.24
1/22/19 17:15,233.76
1/22/19 17:00,223.2
1/22/19 16:45,125.76
1/22/19 16:30,109.92
1/22/19 16:15,105.6
1/22/19 16:00,101.28
1/22/19 15:45,110.4
1/22/19 15:30,110.4
1/22/19 15:15,123.36
1/22/19 15:00,124.8
1/22/19 14:45,125.76
1/22/19 14:30,134.4
1/22/19 14:15,123.84
1/22/19 14:00,138.72
1/22/19 13:45,131.04
1/22/19 13:30,136.8
1/22/19 13:15,137.76
1/22/19 13:00,151.2
1/22/19 12:45,138.72
1/22/19 12:30,135.84
1/22/19 12:15,135.84
1/22/19 12:00,143.04
1/22/19 11:45,140.16
1/22/19 11:30,142.08
1/22/19 11:15,144.48
1/22/19 11:00,132
1/22/19 10:45,140.64
1/22/19 10:30,143.04
1/22/19 10:15,146.88
1/22/19 10:00,135.36
1/22/19 9:45,131.04
1/22/19 9:30,129.12
1/22/19 9:15,136.32
1/22/19 9:00,130.08
1/22/19 8:45,123.84
1/22/19 8:30,132
1/22/19 8:15,122.88
1/22/19 8:00,93.12
1/22/19 7:45,88.32
1/22/19 7:30,88.32
1/22/19 7:15,81.12
1/22/19 7:00,69.12
1/22/19 6:45,52.32
1/22/19 6:30,52.32
1/22/19 6:15,53.76
1/22/19 6:00,49.92
1/22/19 5:45,54.72
1/22/19 5:30,49.44
1/22/19 5:15,48.96
1/22/19 5:00,50.88
1/22/19 4:45,49.44
1/22/19 4:30,49.44
1/22/19 4:15,49.44
1/22/19 4:00,51.84
1/22/19 3:45,50.4
1/22/19 3:30,51.84
1/22/19 3:15,49.44
1/22/19 3:00,49.44
1/22/19 2:45,51.84
1/22/19 2:30,48.48
1/22/19 2:15,50.88
1/22/19 2:00,48
1/22/19 1:45,48.48
1/22/19 1:30,49.44
1/22/19 1:15,49.92
1/22/19 1:00,50.88
1/22/19 0:45,48.96
1/22/19 0:30,48.96
1/22/19 0:15,48.96
1/22/19 0:00,49.92
1/21/19 23:45,53.76
1/21/19 23:30,51.84
1/21/19 23:15,49.92
1/21/19 23:00,49.44
1/21/19 22:45,51.36
1/21/19 22:30,47.52
1/21/19 22:15,51.36
1/21/19 22:00,49.44
1/21/19 21:45,51.36
1/21/19 21:30,49.44
1/21/19 21:15,49.44
1/21/19 21:00,48.48
1/21/19 20:45,51.84
1/21/19 20:30,48.48
1/21/19 20:15,49.92
1/21/19 20:00,49.44
1/21/19 19:45,51.36
1/21/19 19:30,49.92
1/21/19 19:15,51.36
1/21/19 19:00,50.88
1/21/19 18:45,50.88
1/21/19 18:30,48.96
1/21/19 18:15,49.44
1/21/19 18:00,52.32
1/21/19 17:45,54.24
1/21/19 17:30,53.28
1/21/19 17:15,51.36
1/21/19 17:00,50.88
1/21/19 16:45,43.2
1/21/19 16:30,36
1/21/19 16:15,39.36
1/21/19 16:00,37.92
1/21/19 15:45,39.36
1/21/19 15:30,43.2
1/21/19 15:15,40.32
1/21/19 15:00,46.56
1/21/19 14:45,42.24
1/21/19 14:30,41.28
1/21/19 14:15,43.68
1/21/19 14:00,41.76
1/21/19 13:45,40.32
1/21/19 13:30,40.32
1/21/19 13:15,40.8
1/21/19 13:00,40.32
1/21/19 12:45,44.64
1/21/19 12:30,41.76
1/21/19 12:15,39.84
1/21/19 12:00,42.72
1/21/19 11:45,42.72
1/21/19 11:30,40.32
1/21/19 11:15,44.64
1/21/19 11:00,45.12
1/21/19 10:45,40.32
1/21/19 10:30,41.76
1/21/19 10:15,40.32
1/21/19 10:00,41.28
1/21/19 9:45,40.32
1/21/19 9:30,39.84
1/21/19 9:15,41.76
1/21/19 9:00,46.08
1/21/19 8:45,42.24
1/21/19 8:30,41.76
1/21/19 8:15,42.72
1/21/19 8:00,42.72
1/21/19 7:45,43.68
1/21/19 7:30,40.32
1/21/19 7:15,41.28
1/21/19 7:00,39.84
1/21/19 6:45,38.4
1/21/19 6:30,41.76
1/21/19 6:15,43.2
1/21/19 6:00,46.56
1/21/19 5:45,50.4
1/21/19 5:30,48.48
1/21/19 5:15,48.48
1/21/19 5:00,49.44
1/21/19 4:45,47.04
1/21/19 4:30,48
1/21/19 4:15,50.88
1/21/19 4:00,50.88
1/21/19 3:45,47.52
1/21/19 3:30,49.92
1/21/19 3:15,50.4
1/21/19 3:00,46.56
1/21/19 2:45,49.44
1/21/19 2:30,48.96
1/21/19 2:15,50.4
1/21/19 2:00,49.44
1/21/19 1:45,48.48
1/21/19 1:30,49.92
1/21/19 1:15,52.32
1/21/19 1:00,49.92
1/21/19 0:45,50.88
1/21/19 0:30,48.48
1/21/19 0:15,49.92
1/21/19 0:00,48
1/20/19 23:45,49.92
1/20/19 23:30,50.4
1/20/19 23:15,51.84
1/20/19 23:00,51.84
1/20/19 22:45,49.44
1/20/19 22:30,47.04
1/20/19 22:15,50.4
1/20/19 22:00,49.92
1/20/19 21:45,49.92
1/20/19 21:30,50.4
1/20/19 21:15,48.48
1/20/19 21:00,49.44
1/20/19 20:45,51.36
1/20/19 20:30,49.44
1/20/19 20:15,47.04
1/20/19 20:00,50.4
1/20/19 19:45,51.84
1/20/19 19:30,48.96
1/20/19 19:15,49.44
1/20/19 19:00,51.36
1/20/19 18:45,52.32
1/20/19 18:30,50.4
1/20/19 18:15,48.96
1/20/19 18:00,49.44
1/20/19 17:45,51.84
1/20/19 17:30,50.4
1/20/19 17:15,48.48
1/20/19 17:00,45.6
1/20/19 16:45,36.96
1/20/19 16:30,34.08
1/20/19 16:15,34.56
1/20/19 16:00,35.52
1/20/19 15:45,36.96
1/20/19 15:30,34.08
1/20/19 15:15,33.6
1/20/19 15:00,36
1/20/19 14:45,35.52
1/20/19 14:30,34.08
1/20/19 14:15,36.48
1/20/19 14:00,37.44
1/20/19 13:45,38.4
1/20/19 13:30,50.88
1/20/19 13:15,55.2
1/20/19 13:00,65.28
1/20/19 12:45,59.52
1/20/19 12:30,58.08
1/20/19 12:15,61.92
1/20/19 12:00,62.4
1/20/19 11:45,61.92
1/20/19 11:30,71.52
1/20/19 11:15,64.8
1/20/19 11:00,57.12
1/20/19 10:45,60.96
1/20/19 10:30,58.08
1/20/19 10:15,61.92
1/20/19 10:00,60.96
1/20/19 9:45,60.96
1/20/19 9:30,60
1/20/19 9:15,56.16
1/20/19 9:00,54.72
1/20/19 8:45,63.36
1/20/19 8:30,60
1/20/19 8:15,61.44
1/20/19 8:00,65.76
1/20/19 7:45,63.84
1/20/19 7:30,67.68
1/20/19 7:15,63.36
1/20/19 7:00,60.48
1/20/19 6:45,73.92
1/20/19 6:30,80.16
1/20/19 6:15,79.68
1/20/19 6:00,81.12
1/20/19 5:45,81.6
1/20/19 5:30,71.04
1/20/19 5:15,72.96
1/20/19 5:00,52.32
1/20/19 4:45,50.4
1/20/19 4:30,47.04
1/20/19 4:15,51.36
1/20/19 4:00,50.88
1/20/19 3:45,56.16
1/20/19 3:30,50.88
1/20/19 3:15,48.96
1/20/19 3:00,48.96
1/20/19 2:45,48.48
1/20/19 2:30,49.92
1/20/19 2:15,48.48
1/20/19 2:00,48.96
1/20/19 1:45,49.92
1/20/19 1:30,48
1/20/19 1:15,49.92
1/20/19 1:00,50.88
1/20/19 0:45,48.48
1/20/19 0:30,49.44
1/20/19 0:15,50.4
1/20/19 0:00,48
1/19/19 23:45,49.92
1/19/19 23:30,49.92
1/19/19 23:15,51.84
1/19/19 23:00,49.92
1/19/19 22:45,50.4
1/19/19 22:30,50.88
1/19/19 22:15,48.48
1/19/19 22:00,48.96
1/19/19 21:45,50.88
1/19/19 21:30,51.36
1/19/19 21:15,48
1/19/19 21:00,48.48
1/19/19 20:45,55.68
1/19/19 20:30,49.92
1/19/19 20:15,49.92
1/19/19 20:00,51.84
1/19/19 19:45,51.84
1/19/19 19:30,49.92
1/19/19 19:15,53.28
1/19/19 19:00,52.32
1/19/19 18:45,49.44
1/19/19 18:30,53.76
1/19/19 18:15,51.36
1/19/19 18:00,52.32
1/19/19 17:45,53.76
1/19/19 17:30,53.76
1/19/19 17:15,48.48
1/19/19 17:00,45.6
1/19/19 16:45,42.24
1/19/19 16:30,35.52
1/19/19 16:15,38.88
1/19/19 16:00,57.12
1/19/19 15:45,78.72
1/19/19 15:30,74.88
1/19/19 15:15,73.92
1/19/19 15:00,76.32
1/19/19 14:45,73.92
1/19/19 14:30,76.8
1/19/19 14:15,77.28
1/19/19 14:00,78.24
1/19/19 13:45,87.36
1/19/19 13:30,80.16
1/19/19 13:15,88.32
1/19/19 13:00,81.6
1/19/19 12:45,97.44
1/19/19 12:30,85.92
1/19/19 12:15,62.4
1/19/19 12:00,61.92
1/19/19 11:45,59.52
1/19/19 11:30,62.4
1/19/19 11:15,62.88
1/19/19 11:00,62.4
1/19/19 10:45,64.32
1/19/19 10:30,64.32
1/19/19 10:15,62.4
1/19/19 10:00,60
1/19/19 9:45,62.88
1/19/19 9:30,61.92
1/19/19 9:15,60
1/19/19 9:00,58.56
1/19/19 8:45,60
1/19/19 8:30,59.04
1/19/19 8:15,63.36
1/19/19 8:00,52.32
1/19/19 7:45,50.88
1/19/19 7:30,55.2
1/19/19 7:15,51.36
1/19/19 7:00,37.92
1/19/19 6:45,34.08
1/19/19 6:30,38.4
1/19/19 6:15,43.68
1/19/19 6:00,46.08
1/19/19 5:45,48.48
1/19/19 5:30,49.92
1/19/19 5:15,47.52
1/19/19 5:00,49.44
1/19/19 4:45,50.4
1/19/19 4:30,48.48
1/19/19 4:15,52.32
1/19/19 4:00,48
1/19/19 3:45,49.92
1/19/19 3:30,54.72
1/19/19 3:15,49.44
1/19/19 3:00,52.32
1/19/19 2:45,55.68
1/19/19 2:30,53.28
1/19/19 2:15,49.44
1/19/19 2:00,48.96
1/19/19 1:45,51.36
1/19/19 1:30,52.8
1/19/19 1:15,56.16
1/19/19 1:00,52.32
1/19/19 0:45,50.4
1/19/19 0:30,53.76
1/19/19 0:15,53.28
1/19/19 0:00,49.44
1/18/19 23:45,52.32
1/18/19 23:30,52.8
1/18/19 23:15,54.24
1/18/19 23:00,52.8
1/18/19 22:45,50.88
1/18/19 22:30,50.88
1/18/19 22:15,55.2
1/18/19 22:00,54.72
1/18/19 21:45,56.16
1/18/19 21:30,64.32
1/18/19 21:15,75.84
1/18/19 21:00,76.8
1/18/19 20:45,78.24
1/18/19 20:30,96.96
1/18/19 20:15,193.44
1/18/19 20:00,193.44
1/18/19 19:45,198.72
1/18/19 19:30,201.12
1/18/19 19:15,198.72
1/18/19 19:00,206.4
1/18/19 18:45,205.92
1/18/19 18:30,204.48
1/18/19 18:15,202.56
1/18/19 18:00,211.2
1/18/19 17:45,213.6
1/18/19 17:30,216
1/18/19 17:15,216.48
1/18/19 17:00,218.88
1/18/19 16:45,209.76
1/18/19 16:30,204.96
1/18/19 16:15,206.88
1/18/19 16:00,165.12
1/18/19 15:45,101.28
1/18/19 15:30,109.92
1/18/19 15:15,117.12
1/18/19 15:00,119.04
1/18/19 14:45,123.84
1/18/19 14:30,130.56
1/18/19 14:15,125.28
1/18/19 14:00,126.72
1/18/19 13:45,133.44
1/18/19 13:30,130.56
1/18/19 13:15,126.24
1/18/19 13:00,133.44
1/18/19 12:45,122.4
1/18/19 12:30,119.04
1/18/19 12:15,122.4
1/18/19 12:00,125.28
1/18/19 11:45,126.72
1/18/19 11:30,123.36
1/18/19 11:15,132.48
1/18/19 11:00,131.04
1/18/19 10:45,134.88
1/18/19 10:30,130.08
1/18/19 10:15,120.96
1/18/19 10:00,126.24
1/18/19 9:45,125.76
1/18/19 9:30,121.44
1/18/19 9:15,125.28
1/18/19 9:00,123.36
1/18/19 8:45,121.44
1/18/19 8:30,122.88
1/18/19 8:15,111.84
1/18/19 8:00,87.36
1/18/19 7:45,92.64
1/18/19 7:30,87.84
1/18/19 7:15,77.76
1/18/19 7:00,69.12
1/18/19 6:45,55.2
1/18/19 6:30,52.8
1/18/19 6:15,49.92
1/18/19 6:00,49.44
1/18/19 5:45,52.8
1/18/19 5:30,56.64
1/18/19 5:15,54.72
1/18/19 5:00,55.68
1/18/19 4:45,56.16
1/18/19 4:30,50.88
1/18/19 4:15,51.84
1/18/19 4:00,51.84
1/18/19 3:45,52.8
1/18/19 3:30,50.88
1/18/19 3:15,53.76
1/18/19 3:00,51.36
1/18/19 2:45,52.8
1/18/19 2:30,50.88
1/18/19 2:15,51.84
1/18/19 2:00,53.76
1/18/19 1:45,50.88
1/18/19 1:30,51.84
1/18/19 1:15,52.32
1/18/19 1:00,56.64
1/18/19 0:45,51.84
1/18/19 0:30,51.84
1/18/19 0:15,53.28
1/18/19 0:00,51.36
1/17/19 23:45,53.28
1/17/19 23:30,54.24
1/17/19 23:15,54.24
1/17/19 23:00,54.24
1/17/19 22:45,53.76
1/17/19 22:30,54.24
1/17/19 22:15,51.36
1/17/19 22:00,53.28
1/17/19 21:45,60.48
1/17/19 21:30,72
1/17/19 21:15,73.92
1/17/19 21:00,73.92
1/17/19 20:45,72.96
1/17/19 20:30,74.4
1/17/19 20:15,78.72
1/17/19 20:00,78.24
1/17/19 19:45,76.32
1/17/19 19:30,79.2
1/17/19 19:15,79.68
1/17/19 19:00,82.08
1/17/19 18:45,87.36
1/17/19 18:30,87.84
1/17/19 18:15,88.8
1/17/19 18:00,93.12
1/17/19 17:45,91.2
1/17/19 17:30,93.6
1/17/19 17:15,94.56
1/17/19 17:00,91.2
1/17/19 16:45,89.28
1/17/19 16:30,82.56
1/17/19 16:15,91.68
1/17/19 16:00,87.84
1/17/19 15:45,88.32
1/17/19 15:30,100.8
1/17/19 15:15,115.2
1/17/19 15:00,118.56
1/17/19 14:45,127.68
1/17/19 14:30,132
1/17/19 14:15,133.44
1/17/19 14:00,123.36
1/17/19 13:45,124.8
1/17/19 13:30,122.4
1/17/19 13:15,122.4
1/17/19 13:00,114.24
1/17/19 12:45,121.92
1/17/19 12:30,118.56
1/17/19 12:15,113.76
1/17/19 12:00,123.84
1/17/19 11:45,124.8
1/17/19 11:30,118.08
1/17/19 11:15,121.92
1/17/19 11:00,117.6
1/17/19 10:45,127.2
1/17/19 10:30,121.44
1/17/19 10:15,121.44
1/17/19 10:00,108.48
1/17/19 9:45,102.24
1/17/19 9:30,99.36
1/17/19 9:15,104.64
1/17/19 9:00,114.24
1/17/19 8:45,111.84
1/17/19 8:30,125.76
1/17/19 8:15,122.88
1/17/19 8:00,93.6
1/17/19 7:45,97.44
1/17/19 7:30,98.88
1/17/19 7:15,71.52
1/17/19 7:00,68.16
1/17/19 6:45,52.32
1/17/19 6:30,50.4
1/17/19 6:15,48.48
1/17/19 6:00,44.16
1/17/19 5:45,51.84
1/17/19 5:30,48.48
1/17/19 5:15,47.04
1/17/19 5:00,50.4
1/17/19 4:45,48.48
1/17/19 4:30,47.04
1/17/19 4:15,49.44
1/17/19 4:00,49.44
1/17/19 3:45,47.04
1/17/19 3:30,48.96
1/17/19 3:15,49.44
1/17/19 3:00,48
1/17/19 2:45,48
1/17/19 2:30,48.96
1/17/19 2:15,48
1/17/19 2:00,48
1/17/19 1:45,48
1/17/19 1:30,48.96
1/17/19 1:15,48.48
1/17/19 1:00,50.88
1/17/19 0:45,50.88
1/17/19 0:30,48.96
1/17/19 0:15,48
1/17/19 0:00,51.36
1/16/19 23:45,49.44
1/16/19 23:30,50.4
1/16/19 23:15,50.88
1/16/19 23:00,48.48
1/16/19 22:45,49.92
1/16/19 22:30,49.44
1/16/19 22:15,55.2
1/16/19 22:00,56.64
1/16/19 21:45,56.16
1/16/19 21:30,56.16
1/16/19 21:15,56.16
1/16/19 21:00,60.96
1/16/19 20:45,80.64
1/16/19 20:30,83.04
1/16/19 20:15,83.04
1/16/19 20:00,84.48
1/16/19 19:45,84.48
1/16/19 19:30,85.44
1/16/19 19:15,83.52
1/16/19 19:00,86.4
1/16/19 18:45,87.84
1/16/19 18:30,85.92
1/16/19 18:15,85.92
1/16/19 18:00,85.44
1/16/19 17:45,85.44
1/16/19 17:30,83.52
1/16/19 17:15,87.84
1/16/19 17:00,90.24
1/16/19 16:45,86.4
1/16/19 16:30,87.36
1/16/19 16:15,89.28
1/16/19 16:00,96.48
1/16/19 15:45,97.44
1/16/19 15:30,95.52
1/16/19 15:15,100.32
1/16/19 15:00,99.36
1/16/19 14:45,122.4
1/16/19 14:30,132.96
1/16/19 14:15,125.76
1/16/19 14:00,129.6
1/16/19 13:45,120.96
1/16/19 13:30,125.76
1/16/19 13:15,132.96
1/16/19 13:00,141.12
1/16/19 12:45,122.88
1/16/19 12:30,133.44
1/16/19 12:15,130.08
1/16/19 12:00,132.96
1/16/19 11:45,137.28
1/16/19 11:30,138.24
1/16/19 11:15,144
1/16/19 11:00,141.6
1/16/19 10:45,140.16
1/16/19 10:30,139.68
1/16/19 10:15,135.84
1/16/19 10:00,130.08
1/16/19 9:45,131.04
1/16/19 9:30,132.96
1/16/19 9:15,132.96
1/16/19 9:00,131.04
1/16/19 8:45,131.52
1/16/19 8:30,124.32
1/16/19 8:15,111.84
1/16/19 8:00,76.32
1/16/19 7:45,75.84
1/16/19 7:30,84.96
1/16/19 7:15,76.32
1/16/19 7:00,60
1/16/19 6:45,48.48
1/16/19 6:30,49.92
1/16/19 6:15,51.36
1/16/19 6:00,46.08
1/16/19 5:45,49.92
1/16/19 5:30,50.88
1/16/19 5:15,47.52
1/16/19 5:00,47.52
1/16/19 4:45,48.96
1/16/19 4:30,51.36
1/16/19 4:15,48.48
1/16/19 4:00,49.44
1/16/19 3:45,48.48
1/16/19 3:30,51.84
1/16/19 3:15,48.96
1/16/19 3:00,49.44
1/16/19 2:45,50.88
1/16/19 2:30,49.44
1/16/19 2:15,49.44
1/16/19 2:00,49.44
1/16/19 1:45,48.96
1/16/19 1:30,50.4
1/16/19 1:15,50.4
1/16/19 1:00,49.92
1/16/19 0:45,50.88
1/16/19 0:30,49.92
1/16/19 0:15,48.48
1/16/19 0:00,51.36
1/15/19 23:45,49.92
1/15/19 23:30,49.44
1/15/19 23:15,50.4
1/15/19 23:00,51.84
1/15/19 22:45,53.28
1/15/19 22:30,53.76
1/15/19 22:15,54.72
1/15/19 22:00,57.6
1/15/19 21:45,75.36
1/15/19 21:30,80.64
1/15/19 21:15,78.24
1/15/19 21:00,77.28
1/15/19 20:45,81.12
1/15/19 20:30,83.04
1/15/19 20:15,83.04
1/15/19 20:00,86.4
1/15/19 19:45,91.68
1/15/19 19:30,87.36
1/15/19 19:15,88.8
1/15/19 19:00,91.68
1/15/19 18:45,91.68
1/15/19 18:30,93.12
1/15/19 18:15,93.12
1/15/19 18:00,99.84
1/15/19 17:45,99.36
1/15/19 17:30,97.44
1/15/19 17:15,101.76
1/15/19 17:00,102.72
1/15/19 16:45,100.32
1/15/19 16:30,101.28
1/15/19 16:15,102.72
1/15/19 16:00,110.88
1/15/19 15:45,109.92
1/15/19 15:30,111.84
1/15/19 15:15,123.84
1/15/19 15:00,123.84
1/15/19 14:45,132.48
1/15/19 14:30,133.92
1/15/19 14:15,138.24
1/15/19 14:00,139.2
1/15/19 13:45,132
1/15/19 13:30,132.48
1/15/19 13:15,128.64
1/15/19 13:00,136.32
1/15/19 12:45,114.24
1/15/19 12:30,120.96
1/15/19 12:15,126.72
1/15/19 12:00,132.48
1/15/19 11:45,139.2
1/15/19 11:30,139.2
1/15/19 11:15,134.4
1/15/19 11:00,136.8
1/15/19 10:45,132.48
1/15/19 10:30,128.16
1/15/19 10:15,133.92
1/15/19 10:00,124.32
1/15/19 9:45,128.16
1/15/19 9:30,133.44
1/15/19 9:15,128.64
1/15/19 9:00,133.92
1/15/19 8:45,128.16
1/15/19 8:30,129.12
1/15/19 8:15,115.68
1/15/19 8:00,86.88
1/15/19 7:45,81.6
1/15/19 7:30,86.4
1/15/19 7:15,76.8
1/15/19 7:00,68.64
1/15/19 6:45,50.4
1/15/19 6:30,53.28
1/15/19 6:15,48.96
1/15/19 6:00,48.96
1/15/19 5:45,49.44
1/15/19 5:30,52.32
1/15/19 5:15,53.28
1/15/19 5:00,49.44
1/15/19 4:45,53.28
1/15/19 4:30,48.96
1/15/19 4:15,48
1/15/19 4:00,51.36
1/15/19 3:45,49.44
1/15/19 3:30,48.48
1/15/19 3:15,49.44
1/15/19 3:00,46.56
1/15/19 2:45,52.32
1/15/19 2:30,48
1/15/19 2:15,47.52
1/15/19 2:00,48
1/15/19 1:45,48.96
1/15/19 1:30,48.96
1/15/19 1:15,50.88
1/15/19 1:00,51.36
1/15/19 0:45,47.52
1/15/19 0:30,54.24
1/15/19 0:15,48.48
1/15/19 0:00,48.96
1/14/19 23:45,51.84
1/14/19 23:30,52.32
1/14/19 23:15,50.88
1/14/19 23:00,49.92
1/14/19 22:45,48.96
1/14/19 22:30,49.44
1/14/19 22:15,54.24
1/14/19 22:00,55.2
1/14/19 21:45,57.6
1/14/19 21:30,55.2
1/14/19 21:15,61.44
1/14/19 21:00,71.52
1/14/19 20:45,72.96
1/14/19 20:30,76.32
1/14/19 20:15,79.68
1/14/19 20:00,73.92
1/14/19 19:45,75.36
1/14/19 19:30,72.96
1/14/19 19:15,78.72
1/14/19 19:00,82.08
1/14/19 18:45,80.64
1/14/19 18:30,78.72
1/14/19 18:15,81.6
1/14/19 18:00,84.48
1/14/19 17:45,83.52
1/14/19 17:30,88.32
1/14/19 17:15,92.16
1/14/19 17:00,91.2
1/14/19 16:45,91.68
1/14/19 16:30,86.88
1/14/19 16:15,96.48
1/14/19 16:00,97.92
1/14/19 15:45,98.4
1/14/19 15:30,106.56
1/14/19 15:15,112.8
1/14/19 15:00,115.2
1/14/19 14:45,120.48
1/14/19 14:30,117.12
1/14/19 14:15,120.96
1/14/19 14:00,124.32
1/14/19 13:45,126.72
1/14/19 13:30,126.72
1/14/19 13:15,129.6
1/14/19 13:00,130.08
1/14/19 12:45,129.12
1/14/19 12:30,125.76
1/14/19 12:15,130.08
1/14/19 12:00,126.24
1/14/19 11:45,124.32
1/14/19 11:30,129.6
1/14/19 11:15,130.56
1/14/19 11:00,126.72
1/14/19 10:45,127.68
1/14/19 10:30,132.48
1/14/19 10:15,131.52
1/14/19 10:00,125.76
1/14/19 9:45,126.24
1/14/19 9:30,129.6
1/14/19 9:15,122.4
1/14/19 9:00,126.24
1/14/19 8:45,122.4
1/14/19 8:30,116.16
1/14/19 8:15,112.32
1/14/19 8:00,96.96
1/14/19 7:45,81.6
1/14/19 7:30,86.4
1/14/19 7:15,83.04
1/14/19 7:00,70.08
1/14/19 6:45,52.8
1/14/19 6:30,49.92
1/14/19 6:15,49.92
1/14/19 6:00,50.88
1/14/19 5:45,48.96
1/14/19 5:30,49.44
1/14/19 5:15,52.32
1/14/19 5:00,54.72
1/14/19 4:45,50.4
1/14/19 4:30,48.48
1/14/19 4:15,48.96
1/14/19 4:00,48.96
1/14/19 3:45,45.6
1/14/19 3:30,45.6
1/14/19 3:15,48.48
1/14/19 3:00,48.48
1/14/19 2:45,46.56
1/14/19 2:30,47.52
1/14/19 2:15,47.52
1/14/19 2:00,51.36
1/14/19 1:45,47.04
1/14/19 1:30,45.6
1/14/19 1:15,47.04
1/14/19 1:00,46.08
1/14/19 0:45,48.96
1/14/19 0:30,46.56
1/14/19 0:15,48
1/14/19 0:00,47.52
1/13/19 23:45,50.4
1/13/19 23:30,48.96
1/13/19 23:15,50.4
1/13/19 23:00,48.96
1/13/19 22:45,50.88
1/13/19 22:30,46.56
1/13/19 22:15,49.44
1/13/19 22:00,49.44
1/13/19 21:45,49.92
1/13/19 21:30,47.52
1/13/19 21:15,46.56
1/13/19 21:00,48.96
1/13/19 20:45,48.96
1/13/19 20:30,48.48
1/13/19 20:15,48.48
1/13/19 20:00,52.32
1/13/19 19:45,46.56
1/13/19 19:30,48.48
1/13/19 19:15,48.48
1/13/19 19:00,48.96
1/13/19 18:45,49.92
1/13/19 18:30,52.8
1/13/19 18:15,48
1/13/19 18:00,50.4
1/13/19 17:45,53.28
1/13/19 17:30,49.44
1/13/19 17:15,47.52
1/13/19 17:00,47.04
1/13/19 16:45,39.84
1/13/19 16:30,31.68
1/13/19 16:15,34.08
1/13/19 16:00,31.2
1/13/19 15:45,31.2
1/13/19 15:30,34.56
1/13/19 15:15,33.12
1/13/19 15:00,35.04
1/13/19 14:45,34.56
1/13/19 14:30,34.08
1/13/19 14:15,36.96
1/13/19 14:00,46.08
1/13/19 13:45,52.8
1/13/19 13:30,58.08
1/13/19 13:15,63.84
1/13/19 13:00,56.64
1/13/19 12:45,56.64
1/13/19 12:30,59.52
1/13/19 12:15,57.12
1/13/19 12:00,59.04
1/13/19 11:45,64.32
1/13/19 11:30,68.64
1/13/19 11:15,59.04
1/13/19 11:00,55.2
1/13/19 10:45,55.2
1/13/19 10:30,59.04
1/13/19 10:15,63.84
1/13/19 10:00,67.2
1/13/19 9:45,64.32
1/13/19 9:30,61.44
1/13/19 9:15,62.88
1/13/19 9:00,57.6
1/13/19 8:45,59.52
1/13/19 8:30,63.84
1/13/19 8:15,60.48
1/13/19 8:00,62.4
1/13/19 7:45,63.84
1/13/19 7:30,59.04
1/13/19 7:15,65.76
1/13/19 7:00,66.72
1/13/19 6:45,80.64
1/13/19 6:30,82.08
1/13/19 6:15,88.8
1/13/19 6:00,89.76
1/13/19 5:45,93.12
1/13/19 5:30,71.04
1/13/19 5:15,67.68
1/13/19 5:00,52.32
1/13/19 4:45,46.56
1/13/19 4:30,43.68
1/13/19 4:15,46.08
1/13/19 4:00,47.04
1/13/19 3:45,46.56
1/13/19 3:30,48
1/13/19 3:15,48.96
1/13/19 3:00,48
1/13/19 2:45,47.04
1/13/19 2:30,45.12
1/13/19 2:15,48.48
1/13/19 2:00,48.48
1/13/19 1:45,47.52
1/13/19 1:30,50.4
1/13/19 1:15,50.4
1/13/19 1:00,46.08
1/13/19 0:45,45.6
1/13/19 0:30,46.08
1/13/19 0:15,47.04
1/13/19 0:00,48.48
1/12/19 23:45,46.08
1/12/19 23:30,48
1/12/19 23:15,47.52
1/12/19 23:00,49.92
1/12/19 22:45,49.92
1/12/19 22:30,46.08
1/12/19 22:15,47.04
1/12/19 22:00,46.08
1/12/19 21:45,49.44
1/12/19 21:30,48.96
1/12/19 21:15,49.44
1/12/19 21:00,47.04
1/12/19 20:45,50.88
1/12/19 20:30,47.52
1/12/19 20:15,48
1/12/19 20:00,47.52
1/12/19 19:45,49.92
1/12/19 19:30,48.96
1/12/19 19:15,47.52
1/12/19 19:00,49.92
1/12/19 18:45,49.92
1/12/19 18:30,50.4
1/12/19 18:15,52.8
1/12/19 18:00,50.88
1/12/19 17:45,47.04
1/12/19 17:30,48
1/12/19 17:15,48
1/12/19 17:00,42.24
1/12/19 16:45,38.4
1/12/19 16:30,33.6
1/12/19 16:15,35.04
1/12/19 16:00,32.64
1/12/19 15:45,50.4
1/12/19 15:30,50.88
1/12/19 15:15,48.96
1/12/19 15:00,52.32
1/12/19 14:45,48.96
1/12/19 14:30,50.4
1/12/19 14:15,53.76
1/12/19 14:00,52.32
1/12/19 13:45,59.52
1/12/19 13:30,53.28
1/12/19 13:15,54.24
1/12/19 13:00,51.36
1/12/19 12:45,54.24
1/12/19 12:30,58.08
1/12/19 12:15,64.8
1/12/19 12:00,61.92
1/12/19 11:45,58.56
1/12/19 11:30,60.96
1/12/19 11:15,64.8
1/12/19 11:00,62.88
1/12/19 10:45,65.28
1/12/19 10:30,65.76
1/12/19 10:15,65.28
1/12/19 10:00,65.76
1/12/19 9:45,64.32
1/12/19 9:30,58.56
1/12/19 9:15,59.04
1/12/19 9:00,57.12
1/12/19 8:45,60.48
1/12/19 8:30,54.72
1/12/19 8:15,53.28
1/12/19 8:00,56.64
1/12/19 7:45,55.2
1/12/19 7:30,48.96
1/12/19 7:15,35.04
1/12/19 7:00,34.08
1/12/19 6:45,36
1/12/19 6:30,40.8
1/12/19 6:15,43.68
1/12/19 6:00,45.6
1/12/19 5:45,50.4
1/12/19 5:30,49.44
1/12/19 5:15,48.96
1/12/19 5:00,46.08
1/12/19 4:45,47.52
1/12/19 4:30,47.52
1/12/19 4:15,47.52
1/12/19 4:00,48
1/12/19 3:45,48.48
1/12/19 3:30,47.52
1/12/19 3:15,47.52
1/12/19 3:00,49.44
1/12/19 2:45,48.48
1/12/19 2:30,48.96
1/12/19 2:15,48.96
1/12/19 2:00,47.04
1/12/19 1:45,49.92
1/12/19 1:30,47.52
1/12/19 1:15,49.92
1/12/19 1:00,53.28
1/12/19 0:45,52.32
1/12/19 0:30,50.4
1/12/19 0:15,52.32
1/12/19 0:00,51.84
1/11/19 23:45,53.76
1/11/19 23:30,53.28
1/11/19 23:15,52.32
1/11/19 23:00,52.32
1/11/19 22:45,55.2
1/11/19 22:30,50.4
1/11/19 22:15,51.36
1/11/19 22:00,52.8
1/11/19 21:45,60.96
1/11/19 21:30,54.24
1/11/19 21:15,51.36
1/11/19 21:00,63.84
1/11/19 20:45,76.32
1/11/19 20:30,78.24
1/11/19 20:15,80.16
1/11/19 20:00,76.8
1/11/19 19:45,77.28
1/11/19 19:30,77.28
1/11/19 19:15,82.08
1/11/19 19:00,80.16
1/11/19 18:45,79.2
1/11/19 18:30,78.24
1/11/19 18:15,83.04
1/11/19 18:00,85.44
1/11/19 17:45,87.36
1/11/19 17:30,91.2
1/11/19 17:15,94.56
1/11/19 17:00,90.24
1/11/19 16:45,88.8
1/11/19 16:30,77.76
1/11/19 16:15,86.4
1/11/19 16:00,95.04
1/11/19 15:45,104.64
1/11/19 15:30,117.6
1/11/19 15:15,114.72
1/11/19 15:00,121.92
1/11/19 14:45,118.56
1/11/19 14:30,120
1/11/19 14:15,125.28
1/11/19 14:00,122.88
1/11/19 13:45,127.68
1/11/19 13:30,133.92
1/11/19 13:15,123.36
1/11/19 13:00,125.76
1/11/19 12:45,113.76
1/11/19 12:30,114.24
1/11/19 12:15,121.92
1/11/19 12:00,121.44
1/11/19 11:45,120.96
1/11/19 11:30,129.12
1/11/19 11:15,133.44
1/11/19 11:00,126.72
1/11/19 10:45,129.6
1/11/19 10:30,132.48
1/11/19 10:15,121.44
1/11/19 10:00,120.96
1/11/19 9:45,117.6
1/11/19 9:30,120
1/11/19 9:15,117.6
1/11/19 9:00,116.16
1/11/19 8:45,109.92
1/11/19 8:30,112.32
1/11/19 8:15,104.64
1/11/19 8:00,80.64
1/11/19 7:45,75.84
1/11/19 7:30,78.72
1/11/19 7:15,66.24
1/11/19 7:00,65.28
1/11/19 6:45,47.52
1/11/19 6:30,50.4
1/11/19 6:15,48.96
1/11/19 6:00,51.36
1/11/19 5:45,51.84
1/11/19 5:30,50.4
1/11/19 5:15,54.72
1/11/19 5:00,49.44
1/11/19 4:45,49.92
1/11/19 4:30,48
1/11/19 4:15,48.96
1/11/19 4:00,51.36
1/11/19 3:45,46.08
1/11/19 3:30,49.92
1/11/19 3:15,48
1/11/19 3:00,49.44
1/11/19 2:45,47.52
1/11/19 2:30,48.96
1/11/19 2:15,47.52
1/11/19 2:00,49.44
1/11/19 1:45,49.44
1/11/19 1:30,50.4
1/11/19 1:15,48.96
1/11/19 1:00,47.52
1/11/19 0:45,50.4
1/11/19 0:30,48
1/11/19 0:15,48.96
1/11/19 0:00,49.92
1/10/19 23:45,48.96
1/10/19 23:30,54.24
1/10/19 23:15,49.44
1/10/19 23:00,50.4
1/10/19 22:45,49.92
1/10/19 22:30,51.84
1/10/19 22:15,51.36
1/10/19 22:00,50.88
1/10/19 21:45,53.28
1/10/19 21:30,53.76
1/10/19 21:15,51.84
1/10/19 21:00,54.24
1/10/19 20:45,72.96
1/10/19 20:30,76.32
1/10/19 20:15,104.16
1/10/19 20:00,193.44
1/10/19 19:45,197.28
1/10/19 19:30,194.88
1/10/19 19:15,198.24
1/10/19 19:00,199.68
1/10/19 18:45,198.24
1/10/19 18:30,204.96
1/10/19 18:15,203.04
1/10/19 18:00,207.84
1/10/19 17:45,212.64
1/10/19 17:30,214.08
1/10/19 17:15,209.76
1/10/19 17:00,114.72
1/10/19 16:45,90.24
1/10/19 16:30,95.04
1/10/19 16:15,98.4
1/10/19 16:00,103.68
1/10/19 15:45,118.08
1/10/19 15:30,108.96
1/10/19 15:15,122.4
1/10/19 15:00,125.76
1/10/19 14:45,131.04
1/10/19 14:30,136.8
1/10/19 14:15,132
1/10/19 14:00,144
1/10/19 13:45,143.04
1/10/19 13:30,121.44
1/10/19 13:15,121.92
1/10/19 13:00,116.16
1/10/19 12:45,113.76
1/10/19 12:30,116.64
1/10/19 12:15,111.36
1/10/19 12:00,117.6
1/10/19 11:45,122.4
1/10/19 11:30,117.6
1/10/19 11:15,120.48
1/10/19 11:00,118.56
1/10/19 10:45,113.76
1/10/19 10:30,112.32
1/10/19 10:15,112.8
1/10/19 10:00,98.88
1/10/19 9:45,95.52
1/10/19 9:30,96.48
1/10/19 9:15,101.76
1/10/19 9:00,115.2
1/10/19 8:45,114.72
1/10/19 8:30,121.44
1/10/19 8:15,140.16
1/10/19 8:00,116.16
1/10/19 7:45,107.04
1/10/19 7:30,85.44
1/10/19 7:15,67.2
1/10/19 7:00,66.72
1/10/19 6:45,49.92
1/10/19 6:30,45.12
1/10/19 6:15,47.52
1/10/19 6:00,51.36
1/10/19 5:45,50.88
1/10/19 5:30,50.4
1/10/19 5:15,49.92
1/10/19 5:00,52.32
1/10/19 4:45,51.84
1/10/19 4:30,49.92
1/10/19 4:15,50.4
1/10/19 4:00,49.44
1/10/19 3:45,48.48
1/10/19 3:30,52.32
1/10/19 3:15,50.4
1/10/19 3:00,51.84
1/10/19 2:45,48
1/10/19 2:30,48
1/10/19 2:15,47.52
1/10/19 2:00,49.44
1/10/19 1:45,48.96
1/10/19 1:30,46.56
1/10/19 1:15,48
1/10/19 1:00,47.52
1/10/19 0:45,51.36
1/10/19 0:30,48.48
1/10/19 0:15,48.96
1/10/19 0:00,48.96
1/9/19 23:45,51.36
1/9/19 23:30,49.44
1/9/19 23:15,48.96
1/9/19 23:00,49.44
1/9/19 22:45,54.72
1/9/19 22:30,49.92
1/9/19 22:15,48.96
1/9/19 22:00,49.92
1/9/19 21:45,53.76
1/9/19 21:30,52.8
1/9/19 21:15,50.88
1/9/19 21:00,64.32
1/9/19 20:45,80.16
1/9/19 20:30,81.12
1/9/19 20:15,81.12
1/9/19 20:00,80.16
1/9/19 19:45,83.04
1/9/19 19:30,86.4
1/9/19 19:15,90.24
1/9/19 19:00,88.32
1/9/19 18:45,91.2
1/9/19 18:30,91.68
1/9/19 18:15,93.6
1/9/19 18:00,101.76
1/9/19 17:45,94.56
1/9/19 17:30,103.2
1/9/19 17:15,98.4
1/9/19 17:00,91.68
1/9/19 16:45,96.48
1/9/19 16:30,83.04
1/9/19 16:15,99.36
1/9/19 16:00,101.28
1/9/19 15:45,105.12
1/9/19 15:30,113.28
1/9/19 15:15,108
1/9/19 15:00,108
1/9/19 14:45,127.2
1/9/19 14:30,141.6
1/9/19 14:15,147.84
1/9/19 14:00,125.28
1/9/19 13:45,138.72
1/9/19 13:30,138.24
1/9/19 13:15,137.76
1/9/19 13:00,133.44
1/9/19 12:45,120
1/9/19 12:30,116.64
1/9/19 12:15,119.52
1/9/19 12:00,125.76
1/9/19 11:45,124.8
1/9/19 11:30,120.48
1/9/19 11:15,134.88
1/9/19 11:00,128.16
1/9/19 10:45,123.84
1/9/19 10:30,129.6
1/9/19 10:15,120.48
1/9/19 10:00,119.04
1/9/19 9:45,116.16
1/9/19 9:30,121.92
1/9/19 9:15,123.36
1/9/19 9:00,117.12
1/9/19 8:45,120
1/9/19 8:30,105.12
1/9/19 8:15,95.04
1/9/19 8:00,66.72
1/9/19 7:45,63.84
1/9/19 7:30,70.56
1/9/19 7:15,63.36
1/9/19 7:00,60.48
1/9/19 6:45,53.76
1/9/19 6:30,52.8
1/9/19 6:15,51.36
1/9/19 6:00,54.24
1/9/19 5:45,54.72
1/9/19 5:30,50.4
1/9/19 5:15,53.28
1/9/19 5:00,57.12
1/9/19 4:45,50.88
1/9/19 4:30,49.92
1/9/19 4:15,47.04
1/9/19 4:00,47.04
1/9/19 3:45,48
1/9/19 3:30,49.44
1/9/19 3:15,49.92
1/9/19 3:00,49.44
1/9/19 2:45,45.6
1/9/19 2:30,48.96
1/9/19 2:15,48.48
1/9/19 2:00,49.44
1/9/19 1:45,48.48
1/9/19 1:30,47.52
1/9/19 1:15,49.92
1/9/19 1:00,48
1/9/19 0:45,46.56
1/9/19 0:30,48.96
1/9/19 0:15,48
1/9/19 0:00,47.04
1/8/19 23:45,47.52
1/8/19 23:30,49.92
1/8/19 23:15,51.36
1/8/19 23:00,46.56
1/8/19 22:45,50.4
1/8/19 22:30,49.92
1/8/19 22:15,50.4
1/8/19 22:00,52.32
1/8/19 21:45,53.76
1/8/19 21:30,73.92
1/8/19 21:15,76.32
1/8/19 21:00,75.84
1/8/19 20:45,87.84
1/8/19 20:30,75.36
1/8/19 20:15,151.2
1/8/19 20:00,198.24
1/8/19 19:45,209.76
1/8/19 19:30,204
1/8/19 19:15,211.2
1/8/19 19:00,217.92
1/8/19 18:45,206.4
1/8/19 18:30,207.36
1/8/19 18:15,214.08
1/8/19 18:00,211.2
1/8/19 17:45,221.28
1/8/19 17:30,210.72
1/8/19 17:15,225.12
1/8/19 17:00,220.32
1/8/19 16:45,247.68
1/8/19 16:30,307.68
1/8/19 16:15,302.88
1/8/19 16:00,148.8
1/8/19 15:45,113.76
1/8/19 15:30,127.2
1/8/19 15:15,129.6
1/8/19 15:00,137.28
1/8/19 14:45,139.2
1/8/19 14:30,144.48
1/8/19 14:15,140.64
1/8/19 14:00,141.12
1/8/19 13:45,141.6
1/8/19 13:30,143.52
1/8/19 13:15,134.88
1/8/19 13:00,131.52
1/8/19 12:45,117.12
1/8/19 12:30,113.76
1/8/19 12:15,115.68
1/8/19 12:00,121.44
1/8/19 11:45,116.16
1/8/19 11:30,123.84
1/8/19 11:15,123.36
1/8/19 11:00,121.92
1/8/19 10:45,123.84
1/8/19 10:30,123.84
1/8/19 10:15,119.04
1/8/19 10:00,123.36
1/8/19 9:45,117.12
1/8/19 9:30,119.52
1/8/19 9:15,121.44
1/8/19 9:00,117.6
1/8/19 8:45,118.56
1/8/19 8:30,114.72
1/8/19 8:15,109.44
1/8/19 8:00,83.52
1/8/19 7:45,79.2
1/8/19 7:30,81.12
1/8/19 7:15,77.28
1/8/19 7:00,69.6
1/8/19 6:45,59.04
1/8/19 6:30,53.28
1/8/19 6:15,51.36
1/8/19 6:00,48
1/8/19 5:45,46.56
1/8/19 5:30,48
1/8/19 5:15,46.08
1/8/19 5:00,48.48
1/8/19 4:45,48.96
1/8/19 4:30,48.96
1/8/19 4:15,46.08
1/8/19 4:00,48.96
1/8/19 3:45,48.48
1/8/19 3:30,47.52
1/8/19 3:15,48.48
1/8/19 3:00,48.48
1/8/19 2:45,47.52
1/8/19 2:30,47.04
1/8/19 2:15,46.56
1/8/19 2:00,48
1/8/19 1:45,50.4
1/8/19 1:30,49.92
1/8/19 1:15,48.48
1/8/19 1:00,49.92
1/8/19 0:45,51.84
1/8/19 0:30,48
1/8/19 0:15,47.52
1/8/19 0:00,48.96
1/7/19 23:45,48.48
1/7/19 23:30,51.36
1/7/19 23:15,50.88
1/7/19 23:00,50.88
1/7/19 22:45,52.8
1/7/19 22:30,51.36
1/7/19 22:15,48.96
1/7/19 22:00,53.76
1/7/19 21:45,55.2
1/7/19 21:30,54.72
1/7/19 21:15,61.44
1/7/19 21:00,73.44
1/7/19 20:45,74.4
1/7/19 20:30,73.44
1/7/19 20:15,73.92
1/7/19 20:00,76.8
1/7/19 19:45,73.44
1/7/19 19:30,74.88
1/7/19 19:15,82.08
1/7/19 19:00,80.64
1/7/19 18:45,77.28
1/7/19 18:30,170.88
1/7/19 18:15,194.88
1/7/19 18:00,197.76
1/7/19 17:45,197.76
1/7/19 17:30,199.2
1/7/19 17:15,204
1/7/19 17:00,205.92
1/7/19 16:45,203.52
1/7/19 16:30,202.56
1/7/19 16:15,207.84
1/7/19 16:00,104.16
1/7/19 15:45,98.88
1/7/19 15:30,104.64
1/7/19 15:15,113.28
1/7/19 15:00,113.76
1/7/19 14:45,124.32
1/7/19 14:30,130.08
1/7/19 14:15,132
1/7/19 14:00,134.4
1/7/19 13:45,130.08
1/7/19 13:30,133.44
1/7/19 13:15,128.64
1/7/19 13:00,129.12
1/7/19 12:45,122.4
1/7/19 12:30,117.12
1/7/19 12:15,131.04
1/7/19 12:00,132
1/7/19 11:45,128.64
1/7/19 11:30,135.84
1/7/19 11:15,135.84
1/7/19 11:00,132.96
1/7/19 10:45,139.2
1/7/19 10:30,131.52
1/7/19 10:15,133.92
1/7/19 10:00,133.92
1/7/19 9:45,134.4
1/7/19 9:30,129.6
1/7/19 9:15,124.32
1/7/19 9:00,122.4
1/7/19 8:45,122.88
1/7/19 8:30,130.08
1/7/19 8:15,126.72
1/7/19 8:00,100.8
1/7/19 7:45,103.68
1/7/19 7:30,104.16
1/7/19 7:15,90.24
1/7/19 7:00,67.68
1/7/19 6:45,50.4
1/7/19 6:30,50.88
1/7/19 6:15,52.8
1/7/19 6:00,49.44
1/7/19 5:45,49.92
1/7/19 5:30,50.88
1/7/19 5:15,50.4
1/7/19 5:00,53.28
1/7/19 4:45,50.4
1/7/19 4:30,49.92
1/7/19 4:15,49.44
1/7/19 4:00,51.36
1/7/19 3:45,51.36
1/7/19 3:30,51.36
1/7/19 3:15,49.44
1/7/19 3:00,49.92
1/7/19 2:45,52.32
1/7/19 2:30,50.88
1/7/19 2:15,49.92
1/7/19 2:00,51.36
1/7/19 1:45,50.88
1/7/19 1:30,50.88
1/7/19 1:15,49.92
1/7/19 1:00,51.84
1/7/19 0:45,49.92
1/7/19 0:30,49.44
1/7/19 0:15,52.8
1/7/19 0:00,51.84
1/6/19 23:45,53.28
1/6/19 23:30,52.32
1/6/19 23:15,51.84
1/6/19 23:00,55.68
1/6/19 22:45,50.88
1/6/19 22:30,52.32
1/6/19 22:15,51.36
1/6/19 22:00,52.32
1/6/19 21:45,53.28
1/6/19 21:30,53.28
1/6/19 21:15,50.88
1/6/19 21:00,51.36
1/6/19 20:45,52.32
1/6/19 20:30,53.28
1/6/19 20:15,51.36
1/6/19 20:00,52.32
1/6/19 19:45,52.32
1/6/19 19:30,51.36
1/6/19 19:15,52.32
1/6/19 19:00,51.36
1/6/19 18:45,49.44
1/6/19 18:30,50.88
1/6/19 18:15,49.92
1/6/19 18:00,49.92
1/6/19 17:45,52.32
1/6/19 17:30,52.32
1/6/19 17:15,49.92
1/6/19 17:00,46.08
1/6/19 16:45,42.72
1/6/19 16:30,34.08
1/6/19 16:15,33.6
1/6/19 16:00,36.48
1/6/19 15:45,35.04
1/6/19 15:30,34.56
1/6/19 15:15,37.44
1/6/19 15:00,34.08
1/6/19 14:45,35.04
1/6/19 14:30,39.84
1/6/19 14:15,36.48
1/6/19 14:00,41.28
1/6/19 13:45,39.36
1/6/19 13:30,52.8
1/6/19 13:15,59.52
1/6/19 13:00,64.8
1/6/19 12:45,63.36
1/6/19 12:30,62.4
1/6/19 12:15,66.24
1/6/19 12:00,64.8
1/6/19 11:45,64.8
1/6/19 11:30,74.4
1/6/19 11:15,68.64
1/6/19 11:00,59.52
1/6/19 10:45,64.32
1/6/19 10:30,68.16
1/6/19 10:15,70.56
1/6/19 10:00,70.56
1/6/19 9:45,69.6
1/6/19 9:30,67.68
1/6/19 9:15,66.72
1/6/19 9:00,64.8
1/6/19 8:45,65.76
1/6/19 8:30,67.2
1/6/19 8:15,66.72
1/6/19 8:00,68.64
1/6/19 7:45,69.6
1/6/19 7:30,70.08
1/6/19 7:15,66.24
1/6/19 7:00,61.92
1/6/19 6:45,70.08
1/6/19 6:30,72.48
1/6/19 6:15,71.04
1/6/19 6:00,76.32
1/6/19 5:45,80.16
1/6/19 5:30,77.76
1/6/19 5:15,73.44
1/6/19 5:00,58.56
1/6/19 4:45,51.36
1/6/19 4:30,52.32
1/6/19 4:15,52.32
1/6/19 4:00,50.88
1/6/19 3:45,49.44
1/6/19 3:30,49.44
1/6/19 3:15,52.32
1/6/19 3:00,49.44
1/6/19 2:45,49.92
1/6/19 2:30,51.36
1/6/19 2:15,50.88
1/6/19 2:00,50.88
1/6/19 1:45,51.84
1/6/19 1:30,49.44
1/6/19 1:15,53.76
1/6/19 1:00,51.36
1/6/19 0:45,50.4
1/6/19 0:30,51.84
1/6/19 0:15,53.76
1/6/19 0:00,52.32
1/5/19 23:45,53.76
1/5/19 23:30,52.8
1/5/19 23:15,55.2
1/5/19 23:00,53.28
1/5/19 22:45,52.8
1/5/19 22:30,52.8
1/5/19 22:15,55.2
1/5/19 22:00,53.28
1/5/19 21:45,53.76
1/5/19 21:30,51.84
1/5/19 21:15,52.8
1/5/19 21:00,52.8
1/5/19 20:45,54.72
1/5/19 20:30,52.8
1/5/19 20:15,55.2
1/5/19 20:00,53.28
1/5/19 19:45,54.72
1/5/19 19:30,53.28
1/5/19 19:15,54.72
1/5/19 19:00,53.76
1/5/19 18:45,51.84
1/5/19 18:30,51.36
1/5/19 18:15,55.2
1/5/19 18:00,51.84
1/5/19 17:45,53.28
1/5/19 17:30,54.24
1/5/19 17:15,52.32
1/5/19 17:00,49.92
1/5/19 16:45,45.6
1/5/19 16:30,36
1/5/19 16:15,37.44
1/5/19 16:00,39.84
1/5/19 15:45,56.64
1/5/19 15:30,55.68
1/5/19 15:15,54.24
1/5/19 15:00,58.56
1/5/19 14:45,56.64
1/5/19 14:30,55.68
1/5/19 14:15,55.68
1/5/19 14:00,54.72
1/5/19 13:45,56.64
1/5/19 13:30,56.64
1/5/19 13:15,59.04
1/5/19 13:00,60
1/5/19 12:45,57.6
1/5/19 12:30,58.56
1/5/19 12:15,55.68
1/5/19 12:00,55.68
1/5/19 11:45,60
1/5/19 11:30,61.92
1/5/19 11:15,57.6
1/5/19 11:00,60.48
1/5/19 10:45,63.36
1/5/19 10:30,59.52
1/5/19 10:15,60
1/5/19 10:00,61.44
1/5/19 9:45,60.96
1/5/19 9:30,59.52
1/5/19 9:15,60
1/5/19 9:00,58.56
1/5/19 8:45,55.2
1/5/19 8:30,56.16
1/5/19 8:15,48.48
1/5/19 8:00,37.44
1/5/19 7:45,36.96
1/5/19 7:30,35.04
1/5/19 7:15,38.88
1/5/19 7:00,37.92
1/5/19 6:45,40.8
1/5/19 6:30,44.64
1/5/19 6:15,47.04
1/5/19 6:00,50.88
1/5/19 5:45,51.84
1/5/19 5:30,50.88
1/5/19 5:15,50.88
1/5/19 5:00,50.4
1/5/19 4:45,54.24
1/5/19 4:30,53.28
1/5/19 4:15,51.84
1/5/19 4:00,52.32
1/5/19 3:45,56.16
1/5/19 3:30,51.36
1/5/19 3:15,54.24
1/5/19 3:00,51.36
1/5/19 2:45,50.88
1/5/19 2:30,51.84
1/5/19 2:15,50.88
1/5/19 2:00,51.36
1/5/19 1:45,54.72
1/5/19 1:30,51.84
1/5/19 1:15,51.84
1/5/19 1:00,53.76
1/5/19 0:45,53.76
1/5/19 0:30,54.24
1/5/19 0:15,51.84
1/5/19 0:00,51.36
1/4/19 23:45,53.28
1/4/19 23:30,52.32
1/4/19 23:15,53.28
1/4/19 23:00,56.64
1/4/19 22:45,51.84
1/4/19 22:30,50.4
1/4/19 22:15,53.76
1/4/19 22:00,54.24
1/4/19 21:45,53.76
1/4/19 21:30,59.04
1/4/19 21:15,66.24
1/4/19 21:00,75.84
1/4/19 20:45,75.84
1/4/19 20:30,78.24
1/4/19 20:15,76.8
1/4/19 20:00,79.2
1/4/19 19:45,191.04
1/4/19 19:30,190.08
1/4/19 19:15,192.96
1/4/19 19:00,194.4
1/4/19 18:45,198.24
1/4/19 18:30,193.92
1/4/19 18:15,196.32
1/4/19 18:00,195.84
1/4/19 17:45,198.24
1/4/19 17:30,201.6
1/4/19 17:15,202.08
1/4/19 17:00,197.76
1/4/19 16:45,195.36
1/4/19 16:30,180
1/4/19 16:15,131.04
1/4/19 16:00,72.96
1/4/19 15:45,73.92
1/4/19 15:30,73.44
1/4/19 15:15,72.48
1/4/19 15:00,77.28
1/4/19 14:45,79.2
1/4/19 14:30,73.92
1/4/19 14:15,70.08
1/4/19 14:00,72
1/4/19 13:45,73.44
1/4/19 13:30,72
1/4/19 13:15,72.48
1/4/19 13:00,70.56
1/4/19 12:45,73.92
1/4/19 12:30,75.36
1/4/19 12:15,72.48
1/4/19 12:00,72
1/4/19 11:45,72.96
1/4/19 11:30,66.24
1/4/19 11:15,65.28
1/4/19 11:00,72.48
1/4/19 10:45,66.24
1/4/19 10:30,62.88
1/4/19 10:15,46.08
1/4/19 10:00,46.08
1/4/19 9:45,44.64
1/4/19 9:30,45.12
1/4/19 9:15,46.56
1/4/19 9:00,42.72
1/4/19 8:45,40.32
1/4/19 8:30,43.2
1/4/19 8:15,46.56
1/4/19 8:00,47.52
1/4/19 7:45,46.08
1/4/19 7:30,40.8
1/4/19 7:15,41.28
1/4/19 7:00,40.32
1/4/19 6:45,39.36
1/4/19 6:30,45.12
1/4/19 6:15,47.04
1/4/19 6:00,52.32
1/4/19 5:45,57.6
1/4/19 5:30,51.84
1/4/19 5:15,55.2
1/4/19 5:00,55.2
1/4/19 4:45,53.76
1/4/19 4:30,51.36
1/4/19 4:15,53.28
1/4/19 4:00,52.32
1/4/19 3:45,54.24
1/4/19 3:30,54.24
1/4/19 3:15,50.88
1/4/19 3:00,51.36
1/4/19 2:45,52.32
1/4/19 2:30,52.32
1/4/19 2:15,53.76
1/4/19 2:00,51.36
1/4/19 1:45,56.64
1/4/19 1:30,52.8
1/4/19 1:15,51.36
1/4/19 1:00,52.32
1/4/19 0:45,51.84
1/4/19 0:30,52.32
1/4/19 0:15,54.24
1/4/19 0:00,50.88
1/3/19 23:45,52.8
1/3/19 23:30,53.28
1/3/19 23:15,53.28
1/3/19 23:00,54.24
1/3/19 22:45,55.2
1/3/19 22:30,57.6
1/3/19 22:15,58.56
1/3/19 22:00,61.44
1/3/19 21:45,60
1/3/19 21:30,61.44
1/3/19 21:15,60.48
1/3/19 21:00,60
1/3/19 20:45,51.84
1/3/19 20:30,50.88
1/3/19 20:15,52.32
1/3/19 20:00,57.6
1/3/19 19:45,65.28
1/3/19 19:30,73.92
1/3/19 19:15,76.8
1/3/19 19:00,79.68
1/3/19 18:45,73.92
1/3/19 18:30,75.36
1/3/19 18:15,79.2
1/3/19 18:00,80.64
1/3/19 17:45,82.56
1/3/19 17:30,89.28
1/3/19 17:15,84.96
1/3/19 17:00,77.28
1/3/19 16:45,71.52
1/3/19 16:30,61.44
1/3/19 16:15,62.4
1/3/19 16:00,66.24
1/3/19 15:45,68.64
1/3/19 15:30,74.88
1/3/19 15:15,67.68
1/3/19 15:00,63.84
1/3/19 14:45,69.6
1/3/19 14:30,67.68
1/3/19 14:15,72.96
1/3/19 14:00,71.04
1/3/19 13:45,68.64
1/3/19 13:30,69.12
1/3/19 13:15,72
1/3/19 13:00,70.08
1/3/19 12:45,70.08
1/3/19 12:30,65.28
1/3/19 12:15,65.76
1/3/19 12:00,66.24
1/3/19 11:45,68.64
1/3/19 11:30,69.12
1/3/19 11:15,67.2
1/3/19 11:00,76.8
1/3/19 10:45,72.48
1/3/19 10:30,67.2
1/3/19 10:15,69.6
1/3/19 10:00,72.96
1/3/19 9:45,72.48
1/3/19 9:30,67.68
1/3/19 9:15,77.28
1/3/19 9:00,81.6
1/3/19 8:45,76.32
1/3/19 8:30,75.36
1/3/19 8:15,72.96
1/3/19 8:00,73.92
1/3/19 7:45,67.2
1/3/19 7:30,40.8
1/3/19 7:15,41.28
1/3/19 7:00,40.32
1/3/19 6:45,40.8
1/3/19 6:30,48.96
1/3/19 6:15,49.92
1/3/19 6:00,49.44
1/3/19 5:45,54.24
1/3/19 5:30,55.2
1/3/19 5:15,52.32
1/3/19 5:00,52.8
1/3/19 4:45,52.32
1/3/19 4:30,49.44
1/3/19 4:15,52.32
1/3/19 4:00,54.72
1/3/19 3:45,55.2
1/3/19 3:30,54.24
1/3/19 3:15,55.2
1/3/19 3:00,51.84
1/3/19 2:45,54.72
1/3/19 2:30,50.88
1/3/19 2:15,57.6
1/3/19 2:00,62.4
1/3/19 1:45,59.52
1/3/19 1:30,56.64
1/3/19 1:15,57.12
1/3/19 1:00,56.64
1/3/19 0:45,53.76
1/3/19 0:30,52.8
1/3/19 0:15,50.88
1/3/19 0:00,52.8
1/2/19 23:45,54.72
1/2/19 23:30,52.32
1/2/19 23:15,54.72
1/2/19 23:00,53.28
1/2/19 22:45,59.04
1/2/19 22:30,62.4
1/2/19 22:15,59.52
1/2/19 22:00,60.96
1/2/19 21:45,60.96
1/2/19 21:30,64.8
1/2/19 21:15,64.32
1/2/19 21:00,60
1/2/19 20:45,53.28
1/2/19 20:30,52.8
1/2/19 20:15,52.32
1/2/19 20:00,54.24
1/2/19 19:45,60.96
1/2/19 19:30,72.48
1/2/19 19:15,72
1/2/19 19:00,73.92
1/2/19 18:45,72.48
1/2/19 18:30,72.48
1/2/19 18:15,74.88
1/2/19 18:00,77.76
1/2/19 17:45,76.32
1/2/19 17:30,83.52
1/2/19 17:15,80.64
1/2/19 17:00,75.36
1/2/19 16:45,71.04
1/2/19 16:30,63.84
1/2/19 16:15,71.52
1/2/19 16:00,71.52
1/2/19 15:45,73.92
1/2/19 15:30,73.44
1/2/19 15:15,77.28
1/2/19 15:00,74.88
1/2/19 14:45,76.32
1/2/19 14:30,80.16
1/2/19 14:15,77.28
1/2/19 14:00,77.28
1/2/19 13:45,78.72
1/2/19 13:30,73.92
1/2/19 13:15,73.44
1/2/19 13:00,74.88
1/2/19 12:45,72.48
1/2/19 12:30,74.4
1/2/19 12:15,74.4
1/2/19 12:00,71.52
1/2/19 11:45,72.96
1/2/19 11:30,77.28
1/2/19 11:15,85.44
1/2/19 11:00,84.48
1/2/19 10:45,83.04
1/2/19 10:30,84
1/2/19 10:15,82.08
1/2/19 10:00,84.96
1/2/19 9:45,87.84
1/2/19 9:30,83.52
1/2/19 9:15,84.48
1/2/19 9:00,84.48
1/2/19 8:45,80.16
1/2/19 8:30,73.92
1/2/19 8:15,69.6
1/2/19 8:00,65.28
1/2/19 7:45,60
1/2/19 7:30,48.48
1/2/19 7:15,44.64
1/2/19 7:00,47.52
1/2/19 6:45,46.08
1/2/19 6:30,48.96
1/2/19 6:15,54.72
1/2/19 6:00,50.88
1/2/19 5:45,50.88
1/2/19 5:30,51.36
1/2/19 5:15,55.68
1/2/19 5:00,54.72
1/2/19 4:45,51.36
1/2/19 4:30,53.28
1/2/19 4:15,51.84
1/2/19 4:00,53.28
1/2/19 3:45,55.68
1/2/19 3:30,53.76
1/2/19 3:15,52.32
1/2/19 3:00,52.8
1/2/19 2:45,52.8
1/2/19 2:30,55.2
1/2/19 2:15,56.16
1/2/19 2:00,58.56
1/2/19 1:45,57.6
1/2/19 1:30,57.12
1/2/19 1:15,59.52
1/2/19 1:00,59.52
1/2/19 0:45,51.84
1/2/19 0:30,53.76
1/2/19 0:15,50.88
1/2/19 0:00,51.36
1/1/19 23:45,55.2
1/1/19 23:30,54.24
1/1/19 23:15,50.4
1/1/19 23:00,50.88
1/1/19 22:45,51.36
1/1/19 22:30,52.8
1/1/19 22:15,54.72
1/1/19 22:00,51.36
1/1/19 21:45,52.32
1/1/19 21:30,50.88
1/1/19 21:15,51.36
1/1/19 21:00,50.88
1/1/19 20:45,52.32
1/1/19 20:30,50.88
1/1/19 20:15,51.36
1/1/19 20:00,52.32
1/1/19 19:45,52.8
1/1/19 19:30,50.88
1/1/19 19:15,52.32
1/1/19 19:00,51.84
1/1/19 18:45,53.28
1/1/19 18:30,50.88
1/1/19 18:15,52.8
1/1/19 18:00,52.32
1/1/19 17:45,51.84
1/1/19 17:30,55.68
1/1/19 17:15,51.84
1/1/19 17:00,48.96
1/1/19 16:45,42.72
1/1/19 16:30,37.92
1/1/19 16:15,36.48
1/1/19 16:00,33.6
1/1/19 15:45,36
1/1/19 15:30,38.88
1/1/19 15:15,37.92
1/1/19 15:00,34.08
1/1/19 14:45,35.04
1/1/19 14:30,37.44
1/1/19 14:15,36.48
1/1/19 14:00,36.48
1/1/19 13:45,39.36
1/1/19 13:30,36.96
1/1/19 13:15,38.4
1/1/19 13:00,36.48
1/1/19 12:45,39.84
1/1/19 12:30,38.88
1/1/19 12:15,37.92
1/1/19 12:00,38.4
1/1/19 11:45,40.8
1/1/19 11:30,39.36
1/1/19 11:15,37.92
1/1/19 11:00,36.96
1/1/19 10:45,38.4
1/1/19 10:30,40.8
1/1/19 10:15,37.92
1/1/19 10:00,40.32
1/1/19 9:45,37.44
1/1/19 9:30,36.48
1/1/19 9:15,37.92
1/1/19 9:00,36.48
1/1/19 8:45,36.96
1/1/19 8:30,39.36
1/1/19 8:15,39.84
1/1/19 8:00,39.84
1/1/19 7:45,36.96
1/1/19 7:30,35.04
1/1/19 7:15,36.48
1/1/19 7:00,37.44
1/1/19 6:45,39.36
1/1/19 6:30,42.24
1/1/19 6:15,48.96
1/1/19 6:00,51.36
1/1/19 5:45,51.84
1/1/19 5:30,53.76
1/1/19 5:15,57.6
1/1/19 5:00,54.72
1/1/19 4:45,55.2
1/1/19 4:30,51.84
1/1/19 4:15,53.28
1/1/19 4:00,54.24
1/1/19 3:45,51.36
1/1/19 3:30,53.28
1/1/19 3:15,53.76
1/1/19 3:00,54.24
1/1/19 2:45,53.28
1/1/19 2:30,53.76
1/1/19 2:15,53.28
1/1/19 2:00,52.32
1/1/19 1:45,52.32
1/1/19 1:30,51.84
1/1/19 1:15,54.72
1/1/19 1:00,52.8
1/1/19 0:45,53.76
1/1/19 0:30,51.36
1/1/19 0:15,49.92
1/1/19 0:00,50.88
12/31/18 23:45,53.28
12/31/18 23:30,54.24
12/31/18 23:15,55.2
12/31/18 23:00,53.28
12/31/18 22:45,58.08
12/31/18 22:30,58.08
12/31/18 22:15,62.4
12/31/18 22:00,61.92
12/31/18 21:45,60
12/31/18 21:30,60.96
12/31/18 21:15,57.6
12/31/18 21:00,59.52
12/31/18 20:45,50.4
12/31/18 20:30,51.84
12/31/18 20:15,52.8
12/31/18 20:00,49.92
12/31/18 19:45,50.88
12/31/18 19:30,52.32
12/31/18 19:15,51.36
12/31/18 19:00,52.8
12/31/18 18:45,51.84
12/31/18 18:30,50.88
12/31/18 18:15,51.84
12/31/18 18:00,52.32
12/31/18 17:45,53.76
12/31/18 17:30,52.8
12/31/18 17:15,52.32
12/31/18 17:00,50.4
12/31/18 16:45,43.2
12/31/18 16:30,36.96
12/31/18 16:15,36
12/31/18 16:00,37.92
12/31/18 15:45,36
12/31/18 15:30,35.04
12/31/18 15:15,39.84
12/31/18 15:00,41.28
12/31/18 14:45,38.88
12/31/18 14:30,42.72
12/31/18 14:15,39.36
12/31/18 14:00,39.84
12/31/18 13:45,40.32
12/31/18 13:30,41.28
12/31/18 13:15,39.36
12/31/18 13:00,40.8
12/31/18 12:45,42.72
12/31/18 12:30,38.88
12/31/18 12:15,40.32
12/31/18 12:00,39.84
12/31/18 11:45,40.8
12/31/18 11:30,39.84
12/31/18 11:15,36.48
12/31/18 11:00,40.32
12/31/18 10:45,37.92
12/31/18 10:30,35.52
12/31/18 10:15,35.52
12/31/18 10:00,37.44
12/31/18 9:45,35.04
12/31/18 9:30,35.52
12/31/18 9:15,38.4
12/31/18 9:00,36.96
12/31/18 8:45,38.88
12/31/18 8:30,35.52
12/31/18 8:15,38.4
12/31/18 8:00,38.88
12/31/18 7:45,37.92
12/31/18 7:30,39.84
12/31/18 7:15,38.88
12/31/18 7:00,40.8
12/31/18 6:45,37.92
12/31/18 6:30,41.28
12/31/18 6:15,45.6
12/31/18 6:00,45.12
12/31/18 5:45,46.56
12/31/18 5:30,48
12/31/18 5:15,48.48
12/31/18 5:00,47.04
12/31/18 4:45,48.48
12/31/18 4:30,44.16
12/31/18 4:15,47.04
12/31/18 4:00,47.52
12/31/18 3:45,46.56
12/31/18 3:30,49.92
12/31/18 3:15,45.6
12/31/18 3:00,48.96
12/31/18 2:45,49.44
12/31/18 2:30,46.56
12/31/18 2:15,51.84
12/31/18 2:00,57.6
12/31/18 1:45,54.24
12/31/18 1:30,51.84
12/31/18 1:15,53.28
12/31/18 1:00,51.84
12/31/18 0:45,48.48
12/31/18 0:30,51.84
12/31/18 0:15,47.04
12/31/18 0:00,47.04
12/30/18 23:45,47.04
12/30/18 23:30,49.44
12/30/18 23:15,48.48
12/30/18 23:00,49.92
12/30/18 22:45,48.96
12/30/18 22:30,48.48
12/30/18 22:15,47.52
12/30/18 22:00,48.96
12/30/18 21:45,48.96
12/30/18 21:30,48
12/30/18 21:15,47.52
12/30/18 21:00,49.44
12/30/18 20:45,48.48
12/30/18 20:30,48.48
12/30/18 20:15,50.4
12/30/18 20:00,49.44
12/30/18 19:45,49.92
12/30/18 19:30,48
12/30/18 19:15,46.08
12/30/18 19:00,46.08
12/30/18 18:45,47.52
12/30/18 18:30,46.56
12/30/18 18:15,48
12/30/18 18:00,48
12/30/18 17:45,47.04
12/30/18 17:30,47.52
12/30/18 17:15,52.32
12/30/18 17:00,43.2
12/30/18 16:45,36.96
12/30/18 16:30,31.68
12/30/18 16:15,30.24
12/30/18 16:00,29.76
12/30/18 15:45,34.08
12/30/18 15:30,31.2
12/30/18 15:15,34.56
12/30/18 15:00,35.52
12/30/18 14:45,31.68
12/30/18 14:30,34.56
12/30/18 14:15,33.6
12/30/18 14:00,30.72
12/30/18 13:45,36.48
12/30/18 13:30,35.52
12/30/18 13:15,34.08
12/30/18 13:00,55.2
12/30/18 12:45,52.8
12/30/18 12:30,54.24
12/30/18 12:15,56.64
12/30/18 12:00,53.28
12/30/18 11:45,60.96
12/30/18 11:30,65.28
12/30/18 11:15,64.8
12/30/18 11:00,59.04
12/30/18 10:45,59.52
12/30/18 10:30,60.48
12/30/18 10:15,63.36
12/30/18 10:00,60.48
12/30/18 9:45,52.8
12/30/18 9:30,52.32
12/30/18 9:15,56.16
12/30/18 9:00,58.56
12/30/18 8:45,56.64
12/30/18 8:30,60.96
12/30/18 8:15,62.88
12/30/18 8:00,64.32
12/30/18 7:45,61.44
12/30/18 7:30,63.36
12/30/18 7:15,67.2
12/30/18 7:00,66.72
12/30/18 6:45,73.44
12/30/18 6:30,78.72
12/30/18 6:15,85.92
12/30/18 6:00,90.24
12/30/18 5:45,90.72
12/30/18 5:30,86.4
12/30/18 5:15,80.16
12/30/18 5:00,67.68
12/30/18 4:45,48.96
12/30/18 4:30,46.56
12/30/18 4:15,47.04
12/30/18 4:00,46.56
12/30/18 3:45,49.92
12/30/18 3:30,47.52
12/30/18 3:15,46.08
12/30/18 3:00,48.96
12/30/18 2:45,46.08
12/30/18 2:30,47.52
12/30/18 2:15,48.96
12/30/18 2:00,47.52
12/30/18 1:45,47.52
12/30/18 1:30,47.04
12/30/18 1:15,47.52
12/30/18 1:00,48.96
12/30/18 0:45,47.04
12/30/18 0:30,47.04
12/30/18 0:15,49.44
12/30/18 0:00,47.52
12/29/18 23:45,49.44
12/29/18 23:30,48.96
12/29/18 23:15,49.92
12/29/18 23:00,49.92
12/29/18 22:45,54.24
12/29/18 22:30,56.16
12/29/18 22:15,60.96
12/29/18 22:00,62.4
12/29/18 21:45,65.28
12/29/18 21:30,67.2
12/29/18 21:15,62.88
12/29/18 21:00,61.92
12/29/18 20:45,55.68
12/29/18 20:30,56.16
12/29/18 20:15,60.48
12/29/18 20:00,55.68
12/29/18 19:45,139.68
12/29/18 19:30,168
12/29/18 19:15,171.84
12/29/18 19:00,169.44
12/29/18 18:45,166.56
12/29/18 18:30,168.96
12/29/18 18:15,170.4
12/29/18 18:00,172.8
12/29/18 17:45,185.76
12/29/18 17:30,171.84
12/29/18 17:15,172.32
12/29/18 17:00,166.56
12/29/18 16:45,158.88
12/29/18 16:30,42.24
12/29/18 16:15,34.08
12/29/18 16:00,43.68
12/29/18 15:45,50.88
12/29/18 15:30,48.96
12/29/18 15:15,52.8
12/29/18 15:00,49.92
12/29/18 14:45,49.44
12/29/18 14:30,51.84
12/29/18 14:15,50.4
12/29/18 14:00,50.88
12/29/18 13:45,53.28
12/29/18 13:30,48
12/29/18 13:15,48.48
12/29/18 13:00,51.84
12/29/18 12:45,48.48
12/29/18 12:30,48
12/29/18 12:15,51.84
12/29/18 12:00,49.92
12/29/18 11:45,49.44
12/29/18 11:30,49.44
12/29/18 11:15,56.16
12/29/18 11:00,49.92
12/29/18 10:45,51.84
12/29/18 10:30,48.96
12/29/18 10:15,50.88
12/29/18 10:00,50.4
12/29/18 9:45,49.44
12/29/18 9:30,49.44
12/29/18 9:15,52.8
12/29/18 9:00,52.8
12/29/18 8:45,49.92
12/29/18 8:30,52.32
12/29/18 8:15,45.6
12/29/18 8:00,36
12/29/18 7:45,36.48
12/29/18 7:30,35.04
12/29/18 7:15,36.48
12/29/18 7:00,32.64
12/29/18 6:45,35.04
12/29/18 6:30,41.76
12/29/18 6:15,45.6
12/29/18 6:00,48
12/29/18 5:45,50.4
12/29/18 5:30,51.84
12/29/18 5:15,50.4
12/29/18 5:00,51.84
12/29/18 4:45,49.44
12/29/18 4:30,49.92
12/29/18 4:15,49.92
12/29/18 4:00,51.36
12/29/18 3:45,50.88
12/29/18 3:30,51.84
12/29/18 3:15,50.88
12/29/18 3:00,53.28
12/29/18 2:45,48.96
12/29/18 2:30,48
12/29/18 2:15,51.36
12/29/18 2:00,56.16
12/29/18 1:45,58.56
12/29/18 1:30,56.64
12/29/18 1:15,58.08
12/29/18 1:00,54.72
12/29/18 0:45,49.92
12/29/18 0:30,48.96
12/29/18 0:15,49.92
12/29/18 0:00,49.44
12/28/18 23:45,53.76
12/28/18 23:30,49.92
12/28/18 23:15,49.92
12/28/18 23:00,50.88
12/28/18 22:45,51.84
12/28/18 22:30,51.84
12/28/18 22:15,51.36
12/28/18 22:00,53.28
12/28/18 21:45,51.84
12/28/18 21:30,51.84
12/28/18 21:15,50.88
12/28/18 21:00,48.48
12/28/18 20:45,55.2
12/28/18 20:30,73.44
12/28/18 20:15,73.92
12/28/18 20:00,74.4
12/28/18 19:45,73.92
12/28/18 19:30,72.96
12/28/18 19:15,73.92
12/28/18 19:00,76.32
12/28/18 18:45,73.44
12/28/18 18:30,72.96
12/28/18 18:15,75.36
12/28/18 18:00,78.72
12/28/18 17:45,78.24
12/28/18 17:30,80.64
12/28/18 17:15,75.36
12/28/18 17:00,71.52
12/28/18 16:45,67.2
12/28/18 16:30,57.6
12/28/18 16:15,59.52
12/28/18 16:00,61.92
12/28/18 15:45,60.96
12/28/18 15:30,58.56
12/28/18 15:15,60.96
12/28/18 15:00,58.08
12/28/18 14:45,55.68
12/28/18 14:30,56.64
12/28/18 14:15,60.96
12/28/18 14:00,60.48
12/28/18 13:45,58.08
12/28/18 13:30,58.56
12/28/18 13:15,58.56
12/28/18 13:00,62.4
12/28/18 12:45,61.92
12/28/18 12:30,65.28
12/28/18 12:15,63.84
12/28/18 12:00,60.96
12/28/18 11:45,60.48
12/28/18 11:30,57.6
12/28/18 11:15,61.92
12/28/18 11:00,60
12/28/18 10:45,58.56
12/28/18 10:30,61.44
12/28/18 10:15,59.52
12/28/18 10:00,58.08
12/28/18 9:45,61.44
12/28/18 9:30,59.04
12/28/18 9:15,60.48
12/28/18 9:00,45.6
12/28/18 8:45,36.96
12/28/18 8:30,36.48
12/28/18 8:15,37.44
12/28/18 8:00,37.44
12/28/18 7:45,35.04
12/28/18 7:30,35.04
12/28/18 7:15,37.92
12/28/18 7:00,36.96
12/28/18 6:45,37.44
12/28/18 6:30,39.84
12/28/18 6:15,45.6
12/28/18 6:00,48
12/28/18 5:45,48
12/28/18 5:30,50.4
12/28/18 5:15,49.44
12/28/18 5:00,46.56
12/28/18 4:45,47.04
12/28/18 4:30,44.64
12/28/18 4:15,47.52
12/28/18 4:00,48
12/28/18 3:45,45.6
12/28/18 3:30,47.52
12/28/18 3:15,47.52
12/28/18 3:00,46.08
12/28/18 2:45,46.08
12/28/18 2:30,45.6
12/28/18 2:15,46.56
12/28/18 2:00,47.04
12/28/18 1:45,47.04
12/28/18 1:30,48.48
12/28/18 1:15,48
12/28/18 1:00,46.56
12/28/18 0:45,46.56
12/28/18 0:30,45.6
12/28/18 0:15,46.08
12/28/18 0:00,46.56
12/27/18 23:45,47.52
12/27/18 23:30,48
12/27/18 23:15,47.52
12/27/18 23:00,46.56
12/27/18 22:45,51.36
12/27/18 22:30,54.24
12/27/18 22:15,55.68
12/27/18 22:00,56.16
12/27/18 21:45,58.08
12/27/18 21:30,58.56
12/27/18 21:15,56.64
12/27/18 21:00,58.08
12/27/18 20:45,46.56
12/27/18 20:30,47.04
12/27/18 20:15,48
12/27/18 20:00,47.52
12/27/18 19:45,49.92
12/27/18 19:30,49.44
12/27/18 19:15,49.44
12/27/18 19:00,50.4
12/27/18 18:45,51.36
12/27/18 18:30,47.04
12/27/18 18:15,49.44
12/27/18 18:00,63.36
12/27/18 17:45,69.6
12/27/18 17:30,69.6
12/27/18 17:15,74.4
12/27/18 17:00,67.68
12/27/18 16:45,60.48
12/27/18 16:30,58.08
12/27/18 16:15,51.84
12/27/18 16:00,50.88
12/27/18 15:45,55.2
12/27/18 15:30,52.8
12/27/18 15:15,56.16
12/27/18 15:00,55.2
12/27/18 14:45,54.24
12/27/18 14:30,55.68
12/27/18 14:15,56.16
12/27/18 14:00,54.72
12/27/18 13:45,57.6
12/27/18 13:30,52.8
12/27/18 13:15,51.84
12/27/18 13:00,56.64
12/27/18 12:45,57.6
12/27/18 12:30,54.72
12/27/18 12:15,59.52
12/27/18 12:00,56.16
12/27/18 11:45,57.12
12/27/18 11:30,59.04
12/27/18 11:15,59.04
12/27/18 11:00,59.04
12/27/18 10:45,60.48
12/27/18 10:30,57.6
12/27/18 10:15,59.52
12/27/18 10:00,57.12
12/27/18 9:45,57.6
12/27/18 9:30,59.04
12/27/18 9:15,60.96
12/27/18 9:00,60.48
12/27/18 8:45,59.04
12/27/18 8:30,54.24
12/27/18 8:15,56.16
12/27/18 8:00,52.8
12/27/18 7:45,35.52
12/27/18 7:30,32.64
12/27/18 7:15,35.04
12/27/18 7:00,35.04
12/27/18 6:45,38.4
12/27/18 6:30,42.72
12/27/18 6:15,44.64
12/27/18 6:00,44.64
12/27/18 5:45,46.08
12/27/18 5:30,48
12/27/18 5:15,46.08
12/27/18 5:00,46.08
12/27/18 4:45,46.56
12/27/18 4:30,44.64
12/27/18 4:15,46.56
12/27/18 4:00,47.04
12/27/18 3:45,47.52
12/27/18 3:30,48.48
12/27/18 3:15,48
12/27/18 3:00,45.6
12/27/18 2:45,47.04
12/27/18 2:30,47.52
12/27/18 2:15,48
12/27/18 2:00,55.68
12/27/18 1:45,53.28
12/27/18 1:30,53.76
12/27/18 1:15,51.84
12/27/18 1:00,51.84
12/27/18 0:45,46.56
12/27/18 0:30,44.64
12/27/18 0:15,47.04
12/27/18 0:00,45.6
12/26/18 23:45,46.56
12/26/18 23:30,45.6
12/26/18 23:15,48
12/26/18 23:00,47.52
12/26/18 22:45,49.92
12/26/18 22:30,52.8
12/26/18 22:15,53.28
12/26/18 22:00,56.16
12/26/18 21:45,54.72
12/26/18 21:30,57.12
12/26/18 21:15,57.12
12/26/18 21:00,54.72
12/26/18 20:45,48.96
12/26/18 20:30,46.08
12/26/18 20:15,46.56
12/26/18 20:00,46.56
12/26/18 19:45,47.52
12/26/18 19:30,47.04
12/26/18 19:15,45.12
12/26/18 19:00,46.08
12/26/18 18:45,48.48
12/26/18 18:30,50.4
12/26/18 18:15,50.88
12/26/18 18:00,50.4
12/26/18 17:45,48
12/26/18 17:30,48.96
12/26/18 17:15,50.88
12/26/18 17:00,58.08
12/26/18 16:45,60
12/26/18 16:30,53.76
12/26/18 16:15,50.88
12/26/18 16:00,52.8
12/26/18 15:45,55.68
12/26/18 15:30,53.76
12/26/18 15:15,60.48
12/26/18 15:00,54.72
12/26/18 14:45,55.68
12/26/18 14:30,60.48
12/26/18 14:15,55.68
12/26/18 14:00,58.56
12/26/18 13:45,59.52
12/26/18 13:30,55.2
12/26/18 13:15,56.64
12/26/18 13:00,61.44
12/26/18 12:45,58.08
12/26/18 12:30,57.6
12/26/18 12:15,60.48
12/26/18 12:00,57.12
12/26/18 11:45,59.04
12/26/18 11:30,58.56
12/26/18 11:15,56.64
12/26/18 11:00,53.76
12/26/18 10:45,55.2
12/26/18 10:30,55.2
12/26/18 10:15,53.28
12/26/18 10:00,50.88
12/26/18 9:45,36
12/26/18 9:30,39.36
12/26/18 9:15,38.4
12/26/18 9:00,40.32
12/26/18 8:45,37.44
12/26/18 8:30,42.24
12/26/18 8:15,54.72
12/26/18 8:00,53.76
12/26/18 7:45,45.6
12/26/18 7:30,32.64
12/26/18 7:15,38.4
12/26/18 7:00,40.32
12/26/18 6:45,39.84
12/26/18 6:30,45.12
12/26/18 6:15,44.16
12/26/18 6:00,48.48
12/26/18 5:45,50.4
12/26/18 5:30,49.92
12/26/18 5:15,52.8
12/26/18 5:00,51.84
12/26/18 4:45,52.32
12/26/18 4:30,52.8
12/26/18 4:15,50.88
12/26/18 4:00,51.36
12/26/18 3:45,52.8
12/26/18 3:30,48.96
12/26/18 3:15,50.88
12/26/18 3:00,51.36
12/26/18 2:45,50.88
12/26/18 2:30,53.76
12/26/18 2:15,54.72
12/26/18 2:00,60.48
12/26/18 1:45,59.52
12/26/18 1:30,58.08
12/26/18 1:15,58.08
12/26/18 1:00,60.48
12/26/18 0:45,50.88
12/26/18 0:30,50.88
12/26/18 0:15,49.44
12/26/18 0:00,50.88
12/25/18 23:45,53.76
12/25/18 23:30,52.8
12/25/18 23:15,51.84
12/25/18 23:00,50.4
12/25/18 22:45,51.84
12/25/18 22:30,50.88
12/25/18 22:15,51.36
12/25/18 22:00,52.32
12/25/18 21:45,53.76
12/25/18 21:30,49.92
12/25/18 21:15,52.8
12/25/18 21:00,50.4
12/25/18 20:45,50.88
12/25/18 20:30,51.36
12/25/18 20:15,52.32
12/25/18 20:00,50.88
12/25/18 19:45,49.92
12/25/18 19:30,50.88
12/25/18 19:15,55.2
12/25/18 19:00,50.88
12/25/18 18:45,49.92
12/25/18 18:30,50.88
12/25/18 18:15,52.32
12/25/18 18:00,51.84
12/25/18 17:45,56.16
12/25/18 17:30,54.72
12/25/18 17:15,50.4
12/25/18 17:00,48.48
12/25/18 16:45,43.68
12/25/18 16:30,35.04
12/25/18 16:15,34.08
12/25/18 16:00,36.96
12/25/18 15:45,36.48
12/25/18 15:30,35.52
12/25/18 15:15,37.44
12/25/18 15:00,34.56
12/25/18 14:45,36.48
12/25/18 14:30,37.44
12/25/18 14:15,35.52
12/25/18 14:00,36.48
12/25/18 13:45,37.44
12/25/18 13:30,33.6
12/25/18 13:15,35.04
12/25/18 13:00,37.92
12/25/18 12:45,36.96
12/25/18 12:30,35.52
12/25/18 12:15,38.4
12/25/18 12:00,36.96
12/25/18 11:45,36.96
12/25/18 11:30,38.4
12/25/18 11:15,36.48
12/25/18 11:00,35.04
12/25/18 10:45,36.96
12/25/18 10:30,37.44
12/25/18 10:15,36.48
12/25/18 10:00,36.48
12/25/18 9:45,36.96
12/25/18 9:30,36.96
12/25/18 9:15,35.04
12/25/18 9:00,37.44
12/25/18 8:45,38.88
12/25/18 8:30,36
12/25/18 8:15,34.08
12/25/18 8:00,33.6
12/25/18 7:45,36.48
12/25/18 7:30,34.08
12/25/18 7:15,37.44
12/25/18 7:00,37.44
12/25/18 6:45,41.28
12/25/18 6:30,38.88
12/25/18 6:15,43.68
12/25/18 6:00,47.04
12/25/18 5:45,53.28
12/25/18 5:30,52.32
12/25/18 5:15,50.88
12/25/18 5:00,48.48
12/25/18 4:45,53.28
12/25/18 4:30,49.44
12/25/18 4:15,50.4
12/25/18 4:00,52.32
12/25/18 3:45,51.84
12/25/18 3:30,50.4
12/25/18 3:15,50.88
12/25/18 3:00,51.84
12/25/18 2:45,51.84
12/25/18 2:30,48.48
12/25/18 2:15,49.92
12/25/18 2:00,53.76
12/25/18 1:45,49.92
12/25/18 1:30,50.88
12/25/18 1:15,51.36
12/25/18 1:00,52.8
12/25/18 0:45,50.4
12/25/18 0:30,48.48
12/25/18 0:15,53.28
12/25/18 0:00,49.44
12/24/18 23:45,51.84
12/24/18 23:30,53.28
12/24/18 23:15,53.28
12/24/18 23:00,50.88
12/24/18 22:45,54.72
12/24/18 22:30,60.96
12/24/18 22:15,58.08
12/24/18 22:00,57.6
12/24/18 21:45,60.48
12/24/18 21:30,62.88
12/24/18 21:15,60
12/24/18 21:00,58.08
12/24/18 20:45,52.8
12/24/18 20:30,51.36
12/24/18 20:15,49.44
12/24/18 20:00,53.28
12/24/18 19:45,52.8
12/24/18 19:30,48.96
12/24/18 19:15,52.32
12/24/18 19:00,51.36
12/24/18 18:45,50.4
12/24/18 18:30,52.8
12/24/18 18:15,50.4
12/24/18 18:00,48.96
12/24/18 17:45,53.28
12/24/18 17:30,53.28
12/24/18 17:15,54.72
12/24/18 17:00,52.32
12/24/18 16:45,41.76
12/24/18 16:30,34.08
12/24/18 16:15,33.12
12/24/18 16:00,34.08
12/24/18 15:45,36.96
12/24/18 15:30,34.56
12/24/18 15:15,36
12/24/18 15:00,37.92
12/24/18 14:45,36
12/24/18 14:30,40.32
12/24/18 14:15,39.36
12/24/18 14:00,34.56
12/24/18 13:45,38.88
12/24/18 13:30,37.44
12/24/18 13:15,34.56
12/24/18 13:00,39.36
12/24/18 12:45,36
12/24/18 12:30,36.96
12/24/18 12:15,39.36
12/24/18 12:00,36
12/24/18 11:45,36.96
12/24/18 11:30,43.2
12/24/18 11:15,36.48
12/24/18 11:00,37.44
12/24/18 10:45,41.28
12/24/18 10:30,39.84
12/24/18 10:15,40.8
12/24/18 10:00,39.36
12/24/18 9:45,39.36
12/24/18 9:30,37.92
12/24/18 9:15,38.4
12/24/18 9:00,39.36
12/24/18 8:45,39.84
12/24/18 8:30,39.84
12/24/18 8:15,35.04
12/24/18 8:00,38.4
12/24/18 7:45,37.44
12/24/18 7:30,35.52
12/24/18 7:15,35.52
12/24/18 7:00,35.04
12/24/18 6:45,35.04
12/24/18 6:30,40.32
12/24/18 6:15,47.04
12/24/18 6:00,47.04
12/24/18 5:45,47.52
12/24/18 5:30,47.52
12/24/18 5:15,49.92
12/24/18 5:00,48.96
12/24/18 4:45,48
12/24/18 4:30,48
12/24/18 4:15,48
12/24/18 4:00,49.92
12/24/18 3:45,48.96
12/24/18 3:30,47.52
12/24/18 3:15,48.96
12/24/18 3:00,48
12/24/18 2:45,48.96
12/24/18 2:30,48.48
12/24/18 2:15,52.32
12/24/18 2:00,60.48
12/24/18 1:45,58.08
12/24/18 1:30,53.76
12/24/18 1:15,54.72
12/24/18 1:00,54.24
12/24/18 0:45,50.4
12/24/18 0:30,47.52
12/24/18 0:15,48
12/24/18 0:00,47.52
12/23/18 23:45,50.88
12/23/18 23:30,49.44
12/23/18 23:15,48.96
12/23/18 23:00,49.44
12/23/18 22:45,49.44
12/23/18 22:30,48
12/23/18 22:15,48
12/23/18 22:00,50.88
12/23/18 21:45,48.48
12/23/18 21:30,47.52
12/23/18 21:15,50.4
12/23/18 21:00,48
12/23/18 20:45,49.44
12/23/18 20:30,49.44
12/23/18 20:15,50.88
12/23/18 20:00,50.4
12/23/18 19:45,50.4
12/23/18 19:30,48.48
12/23/18 19:15,47.04
12/23/18 19:00,49.44
12/23/18 18:45,47.52
12/23/18 18:30,47.52
12/23/18 18:15,50.4
12/23/18 18:00,48.48
12/23/18 17:45,51.84
12/23/18 17:30,52.8
12/23/18 17:15,49.92
12/23/18 17:00,47.04
12/23/18 16:45,40.32
12/23/18 16:30,34.08
12/23/18 16:15,34.08
12/23/18 16:00,30.72
12/23/18 15:45,35.04
12/23/18 15:30,34.56
12/23/18 15:15,31.2
12/23/18 15:00,36.96
12/23/18 14:45,39.36
12/23/18 14:30,38.4
12/23/18 14:15,36.96
12/23/18 14:00,35.04
12/23/18 13:45,35.52
12/23/18 13:30,34.08
12/23/18 13:15,36
12/23/18 13:00,42.72
12/23/18 12:45,47.04
12/23/18 12:30,57.12
12/23/18 12:15,59.52
12/23/18 12:00,59.52
12/23/18 11:45,59.04
12/23/18 11:30,63.84
12/23/18 11:15,60.96
12/23/18 11:00,51.36
12/23/18 10:45,55.2
12/23/18 10:30,54.24
12/23/18 10:15,57.6
12/23/18 10:00,57.6
12/23/18 9:45,56.16
12/23/18 9:30,54.72
12/23/18 9:15,55.2
12/23/18 9:00,54.24
12/23/18 8:45,60
12/23/18 8:30,54.72
12/23/18 8:15,57.12
12/23/18 8:00,55.68
12/23/18 7:45,57.6
12/23/18 7:30,57.12
12/23/18 7:15,58.56
12/23/18 7:00,62.88
12/23/18 6:45,62.4
12/23/18 6:30,72.48
12/23/18 6:15,73.44
12/23/18 6:00,79.68
12/23/18 5:45,82.08
12/23/18 5:30,78.72
12/23/18 5:15,72.96
12/23/18 5:00,51.84
12/23/18 4:45,48.48
12/23/18 4:30,46.56
12/23/18 4:15,49.92
12/23/18 4:00,47.04
12/23/18 3:45,46.08
12/23/18 3:30,48
12/23/18 3:15,50.4
12/23/18 3:00,47.04
12/23/18 2:45,47.04
12/23/18 2:30,47.52
12/23/18 2:15,48.96
12/23/18 2:00,48
12/23/18 1:45,48.96
12/23/18 1:30,48.96
12/23/18 1:15,48.96
12/23/18 1:00,48.48
12/23/18 0:45,47.04
12/23/18 0:30,47.52
12/23/18 0:15,48.96
12/23/18 0:00,46.56
12/22/18 23:45,51.36
12/22/18 23:30,48
12/22/18 23:15,50.88
12/22/18 23:00,48.48
12/22/18 22:45,51.36
12/22/18 22:30,56.64
12/22/18 22:15,55.2
12/22/18 22:00,60
12/22/18 21:45,60
12/22/18 21:30,58.56
12/22/18 21:15,58.56
12/22/18 21:00,56.16
12/22/18 20:45,49.92
12/22/18 20:30,48.96
12/22/18 20:15,48
12/22/18 20:00,50.88
12/22/18 19:45,49.92
12/22/18 19:30,48.96
12/22/18 19:15,48
12/22/18 19:00,51.36
12/22/18 18:45,49.44
12/22/18 18:30,49.44
12/22/18 18:15,49.44
12/22/18 18:00,47.52
12/22/18 17:45,50.88
12/22/18 17:30,48.96
12/22/18 17:15,48.96
12/22/18 17:00,47.04
12/22/18 16:45,40.32
12/22/18 16:30,36.96
12/22/18 16:15,40.32
12/22/18 16:00,49.44
12/22/18 15:45,64.32
12/22/18 15:30,73.44
12/22/18 15:15,65.28
12/22/18 15:00,67.2
12/22/18 14:45,78.24
12/22/18 14:30,65.76
12/22/18 14:15,75.36
12/22/18 14:00,61.44
12/22/18 13:45,63.36
12/22/18 13:30,74.88
12/22/18 13:15,61.44
12/22/18 13:00,63.36
12/22/18 12:45,58.56
12/22/18 12:30,61.44
12/22/18 12:15,80.16
12/22/18 12:00,65.76
12/22/18 11:45,52.8
12/22/18 11:30,54.24
12/22/18 11:15,54.24
12/22/18 11:00,54.72
12/22/18 10:45,57.12
12/22/18 10:30,53.76
12/22/18 10:15,55.2
12/22/18 10:00,57.12
12/22/18 9:45,54.72
12/22/18 9:30,45.6
12/22/18 9:15,35.04
12/22/18 9:00,34.08
12/22/18 8:45,38.88
12/22/18 8:30,34.08
12/22/18 8:15,31.68
12/22/18 8:00,31.2
12/22/18 7:45,31.68
12/22/18 7:30,33.12
12/22/18 7:15,31.68
12/22/18 7:00,31.68
12/22/18 6:45,32.64
12/22/18 6:30,40.32
12/22/18 6:15,42.24
12/22/18 6:00,44.16
12/22/18 5:45,47.52
12/22/18 5:30,48.96
12/22/18 5:15,47.04
12/22/18 5:00,47.52
12/22/18 4:45,47.04
12/22/18 4:30,45.12
12/22/18 4:15,47.04
12/22/18 4:00,46.08
12/22/18 3:45,47.04
12/22/18 3:30,46.08
12/22/18 3:15,47.04
12/22/18 3:00,45.6
12/22/18 2:45,46.56
12/22/18 2:30,51.84
12/22/18 2:15,49.44
12/22/18 2:00,54.72
12/22/18 1:45,53.28
12/22/18 1:30,55.2
12/22/18 1:15,55.2
12/22/18 1:00,53.76
12/22/18 0:45,45.6
12/22/18 0:30,47.52
12/22/18 0:15,48
12/22/18 0:00,45.12
12/21/18 23:45,47.52
12/21/18 23:30,48.48
12/21/18 23:15,48
12/21/18 23:00,53.28
12/21/18 22:45,47.04
12/21/18 22:30,48.96
12/21/18 22:15,47.04
12/21/18 22:00,48.48
12/21/18 21:45,50.88
12/21/18 21:30,49.92
12/21/18 21:15,48
12/21/18 21:00,49.44
12/21/18 20:45,54.72
12/21/18 20:30,51.84
12/21/18 20:15,50.88
12/21/18 20:00,58.08
12/21/18 19:45,56.64
12/21/18 19:30,62.88
12/21/18 19:15,78.72
12/21/18 19:00,68.64
12/21/18 18:45,73.92
12/21/18 18:30,72
12/21/18 18:15,71.52
12/21/18 18:00,79.68
12/21/18 17:45,74.88
12/21/18 17:30,75.36
12/21/18 17:15,81.12
12/21/18 17:00,81.6
12/21/18 16:45,73.44
12/21/18 16:30,68.64
12/21/18 16:15,73.92
12/21/18 16:00,87.84
12/21/18 15:45,79.2
12/21/18 15:30,82.08
12/21/18 15:15,92.64
12/21/18 15:00,105.12
12/21/18 14:45,108
12/21/18 14:30,107.52
12/21/18 14:15,105.12
12/21/18 14:00,111.36
12/21/18 13:45,107.52
12/21/18 13:30,113.28
12/21/18 13:15,112.32
12/21/18 13:00,110.88
12/21/18 12:45,123.36
12/21/18 12:30,117.12
12/21/18 12:15,112.8
12/21/18 12:00,120
12/21/18 11:45,120
12/21/18 11:30,120
12/21/18 11:15,125.28
12/21/18 11:00,119.52
12/21/18 10:45,124.8
12/21/18 10:30,117.12
12/21/18 10:15,115.68
12/21/18 10:00,115.68
12/21/18 9:45,111.36
12/21/18 9:30,99.36
12/21/18 9:15,81.12
12/21/18 9:00,82.08
12/21/18 8:45,74.4
12/21/18 8:30,70.08
12/21/18 8:15,70.56
12/21/18 8:00,74.4
12/21/18 7:45,77.28
12/21/18 7:30,69.12
12/21/18 7:15,58.56
12/21/18 7:00,52.8
12/21/18 6:45,49.44
12/21/18 6:30,48
12/21/18 6:15,44.64
12/21/18 6:00,47.52
12/21/18 5:45,48.96
12/21/18 5:30,49.44
12/21/18 5:15,49.92
12/21/18 5:00,50.4
12/21/18 4:45,48.48
12/21/18 4:30,47.52
12/21/18 4:15,48.96
12/21/18 4:00,47.04
12/21/18 3:45,44.64
12/21/18 3:30,46.08
12/21/18 3:15,49.92
12/21/18 3:00,48
12/21/18 2:45,47.52
12/21/18 2:30,45.6
12/21/18 2:15,48
12/21/18 2:00,45.12
12/21/18 1:45,47.52
12/21/18 1:30,45.12
12/21/18 1:15,48
12/21/18 1:00,49.44
12/21/18 0:45,45.6
12/21/18 0:30,49.44
12/21/18 0:15,47.52
12/21/18 0:00,47.52
12/20/18 23:45,52.32
12/20/18 23:30,48.48
12/20/18 23:15,48.96
12/20/18 23:00,52.32
12/20/18 22:45,56.64
12/20/18 22:30,55.68
12/20/18 22:15,55.2
12/20/18 22:00,60
12/20/18 21:45,62.4
12/20/18 21:30,60.48
12/20/18 21:15,64.8
12/20/18 21:00,82.08
12/20/18 20:45,96
12/20/18 20:30,95.04
12/20/18 20:15,93.6
12/20/18 20:00,89.76
12/20/18 19:45,98.4
12/20/18 19:30,97.44
12/20/18 19:15,119.52
12/20/18 19:00,109.92
12/20/18 18:45,118.08
12/20/18 18:30,111.36
12/20/18 18:15,119.04
12/20/18 18:00,124.32
12/20/18 17:45,122.88
12/20/18 17:30,118.56
12/20/18 17:15,122.88
12/20/18 17:00,119.52
12/20/18 16:45,144
12/20/18 16:30,127.2
12/20/18 16:15,129.12
12/20/18 16:00,145.44
12/20/18 15:45,148.32
12/20/18 15:30,160.32
12/20/18 15:15,178.56
12/20/18 15:00,171.36
12/20/18 14:45,171.84
12/20/18 14:30,186.24
12/20/18 14:15,167.04
12/20/18 14:00,177.6
12/20/18 13:45,147.84
12/20/18 13:30,153.6
12/20/18 13:15,163.68
12/20/18 13:00,185.28
12/20/18 12:45,179.04
12/20/18 12:30,154.08
12/20/18 12:15,164.64
12/20/18 12:00,143.04
12/20/18 11:45,130.56
12/20/18 11:30,148.8
12/20/18 11:15,119.52
12/20/18 11:00,105.6
12/20/18 10:45,88.8
12/20/18 10:30,87.84
12/20/18 10:15,107.52
12/20/18 10:00,103.68
12/20/18 9:45,102.24
12/20/18 9:30,102.24
12/20/18 9:15,105.12
12/20/18 9:00,107.52
12/20/18 8:45,108
12/20/18 8:30,99.84
12/20/18 8:15,84.96
12/20/18 8:00,64.8
12/20/18 7:45,62.88
12/20/18 7:30,60.96
12/20/18 7:15,51.84
12/20/18 7:00,48.48
12/20/18 6:45,44.64
12/20/18 6:30,50.88
12/20/18 6:15,55.2
12/20/18 6:00,48.96
12/20/18 5:45,48.48
12/20/18 5:30,50.88
12/20/18 5:15,47.52
12/20/18 5:00,47.52
12/20/18 4:45,50.4
12/20/18 4:30,45.6
12/20/18 4:15,46.08
12/20/18 4:00,45.12
12/20/18 3:45,45.12
12/20/18 3:30,44.16
12/20/18 3:15,44.16
12/20/18 3:00,47.04
12/20/18 2:45,44.64
12/20/18 2:30,46.56
12/20/18 2:15,45.12
12/20/18 2:00,46.56
12/20/18 1:45,45.6
12/20/18 1:30,43.2
12/20/18 1:15,45.12
12/20/18 1:00,46.08
12/20/18 0:45,44.16
12/20/18 0:30,47.52
12/20/18 0:15,44.16
12/20/18 0:00,45.6
12/19/18 23:45,45.6
12/19/18 23:30,44.64
12/19/18 23:15,48.96
12/19/18 23:00,50.4
12/19/18 22:45,50.4
12/19/18 22:30,45.12
12/19/18 22:15,46.08
12/19/18 22:00,48.96
12/19/18 21:45,45.6
12/19/18 21:30,49.44
12/19/18 21:15,49.44
12/19/18 21:00,47.52
12/19/18 20:45,47.52
12/19/18 20:30,47.52
12/19/18 20:15,47.04
12/19/18 20:00,53.76
12/19/18 19:45,72.48
12/19/18 19:30,72.96
12/19/18 19:15,76.8
12/19/18 19:00,71.04
12/19/18 18:45,71.04
12/19/18 18:30,75.36
12/19/18 18:15,75.36
12/19/18 18:00,79.68
12/19/18 17:45,80.16
12/19/18 17:30,79.2
12/19/18 17:15,90.24
12/19/18 17:00,87.84
12/19/18 16:45,86.4
12/19/18 16:30,81.12
12/19/18 16:15,84
12/19/18 16:00,91.68
12/19/18 15:45,99.84
12/19/18 15:30,107.52
12/19/18 15:15,130.08
12/19/18 15:00,117.6
12/19/18 14:45,111.84
12/19/18 14:30,123.36
12/19/18 14:15,119.04
12/19/18 14:00,122.4
12/19/18 13:45,109.44
12/19/18 13:30,120
12/19/18 13:15,133.44
12/19/18 13:00,139.2
12/19/18 12:45,133.92
12/19/18 12:30,136.8
12/19/18 12:15,131.04
12/19/18 12:00,121.92
12/19/18 11:45,131.04
12/19/18 11:30,120.48
12/19/18 11:15,120.48
12/19/18 11:00,114.24
12/19/18 10:45,97.92
12/19/18 10:30,106.08
12/19/18 10:15,119.52
12/19/18 10:00,108
12/19/18 9:45,107.52
12/19/18 9:30,103.2
12/19/18 9:15,102.72
12/19/18 9:00,102.24
12/19/18 8:45,105.12
12/19/18 8:30,112.32
12/19/18 8:15,100.32
12/19/18 8:00,75.84
12/19/18 7:45,80.16
12/19/18 7:30,80.16
12/19/18 7:15,58.08
12/19/18 7:00,55.68
12/19/18 6:45,52.8
12/19/18 6:30,50.88
12/19/18 6:15,52.32
12/19/18 6:00,53.28
12/19/18 5:45,51.84
12/19/18 5:30,50.88
12/19/18 5:15,50.4
12/19/18 5:00,49.44
12/19/18 4:45,50.88
12/19/18 4:30,48.96
12/19/18 4:15,49.44
12/19/18 4:00,50.4
12/19/18 3:45,49.92
12/19/18 3:30,48.96
12/19/18 3:15,49.44
12/19/18 3:00,50.88
12/19/18 2:45,52.8
12/19/18 2:30,48
12/19/18 2:15,48.48
12/19/18 2:00,48.96
12/19/18 1:45,52.32
12/19/18 1:30,48.48
12/19/18 1:15,47.52
12/19/18 1:00,48.48
12/19/18 0:45,49.92
12/19/18 0:30,51.84
12/19/18 0:15,49.92
12/19/18 0:00,50.88
12/18/18 23:45,51.84
12/18/18 23:30,52.32
12/18/18 23:15,49.44
12/18/18 23:00,49.92
12/18/18 22:45,51.36
12/18/18 22:30,48.96
12/18/18 22:15,50.4
12/18/18 22:00,52.32
12/18/18 21:45,55.2
12/18/18 21:30,52.32
12/18/18 21:15,50.4
12/18/18 21:00,56.64
12/18/18 20:45,60.96
12/18/18 20:30,71.04
12/18/18 20:15,73.44
12/18/18 20:00,75.84
12/18/18 19:45,77.76
12/18/18 19:30,77.76
12/18/18 19:15,90.24
12/18/18 19:00,80.16
12/18/18 18:45,85.92
12/18/18 18:30,142.08
12/18/18 18:15,192.96
12/18/18 18:00,209.28
12/18/18 17:45,201.6
12/18/18 17:30,202.56
12/18/18 17:15,215.04
12/18/18 17:00,194.88
12/18/18 16:45,268.8
12/18/18 16:30,289.44
12/18/18 16:15,277.92
12/18/18 16:00,147.84
12/18/18 15:45,103.2
12/18/18 15:30,100.32
12/18/18 15:15,110.4
12/18/18 15:00,123.84
12/18/18 14:45,129.12
12/18/18 14:30,126.24
12/18/18 14:15,134.4
12/18/18 14:00,132
12/18/18 13:45,136.32
12/18/18 13:30,141.12
12/18/18 13:15,116.64
12/18/18 13:00,120.48
12/18/18 12:45,119.52
12/18/18 12:30,122.4
12/18/18 12:15,118.56
12/18/18 12:00,113.76
12/18/18 11:45,115.2
12/18/18 11:30,114.24
12/18/18 11:15,106.08
12/18/18 11:00,103.2
12/18/18 10:45,102.24
12/18/18 10:30,106.56
12/18/18 10:15,103.68
12/18/18 10:00,102.24
12/18/18 9:45,102.72
12/18/18 9:30,97.92
12/18/18 9:15,94.08
12/18/18 9:00,98.88
12/18/18 8:45,96.48
12/18/18 8:30,102.24
12/18/18 8:15,101.28
12/18/18 8:00,82.08
12/18/18 7:45,80.64
12/18/18 7:30,74.88
12/18/18 7:15,55.68
12/18/18 7:00,52.8
12/18/18 6:45,43.2
12/18/18 6:30,44.16
12/18/18 6:15,44.64
12/18/18 6:00,47.52
12/18/18 5:45,48.48
12/18/18 5:30,47.52
12/18/18 5:15,48.48
12/18/18 5:00,46.08
12/18/18 4:45,48
12/18/18 4:30,46.56
12/18/18 4:15,48.48
12/18/18 4:00,46.08
12/18/18 3:45,46.08
12/18/18 3:30,52.32
12/18/18 3:15,47.52
12/18/18 3:00,46.56
12/18/18 2:45,46.08
12/18/18 2:30,49.44
12/18/18 2:15,46.56
12/18/18 2:00,46.56
12/18/18 1:45,48.96
12/18/18 1:30,46.08
12/18/18 1:15,47.04
12/18/18 1:00,47.52
12/18/18 0:45,48.48
12/18/18 0:30,49.92
12/18/18 0:15,48.48
12/18/18 0:00,50.4
12/17/18 23:45,48.96
12/17/18 23:30,49.92
12/17/18 23:15,53.28
12/17/18 23:00,49.44
12/17/18 22:45,49.92
12/17/18 22:30,66.24
12/17/18 22:15,71.04
12/17/18 22:00,70.08
12/17/18 21:45,75.36
12/17/18 21:30,76.8
12/17/18 21:15,72.48
12/17/18 21:00,77.76
12/17/18 20:45,77.76
12/17/18 20:30,79.2
12/17/18 20:15,80.16
12/17/18 20:00,81.6
12/17/18 19:45,84
12/17/18 19:30,94.56
12/17/18 19:15,90.24
12/17/18 19:00,95.04
12/17/18 18:45,96.48
12/17/18 18:30,87.84
12/17/18 18:15,98.88
12/17/18 18:00,98.4
12/17/18 17:45,146.4
12/17/18 17:30,210.72
12/17/18 17:15,226.56
12/17/18 17:00,275.52
12/17/18 16:45,345.6
12/17/18 16:30,300.96
12/17/18 16:15,174.72
12/17/18 16:00,89.28
12/17/18 15:45,98.4
12/17/18 15:30,118.08
12/17/18 15:15,130.56
12/17/18 15:00,138.72
12/17/18 14:45,148.32
12/17/18 14:30,142.08
12/17/18 14:15,144.96
12/17/18 14:00,146.88
12/17/18 13:45,141.12
12/17/18 13:30,134.88
12/17/18 13:15,140.16
12/17/18 13:00,135.84
12/17/18 12:45,119.52
12/17/18 12:30,112.8
12/17/18 12:15,119.52
12/17/18 12:00,124.8
12/17/18 11:45,121.92
12/17/18 11:30,123.84
12/17/18 11:15,130.08
12/17/18 11:00,125.28
12/17/18 10:45,131.04
12/17/18 10:30,124.8
12/17/18 10:15,116.64
12/17/18 10:00,122.4
12/17/18 9:45,120.96
12/17/18 9:30,120.96
12/17/18 9:15,118.56
12/17/18 9:00,117.12
12/17/18 8:45,118.08
12/17/18 8:30,121.44
12/17/18 8:15,117.6
12/17/18 8:00,83.04
12/17/18 7:45,77.76
12/17/18 7:30,92.64
12/17/18 7:15,60.96
12/17/18 7:00,48.96
12/17/18 6:45,45.6
12/17/18 6:30,46.56
12/17/18 6:15,49.44
12/17/18 6:00,48.96
12/17/18 5:45,51.36
12/17/18 5:30,49.44
12/17/18 5:15,50.88
12/17/18 5:00,53.28
12/17/18 4:45,50.4
12/17/18 4:30,47.04
12/17/18 4:15,48
12/17/18 4:00,49.92
12/17/18 3:45,49.92
12/17/18 3:30,49.44
12/17/18 3:15,50.4
12/17/18 3:00,47.52
12/17/18 2:45,52.8
12/17/18 2:30,48.96
12/17/18 2:15,49.44
12/17/18 2:00,49.44
12/17/18 1:45,48
12/17/18 1:30,48.96
12/17/18 1:15,48
12/17/18 1:00,49.92
12/17/18 0:45,48
12/17/18 0:30,49.92
12/17/18 0:15,49.44
12/17/18 0:00,52.32
12/16/18 23:45,49.92
12/16/18 23:30,51.84
12/16/18 23:15,49.92
12/16/18 23:00,49.44
12/16/18 22:45,50.88
12/16/18 22:30,53.28
12/16/18 22:15,52.8
12/16/18 22:00,49.92
12/16/18 21:45,48.96
12/16/18 21:30,52.8
12/16/18 21:15,49.92
12/16/18 21:00,52.32
12/16/18 20:45,54.72
12/16/18 20:30,50.4
12/16/18 20:15,50.88
12/16/18 20:00,51.36
12/16/18 19:45,53.76
12/16/18 19:30,51.36
12/16/18 19:15,50.4
12/16/18 19:00,50.4
12/16/18 18:45,50.4
12/16/18 18:30,50.4
12/16/18 18:15,50.4
12/16/18 18:00,53.76
12/16/18 17:45,50.88
12/16/18 17:30,54.24
12/16/18 17:15,50.88
12/16/18 17:00,54.72
12/16/18 16:45,43.2
12/16/18 16:30,36
12/16/18 16:15,38.4
12/16/18 16:00,38.88
12/16/18 15:45,41.76
12/16/18 15:30,38.4
12/16/18 15:15,39.84
12/16/18 15:00,40.32
12/16/18 14:45,40.32
12/16/18 14:30,48
12/16/18 14:15,52.8
12/16/18 14:00,62.88
12/16/18 13:45,65.76
12/16/18 13:30,66.24
12/16/18 13:15,64.32
12/16/18 13:00,66.24
12/16/18 12:45,63.36
12/16/18 12:30,60.48
12/16/18 12:15,64.8
12/16/18 12:00,65.28
12/16/18 11:45,75.36
12/16/18 11:30,81.12
12/16/18 11:15,72
12/16/18 11:00,61.92
12/16/18 10:45,60.96
12/16/18 10:30,65.76
12/16/18 10:15,69.12
12/16/18 10:00,64.8
12/16/18 9:45,63.36
12/16/18 9:30,64.8
12/16/18 9:15,64.8
12/16/18 9:00,62.4
12/16/18 8:45,60.96
12/16/18 8:30,68.16
12/16/18 8:15,66.72
12/16/18 8:00,62.88
12/16/18 7:45,63.84
12/16/18 7:30,64.8
12/16/18 7:15,63.84
12/16/18 7:00,64.8
12/16/18 6:45,70.56
12/16/18 6:30,80.16
12/16/18 6:15,83.52
12/16/18 6:00,84.48
12/16/18 5:45,84.48
12/16/18 5:30,82.56
12/16/18 5:15,83.04
12/16/18 5:00,81.6
12/16/18 4:45,75.84
12/16/18 4:30,52.8
12/16/18 4:15,54.72
12/16/18 4:00,56.16
12/16/18 3:45,55.2
12/16/18 3:30,54.72
12/16/18 3:15,53.76
12/16/18 3:00,55.2
12/16/18 2:45,57.6
12/16/18 2:30,53.76
12/16/18 2:15,56.16
12/16/18 2:00,54.24
12/16/18 1:45,54.24
12/16/18 1:30,54.24
12/16/18 1:15,59.04
12/16/18 1:00,58.56
12/16/18 0:45,55.2
12/16/18 0:30,55.68
12/16/18 0:15,57.6
12/16/18 0:00,75.84
12/15/18 23:45,89.28
12/15/18 23:30,92.16
12/15/18 23:15,99.84
12/15/18 23:00,97.44
12/15/18 22:45,96.96
12/15/18 22:30,98.88
12/15/18 22:15,100.8
12/15/18 22:00,103.68
12/15/18 21:45,102.24
12/15/18 21:30,110.88
12/15/18 21:15,108
12/15/18 21:00,86.88
12/15/18 20:45,86.4
12/15/18 20:30,89.28
12/15/18 20:15,92.16
12/15/18 20:00,85.44
12/15/18 19:45,92.16
12/15/18 19:30,91.68
12/15/18 19:15,104.16
12/15/18 19:00,96.48
12/15/18 18:45,98.88
12/15/18 18:30,106.08
12/15/18 18:15,102.72
12/15/18 18:00,115.68
12/15/18 17:45,104.64
12/15/18 17:30,106.08
12/15/18 17:15,104.16
12/15/18 17:00,107.52
12/15/18 16:45,104.64
12/15/18 16:30,97.92
12/15/18 16:15,103.2
12/15/18 16:00,128.16
12/15/18 15:45,92.16
12/15/18 15:30,81.12
12/15/18 15:15,80.16
12/15/18 15:00,79.68
12/15/18 14:45,80.64
12/15/18 14:30,78.72
12/15/18 14:15,81.6
12/15/18 14:00,80.16
12/15/18 13:45,72.96
12/15/18 13:30,68.16
12/15/18 13:15,62.88
12/15/18 13:00,69.12
12/15/18 12:45,73.44
12/15/18 12:30,69.12
12/15/18 12:15,65.76
12/15/18 12:00,66.72
12/15/18 11:45,65.76
12/15/18 11:30,66.72
12/15/18 11:15,67.2
12/15/18 11:00,67.2
12/15/18 10:45,61.44
12/15/18 10:30,60
12/15/18 10:15,59.04
12/15/18 10:00,56.16
12/15/18 9:45,59.04
12/15/18 9:30,59.04
12/15/18 9:15,56.64
12/15/18 9:00,57.12
12/15/18 8:45,55.68
12/15/18 8:30,56.16
12/15/18 8:15,43.2
12/15/18 8:00,36
12/15/18 7:45,34.08
12/15/18 7:30,31.2
12/15/18 7:15,34.08
12/15/18 7:00,36
12/15/18 6:45,37.92
12/15/18 6:30,41.76
12/15/18 6:15,42.24
12/15/18 6:00,48
12/15/18 5:45,48.96
12/15/18 5:30,49.44
12/15/18 5:15,51.36
12/15/18 5:00,48
12/15/18 4:45,50.4
12/15/18 4:30,50.4
12/15/18 4:15,49.92
12/15/18 4:00,50.4
12/15/18 3:45,50.4
12/15/18 3:30,50.88
12/15/18 3:15,49.92
12/15/18 3:00,48.96
12/15/18 2:45,50.88
12/15/18 2:30,49.92
12/15/18 2:15,48.96
12/15/18 2:00,49.92
12/15/18 1:45,52.32
12/15/18 1:30,50.4
12/15/18 1:15,50.4
12/15/18 1:00,50.4
12/15/18 0:45,52.32
12/15/18 0:30,52.32
12/15/18 0:15,49.92
12/15/18 0:00,49.92
12/14/18 23:45,50.4
12/14/18 23:30,53.76
12/14/18 23:15,50.4
12/14/18 23:00,51.84
12/14/18 22:45,52.32
12/14/18 22:30,53.76
12/14/18 22:15,54.72
12/14/18 22:00,53.28
12/14/18 21:45,57.6
12/14/18 21:30,58.08
12/14/18 21:15,55.68
12/14/18 21:00,71.04
12/14/18 20:45,75.84
12/14/18 20:30,73.92
12/14/18 20:15,59.52
12/14/18 20:00,55.2
12/14/18 19:45,58.08
12/14/18 19:30,69.12
12/14/18 19:15,73.92
12/14/18 19:00,75.36
12/14/18 18:45,81.6
12/14/18 18:30,81.12
12/14/18 18:15,82.56
12/14/18 18:00,92.64
12/14/18 17:45,197.28
12/14/18 17:30,199.68
12/14/18 17:15,198.72
12/14/18 17:00,203.52
12/14/18 16:45,202.08
12/14/18 16:30,200.16
12/14/18 16:15,112.8
12/14/18 16:00,95.52
12/14/18 15:45,95.04
12/14/18 15:30,109.92
12/14/18 15:15,112.8
12/14/18 15:00,113.76
12/14/18 14:45,124.32
12/14/18 14:30,128.16
12/14/18 14:15,129.6
12/14/18 14:00,122.4
12/14/18 13:45,127.68
12/14/18 13:30,128.64
12/14/18 13:15,128.64
12/14/18 13:00,125.76
12/14/18 12:45,115.2
12/14/18 12:30,111.84
12/14/18 12:15,115.2
12/14/18 12:00,121.44
12/14/18 11:45,119.52
12/14/18 11:30,120.48
12/14/18 11:15,125.28
12/14/18 11:00,121.92
12/14/18 10:45,122.88
12/14/18 10:30,121.44
12/14/18 10:15,112.8
12/14/18 10:00,113.76
12/14/18 9:45,112.8
12/14/18 9:30,115.2
12/14/18 9:15,117.12
12/14/18 9:00,110.4
12/14/18 8:45,112.8
12/14/18 8:30,115.2
12/14/18 8:15,97.44
12/14/18 8:00,72.48
12/14/18 7:45,73.92
12/14/18 7:30,80.64
12/14/18 7:15,68.16
12/14/18 7:00,59.04
12/14/18 6:45,52.8
12/14/18 6:30,44.16
12/14/18 6:15,47.04
12/14/18 6:00,52.8
12/14/18 5:45,53.76
12/14/18 5:30,51.84
12/14/18 5:15,51.36
12/14/18 5:00,53.76
12/14/18 4:45,54.24
12/14/18 4:30,49.92
12/14/18 4:15,49.44
12/14/18 4:00,50.4
12/14/18 3:45,49.44
12/14/18 3:30,49.92
12/14/18 3:15,50.88
12/14/18 3:00,50.4
12/14/18 2:45,49.44
12/14/18 2:30,51.36
12/14/18 2:15,51.84
12/14/18 2:00,49.92
12/14/18 1:45,49.44
12/14/18 1:30,48.48
12/14/18 1:15,49.92
12/14/18 1:00,50.88
12/14/18 0:45,51.84
12/14/18 0:30,52.32
12/14/18 0:15,51.36
12/14/18 0:00,52.8
12/13/18 23:45,51.84
12/13/18 23:30,54.24
12/13/18 23:15,50.88
12/13/18 23:00,52.32
12/13/18 22:45,50.88
12/13/18 22:30,50.88
12/13/18 22:15,53.28
12/13/18 22:00,55.68
12/13/18 21:45,53.28
12/13/18 21:30,52.32
12/13/18 21:15,56.64
12/13/18 21:00,53.76
12/13/18 20:45,54.24
12/13/18 20:30,64.8
12/13/18 20:15,72.48
12/13/18 20:00,73.44
12/13/18 19:45,77.76
12/13/18 19:30,72
12/13/18 19:15,78.24
12/13/18 19:00,81.12
12/13/18 18:45,77.28
12/13/18 18:30,76.8
12/13/18 18:15,82.08
12/13/18 18:00,81.6
12/13/18 17:45,86.4
12/13/18 17:30,147.84
12/13/18 17:15,202.08
12/13/18 17:00,202.56
12/13/18 16:45,263.04
12/13/18 16:30,277.44
12/13/18 16:15,96.48
12/13/18 16:00,101.28
12/13/18 15:45,115.68
12/13/18 15:30,134.88
12/13/18 15:15,143.52
12/13/18 15:00,140.16
12/13/18 14:45,151.2
12/13/18 14:30,169.92
12/13/18 14:15,144.96
12/13/18 14:00,147.36
12/13/18 13:45,156.96
12/13/18 13:30,156.96
12/13/18 13:15,149.76
12/13/18 13:00,147.36
12/13/18 12:45,141.12
12/13/18 12:30,145.92
12/13/18 12:15,142.08
12/13/18 12:00,137.28
12/13/18 11:45,127.68
12/13/18 11:30,131.04
12/13/18 11:15,136.8
12/13/18 11:00,133.92
12/13/18 10:45,136.8
12/13/18 10:30,126.72
12/13/18 10:15,127.2
12/13/18 10:00,129.12
12/13/18 9:45,130.56
12/13/18 9:30,127.68
12/13/18 9:15,122.4
12/13/18 9:00,121.92
12/13/18 8:45,125.76
12/13/18 8:30,125.28
12/13/18 8:15,115.2
12/13/18 8:00,85.44
12/13/18 7:45,84.48
12/13/18 7:30,86.88
12/13/18 7:15,79.2
12/13/18 7:00,74.88
12/13/18 6:45,67.68
12/13/18 6:30,71.52
12/13/18 6:15,72
12/13/18 6:00,76.8
12/13/18 5:45,79.68
12/13/18 5:30,75.84
12/13/18 5:15,55.2
12/13/18 5:00,54.72
12/13/18 4:45,52.32
12/13/18 4:30,51.36
12/13/18 4:15,49.44
12/13/18 4:00,50.4
12/13/18 3:45,49.44
12/13/18 3:30,51.84
12/13/18 3:15,51.36
12/13/18 3:00,48.48
12/13/18 2:45,49.44
12/13/18 2:30,51.84
12/13/18 2:15,50.88
12/13/18 2:00,51.36
12/13/18 1:45,49.44
12/13/18 1:30,47.52
12/13/18 1:15,50.88
12/13/18 1:00,51.84
12/13/18 0:45,50.4
12/13/18 0:30,48.96
12/13/18 0:15,48.96
12/13/18 0:00,53.76
12/12/18 23:45,52.8
12/12/18 23:30,51.84
12/12/18 23:15,50.88
12/12/18 23:00,52.8
12/12/18 22:45,49.92
12/12/18 22:30,51.36
12/12/18 22:15,55.2
12/12/18 22:00,56.16
12/12/18 21:45,61.92
12/12/18 21:30,60.48
12/12/18 21:15,64.8
12/12/18 21:00,65.28
12/12/18 20:45,81.6
12/12/18 20:30,80.16
12/12/18 20:15,78.72
12/12/18 20:00,80.64
12/12/18 19:45,84.48
12/12/18 19:30,75.84
12/12/18 19:15,77.28
12/12/18 19:00,82.08
12/12/18 18:45,86.88
12/12/18 18:30,87.36
12/12/18 18:15,88.32
12/12/18 18:00,91.2
12/12/18 17:45,94.56
12/12/18 17:30,91.2
12/12/18 17:15,93.12
12/12/18 17:00,95.04
12/12/18 16:45,170.4
12/12/18 16:30,193.44
12/12/18 16:15,201.12
12/12/18 16:00,123.36
12/12/18 15:45,111.84
12/12/18 15:30,119.52
12/12/18 15:15,127.2
12/12/18 15:00,122.4
12/12/18 14:45,138.72
12/12/18 14:30,143.04
12/12/18 14:15,137.76
12/12/18 14:00,142.08
12/12/18 13:45,140.16
12/12/18 13:30,139.2
12/12/18 13:15,128.16
12/12/18 13:00,116.16
12/12/18 12:45,120.96
12/12/18 12:30,120.48
12/12/18 12:15,124.8
12/12/18 12:00,125.76
12/12/18 11:45,128.16
12/12/18 11:30,125.76
12/12/18 11:15,124.8
12/12/18 11:00,124.32
12/12/18 10:45,125.28
12/12/18 10:30,123.84
12/12/18 10:15,119.04
12/12/18 10:00,105.12
12/12/18 9:45,78.72
12/12/18 9:30,76.8
12/12/18 9:15,82.08
12/12/18 9:00,100.32
12/12/18 8:45,105.6
12/12/18 8:30,110.88
12/12/18 8:15,125.76
12/12/18 8:00,99.36
12/12/18 7:45,102.72
12/12/18 7:30,98.88
12/12/18 7:15,88.8
12/12/18 7:00,66.24
12/12/18 6:45,46.08
12/12/18 6:30,45.6
12/12/18 6:15,50.88
12/12/18 6:00,53.76
12/12/18 5:45,53.28
12/12/18 5:30,51.36
12/12/18 5:15,51.84
12/12/18 5:00,52.8
12/12/18 4:45,50.88
12/12/18 4:30,48.96
12/12/18 4:15,48.96
12/12/18 4:00,52.32
12/12/18 3:45,52.8
12/12/18 3:30,52.32
12/12/18 3:15,50.4
12/12/18 3:00,50.88
12/12/18 2:45,48.48
12/12/18 2:30,49.44
12/12/18 2:15,50.88
12/12/18 2:00,48.96
12/12/18 1:45,49.44
12/12/18 1:30,48.48
12/12/18 1:15,50.4
12/12/18 1:00,49.44
12/12/18 0:45,52.32
12/12/18 0:30,50.4
12/12/18 0:15,48
12/12/18 0:00,52.32
12/11/18 23:45,52.32
12/11/18 23:30,51.36
12/11/18 23:15,49.44
12/11/18 23:00,50.88
12/11/18 22:45,52.8
12/11/18 22:30,51.36
12/11/18 22:15,51.84
12/11/18 22:00,53.76
12/11/18 21:45,54.24
12/11/18 21:30,58.56
12/11/18 21:15,58.08
12/11/18 21:00,79.2
12/11/18 20:45,173.28
12/11/18 20:30,197.28
12/11/18 20:15,191.04
12/11/18 20:00,195.36
12/11/18 19:45,196.8
12/11/18 19:30,192.96
12/11/18 19:15,199.2
12/11/18 19:00,200.16
12/11/18 18:45,203.52
12/11/18 18:30,205.44
12/11/18 18:15,200.16
12/11/18 18:00,204
12/11/18 17:45,210.72
12/11/18 17:30,206.88
12/11/18 17:15,214.56
12/11/18 17:00,218.4
12/11/18 16:45,221.76
12/11/18 16:30,222.72
12/11/18 16:15,186.24
12/11/18 16:00,111.36
12/11/18 15:45,118.56
12/11/18 15:30,132.96
12/11/18 15:15,151.2
12/11/18 15:00,138.24
12/11/18 14:45,134.4
12/11/18 14:30,161.28
12/11/18 14:15,152.64
12/11/18 14:00,153.12
12/11/18 13:45,144
12/11/18 13:30,137.76
12/11/18 13:15,133.92
12/11/18 13:00,138.72
12/11/18 12:45,127.2
12/11/18 12:30,120.96
12/11/18 12:15,117.6
12/11/18 12:00,130.56
12/11/18 11:45,119.52
12/11/18 11:30,120
12/11/18 11:15,124.8
12/11/18 11:00,127.68
12/11/18 10:45,124.8
12/11/18 10:30,130.56
12/11/18 10:15,123.84
12/11/18 10:00,120
12/11/18 9:45,118.08
12/11/18 9:30,120
12/11/18 9:15,115.2
12/11/18 9:00,116.16
12/11/18 8:45,114.24
12/11/18 8:30,117.6
12/11/18 8:15,109.92
12/11/18 8:00,86.88
12/11/18 7:45,84.48
12/11/18 7:30,86.88
12/11/18 7:15,76.32
12/11/18 7:00,72.48
12/11/18 6:45,63.36
12/11/18 6:30,61.44
12/11/18 6:15,61.92
12/11/18 6:00,67.68
12/11/18 5:45,70.56
12/11/18 5:30,69.6
12/11/18 5:15,51.36
12/11/18 5:00,48.48
12/11/18 4:45,48
12/11/18 4:30,47.52
12/11/18 4:15,48.48
12/11/18 4:00,48.48
12/11/18 3:45,49.92
12/11/18 3:30,48.96
12/11/18 3:15,48.48
12/11/18 3:00,48.48
12/11/18 2:45,48
12/11/18 2:30,47.52
12/11/18 2:15,48.48
12/11/18 2:00,47.52
12/11/18 1:45,47.52
12/11/18 1:30,46.08
12/11/18 1:15,49.44
12/11/18 1:00,49.92
12/11/18 0:45,48
12/11/18 0:30,48.48
12/11/18 0:15,48.48
12/11/18 0:00,52.32
12/10/18 23:45,48.96
12/10/18 23:30,48.96
12/10/18 23:15,49.92
12/10/18 23:00,50.4
12/10/18 22:45,49.92
12/10/18 22:30,48.96
12/10/18 22:15,50.4
12/10/18 22:00,51.36
12/10/18 21:45,49.92
12/10/18 21:30,48.96
12/10/18 21:15,51.36
12/10/18 21:00,61.44
12/10/18 20:45,71.04
12/10/18 20:30,74.88
12/10/18 20:15,73.44
12/10/18 20:00,72
12/10/18 19:45,77.76
12/10/18 19:30,73.44
12/10/18 19:15,77.28
12/10/18 19:00,80.64
12/10/18 18:45,80.64
12/10/18 18:30,82.56
12/10/18 18:15,84
12/10/18 18:00,160.32
12/10/18 17:45,195.84
12/10/18 17:30,203.52
12/10/18 17:15,203.52
12/10/18 17:00,300.96
12/10/18 16:45,307.2
12/10/18 16:30,302.88
12/10/18 16:15,157.92
12/10/18 16:00,103.68
12/10/18 15:45,108.48
12/10/18 15:30,109.92
12/10/18 15:15,111.36
12/10/18 15:00,114.72
12/10/18 14:45,135.84
12/10/18 14:30,134.88
12/10/18 14:15,129.6
12/10/18 14:00,133.92
12/10/18 13:45,124.32
12/10/18 13:30,125.76
12/10/18 13:15,119.04
12/10/18 13:00,123.36
12/10/18 12:45,117.12
12/10/18 12:30,108
12/10/18 12:15,121.44
12/10/18 12:00,122.88
12/10/18 11:45,120
12/10/18 11:30,122.4
12/10/18 11:15,126.24
12/10/18 11:00,123.36
12/10/18 10:45,122.88
12/10/18 10:30,124.8
12/10/18 10:15,122.88
12/10/18 10:00,122.4
12/10/18 9:45,120.96
12/10/18 9:30,120.48
12/10/18 9:15,121.92
12/10/18 9:00,120
12/10/18 8:45,118.56
12/10/18 8:30,118.56
12/10/18 8:15,113.28
12/10/18 8:00,89.76
12/10/18 7:45,93.12
12/10/18 7:30,93.12
12/10/18 7:15,77.28
12/10/18 7:00,70.08
12/10/18 6:45,52.32
12/10/18 6:30,46.08
12/10/18 6:15,47.04
12/10/18 6:00,47.04
12/10/18 5:45,49.44
12/10/18 5:30,47.52
12/10/18 5:15,47.52
12/10/18 5:00,47.04
12/10/18 4:45,49.44
12/10/18 4:30,48
12/10/18 4:15,48
12/10/18 4:00,47.52
12/10/18 3:45,46.56
12/10/18 3:30,48.48
12/10/18 3:15,47.52
12/10/18 3:00,47.52
12/10/18 2:45,47.52
12/10/18 2:30,53.28
12/10/18 2:15,48.96
12/10/18 2:00,46.56
12/10/18 1:45,47.52
12/10/18 1:30,49.92
12/10/18 1:15,46.56
12/10/18 1:00,48.96
12/10/18 0:45,47.52
12/10/18 0:30,50.88
12/10/18 0:15,48
12/10/18 0:00,47.52
12/9/18 23:45,49.44
12/9/18 23:30,50.4
12/9/18 23:15,48.96
12/9/18 23:00,48.48
12/9/18 22:45,50.88
12/9/18 22:30,49.92
12/9/18 22:15,48.48
12/9/18 22:00,49.44
12/9/18 21:45,50.88
12/9/18 21:30,48.96
12/9/18 21:15,51.36
12/9/18 21:00,49.92
12/9/18 20:45,49.92
12/9/18 20:30,49.44
12/9/18 20:15,51.36
12/9/18 20:00,56.16
12/9/18 19:45,49.44
12/9/18 19:30,49.44
12/9/18 19:15,50.88
12/9/18 19:00,48.48
12/9/18 18:45,48
12/9/18 18:30,51.36
12/9/18 18:15,49.44
12/9/18 18:00,48.48
12/9/18 17:45,51.84
12/9/18 17:30,48.96
12/9/18 17:15,49.92
12/9/18 17:00,52.8
12/9/18 16:45,47.52
12/9/18 16:30,35.04
12/9/18 16:15,34.08
12/9/18 16:00,31.2
12/9/18 15:45,34.56
12/9/18 15:30,34.08
12/9/18 15:15,34.08
12/9/18 15:00,36
12/9/18 14:45,36.48
12/9/18 14:30,33.6
12/9/18 14:15,52.8
12/9/18 14:00,54.24
12/9/18 13:45,56.64
12/9/18 13:30,54.24
12/9/18 13:15,55.2
12/9/18 13:00,63.36
12/9/18 12:45,56.64
12/9/18 12:30,57.12
12/9/18 12:15,60.48
12/9/18 12:00,58.08
12/9/18 11:45,61.92
12/9/18 11:30,69.6
12/9/18 11:15,68.64
12/9/18 11:00,59.04
12/9/18 10:45,67.2
12/9/18 10:30,59.04
12/9/18 10:15,60
12/9/18 10:00,64.8
12/9/18 9:45,60.96
12/9/18 9:30,61.92
12/9/18 9:15,61.92
12/9/18 9:00,58.56
12/9/18 8:45,59.52
12/9/18 8:30,57.6
12/9/18 8:15,63.36
12/9/18 8:00,61.92
12/9/18 7:45,57.6
12/9/18 7:30,56.16
12/9/18 7:15,55.2
12/9/18 7:00,68.64
12/9/18 6:45,67.68
12/9/18 6:30,69.6
12/9/18 6:15,72.96
12/9/18 6:00,77.28
12/9/18 5:45,82.08
12/9/18 5:30,71.52
12/9/18 5:15,69.12
12/9/18 5:00,57.12
12/9/18 4:45,47.04
12/9/18 4:30,46.56
12/9/18 4:15,48.96
12/9/18 4:00,46.56
12/9/18 3:45,48.48
12/9/18 3:30,46.56
12/9/18 3:15,51.36
12/9/18 3:00,48.96
12/9/18 2:45,48.96
12/9/18 2:30,48.48
12/9/18 2:15,48
12/9/18 2:00,48
12/9/18 1:45,48.96
12/9/18 1:30,48.48
12/9/18 1:15,46.56
12/9/18 1:00,46.08
12/9/18 0:45,46.56
12/9/18 0:30,48.96
12/9/18 0:15,50.4
12/9/18 0:00,48.48
12/8/18 23:45,47.04
12/8/18 23:30,48.48
12/8/18 23:15,52.32
12/8/18 23:00,48.96
12/8/18 22:45,50.4
12/8/18 22:30,48.48
12/8/18 22:15,49.92
12/8/18 22:00,49.44
12/8/18 21:45,48.48
12/8/18 21:30,50.4
12/8/18 21:15,53.76
12/8/18 21:00,48.96
12/8/18 20:45,47.52
12/8/18 20:30,50.88
12/8/18 20:15,49.44
12/8/18 20:00,49.92
12/8/18 19:45,51.84
12/8/18 19:30,48.48
12/8/18 19:15,50.4
12/8/18 19:00,49.92
12/8/18 18:45,51.84
12/8/18 18:30,48.96
12/8/18 18:15,49.92
12/8/18 18:00,51.84
12/8/18 17:45,52.32
12/8/18 17:30,56.16
12/8/18 17:15,54.24
12/8/18 17:00,50.4
12/8/18 16:45,44.64
12/8/18 16:30,38.4
12/8/18 16:15,40.8
12/8/18 16:00,54.24
12/8/18 15:45,63.84
12/8/18 15:30,65.28
12/8/18 15:15,72.48
12/8/18 15:00,71.52
12/8/18 14:45,77.28
12/8/18 14:30,72.48
12/8/18 14:15,67.2
12/8/18 14:00,68.16
12/8/18 13:45,73.44
12/8/18 13:30,69.12
12/8/18 13:15,66.72
12/8/18 13:00,66.24
12/8/18 12:45,69.6
12/8/18 12:30,63.36
12/8/18 12:15,58.56
12/8/18 12:00,58.08
12/8/18 11:45,60
12/8/18 11:30,57.6
12/8/18 11:15,56.16
12/8/18 11:00,57.12
12/8/18 10:45,60
12/8/18 10:30,55.68
12/8/18 10:15,55.68
12/8/18 10:00,61.92
12/8/18 9:45,60
12/8/18 9:30,59.52
12/8/18 9:15,56.64
12/8/18 9:00,54.24
12/8/18 8:45,54.72
12/8/18 8:30,54.72
12/8/18 8:15,53.28
12/8/18 8:00,52.32
12/8/18 7:45,51.36
12/8/18 7:30,51.84
12/8/18 7:15,48
12/8/18 7:00,35.52
12/8/18 6:45,31.2
12/8/18 6:30,37.92
12/8/18 6:15,40.8
12/8/18 6:00,45.12
12/8/18 5:45,52.32
12/8/18 5:30,48.48
12/8/18 5:15,48.48
12/8/18 5:00,48.96
12/8/18 4:45,47.52
12/8/18 4:30,47.52
12/8/18 4:15,49.92
12/8/18 4:00,48.96
12/8/18 3:45,48
12/8/18 3:30,46.56
12/8/18 3:15,48
12/8/18 3:00,48.48
12/8/18 2:45,48
12/8/18 2:30,51.36
12/8/18 2:15,47.52
12/8/18 2:00,51.84
12/8/18 1:45,49.44
12/8/18 1:30,47.04
12/8/18 1:15,47.52
12/8/18 1:00,47.52
12/8/18 0:45,50.88
12/8/18 0:30,48.48
12/8/18 0:15,49.92
12/8/18 0:00,48.48
12/7/18 23:45,48.48
12/7/18 23:30,50.4
12/7/18 23:15,48.48
12/7/18 23:00,50.88
12/7/18 22:45,49.92
12/7/18 22:30,50.4
12/7/18 22:15,50.88
12/7/18 22:00,48.96
12/7/18 21:45,54.24
12/7/18 21:30,52.32
12/7/18 21:15,53.28
12/7/18 21:00,53.28
12/7/18 20:45,51.84
12/7/18 20:30,49.92
12/7/18 20:15,50.4
12/7/18 20:00,53.76
12/7/18 19:45,53.76
12/7/18 19:30,55.2
12/7/18 19:15,54.72
12/7/18 19:00,58.56
12/7/18 18:45,75.84
12/7/18 18:30,80.16
12/7/18 18:15,85.44
12/7/18 18:00,84.96
12/7/18 17:45,83.52
12/7/18 17:30,86.4
12/7/18 17:15,89.76
12/7/18 17:00,88.8
12/7/18 16:45,84.96
12/7/18 16:30,79.2
12/7/18 16:15,91.2
12/7/18 16:00,97.44
12/7/18 15:45,108
12/7/18 15:30,108.96
12/7/18 15:15,122.4
12/7/18 15:00,125.76
12/7/18 14:45,133.44
12/7/18 14:30,145.44
12/7/18 14:15,138.72
12/7/18 14:00,144.96
12/7/18 13:45,142.08
12/7/18 13:30,132
12/7/18 13:15,133.92
12/7/18 13:00,135.36
12/7/18 12:45,118.08
12/7/18 12:30,113.76
12/7/18 12:15,117.12
12/7/18 12:00,117.6
12/7/18 11:45,114.24
12/7/18 11:30,120.96
12/7/18 11:15,119.04
12/7/18 11:00,113.28
12/7/18 10:45,120.48
12/7/18 10:30,119.04
12/7/18 10:15,119.52
12/7/18 10:00,115.68
12/7/18 9:45,110.88
12/7/18 9:30,109.44
12/7/18 9:15,111.84
12/7/18 9:00,108.96
12/7/18 8:45,110.88
12/7/18 8:30,114.72
12/7/18 8:15,107.52
12/7/18 8:00,79.68
12/7/18 7:45,87.36
12/7/18 7:30,93.6
12/7/18 7:15,79.68
12/7/18 7:00,68.64
12/7/18 6:45,55.68
12/7/18 6:30,57.12
12/7/18 6:15,56.64
12/7/18 6:00,53.28
12/7/18 5:45,52.32
12/7/18 5:30,48.96
12/7/18 5:15,48
12/7/18 5:00,48.96
12/7/18 4:45,47.04
12/7/18 4:30,48
12/7/18 4:15,47.04
12/7/18 4:00,47.04
12/7/18 3:45,46.56
12/7/18 3:30,45.12
12/7/18 3:15,44.16
12/7/18 3:00,45.6
12/7/18 2:45,43.68
12/7/18 2:30,46.56
12/7/18 2:15,44.64
12/7/18 2:00,45.6
12/7/18 1:45,46.56
12/7/18 1:30,44.64
12/7/18 1:15,46.08
12/7/18 1:00,45.6
12/7/18 0:45,46.08
12/7/18 0:30,46.56
12/7/18 0:15,45.6
12/7/18 0:00,46.08
12/6/18 23:45,46.56
12/6/18 23:30,47.04
12/6/18 23:15,48.48
12/6/18 23:00,46.56
12/6/18 22:45,46.56
12/6/18 22:30,47.04
12/6/18 22:15,48.96
12/6/18 22:00,48.48
12/6/18 21:45,58.56
12/6/18 21:30,66.72
12/6/18 21:15,68.64
12/6/18 21:00,65.76
12/6/18 20:45,61.44
12/6/18 20:30,63.84
12/6/18 20:15,68.64
12/6/18 20:00,71.04
12/6/18 19:45,72
12/6/18 19:30,74.4
12/6/18 19:15,77.76
12/6/18 19:00,78.72
12/6/18 18:45,84
12/6/18 18:30,81.12
12/6/18 18:15,76.32
12/6/18 18:00,77.76
12/6/18 17:45,79.68
12/6/18 17:30,88.32
12/6/18 17:15,90.72
12/6/18 17:00,91.68
12/6/18 16:45,94.56
12/6/18 16:30,96
12/6/18 16:15,102.24
12/6/18 16:00,0
12/6/18 15:45,0
12/6/18 15:30,0
12/6/18 15:15,0
12/6/18 15:00,0
12/6/18 14:45,0
12/6/18 14:30,64.8
12/6/18 14:15,139.68
12/6/18 14:00,132
12/6/18 13:45,130.56
12/6/18 13:30,121.44
12/6/18 13:15,118.56
12/6/18 13:00,118.08
12/6/18 12:45,117.12
12/6/18 12:30,119.04
12/6/18 12:15,115.2
12/6/18 12:00,117.6
12/6/18 11:45,124.8
12/6/18 11:30,125.28
12/6/18 11:15,119.52
12/6/18 11:00,122.4
12/6/18 10:45,125.28
12/6/18 10:30,127.2
12/6/18 10:15,124.32
12/6/18 10:00,108.48
12/6/18 9:45,94.56
12/6/18 9:30,95.52
12/6/18 9:15,98.4
12/6/18 9:00,120
12/6/18 8:45,121.44
12/6/18 8:30,122.4
12/6/18 8:15,121.92
12/6/18 8:00,104.64
12/6/18 7:45,108
12/6/18 7:30,119.04
12/6/18 7:15,78.72
12/6/18 7:00,55.68
12/6/18 6:45,46.08
12/6/18 6:30,45.12
12/6/18 6:15,44.16
12/6/18 6:00,47.04
12/6/18 5:45,48.96
12/6/18 5:30,51.36
12/6/18 5:15,49.44
12/6/18 5:00,50.4
12/6/18 4:45,48.96
12/6/18 4:30,48.96
12/6/18 4:15,48.96
12/6/18 4:00,48.48
12/6/18 3:45,46.08
12/6/18 3:30,45.6
12/6/18 3:15,46.08
12/6/18 3:00,45.6
12/6/18 2:45,49.44
12/6/18 2:30,46.56
12/6/18 2:15,48
12/6/18 2:00,45.6
12/6/18 1:45,45.12
12/6/18 1:30,47.52
12/6/18 1:15,47.04
12/6/18 1:00,47.04
12/6/18 0:45,47.52
12/6/18 0:30,48.48
12/6/18 0:15,46.08
12/6/18 0:00,46.08
12/5/18 23:45,48.48
12/5/18 23:30,48.96
12/5/18 23:15,48.96
12/5/18 23:00,48
12/5/18 22:45,47.04
12/5/18 22:30,48.48
12/5/18 22:15,49.92
12/5/18 22:00,49.44
12/5/18 21:45,66.24
12/5/18 21:30,69.12
12/5/18 21:15,69.6
12/5/18 21:00,69.6
12/5/18 20:45,71.04
12/5/18 20:30,73.44
12/5/18 20:15,74.4
12/5/18 20:00,73.44
12/5/18 19:45,72.96
12/5/18 19:30,72.96
12/5/18 19:15,74.4
12/5/18 19:00,77.28
12/5/18 18:45,78.24
12/5/18 18:30,74.88
12/5/18 18:15,79.2
12/5/18 18:00,82.56
12/5/18 17:45,82.56
12/5/18 17:30,80.16
12/5/18 17:15,88.8
12/5/18 17:00,86.4
12/5/18 16:45,79.2
12/5/18 16:30,82.56
12/5/18 16:15,86.88
12/5/18 16:00,93.6
12/5/18 15:45,90.24
12/5/18 15:30,93.6
12/5/18 15:15,96.96
12/5/18 15:00,95.04
12/5/18 14:45,110.88
12/5/18 14:30,127.2
12/5/18 14:15,127.68
12/5/18 14:00,132.96
12/5/18 13:45,142.08
12/5/18 13:30,130.08
12/5/18 13:15,126.24
12/5/18 13:00,134.4
12/5/18 12:45,119.52
12/5/18 12:30,123.36
12/5/18 12:15,124.8
12/5/18 12:00,126.72
12/5/18 11:45,130.56
12/5/18 11:30,137.76
12/5/18 11:15,139.2
12/5/18 11:00,126.24
12/5/18 10:45,135.84
12/5/18 10:30,133.44
12/5/18 10:15,124.32
12/5/18 10:00,116.16
12/5/18 9:45,120.96
12/5/18 9:30,124.32
12/5/18 9:15,127.68
12/5/18 9:00,126.72
12/5/18 8:45,123.36
12/5/18 8:30,122.88
12/5/18 8:15,120.96
12/5/18 8:00,94.56
12/5/18 7:45,93.12
12/5/18 7:30,95.04
12/5/18 7:15,82.56
12/5/18 7:00,73.92
12/5/18 6:45,50.4
12/5/18 6:30,50.88
12/5/18 6:15,46.08
12/5/18 6:00,54.72
12/5/18 5:45,51.84
12/5/18 5:30,50.88
12/5/18 5:15,50.88
12/5/18 5:00,52.8
12/5/18 4:45,52.8
12/5/18 4:30,46.56
12/5/18 4:15,47.52
12/5/18 4:00,47.04
12/5/18 3:45,48
12/5/18 3:30,47.52
12/5/18 3:15,46.56
12/5/18 3:00,50.88
12/5/18 2:45,47.04
12/5/18 2:30,50.88
12/5/18 2:15,53.28
12/5/18 2:00,48.48
12/5/18 1:45,47.52
12/5/18 1:30,49.92
12/5/18 1:15,49.92
12/5/18 1:00,48.48
12/5/18 0:45,48.48
12/5/18 0:30,48.48
12/5/18 0:15,50.4
12/5/18 0:00,51.36
12/4/18 23:45,53.28
12/4/18 23:30,52.32
12/4/18 23:15,50.88
12/4/18 23:00,51.36
12/4/18 22:45,49.92
12/4/18 22:30,57.6
12/4/18 22:15,68.16
12/4/18 22:00,67.2
12/4/18 21:45,72.96
12/4/18 21:30,76.32
12/4/18 21:15,79.2
12/4/18 21:00,85.92
12/4/18 20:45,94.08
12/4/18 20:30,91.2
12/4/18 20:15,169.44
12/4/18 20:00,207.36
12/4/18 19:45,210.24
12/4/18 19:30,208.8
12/4/18 19:15,208.32
12/4/18 19:00,216
12/4/18 18:45,210.24
12/4/18 18:30,209.76
12/4/18 18:15,306.72
12/4/18 18:00,306.24
12/4/18 17:45,292.8
12/4/18 17:30,246.72
12/4/18 17:15,313.44
12/4/18 17:00,324.96
12/4/18 16:45,313.44
12/4/18 16:30,316.32
12/4/18 16:15,324.48
12/4/18 16:00,115.2
12/4/18 15:45,114.72
12/4/18 15:30,118.56
12/4/18 15:15,120.48
12/4/18 15:00,128.64
12/4/18 14:45,133.92
12/4/18 14:30,132
12/4/18 14:15,140.64
12/4/18 14:00,141.6
12/4/18 13:45,130.56
12/4/18 13:30,137.28
12/4/18 13:15,130.08
12/4/18 13:00,128.16
12/4/18 12:45,121.44
12/4/18 12:30,117.12
12/4/18 12:15,118.08
12/4/18 12:00,122.88
12/4/18 11:45,124.8
12/4/18 11:30,126.24
12/4/18 11:15,132.48
12/4/18 11:00,124.32
12/4/18 10:45,125.28
12/4/18 10:30,123.36
12/4/18 10:15,119.52
12/4/18 10:00,124.8
12/4/18 9:45,119.52
12/4/18 9:30,117.6
12/4/18 9:15,119.04
12/4/18 9:00,119.52
12/4/18 8:45,127.2
12/4/18 8:30,135.84
12/4/18 8:15,120
12/4/18 8:00,96
12/4/18 7:45,92.16
12/4/18 7:30,100.32
12/4/18 7:15,83.52
12/4/18 7:00,70.56
12/4/18 6:45,51.36
12/4/18 6:30,47.04
12/4/18 6:15,45.6
12/4/18 6:00,49.44
12/4/18 5:45,44.16
12/4/18 5:30,44.64
12/4/18 5:15,49.44
12/4/18 5:00,47.04
12/4/18 4:45,47.52
12/4/18 4:30,45.6
12/4/18 4:15,46.56
12/4/18 4:00,48.48
12/4/18 3:45,47.04
12/4/18 3:30,46.56
12/4/18 3:15,46.08
12/4/18 3:00,46.56
12/4/18 2:45,46.56
12/4/18 2:30,46.08
12/4/18 2:15,49.44
12/4/18 2:00,47.52
12/4/18 1:45,49.44
12/4/18 1:30,47.04
12/4/18 1:15,46.56
12/4/18 1:00,50.4
12/4/18 0:45,46.56
12/4/18 0:30,46.56
12/4/18 0:15,47.04
12/4/18 0:00,48
12/3/18 23:45,49.92
12/3/18 23:30,47.04
12/3/18 23:15,48.48
12/3/18 23:00,48
12/3/18 22:45,48.48
12/3/18 22:30,51.36
12/3/18 22:15,49.92
12/3/18 22:00,49.92
12/3/18 21:45,67.68
12/3/18 21:30,69.12
12/3/18 21:15,73.92
12/3/18 21:00,72.48
12/3/18 20:45,72.48
12/3/18 20:30,72
12/3/18 20:15,72
12/3/18 20:00,98.88
12/3/18 19:45,186.24
12/3/18 19:30,189.6
12/3/18 19:15,192
12/3/18 19:00,184.8
12/3/18 18:45,186.72
12/3/18 18:30,190.56
12/3/18 18:15,192
12/3/18 18:00,196.32
12/3/18 17:45,198.72
12/3/18 17:30,198.24
12/3/18 17:15,200.16
12/3/18 17:00,282.72
12/3/18 16:45,300.96
12/3/18 16:30,223.2
12/3/18 16:15,109.92
12/3/18 16:00,81.12
12/3/18 15:45,88.8
12/3/18 15:30,101.76
12/3/18 15:15,115.68
12/3/18 15:00,113.76
12/3/18 14:45,123.84
12/3/18 14:30,131.04
12/3/18 14:15,132.48
12/3/18 14:00,122.4
12/3/18 13:45,125.28
12/3/18 13:30,120.96
12/3/18 13:15,116.64
12/3/18 13:00,120.96
12/3/18 12:45,107.04
12/3/18 12:30,106.08
12/3/18 12:15,112.8
12/3/18 12:00,111.84
12/3/18 11:45,116.16
12/3/18 11:30,118.56
12/3/18 11:15,115.68
12/3/18 11:00,110.88
12/3/18 10:45,112.8
12/3/18 10:30,114.24
12/3/18 10:15,118.08
12/3/18 10:00,109.44
12/3/18 9:45,110.88
12/3/18 9:30,112.8
12/3/18 9:15,114.72
12/3/18 9:00,113.28
12/3/18 8:45,113.28
12/3/18 8:30,115.2
12/3/18 8:15,118.08
12/3/18 8:00,98.4
12/3/18 7:45,100.32
12/3/18 7:30,110.4
12/3/18 7:15,91.68
12/3/18 7:00,68.16
12/3/18 6:45,52.32
12/3/18 6:30,45.6
12/3/18 6:15,44.64
12/3/18 6:00,45.6
12/3/18 5:45,45.12
12/3/18 5:30,44.64
12/3/18 5:15,47.52
12/3/18 5:00,44.64
12/3/18 4:45,45.6
12/3/18 4:30,45.6
12/3/18 4:15,45.12
12/3/18 4:00,46.08
12/3/18 3:45,46.08
12/3/18 3:30,45.12
12/3/18 3:15,45.12
12/3/18 3:00,43.68
12/3/18 2:45,43.68
12/3/18 2:30,46.08
12/3/18 2:15,45.12
12/3/18 2:00,46.56
12/3/18 1:45,45.6
12/3/18 1:30,45.6
12/3/18 1:15,45.6
12/3/18 1:00,43.68
12/3/18 0:45,47.04
12/3/18 0:30,44.64
12/3/18 0:15,46.08
12/3/18 0:00,47.04
12/2/18 23:45,45.6
12/2/18 23:30,46.56
12/2/18 23:15,46.08
12/2/18 23:00,46.08
12/2/18 22:45,46.56
12/2/18 22:30,51.36
12/2/18 22:15,46.08
12/2/18 22:00,46.56
12/2/18 21:45,46.56
12/2/18 21:30,48.48
12/2/18 21:15,48
12/2/18 21:00,48
12/2/18 20:45,46.08
12/2/18 20:30,47.04
12/2/18 20:15,48
12/2/18 20:00,48.96
12/2/18 19:45,46.08
12/2/18 19:30,46.56
12/2/18 19:15,46.56
12/2/18 19:00,48.96
12/2/18 18:45,46.56
12/2/18 18:30,49.44
12/2/18 18:15,48.48
12/2/18 18:00,48.48
12/2/18 17:45,46.08
12/2/18 17:30,45.6
12/2/18 17:15,53.76
12/2/18 17:00,48
12/2/18 16:45,36.48
12/2/18 16:30,33.12
12/2/18 16:15,30.24
12/2/18 16:00,32.16
12/2/18 15:45,32.16
12/2/18 15:30,30.72
12/2/18 15:15,34.08
12/2/18 15:00,35.52
12/2/18 14:45,50.4
12/2/18 14:30,50.88
12/2/18 14:15,52.32
12/2/18 14:00,49.44
12/2/18 13:45,52.8
12/2/18 13:30,43.68
12/2/18 13:15,38.4
12/2/18 13:00,48
12/2/18 12:45,45.12
12/2/18 12:30,46.08
12/2/18 12:15,48.96
12/2/18 12:00,48.48
12/2/18 11:45,51.84
12/2/18 11:30,56.16
12/2/18 11:15,61.92
12/2/18 11:00,53.28
12/2/18 10:45,55.68
12/2/18 10:30,60.48
12/2/18 10:15,65.76
12/2/18 10:00,61.44
12/2/18 9:45,59.04
12/2/18 9:30,55.2
12/2/18 9:15,60
12/2/18 9:00,56.64
12/2/18 8:45,54.24
12/2/18 8:30,55.68
12/2/18 8:15,58.08
12/2/18 8:00,56.16
12/2/18 7:45,53.28
12/2/18 7:30,54.24
12/2/18 7:15,59.52
12/2/18 7:00,69.6
12/2/18 6:45,64.8
12/2/18 6:30,72.48
12/2/18 6:15,83.04
12/2/18 6:00,90.24
12/2/18 5:45,90.24
12/2/18 5:30,86.4
12/2/18 5:15,81.12
12/2/18 5:00,77.28
12/2/18 4:45,78.24
12/2/18 4:30,78.24
12/2/18 4:15,77.76
12/2/18 4:00,60.48
12/2/18 3:45,44.64
12/2/18 3:30,44.64
12/2/18 3:15,46.56
12/2/18 3:00,44.64
12/2/18 2:45,45.12
12/2/18 2:30,44.64
12/2/18 2:15,45.6
12/2/18 2:00,46.08
12/2/18 1:45,47.52
12/2/18 1:30,47.52
12/2/18 1:15,44.16
12/2/18 1:00,46.56
12/2/18 0:45,47.04
12/2/18 0:30,46.08
12/2/18 0:15,47.52
12/2/18 0:00,44.64
12/1/18 23:45,46.08
12/1/18 23:30,47.04
12/1/18 23:15,47.52
12/1/18 23:00,52.8
12/1/18 22:45,65.28
12/1/18 22:30,70.08
12/1/18 22:15,70.56
12/1/18 22:00,71.04
12/1/18 21:45,74.4
12/1/18 21:30,75.84
12/1/18 21:15,73.92
12/1/18 21:00,77.76
12/1/18 20:45,72
12/1/18 20:30,76.8
12/1/18 20:15,74.4
12/1/18 20:00,80.16
12/1/18 19:45,77.76
12/1/18 19:30,84
12/1/18 19:15,75.84
12/1/18 19:00,84.96
12/1/18 18:45,76.8
12/1/18 18:30,88.8
12/1/18 18:15,76.32
12/1/18 18:00,85.44
12/1/18 17:45,75.84
12/1/18 17:30,72.48
12/1/18 17:15,72.96
12/1/18 17:00,73.92
12/1/18 16:45,67.2
12/1/18 16:30,61.44
12/1/18 16:15,60
12/1/18 16:00,60.48
12/1/18 15:45,56.64
12/1/18 15:30,60.96
12/1/18 15:15,60.48
12/1/18 15:00,58.08
12/1/18 14:45,60.96
12/1/18 14:30,59.04
12/1/18 14:15,59.04
12/1/18 14:00,59.04
12/1/18 13:45,57.6
12/1/18 13:30,56.16
12/1/18 13:15,60
12/1/18 13:00,56.64
12/1/18 12:45,57.12
12/1/18 12:30,59.04
12/1/18 12:15,54.24
12/1/18 12:00,55.68
12/1/18 11:45,57.12
12/1/18 11:30,55.2
12/1/18 11:15,57.6
12/1/18 11:00,57.6
12/1/18 10:45,55.2
12/1/18 10:30,54.72
12/1/18 10:15,55.68
12/1/18 10:00,57.6
12/1/18 9:45,53.76
12/1/18 9:30,53.76
12/1/18 9:15,52.8
12/1/18 9:00,55.2
12/1/18 8:45,52.32
12/1/18 8:30,54.24
12/1/18 8:15,45.12
12/1/18 8:00,30.24
12/1/18 7:45,29.28
12/1/18 7:30,33.12
12/1/18 7:15,32.16
12/1/18 7:00,32.16
12/1/18 6:45,28.32
12/1/18 6:30,32.64
12/1/18 6:15,36.96
12/1/18 6:00,47.04
12/1/18 5:45,46.08
12/1/18 5:30,48
12/1/18 5:15,48
12/1/18 5:00,46.08
12/1/18 4:45,46.56
12/1/18 4:30,48.48
12/1/18 4:15,47.04
12/1/18 4:00,47.52
12/1/18 3:45,48
12/1/18 3:30,47.04
12/1/18 3:15,49.92
12/1/18 3:00,47.52
12/1/18 2:45,46.56
12/1/18 2:30,47.52
12/1/18 2:15,47.04
12/1/18 2:00,48.96
12/1/18 1:45,48.96
12/1/18 1:30,47.04
12/1/18 1:15,47.52
12/1/18 1:00,47.04
12/1/18 0:45,52.8
12/1/18 0:30,49.44
12/1/18 0:15,47.52
12/1/18 0:00,47.04
11/30/18 23:45,46.56
11/30/18 23:30,51.36
11/30/18 23:15,50.4
11/30/18 23:00,48.48
11/30/18 22:45,48
11/30/18 22:30,49.92
11/30/18 22:15,50.4
11/30/18 22:00,54.72
11/30/18 21:45,68.64
11/30/18 21:30,68.64
11/30/18 21:15,69.6
11/30/18 21:00,69.6
11/30/18 20:45,69.12
11/30/18 20:30,69.6
11/30/18 20:15,70.56
11/30/18 20:00,80.16
11/30/18 19:45,75.84
11/30/18 19:30,77.28
11/30/18 19:15,77.76
11/30/18 19:00,79.2
11/30/18 18:45,78.24
11/30/18 18:30,75.84
11/30/18 18:15,78.72
11/30/18 18:00,83.52
11/30/18 17:45,87.36
11/30/18 17:30,84.96
11/30/18 17:15,85.44
11/30/18 17:00,84.96
11/30/18 16:45,74.88
11/30/18 16:30,70.56
11/30/18 16:15,70.56
11/30/18 16:00,79.2
11/30/18 15:45,88.32
11/30/18 15:30,85.92
11/30/18 15:15,97.92
11/30/18 15:00,104.64
11/30/18 14:45,108
11/30/18 14:30,113.76
11/30/18 14:15,104.64
11/30/18 14:00,96.48
11/30/18 13:45,93.6
11/30/18 13:30,97.44
11/30/18 13:15,97.44
11/30/18 13:00,97.92
11/30/18 12:45,95.52
11/30/18 12:30,95.04
11/30/18 12:15,99.36
11/30/18 12:00,98.4
11/30/18 11:45,94.56
11/30/18 11:30,97.44
11/30/18 11:15,95.04
11/30/18 11:00,86.4
11/30/18 10:45,87.36
11/30/18 10:30,88.8
11/30/18 10:15,89.28
11/30/18 10:00,87.36
11/30/18 9:45,85.92
11/30/18 9:30,90.72
11/30/18 9:15,87.84
11/30/18 9:00,85.92
11/30/18 8:45,89.28
11/30/18 8:30,86.88
11/30/18 8:15,85.92
11/30/18 8:00,85.44
11/30/18 7:45,84.96
11/30/18 7:30,79.68
11/30/18 7:15,69.6
11/30/18 7:00,66.72
11/30/18 6:45,59.52
11/30/18 6:30,67.2
11/30/18 6:15,53.76
11/30/18 6:00,53.76
11/30/18 5:45,52.8
11/30/18 5:30,56.16
11/30/18 5:15,54.72
11/30/18 5:00,54.72
11/30/18 4:45,55.68
11/30/18 4:30,52.8
11/30/18 4:15,52.8
11/30/18 4:00,50.4
11/30/18 3:45,51.36
11/30/18 3:30,48.96
11/30/18 3:15,48.96
11/30/18 3:00,48.48
11/30/18 2:45,50.88
11/30/18 2:30,50.4
11/30/18 2:15,51.36
11/30/18 2:00,52.8
11/30/18 1:45,50.88
11/30/18 1:30,51.36
11/30/18 1:15,49.92
11/30/18 1:00,50.4
11/30/18 0:45,53.76
11/30/18 0:30,48
11/30/18 0:15,49.44
11/30/18 0:00,51.36
11/29/18 23:45,54.24
11/29/18 23:30,50.88
11/29/18 23:15,50.4
11/29/18 23:00,52.8
11/29/18 22:45,51.36
11/29/18 22:30,58.56
11/29/18 22:15,58.56
11/29/18 22:00,74.88
11/29/18 21:45,77.28
11/29/18 21:30,77.28
11/29/18 21:15,82.08
11/29/18 21:00,83.04
11/29/18 20:45,77.28
11/29/18 20:30,79.68
11/29/18 20:15,83.52
11/29/18 20:00,84.48
11/29/18 19:45,83.04
11/29/18 19:30,82.56
11/29/18 19:15,85.92
11/29/18 19:00,84
11/29/18 18:45,88.8
11/29/18 18:30,85.92
11/29/18 18:15,91.68
11/29/18 18:00,88.8
11/29/18 17:45,94.56
11/29/18 17:30,101.76
11/29/18 17:15,99.84
11/29/18 17:00,108.96
11/29/18 16:45,110.4
11/29/18 16:30,120.96
11/29/18 16:15,104.16
11/29/18 16:00,117.12
11/29/18 15:45,123.84
11/29/18 15:30,119.52
11/29/18 15:15,127.2
11/29/18 15:00,124.32
11/29/18 14:45,129.12
11/29/18 14:30,144.96
11/29/18 14:15,142.56
11/29/18 14:00,136.32
11/29/18 13:45,151.68
11/29/18 13:30,147.84
11/29/18 13:15,140.16
11/29/18 13:00,135.84
11/29/18 12:45,142.56
11/29/18 12:30,137.28
11/29/18 12:15,137.76
11/29/18 12:00,136.8
11/29/18 11:45,147.36
11/29/18 11:30,123.84
11/29/18 11:15,121.44
11/29/18 11:00,114.72
11/29/18 10:45,114.72
11/29/18 10:30,109.92
11/29/18 10:15,110.4
11/29/18 10:00,84.48
11/29/18 9:45,84
11/29/18 9:30,79.68
11/29/18 9:15,82.08
11/29/18 9:00,110.4
11/29/18 8:45,115.2
11/29/18 8:30,115.68
11/29/18 8:15,120
11/29/18 8:00,95.04
11/29/18 7:45,87.84
11/29/18 7:30,90.72
11/29/18 7:15,78.24
11/29/18 7:00,71.04
11/29/18 6:45,44.64
11/29/18 6:30,42.24
11/29/18 6:15,45.6
11/29/18 6:00,46.56
11/29/18 5:45,48.48
11/29/18 5:30,49.92
11/29/18 5:15,50.4
11/29/18 5:00,47.04
11/29/18 4:45,49.44
11/29/18 4:30,50.88
11/29/18 4:15,46.08
11/29/18 4:00,47.52
11/29/18 3:45,47.52
11/29/18 3:30,48.48
11/29/18 3:15,46.56
11/29/18 3:00,47.52
11/29/18 2:45,48.48
11/29/18 2:30,48
11/29/18 2:15,48
11/29/18 2:00,48.48
11/29/18 1:45,47.52
11/29/18 1:30,47.04
11/29/18 1:15,48.48
11/29/18 1:00,49.92
11/29/18 0:45,48
11/29/18 0:30,48
11/29/18 0:15,48.96
11/29/18 0:00,48.48
11/28/18 23:45,48
11/28/18 23:30,51.36
11/28/18 23:15,48.96
11/28/18 23:00,49.44
11/28/18 22:45,51.36
11/28/18 22:30,51.36
11/28/18 22:15,50.88
11/28/18 22:00,52.32
11/28/18 21:45,51.84
11/28/18 21:30,49.44
11/28/18 21:15,52.8
11/28/18 21:00,69.6
11/28/18 20:45,70.08
11/28/18 20:30,70.56
11/28/18 20:15,73.44
11/28/18 20:00,119.04
11/28/18 19:45,189.12
11/28/18 19:30,189.6
11/28/18 19:15,187.68
11/28/18 19:00,196.8
11/28/18 18:45,191.52
11/28/18 18:30,196.8
11/28/18 18:15,205.92
11/28/18 18:00,210.24
11/28/18 17:45,209.28
11/28/18 17:30,216.96
11/28/18 17:15,219.36
11/28/18 17:00,219.84
11/28/18 16:45,210.24
11/28/18 16:30,201.12
11/28/18 16:15,96
11/28/18 16:00,98.4
11/28/18 15:45,105.6
11/28/18 15:30,103.68
11/28/18 15:15,110.88
11/28/18 15:00,121.44
11/28/18 14:45,140.64
11/28/18 14:30,137.28
11/28/18 14:15,148.8
11/28/18 14:00,149.76
11/28/18 13:45,137.28
11/28/18 13:30,138.72
11/28/18 13:15,142.08
11/28/18 13:00,129.6
11/28/18 12:45,119.52
11/28/18 12:30,116.64
11/28/18 12:15,125.28
11/28/18 12:00,127.2
11/28/18 11:45,122.4
11/28/18 11:30,115.68
11/28/18 11:15,118.08
11/28/18 11:00,120
11/28/18 10:45,115.68
11/28/18 10:30,117.12
11/28/18 10:15,118.08
11/28/18 10:00,109.44
11/28/18 9:45,114.24
11/28/18 9:30,112.32
11/28/18 9:15,110.4
11/28/18 9:00,108.96
11/28/18 8:45,109.92
11/28/18 8:30,111.36
11/28/18 8:15,106.56
11/28/18 8:00,84
11/28/18 7:45,84.48
11/28/18 7:30,90.72
11/28/18 7:15,86.88
11/28/18 7:00,73.44
11/28/18 6:45,49.92
11/28/18 6:30,45.6
11/28/18 6:15,49.44
11/28/18 6:00,54.24
11/28/18 5:45,51.36
11/28/18 5:30,50.4
11/28/18 5:15,51.84
11/28/18 5:00,52.32
11/28/18 4:45,49.44
11/28/18 4:30,47.52
11/28/18 4:15,48.96
11/28/18 4:00,49.92
11/28/18 3:45,47.52
11/28/18 3:30,48
11/28/18 3:15,47.04
11/28/18 3:00,51.36
11/28/18 2:45,47.52
11/28/18 2:30,48.48
11/28/18 2:15,48
11/28/18 2:00,49.92
11/28/18 1:45,48
11/28/18 1:30,48.48
11/28/18 1:15,48.96
11/28/18 1:00,50.4
11/28/18 0:45,48.48
11/28/18 0:30,48.96
11/28/18 0:15,49.92
11/28/18 0:00,49.44
11/27/18 23:45,48.48
11/27/18 23:30,48.96
11/27/18 23:15,51.36
11/27/18 23:00,51.36
11/27/18 22:45,51.36
11/27/18 22:30,56.64
11/27/18 22:15,55.68
11/27/18 22:00,54.24
11/27/18 21:45,57.12
11/27/18 21:30,57.12
11/27/18 21:15,59.52
11/27/18 21:00,60.48
11/27/18 20:45,84.48
11/27/18 20:30,83.04
11/27/18 20:15,85.92
11/27/18 20:00,88.8
11/27/18 19:45,188.16
11/27/18 19:30,211.68
11/27/18 19:15,218.4
11/27/18 19:00,215.52
11/27/18 18:45,229.44
11/27/18 18:30,219.84
11/27/18 18:15,228
11/27/18 18:00,220.32
11/27/18 17:45,216
11/27/18 17:30,222.72
11/27/18 17:15,232.32
11/27/18 17:00,226.56
11/27/18 16:45,324
11/27/18 16:30,316.8
11/27/18 16:15,164.64
11/27/18 16:00,118.08
11/27/18 15:45,133.92
11/27/18 15:30,122.88
11/27/18 15:15,141.12
11/27/18 15:00,153.6
11/27/18 14:45,154.56
11/27/18 14:30,163.2
11/27/18 14:15,174.72
11/27/18 14:00,180.48
11/27/18 13:45,160.8
11/27/18 13:30,172.32
11/27/18 13:15,163.2
11/27/18 13:00,146.88
11/27/18 12:45,148.8
11/27/18 12:30,137.76
11/27/18 12:15,139.2
11/27/18 12:00,151.2
11/27/18 11:45,132.96
11/27/18 11:30,137.76
11/27/18 11:15,138.72
11/27/18 11:00,132.48
11/27/18 10:45,125.76
11/27/18 10:30,124.8
11/27/18 10:15,117.6
11/27/18 10:00,114.24
11/27/18 9:45,111.84
11/27/18 9:30,112.8
11/27/18 9:15,110.88
11/27/18 9:00,114.24
11/27/18 8:45,108.96
11/27/18 8:30,112.32
11/27/18 8:15,106.08
11/27/18 8:00,84.96
11/27/18 7:45,80.16
11/27/18 7:30,90.24
11/27/18 7:15,90.72
11/27/18 7:00,75.84
11/27/18 6:45,65.76
11/27/18 6:30,60.48
11/27/18 6:15,45.6
11/27/18 6:00,49.44
11/27/18 5:45,45.12
11/27/18 5:30,46.08
11/27/18 5:15,49.44
11/27/18 5:00,48.48
11/27/18 4:45,48
11/27/18 4:30,48
11/27/18 4:15,47.52
11/27/18 4:00,49.92
11/27/18 3:45,47.52
11/27/18 3:30,48
11/27/18 3:15,49.92
11/27/18 3:00,48.96
11/27/18 2:45,49.44
11/27/18 2:30,48.96
11/27/18 2:15,49.92
11/27/18 2:00,48
11/27/18 1:45,49.92
11/27/18 1:30,48.96
11/27/18 1:15,48.96
11/27/18 1:00,49.44
11/27/18 0:45,49.44
11/27/18 0:30,50.88
11/27/18 0:15,48.96
11/27/18 0:00,49.92
11/26/18 23:45,51.36
11/26/18 23:30,49.92
11/26/18 23:15,50.4
11/26/18 23:00,49.44
11/26/18 22:45,51.84
11/26/18 22:30,51.36
11/26/18 22:15,50.4
11/26/18 22:00,72.96
11/26/18 21:45,70.08
11/26/18 21:30,69.12
11/26/18 21:15,69.6
11/26/18 21:00,74.88
11/26/18 20:45,69.12
11/26/18 20:30,71.04
11/26/18 20:15,73.44
11/26/18 20:00,71.52
11/26/18 19:45,136.32
11/26/18 19:30,192.48
11/26/18 19:15,192.48
11/26/18 19:00,191.04
11/26/18 18:45,191.52
11/26/18 18:30,191.04
11/26/18 18:15,190.56
11/26/18 18:00,193.44
11/26/18 17:45,191.52
11/26/18 17:30,200.16
11/26/18 17:15,200.64
11/26/18 17:00,231.36
11/26/18 16:45,299.52
11/26/18 16:30,298.56
11/26/18 16:15,128.16
11/26/18 16:00,96.96
11/26/18 15:45,110.4
11/26/18 15:30,116.64
11/26/18 15:15,124.32
11/26/18 15:00,130.08
11/26/18 14:45,147.36
11/26/18 14:30,159.36
11/26/18 14:15,173.28
11/26/18 14:00,156.96
11/26/18 13:45,145.92
11/26/18 13:30,139.2
11/26/18 13:15,135.84
11/26/18 13:00,136.32
11/26/18 12:45,125.28
11/26/18 12:30,116.16
11/26/18 12:15,129.12
11/26/18 12:00,131.52
11/26/18 11:45,122.4
11/26/18 11:30,126.24
11/26/18 11:15,122.4
11/26/18 11:00,125.76
11/26/18 10:45,125.76
11/26/18 10:30,127.68
11/26/18 10:15,129.12
11/26/18 10:00,120
11/26/18 9:45,118.08
11/26/18 9:30,117.12
11/26/18 9:15,120
11/26/18 9:00,118.08
11/26/18 8:45,112.8
11/26/18 8:30,119.04
11/26/18 8:15,112.32
11/26/18 8:00,83.52
11/26/18 7:45,79.68
11/26/18 7:30,84.96
11/26/18 7:15,85.44
11/26/18 7:00,72.96
11/26/18 6:45,47.04
11/26/18 6:30,43.2
11/26/18 6:15,46.08
11/26/18 6:00,47.52
11/26/18 5:45,45.6
11/26/18 5:30,44.64
11/26/18 5:15,48.96
11/26/18 5:00,48
11/26/18 4:45,46.56
11/26/18 4:30,47.52
11/26/18 4:15,45.6
11/26/18 4:00,48.96
11/26/18 3:45,47.52
11/26/18 3:30,47.04
11/26/18 3:15,47.04
11/26/18 3:00,48
11/26/18 2:45,49.44
11/26/18 2:30,48
11/26/18 2:15,51.84
11/26/18 2:00,55.2
11/26/18 1:45,55.2
11/26/18 1:30,56.16
11/26/18 1:15,53.28
11/26/18 1:00,51.36
11/26/18 0:45,49.92
11/26/18 0:30,48
11/26/18 0:15,48
11/26/18 0:00,47.52
11/25/18 23:45,49.44
11/25/18 23:30,47.52
11/25/18 23:15,48.48
11/25/18 23:00,54.72
11/25/18 22:45,55.2
11/25/18 22:30,54.72
11/25/18 22:15,56.16
11/25/18 22:00,57.12
11/25/18 21:45,56.64
11/25/18 21:30,58.08
11/25/18 21:15,61.92
11/25/18 21:00,55.68
11/25/18 20:45,53.76
11/25/18 20:30,50.4
11/25/18 20:15,48
11/25/18 20:00,48
11/25/18 19:45,52.8
11/25/18 19:30,49.44
11/25/18 19:15,50.88
11/25/18 19:00,52.8
11/25/18 18:45,48
11/25/18 18:30,48.96
11/25/18 18:15,52.32
11/25/18 18:00,49.92
11/25/18 17:45,49.44
11/25/18 17:30,50.88
11/25/18 17:15,49.92
11/25/18 17:00,51.36
11/25/18 16:45,38.88
11/25/18 16:30,35.52
11/25/18 16:15,37.44
11/25/18 16:00,33.6
11/25/18 15:45,39.84
11/25/18 15:30,33.6
11/25/18 15:15,35.52
11/25/18 15:00,36.48
11/25/18 14:45,34.56
11/25/18 14:30,36.48
11/25/18 14:15,34.56
11/25/18 14:00,37.92
11/25/18 13:45,39.84
11/25/18 13:30,34.08
11/25/18 13:15,52.32
11/25/18 13:00,61.92
11/25/18 12:45,60
11/25/18 12:30,63.84
11/25/18 12:15,60.48
11/25/18 12:00,62.4
11/25/18 11:45,61.92
11/25/18 11:30,66.72
11/25/18 11:15,55.2
11/25/18 11:00,53.76
11/25/18 10:45,51.36
11/25/18 10:30,56.64
11/25/18 10:15,60.48
11/25/18 10:00,58.56
11/25/18 9:45,53.76
11/25/18 9:30,56.64
11/25/18 9:15,51.84
11/25/18 9:00,48.96
11/25/18 8:45,50.88
11/25/18 8:30,53.76
11/25/18 8:15,54.24
11/25/18 8:00,50.88
11/25/18 7:45,53.76
11/25/18 7:30,57.12
11/25/18 7:15,62.4
11/25/18 7:00,68.16
11/25/18 6:45,73.44
11/25/18 6:30,79.68
11/25/18 6:15,79.68
11/25/18 6:00,82.56
11/25/18 5:45,81.6
11/25/18 5:30,82.08
11/25/18 5:15,81.12
11/25/18 5:00,48.48
11/25/18 4:45,48.96
11/25/18 4:30,47.04
11/25/18 4:15,47.04
11/25/18 4:00,49.44
11/25/18 3:45,49.92
11/25/18 3:30,48.48
11/25/18 3:15,47.52
11/25/18 3:00,46.56
11/25/18 2:45,49.44
11/25/18 2:30,47.04
11/25/18 2:15,52.32
11/25/18 2:00,51.84
11/25/18 1:45,49.44
11/25/18 1:30,48
11/25/18 1:15,48.96
11/25/18 1:00,48
11/25/18 0:45,48
11/25/18 0:30,48
11/25/18 0:15,47.04
11/25/18 0:00,48.48
11/24/18 23:45,49.44
11/24/18 23:30,49.44
11/24/18 23:15,48.96
11/24/18 23:00,49.92
11/24/18 22:45,49.44
11/24/18 22:30,48.48
11/24/18 22:15,50.4
11/24/18 22:00,50.4
11/24/18 21:45,48.48
11/24/18 21:30,49.44
11/24/18 21:15,50.88
11/24/18 21:00,52.32
11/24/18 20:45,47.52
11/24/18 20:30,48.96
11/24/18 20:15,50.88
11/24/18 20:00,49.44
11/24/18 19:45,48
11/24/18 19:30,50.88
11/24/18 19:15,48
11/24/18 19:00,49.92
11/24/18 18:45,51.36
11/24/18 18:30,50.4
11/24/18 18:15,52.32
11/24/18 18:00,51.36
11/24/18 17:45,48
11/24/18 17:30,49.92
11/24/18 17:15,51.84
11/24/18 17:00,49.44
11/24/18 16:45,42.24
11/24/18 16:30,32.16
11/24/18 16:15,37.92
11/24/18 16:00,44.64
11/24/18 15:45,57.6
11/24/18 15:30,60.96
11/24/18 15:15,58.56
11/24/18 15:00,59.04
11/24/18 14:45,58.08
11/24/18 14:30,56.64
11/24/18 14:15,60.96
11/24/18 14:00,61.44
11/24/18 13:45,60.48
11/24/18 13:30,63.36
11/24/18 13:15,57.12
11/24/18 13:00,60
11/24/18 12:45,62.4
11/24/18 12:30,58.56
11/24/18 12:15,66.72
11/24/18 12:00,65.76
11/24/18 11:45,61.92
11/24/18 11:30,63.36
11/24/18 11:15,63.36
11/24/18 11:00,64.8
11/24/18 10:45,65.76
11/24/18 10:30,58.08
11/24/18 10:15,48.96
11/24/18 10:00,52.8
11/24/18 9:45,50.4
11/24/18 9:30,48.48
11/24/18 9:15,49.44
11/24/18 9:00,45.12
11/24/18 8:45,31.2
11/24/18 8:30,33.12
11/24/18 8:15,31.68
11/24/18 8:00,34.56
11/24/18 7:45,29.76
11/24/18 7:30,32.64
11/24/18 7:15,32.16
11/24/18 7:00,31.2
11/24/18 6:45,30.24
11/24/18 6:30,33.12
11/24/18 6:15,36
11/24/18 6:00,48
11/24/18 5:45,47.52
11/24/18 5:30,50.88
11/24/18 5:15,47.52
11/24/18 5:00,47.04
11/24/18 4:45,48.48
11/24/18 4:30,46.56
11/24/18 4:15,48.96
11/24/18 4:00,50.4
11/24/18 3:45,48.48
11/24/18 3:30,47.04
11/24/18 3:15,46.08
11/24/18 3:00,46.08
11/24/18 2:45,48.96
11/24/18 2:30,47.52
11/24/18 2:15,48.96
11/24/18 2:00,53.76
11/24/18 1:45,55.68
11/24/18 1:30,55.68
11/24/18 1:15,52.32
11/24/18 1:00,53.76
11/24/18 0:45,48.96
11/24/18 0:30,48
11/24/18 0:15,47.04
11/24/18 0:00,47.52
11/23/18 23:45,50.88
11/23/18 23:30,47.52
11/23/18 23:15,47.52
11/23/18 23:00,48.48
11/23/18 22:45,49.92
11/23/18 22:30,50.88
11/23/18 22:15,48.48
11/23/18 22:00,48.96
11/23/18 21:45,49.92
11/23/18 21:30,50.4
11/23/18 21:15,50.88
11/23/18 21:00,50.88
11/23/18 20:45,50.4
11/23/18 20:30,48
11/23/18 20:15,51.84
11/23/18 20:00,51.36
11/23/18 19:45,50.4
11/23/18 19:30,54.72
11/23/18 19:15,50.4
11/23/18 19:00,49.44
11/23/18 18:45,52.32
11/23/18 18:30,52.8
11/23/18 18:15,51.84
11/23/18 18:00,51.84
11/23/18 17:45,52.32
11/23/18 17:30,52.32
11/23/18 17:15,54.24
11/23/18 17:00,53.76
11/23/18 16:45,42.72
11/23/18 16:30,43.2
11/23/18 16:15,43.68
11/23/18 16:00,44.16
11/23/18 15:45,46.08
11/23/18 15:30,40.8
11/23/18 15:15,41.76
11/23/18 15:00,45.12
11/23/18 14:45,45.6
11/23/18 14:30,62.88
11/23/18 14:15,60
11/23/18 14:00,69.6
11/23/18 13:45,62.88
11/23/18 13:30,59.04
11/23/18 13:15,64.8
11/23/18 13:00,66.72
11/23/18 12:45,62.4
11/23/18 12:30,64.32
11/23/18 12:15,63.84
11/23/18 12:00,62.88
11/23/18 11:45,64.8
11/23/18 11:30,63.84
11/23/18 11:15,64.32
11/23/18 11:00,66.72
11/23/18 10:45,65.28
11/23/18 10:30,63.84
11/23/18 10:15,64.32
11/23/18 10:00,60.48
11/23/18 9:45,59.52
11/23/18 9:30,58.56
11/23/18 9:15,60
11/23/18 9:00,54.24
11/23/18 8:45,36.48
11/23/18 8:30,37.44
11/23/18 8:15,38.4
11/23/18 8:00,37.44
11/23/18 7:45,37.92
11/23/18 7:30,37.92
11/23/18 7:15,38.88
11/23/18 7:00,38.88
11/23/18 6:45,37.92
11/23/18 6:30,37.92
11/23/18 6:15,40.8
11/23/18 6:00,48
11/23/18 5:45,48.48
11/23/18 5:30,51.84
11/23/18 5:15,51.36
11/23/18 5:00,49.44
11/23/18 4:45,51.36
11/23/18 4:30,50.88
11/23/18 4:15,50.4
11/23/18 4:00,51.36
11/23/18 3:45,49.44
11/23/18 3:30,51.36
11/23/18 3:15,50.4
11/23/18 3:00,53.28
11/23/18 2:45,50.88
11/23/18 2:30,50.88
11/23/18 2:15,50.4
11/23/18 2:00,51.36
11/23/18 1:45,52.32
11/23/18 1:30,49.92
11/23/18 1:15,50.4
11/23/18 1:00,50.88
11/23/18 0:45,50.88
11/23/18 0:30,51.36
11/23/18 0:15,50.4
11/23/18 0:00,51.36
11/22/18 23:45,52.8
11/22/18 23:30,53.28
11/22/18 23:15,51.84
11/22/18 23:00,51.36
11/22/18 22:45,51.84
11/22/18 22:30,52.8
11/22/18 22:15,51.36
11/22/18 22:00,51.84
11/22/18 21:45,53.28
11/22/18 21:30,54.72
11/22/18 21:15,52.8
11/22/18 21:00,54.72
11/22/18 20:45,53.28
11/22/18 20:30,52.32
11/22/18 20:15,53.28
11/22/18 20:00,52.32
11/22/18 19:45,57.12
11/22/18 19:30,51.84
11/22/18 19:15,51.36
11/22/18 19:00,54.72
11/22/18 18:45,54.72
11/22/18 18:30,52.32
11/22/18 18:15,52.32
11/22/18 18:00,52.8
11/22/18 17:45,51.36
11/22/18 17:30,57.6
11/22/18 17:15,52.32
11/22/18 17:00,54.24
11/22/18 16:45,44.64
11/22/18 16:30,36.96
11/22/18 16:15,39.84
11/22/18 16:00,37.44
11/22/18 15:45,36.48
11/22/18 15:30,38.4
11/22/18 15:15,36.48
11/22/18 15:00,35.04
11/22/18 14:45,39.36
11/22/18 14:30,35.52
11/22/18 14:15,38.88
11/22/18 14:00,38.88
11/22/18 13:45,40.32
11/22/18 13:30,38.88
11/22/18 13:15,34.56
11/22/18 13:00,36.96
11/22/18 12:45,35.52
11/22/18 12:30,35.04
11/22/18 12:15,37.92
11/22/18 12:00,34.56
11/22/18 11:45,33.6
11/22/18 11:30,36.48
11/22/18 11:15,35.04
11/22/18 11:00,36.96
11/22/18 10:45,36.48
11/22/18 10:30,35.04
11/22/18 10:15,34.56
11/22/18 10:00,38.4
11/22/18 9:45,35.04
11/22/18 9:30,33.6
11/22/18 9:15,37.44
11/22/18 9:00,33.6
11/22/18 8:45,33.6
11/22/18 8:30,36
11/22/18 8:15,35.52
11/22/18 8:00,34.56
11/22/18 7:45,33.12
11/22/18 7:30,36.96
11/22/18 7:15,34.08
11/22/18 7:00,35.04
11/22/18 6:45,34.56
11/22/18 6:30,34.56
11/22/18 6:15,41.28
11/22/18 6:00,47.52
11/22/18 5:45,53.28
11/22/18 5:30,51.84
11/22/18 5:15,51.36
11/22/18 5:00,52.32
11/22/18 4:45,50.4
11/22/18 4:30,51.36
11/22/18 4:15,52.8
11/22/18 4:00,50.4
11/22/18 3:45,50.88
11/22/18 3:30,52.8
11/22/18 3:15,51.36
11/22/18 3:00,49.44
11/22/18 2:45,50.4
11/22/18 2:30,51.84
11/22/18 2:15,49.92
11/22/18 2:00,51.36
11/22/18 1:45,53.76
11/22/18 1:30,53.76
11/22/18 1:15,50.88
11/22/18 1:00,53.76
11/22/18 0:45,51.84
11/22/18 0:30,49.92
11/22/18 0:15,54.24
11/22/18 0:00,50.4
11/21/18 23:45,50.88
11/21/18 23:30,54.72
11/21/18 23:15,53.28
11/21/18 23:00,52.8
11/21/18 22:45,52.32
11/21/18 22:30,53.28
11/21/18 22:15,51.84
11/21/18 22:00,55.2
11/21/18 21:45,54.24
11/21/18 21:30,53.28
11/21/18 21:15,55.68
11/21/18 21:00,53.76
11/21/18 20:45,54.72
11/21/18 20:30,53.28
11/21/18 20:15,57.12
11/21/18 20:00,53.76
11/21/18 19:45,56.16
11/21/18 19:30,59.04
11/21/18 19:15,57.12
11/21/18 19:00,58.56
11/21/18 18:45,57.12
11/21/18 18:30,57.6
11/21/18 18:15,57.6
11/21/18 18:00,57.6
11/21/18 17:45,56.16
11/21/18 17:30,64.32
11/21/18 17:15,59.52
11/21/18 17:00,60
11/21/18 16:45,52.32
11/21/18 16:30,44.64
11/21/18 16:15,65.76
11/21/18 16:00,74.88
11/21/18 15:45,73.92
11/21/18 15:30,78.24
11/21/18 15:15,72.48
11/21/18 15:00,71.04
11/21/18 14:45,67.2
11/21/18 14:30,68.64
11/21/18 14:15,113.76
11/21/18 14:00,66.24
11/21/18 13:45,66.72
11/21/18 13:30,63.84
11/21/18 13:15,58.56
11/21/18 13:00,63.84
11/21/18 12:45,60
11/21/18 12:30,61.44
11/21/18 12:15,63.36
11/21/18 12:00,60
11/21/18 11:45,61.92
11/21/18 11:30,64.8
11/21/18 11:15,65.28
11/21/18 11:00,68.64
11/21/18 10:45,65.28
11/21/18 10:30,65.28
11/21/18 10:15,65.28
11/21/18 10:00,67.68
11/21/18 9:45,64.32
11/21/18 9:30,61.92
11/21/18 9:15,62.4
11/21/18 9:00,59.52
11/21/18 8:45,59.52
11/21/18 8:30,60
11/21/18 8:15,57.6
11/21/18 8:00,62.88
11/21/18 7:45,46.56
11/21/18 7:30,43.2
11/21/18 7:15,41.76
11/21/18 7:00,38.4
11/21/18 6:45,34.56
11/21/18 6:30,36.48
11/21/18 6:15,42.72
11/21/18 6:00,48.48
11/21/18 5:45,47.52
11/21/18 5:30,47.04
11/21/18 5:15,48.96
11/21/18 5:00,47.52
11/21/18 4:45,47.52
11/21/18 4:30,48
11/21/18 4:15,49.92
11/21/18 4:00,49.44
11/21/18 3:45,48.96
11/21/18 3:30,48.48
11/21/18 3:15,47.52
11/21/18 3:00,49.44
11/21/18 2:45,48
11/21/18 2:30,49.44
11/21/18 2:15,48.96
11/21/18 2:00,48.96
11/21/18 1:45,49.92
11/21/18 1:30,47.04
11/21/18 1:15,48.48
11/21/18 1:00,47.52
11/21/18 0:45,49.92
11/21/18 0:30,47.52
11/21/18 0:15,48.48
11/21/18 0:00,49.44
11/20/18 23:45,50.4
11/20/18 23:30,49.44
11/20/18 23:15,48.48
11/20/18 23:00,49.44
11/20/18 22:45,51.84
11/20/18 22:30,49.92
11/20/18 22:15,50.4
11/20/18 22:00,51.36
11/20/18 21:45,52.8
11/20/18 21:30,51.84
11/20/18 21:15,171.84
11/20/18 21:00,177.6
11/20/18 20:45,177.6
11/20/18 20:30,180
11/20/18 20:15,182.4
11/20/18 20:00,181.92
11/20/18 19:45,187.68
11/20/18 19:30,212.64
11/20/18 19:15,205.92
11/20/18 19:00,205.92
11/20/18 18:45,215.52
11/20/18 18:30,205.92
11/20/18 18:15,208.8
11/20/18 18:00,211.2
11/20/18 17:45,207.84
11/20/18 17:30,209.76
11/20/18 17:15,208.32
11/20/18 17:00,209.28
11/20/18 16:45,121.92
11/20/18 16:30,75.36
11/20/18 16:15,82.08
11/20/18 16:00,86.88
11/20/18 15:45,88.32
11/20/18 15:30,88.8
11/20/18 15:15,88.8
11/20/18 15:00,91.68
11/20/18 14:45,97.92
11/20/18 14:30,105.6
11/20/18 14:15,104.64
11/20/18 14:00,103.68
11/20/18 13:45,104.64
11/20/18 13:30,103.68
11/20/18 13:15,86.4
11/20/18 13:00,82.56
11/20/18 12:45,78.24
11/20/18 12:30,85.44
11/20/18 12:15,84
11/20/18 12:00,82.56
11/20/18 11:45,91.68
11/20/18 11:30,89.28
11/20/18 11:15,84
11/20/18 11:00,84.48
11/20/18 10:45,83.52
11/20/18 10:30,84.48
11/20/18 10:15,82.08
11/20/18 10:00,83.52
11/20/18 9:45,75.36
11/20/18 9:30,75.36
11/20/18 9:15,79.68
11/20/18 9:00,72.96
11/20/18 8:45,85.92
11/20/18 8:30,80.64
11/20/18 8:15,74.4
11/20/18 8:00,59.04
11/20/18 7:45,59.52
11/20/18 7:30,55.68
11/20/18 7:15,55.68
11/20/18 7:00,53.28
11/20/18 6:45,43.68
11/20/18 6:30,42.24
11/20/18 6:15,43.68
11/20/18 6:00,49.92
11/20/18 5:45,49.44
11/20/18 5:30,47.04
11/20/18 5:15,50.4
11/20/18 5:00,50.4
11/20/18 4:45,53.28
11/20/18 4:30,51.36
11/20/18 4:15,49.44
11/20/18 4:00,48
11/20/18 3:45,48.48
11/20/18 3:30,47.52
11/20/18 3:15,47.52
11/20/18 3:00,46.56
11/20/18 2:45,48.96
11/20/18 2:30,47.04
11/20/18 2:15,48
11/20/18 2:00,47.52
11/20/18 1:45,48.96
11/20/18 1:30,48.48
11/20/18 1:15,47.52
11/20/18 1:00,48.48
11/20/18 0:45,48.96
11/20/18 0:30,47.52
11/20/18 0:15,47.52
11/20/18 0:00,49.92
11/19/18 23:45,48.96
11/19/18 23:30,48.48
11/19/18 23:15,49.92
11/19/18 23:00,48.96
11/19/18 22:45,48
11/19/18 22:30,51.36
11/19/18 22:15,50.4
11/19/18 22:00,50.4
11/19/18 21:45,50.4
11/19/18 21:30,51.84
11/19/18 21:15,52.32
11/19/18 21:00,51.84
11/19/18 20:45,52.32
11/19/18 20:30,50.4
11/19/18 20:15,56.16
11/19/18 20:00,52.8
11/19/18 19:45,82.08
11/19/18 19:30,80.16
11/19/18 19:15,79.68
11/19/18 19:00,82.56
11/19/18 18:45,80.64
11/19/18 18:30,84
11/19/18 18:15,84
11/19/18 18:00,82.08
11/19/18 17:45,83.52
11/19/18 17:30,89.28
11/19/18 17:15,90.72
11/19/18 17:00,85.92
11/19/18 16:45,81.12
11/19/18 16:30,80.16
11/19/18 16:15,82.08
11/19/18 16:00,85.44
11/19/18 15:45,92.64
11/19/18 15:30,93.6
11/19/18 15:15,79.2
11/19/18 15:00,78.24
11/19/18 14:45,66.72
11/19/18 14:30,61.92
11/19/18 14:15,62.4
11/19/18 14:00,67.2
11/19/18 13:45,65.28
11/19/18 13:30,75.36
11/19/18 13:15,66.24
11/19/18 13:00,65.76
11/19/18 12:45,57.12
11/19/18 12:30,66.72
11/19/18 12:15,64.8
11/19/18 12:00,62.4
11/19/18 11:45,61.44
11/19/18 11:30,61.44
11/19/18 11:15,59.04
11/19/18 11:00,60.96
11/19/18 10:45,59.04
11/19/18 10:30,59.52
11/19/18 10:15,62.88
11/19/18 10:00,59.04
11/19/18 9:45,59.04
11/19/18 9:30,59.52
11/19/18 9:15,57.12
11/19/18 9:00,58.08
11/19/18 8:45,56.16
11/19/18 8:30,59.52
11/19/18 8:15,59.52
11/19/18 8:00,61.92
11/19/18 7:45,60.96
11/19/18 7:30,57.12
11/19/18 7:15,53.76
11/19/18 7:00,47.52
11/19/18 6:45,45.6
11/19/18 6:30,51.84
11/19/18 6:15,55.68
11/19/18 6:00,51.84
11/19/18 5:45,45.6
11/19/18 5:30,48.48
11/19/18 5:15,49.44
11/19/18 5:00,47.52
11/19/18 4:45,50.4
11/19/18 4:30,47.52
11/19/18 4:15,49.92
11/19/18 4:00,52.32
11/19/18 3:45,54.72
11/19/18 3:30,56.16
11/19/18 3:15,57.12
11/19/18 3:00,57.6
11/19/18 2:45,57.6
11/19/18 2:30,56.64
11/19/18 2:15,60.96
11/19/18 2:00,58.08
11/19/18 1:45,55.68
11/19/18 1:30,55.2
11/19/18 1:15,55.2
11/19/18 1:00,53.76
11/19/18 0:45,48.96
11/19/18 0:30,50.4
11/19/18 0:15,48.48
11/19/18 0:00,49.44
11/18/18 23:45,49.44
11/18/18 23:30,51.36
11/18/18 23:15,48.96
11/18/18 23:00,54.72
11/18/18 22:45,58.08
11/18/18 22:30,49.44
11/18/18 22:15,50.88
11/18/18 22:00,50.88
11/18/18 21:45,54.24
11/18/18 21:30,52.32
11/18/18 21:15,51.84
11/18/18 21:00,54.72
11/18/18 20:45,55.68
11/18/18 20:30,51.84
11/18/18 20:15,48.48
11/18/18 20:00,52.8
11/18/18 19:45,52.8
11/18/18 19:30,49.92
11/18/18 19:15,50.88
11/18/18 19:00,50.88
11/18/18 18:45,49.44
11/18/18 18:30,51.84
11/18/18 18:15,49.92
11/18/18 18:00,52.32
11/18/18 17:45,52.8
11/18/18 17:30,51.84
11/18/18 17:15,58.56
11/18/18 17:00,51.36
11/18/18 16:45,43.68
11/18/18 16:30,33.6
11/18/18 16:15,36.96
11/18/18 16:00,39.36
11/18/18 15:45,38.4
11/18/18 15:30,40.32
11/18/18 15:15,36.96
11/18/18 15:00,39.84
11/18/18 14:45,40.32
11/18/18 14:30,36
11/18/18 14:15,40.32
11/18/18 14:00,42.72
11/18/18 13:45,41.28
11/18/18 13:30,53.28
11/18/18 13:15,66.72
11/18/18 13:00,58.56
11/18/18 12:45,61.44
11/18/18 12:30,61.44
11/18/18 12:15,67.68
11/18/18 12:00,72
11/18/18 11:45,78.72
11/18/18 11:30,80.64
11/18/18 11:15,77.28
11/18/18 11:00,68.16
11/18/18 10:45,70.08
11/18/18 10:30,74.4
11/18/18 10:15,76.32
11/18/18 10:00,76.32
11/18/18 9:45,72
11/18/18 9:30,57.12
11/18/18 9:15,57.12
11/18/18 9:00,55.68
11/18/18 8:45,62.88
11/18/18 8:30,60.48
11/18/18 8:15,62.88
11/18/18 8:00,62.88
11/18/18 7:45,60.96
11/18/18 7:30,61.92
11/18/18 7:15,58.08
11/18/18 7:00,59.52
11/18/18 6:45,65.28
11/18/18 6:30,68.64
11/18/18 6:15,77.76
11/18/18 6:00,87.84
11/18/18 5:45,81.6
11/18/18 5:30,79.2
11/18/18 5:15,76.8
11/18/18 5:00,72.96
11/18/18 4:45,68.64
11/18/18 4:30,67.2
11/18/18 4:15,70.56
11/18/18 4:00,56.16
11/18/18 3:45,48.48
11/18/18 3:30,47.52
11/18/18 3:15,48.96
11/18/18 3:00,48.48
11/18/18 2:45,46.56
11/18/18 2:30,48
11/18/18 2:15,54.72
11/18/18 2:00,57.12
11/18/18 1:45,47.52
11/18/18 1:30,48
11/18/18 1:15,49.44
11/18/18 1:00,48.96
11/18/18 0:45,48
11/18/18 0:30,50.4
11/18/18 0:15,48.48
11/18/18 0:00,49.44
11/17/18 23:45,48.48
11/17/18 23:30,51.36
11/17/18 23:15,49.92
11/17/18 23:00,48.96
11/17/18 22:45,50.88
11/17/18 22:30,50.4
11/17/18 22:15,50.4
11/17/18 22:00,50.4
11/17/18 21:45,57.6
11/17/18 21:30,49.92
11/17/18 21:15,62.88
11/17/18 21:00,76.8
11/17/18 20:45,74.4
11/17/18 20:30,78.24
11/17/18 20:15,79.2
11/17/18 20:00,79.2
11/17/18 19:45,81.6
11/17/18 19:30,84
11/17/18 19:15,80.16
11/17/18 19:00,81.6
11/17/18 18:45,83.52
11/17/18 18:30,83.52
11/17/18 18:15,88.8
11/17/18 18:00,81.6
11/17/18 17:45,86.4
11/17/18 17:30,84.96
11/17/18 17:15,93.12
11/17/18 17:00,87.84
11/17/18 16:45,75.36
11/17/18 16:30,69.12
11/17/18 16:15,64.32
11/17/18 16:00,72.48
11/17/18 15:45,66.72
11/17/18 15:30,68.16
11/17/18 15:15,71.04
11/17/18 15:00,63.84
11/17/18 14:45,65.76
11/17/18 14:30,63.84
11/17/18 14:15,63.36
11/17/18 14:00,61.92
11/17/18 13:45,61.92
11/17/18 13:30,64.32
11/17/18 13:15,65.76
11/17/18 13:00,60.48
11/17/18 12:45,59.04
11/17/18 12:30,58.56
11/17/18 12:15,58.56
11/17/18 12:00,60
11/17/18 11:45,59.04
11/17/18 11:30,69.12
11/17/18 11:15,61.44
11/17/18 11:00,64.8
11/17/18 10:45,63.36
11/17/18 10:30,63.84
11/17/18 10:15,67.68
11/17/18 10:00,45.6
11/17/18 9:45,44.16
11/17/18 9:30,44.64
11/17/18 9:15,44.64
11/17/18 9:00,41.28
11/17/18 8:45,41.28
11/17/18 8:30,44.16
11/17/18 8:15,43.68
11/17/18 8:00,42.24
11/17/18 7:45,41.76
11/17/18 7:30,32.64
11/17/18 7:15,32.64
11/17/18 7:00,35.52
11/17/18 6:45,29.76
11/17/18 6:30,31.68
11/17/18 6:15,40.8
11/17/18 6:00,48.96
11/17/18 5:45,51.84
11/17/18 5:30,49.92
11/17/18 5:15,51.84
11/17/18 5:00,50.4
11/17/18 4:45,49.44
11/17/18 4:30,50.88
11/17/18 4:15,49.92
11/17/18 4:00,48.48
11/17/18 3:45,50.4
11/17/18 3:30,48.48
11/17/18 3:15,51.84
11/17/18 3:00,49.44
11/17/18 2:45,48.96
11/17/18 2:30,50.88
11/17/18 2:15,51.36
11/17/18 2:00,58.56
11/17/18 1:45,56.16
11/17/18 1:30,55.68
11/17/18 1:15,55.2
11/17/18 1:00,57.12
11/17/18 0:45,50.4
11/17/18 0:30,48.96
11/17/18 0:15,50.88
11/17/18 0:00,50.88
11/16/18 23:45,48.48
11/16/18 23:30,50.88
11/16/18 23:15,52.32
11/16/18 23:00,51.84
11/16/18 22:45,51.84
11/16/18 22:30,52.8
11/16/18 22:15,52.8
11/16/18 22:00,64.32
11/16/18 21:45,76.32
11/16/18 21:30,77.28
11/16/18 21:15,75.84
11/16/18 21:00,84.96
11/16/18 20:45,75.84
11/16/18 20:30,80.16
11/16/18 20:15,80.64
11/16/18 20:00,90.72
11/16/18 19:45,101.28
11/16/18 19:30,101.76
11/16/18 19:15,98.88
11/16/18 19:00,97.44
11/16/18 18:45,100.8
11/16/18 18:30,99.84
11/16/18 18:15,105.12
11/16/18 18:00,108
11/16/18 17:45,113.28
11/16/18 17:30,111.84
11/16/18 17:15,122.4
11/16/18 17:00,226.08
11/16/18 16:45,224.16
11/16/18 16:30,149.76
11/16/18 16:15,126.72
11/16/18 16:00,125.28
11/16/18 15:45,162.72
11/16/18 15:30,144
11/16/18 15:15,153.6
11/16/18 15:00,168.96
11/16/18 14:45,184.32
11/16/18 14:30,168.48
11/16/18 14:15,199.68
11/16/18 14:00,151.2
11/16/18 13:45,165.12
11/16/18 13:30,156
11/16/18 13:15,151.2
11/16/18 13:00,143.52
11/16/18 12:45,128.64
11/16/18 12:30,121.44
11/16/18 12:15,123.84
11/16/18 12:00,137.28
11/16/18 11:45,132.96
11/16/18 11:30,126.72
11/16/18 11:15,130.56
11/16/18 11:00,114.72
11/16/18 10:45,123.84
11/16/18 10:30,114.24
11/16/18 10:15,100.32
11/16/18 10:00,101.28
11/16/18 9:45,92.64
11/16/18 9:30,95.04
11/16/18 9:15,97.92
11/16/18 9:00,90.24
11/16/18 8:45,90.24
11/16/18 8:30,93.12
11/16/18 8:15,87.36
11/16/18 8:00,64.8
11/16/18 7:45,65.28
11/16/18 7:30,75.36
11/16/18 7:15,71.04
11/16/18 7:00,57.12
11/16/18 6:45,48.48
11/16/18 6:30,48.48
11/16/18 6:15,55.2
11/16/18 6:00,65.76
11/16/18 5:45,55.68
11/16/18 5:30,55.2
11/16/18 5:15,56.64
11/16/18 5:00,57.6
11/16/18 4:45,54.72
11/16/18 4:30,50.88
11/16/18 4:15,52.8
11/16/18 4:00,53.76
11/16/18 3:45,53.76
11/16/18 3:30,58.08
11/16/18 3:15,56.64
11/16/18 3:00,59.04
11/16/18 2:45,58.56
11/16/18 2:30,60
11/16/18 2:15,60.96
11/16/18 2:00,60.48
11/16/18 1:45,53.76
11/16/18 1:30,54.24
11/16/18 1:15,53.76
11/16/18 1:00,52.8
11/16/18 0:45,52.32
11/16/18 0:30,52.32
11/16/18 0:15,53.76
11/16/18 0:00,54.24
11/15/18 23:45,52.8
11/15/18 23:30,54.72
11/15/18 23:15,54.24
11/15/18 23:00,55.68
11/15/18 22:45,60.48
11/15/18 22:30,60
11/15/18 22:15,64.8
11/15/18 22:00,62.88
11/15/18 21:45,73.44
11/15/18 21:30,88.8
11/15/18 21:15,98.4
11/15/18 21:00,95.04
11/15/18 20:45,95.04
11/15/18 20:30,95.04
11/15/18 20:15,98.4
11/15/18 20:00,94.56
11/15/18 19:45,119.04
11/15/18 19:30,111.36
11/15/18 19:15,111.84
11/15/18 19:00,119.04
11/15/18 18:45,113.76
11/15/18 18:30,119.04
11/15/18 18:15,131.52
11/15/18 18:00,112.32
11/15/18 17:45,202.08
11/15/18 17:30,230.88
11/15/18 17:15,234.72
11/15/18 17:00,226.08
11/15/18 16:45,238.56
11/15/18 16:30,163.2
11/15/18 16:15,132.48
11/15/18 16:00,117.6
11/15/18 15:45,139.2
11/15/18 15:30,131.04
11/15/18 15:15,158.4
11/15/18 15:00,156.48
11/15/18 14:45,180.96
11/15/18 14:30,189.12
11/15/18 14:15,191.04
11/15/18 14:00,197.28
11/15/18 13:45,185.28
11/15/18 13:30,203.04
11/15/18 13:15,192
11/15/18 13:00,181.92
11/15/18 12:45,216
11/15/18 12:30,184.32
11/15/18 12:15,159.84
11/15/18 12:00,156.48
11/15/18 11:45,160.32
11/15/18 11:30,151.2
11/15/18 11:15,149.76
11/15/18 11:00,143.52
11/15/18 10:45,124.8
11/15/18 10:30,116.16
11/15/18 10:15,111.36
11/15/18 10:00,93.12
11/15/18 9:45,84.96
11/15/18 9:30,85.44
11/15/18 9:15,90.72
11/15/18 9:00,113.28
11/15/18 8:45,115.2
11/15/18 8:30,116.16
11/15/18 8:15,109.92
11/15/18 8:00,95.52
11/15/18 7:45,99.36
11/15/18 7:30,111.84
11/15/18 7:15,90.72
11/15/18 7:00,79.2
11/15/18 6:45,57.12
11/15/18 6:30,48.96
11/15/18 6:15,53.76
11/15/18 6:00,60.48
11/15/18 5:45,61.92
11/15/18 5:30,59.52
11/15/18 5:15,61.44
11/15/18 5:00,57.6
11/15/18 4:45,55.2
11/15/18 4:30,54.24
11/15/18 4:15,51.84
11/15/18 4:00,53.28
11/15/18 3:45,52.32
11/15/18 3:30,56.64
11/15/18 3:15,55.68
11/15/18 3:00,53.76
11/15/18 2:45,54.24
11/15/18 2:30,52.8
11/15/18 2:15,54.24
11/15/18 2:00,53.28
11/15/18 1:45,51.84
11/15/18 1:30,52.8
11/15/18 1:15,57.12
11/15/18 1:00,52.8
11/15/18 0:45,52.32
11/15/18 0:30,53.76
11/15/18 0:15,55.68
11/15/18 0:00,52.32
11/14/18 23:45,57.6
11/14/18 23:30,56.64
11/14/18 23:15,54.72
11/14/18 23:00,54.24
11/14/18 22:45,56.64
11/14/18 22:30,57.12
11/14/18 22:15,57.12
11/14/18 22:00,73.44
11/14/18 21:45,75.84
11/14/18 21:30,74.4
11/14/18 21:15,78.72
11/14/18 21:00,77.76
11/14/18 20:45,80.16
11/14/18 20:30,83.04
11/14/18 20:15,80.16
11/14/18 20:00,82.08
11/14/18 19:45,87.84
11/14/18 19:30,137.76
11/14/18 19:15,175.68
11/14/18 19:00,94.56
11/14/18 18:45,92.64
11/14/18 18:30,91.2
11/14/18 18:15,96.48
11/14/18 18:00,91.2
11/14/18 17:45,96.96
11/14/18 17:30,96.48
11/14/18 17:15,92.16
11/14/18 17:00,109.44
11/14/18 16:45,174.24
11/14/18 16:30,215.04
11/14/18 16:15,113.28
11/14/18 16:00,140.16
11/14/18 15:45,132.48
11/14/18 15:30,136.8
11/14/18 15:15,139.2
11/14/18 15:00,140.64
11/14/18 14:45,189.6
11/14/18 14:30,186.72
11/14/18 14:15,193.92
11/14/18 14:00,183.84
11/14/18 13:45,197.28
11/14/18 13:30,191.04
11/14/18 13:15,188.16
11/14/18 13:00,165.12
11/14/18 12:45,162.24
11/14/18 12:30,157.44
11/14/18 12:15,168.96
11/14/18 12:00,165.12
11/14/18 11:45,158.4
11/14/18 11:30,159.36
11/14/18 11:15,150.72
11/14/18 11:00,142.08
11/14/18 10:45,144
11/14/18 10:30,144.96
11/14/18 10:15,144.48
11/14/18 10:00,129.6
11/14/18 9:45,127.2
11/14/18 9:30,122.88
11/14/18 9:15,126.24
11/14/18 9:00,124.32
11/14/18 8:45,119.04
11/14/18 8:30,113.76
11/14/18 8:15,109.92
11/14/18 8:00,88.32
11/14/18 7:45,82.56
11/14/18 7:30,92.16
11/14/18 7:15,84
11/14/18 7:00,73.92
11/14/18 6:45,48.48
11/14/18 6:30,46.08
11/14/18 6:15,48.96
11/14/18 6:00,56.16
11/14/18 5:45,49.92
11/14/18 5:30,49.44
11/14/18 5:15,50.4
11/14/18 5:00,51.36
11/14/18 4:45,50.4
11/14/18 4:30,50.4
11/14/18 4:15,51.36
11/14/18 4:00,51.36
11/14/18 3:45,50.88
11/14/18 3:30,52.32
11/14/18 3:15,52.8
11/14/18 3:00,51.36
11/14/18 2:45,49.44
11/14/18 2:30,52.8
11/14/18 2:15,49.92
11/14/18 2:00,50.4
11/14/18 1:45,53.28
11/14/18 1:30,51.36
11/14/18 1:15,49.92
11/14/18 1:00,49.92
11/14/18 0:45,51.84
11/14/18 0:30,51.36
11/14/18 0:15,49.92
11/14/18 0:00,55.2
11/13/18 23:45,51.84
11/13/18 23:30,51.36
11/13/18 23:15,52.8
11/13/18 23:00,52.8
11/13/18 22:45,51.84
11/13/18 22:30,53.76
11/13/18 22:15,54.72
11/13/18 22:00,55.68
11/13/18 21:45,55.68
11/13/18 21:30,55.68
11/13/18 21:15,57.12
11/13/18 21:00,64.8
11/13/18 20:45,74.88
11/13/18 20:30,83.52
11/13/18 20:15,83.52
11/13/18 20:00,85.92
11/13/18 19:45,82.08
11/13/18 19:30,84
11/13/18 19:15,197.28
11/13/18 19:00,198.24
11/13/18 18:45,203.52
11/13/18 18:30,199.2
11/13/18 18:15,204.96
11/13/18 18:00,213.6
11/13/18 17:45,213.12
11/13/18 17:30,215.04
11/13/18 17:15,223.2
11/13/18 17:00,218.88
11/13/18 16:45,262.08
11/13/18 16:30,158.88
11/13/18 16:15,106.56
11/13/18 16:00,114.24
11/13/18 15:45,115.2
11/13/18 15:30,141.12
11/13/18 15:15,123.36
11/13/18 15:00,150.72
11/13/18 14:45,158.4
11/13/18 14:30,149.28
11/13/18 14:15,157.92
11/13/18 14:00,155.52
11/13/18 13:45,147.84
11/13/18 13:30,143.04
11/13/18 13:15,149.76
11/13/18 13:00,134.4
11/13/18 12:45,133.44
11/13/18 12:30,124.32
11/13/18 12:15,132
11/13/18 12:00,135.36
11/13/18 11:45,120.96
11/13/18 11:30,129.12
11/13/18 11:15,134.88
11/13/18 11:00,131.04
11/13/18 10:45,131.52
11/13/18 10:30,130.56
11/13/18 10:15,124.8
11/13/18 10:00,122.88
11/13/18 9:45,122.88
11/13/18 9:30,120.96
11/13/18 9:15,119.52
11/13/18 9:00,123.84
11/13/18 8:45,111.84
11/13/18 8:30,113.76
11/13/18 8:15,116.16
11/13/18 8:00,91.68
11/13/18 7:45,91.68
11/13/18 7:30,99.36
11/13/18 7:15,84.96
11/13/18 7:00,71.52
11/13/18 6:45,44.16
11/13/18 6:30,43.68
11/13/18 6:15,43.68
11/13/18 6:00,53.76
11/13/18 5:45,46.56
11/13/18 5:30,46.56
11/13/18 5:15,46.56
11/13/18 5:00,48.96
11/13/18 4:45,47.04
11/13/18 4:30,49.44
11/13/18 4:15,48
11/13/18 4:00,49.92
11/13/18 3:45,53.28
11/13/18 3:30,54.72
11/13/18 3:15,52.8
11/13/18 3:00,55.2
11/13/18 2:45,53.28
11/13/18 2:30,56.16
11/13/18 2:15,59.04
11/13/18 2:00,57.6
11/13/18 1:45,55.2
11/13/18 1:30,53.76
11/13/18 1:15,53.28
11/13/18 1:00,57.12
11/13/18 0:45,48
11/13/18 0:30,50.4
11/13/18 0:15,48.48
11/13/18 0:00,47.52
11/12/18 23:45,48.48
11/12/18 23:30,48
11/12/18 23:15,50.4
11/12/18 23:00,53.28
11/12/18 22:45,56.64
11/12/18 22:30,55.68
11/12/18 22:15,59.04
11/12/18 22:00,60.48
11/12/18 21:45,60
11/12/18 21:30,58.56
11/12/18 21:15,60.96
11/12/18 21:00,58.08
11/12/18 20:45,55.2
11/12/18 20:30,49.92
11/12/18 20:15,52.32
11/12/18 20:00,58.08
11/12/18 19:45,67.2
11/12/18 19:30,68.64
11/12/18 19:15,66.24
11/12/18 19:00,67.68
11/12/18 18:45,70.08
11/12/18 18:30,68.64
11/12/18 18:15,68.64
11/12/18 18:00,67.68
11/12/18 17:45,67.68
11/12/18 17:30,71.04
11/12/18 17:15,69.6
11/12/18 17:00,68.64
11/12/18 16:45,60.48
11/12/18 16:30,51.36
11/12/18 16:15,59.04
11/12/18 16:00,54.24
11/12/18 15:45,51.84
11/12/18 15:30,59.04
11/12/18 15:15,54.72
11/12/18 15:00,54.72
11/12/18 14:45,54.24
11/12/18 14:30,51.36
11/12/18 14:15,55.2
11/12/18 14:00,52.32
11/12/18 13:45,55.68
11/12/18 13:30,54.24
11/12/18 13:15,54.72
11/12/18 13:00,55.2
11/12/18 12:45,55.68
11/12/18 12:30,57.6
11/12/18 12:15,60
11/12/18 12:00,60
11/12/18 11:45,56.16
11/12/18 11:30,59.52
11/12/18 11:15,61.44
11/12/18 11:00,60.48
11/12/18 10:45,52.32
11/12/18 10:30,53.76
11/12/18 10:15,51.36
11/12/18 10:00,51.84
11/12/18 9:45,53.28
11/12/18 9:30,51.84
11/12/18 9:15,50.4
11/12/18 9:00,49.44
11/12/18 8:45,33.12
11/12/18 8:30,36.48
11/12/18 8:15,34.56
11/12/18 8:00,33.6
11/12/18 7:45,36
11/12/18 7:30,42.72
11/12/18 7:15,43.2
11/12/18 7:00,40.32
11/12/18 6:45,35.52
11/12/18 6:30,37.92
11/12/18 6:15,43.68
11/12/18 6:00,51.84
11/12/18 5:45,46.56
11/12/18 5:30,47.52
11/12/18 5:15,47.52
11/12/18 5:00,48.48
11/12/18 4:45,47.52
11/12/18 4:30,49.44
11/12/18 4:15,49.44
11/12/18 4:00,50.4
11/12/18 3:45,54.72
11/12/18 3:30,54.24
11/12/18 3:15,54.72
11/12/18 3:00,56.16
11/12/18 2:45,55.2
11/12/18 2:30,57.12
11/12/18 2:15,56.16
11/12/18 2:00,55.68
11/12/18 1:45,55.68
11/12/18 1:30,53.76
11/12/18 1:15,58.08
11/12/18 1:00,57.6
11/12/18 0:45,48.48
11/12/18 0:30,48.48
11/12/18 0:15,48.48
11/12/18 0:00,48.96
11/11/18 23:45,50.88
11/11/18 23:30,49.44
11/11/18 23:15,49.92
11/11/18 23:00,53.28
11/11/18 22:45,57.6
11/11/18 22:30,50.4
11/11/18 22:15,49.92
11/11/18 22:00,53.76
11/11/18 21:45,50.88
11/11/18 21:30,50.88
11/11/18 21:15,51.84
11/11/18 21:00,53.28
11/11/18 20:45,57.6
11/11/18 20:30,50.4
11/11/18 20:15,55.2
11/11/18 20:00,53.28
11/11/18 19:45,49.44
11/11/18 19:30,51.36
11/11/18 19:15,52.32
11/11/18 19:00,50.4
11/11/18 18:45,49.44
11/11/18 18:30,53.28
11/11/18 18:15,53.76
11/11/18 18:00,51.36
11/11/18 17:45,52.8
11/11/18 17:30,52.32
11/11/18 17:15,54.24
11/11/18 17:00,51.36
11/11/18 16:45,43.2
11/11/18 16:30,36.96
11/11/18 16:15,36.48
11/11/18 16:00,38.88
11/11/18 15:45,41.76
11/11/18 15:30,37.44
11/11/18 15:15,40.8
11/11/18 15:00,38.4
11/11/18 14:45,36
11/11/18 14:30,39.84
11/11/18 14:15,36.96
11/11/18 14:00,39.84
11/11/18 13:45,38.88
11/11/18 13:30,39.84
11/11/18 13:15,43.2
11/11/18 13:00,56.16
11/11/18 12:45,60
11/11/18 12:30,60
11/11/18 12:15,60.48
11/11/18 12:00,61.44
11/11/18 11:45,60.48
11/11/18 11:30,64.8
11/11/18 11:15,67.2
11/11/18 11:00,60.48
11/11/18 10:45,57.6
11/11/18 10:30,63.84
11/11/18 10:15,64.8
11/11/18 10:00,63.36
11/11/18 9:45,62.88
11/11/18 9:30,61.92
11/11/18 9:15,59.52
11/11/18 9:00,60.48
11/11/18 8:45,57.12
11/11/18 8:30,58.56
11/11/18 8:15,59.04
11/11/18 8:00,57.12
11/11/18 7:45,54.72
11/11/18 7:30,55.2
11/11/18 7:15,62.4
11/11/18 7:00,65.28
11/11/18 6:45,66.72
11/11/18 6:30,82.08
11/11/18 6:15,85.44
11/11/18 6:00,95.04
11/11/18 5:45,87.84
11/11/18 5:30,83.52
11/11/18 5:15,80.64
11/11/18 5:00,60.48
11/11/18 4:45,48.96
11/11/18 4:30,48.48
11/11/18 4:15,49.92
11/11/18 4:00,52.8
11/11/18 3:45,49.92
11/11/18 3:30,47.52
11/11/18 3:15,49.44
11/11/18 3:00,48
11/11/18 2:45,47.04
11/11/18 2:30,49.92
11/11/18 2:15,51.36
11/11/18 2:00,56.64
11/11/18 1:45,48
11/11/18 1:30,47.52
11/11/18 1:15,49.92
11/11/18 1:00,47.04
11/11/18 0:45,49.92
11/11/18 0:30,48
11/11/18 0:15,48
11/11/18 0:00,49.44
11/10/18 23:45,47.52
11/10/18 23:30,50.4
11/10/18 23:15,48.48
11/10/18 23:00,55.68
11/10/18 22:45,60
11/10/18 22:30,49.44
11/10/18 22:15,49.44
11/10/18 22:00,51.84
11/10/18 21:45,49.92
11/10/18 21:30,49.92
11/10/18 21:15,51.36
11/10/18 21:00,60.48
11/10/18 20:45,54.72
11/10/18 20:30,49.92
11/10/18 20:15,50.4
11/10/18 20:00,49.44
11/10/18 19:45,49.92
11/10/18 19:30,55.2
11/10/18 19:15,49.44
11/10/18 19:00,51.36
11/10/18 18:45,52.32
11/10/18 18:30,52.8
11/10/18 18:15,52.32
11/10/18 18:00,50.88
11/10/18 17:45,50.88
11/10/18 17:30,53.28
11/10/18 17:15,53.76
11/10/18 17:00,57.12
11/10/18 16:45,45.6
11/10/18 16:30,42.72
11/10/18 16:15,73.92
11/10/18 16:00,75.84
11/10/18 15:45,76.8
11/10/18 15:30,84.48
11/10/18 15:15,74.4
11/10/18 15:00,78.24
11/10/18 14:45,76.32
11/10/18 14:30,75.84
11/10/18 14:15,77.28
11/10/18 14:00,81.6
11/10/18 13:45,74.4
11/10/18 13:30,76.8
11/10/18 13:15,76.32
11/10/18 13:00,75.84
11/10/18 12:45,78.72
11/10/18 12:30,71.52
11/10/18 12:15,63.36
11/10/18 12:00,66.24
11/10/18 11:45,65.28
11/10/18 11:30,65.28
11/10/18 11:15,68.64
11/10/18 11:00,61.92
11/10/18 10:45,63.36
11/10/18 10:30,61.92
11/10/18 10:15,62.4
11/10/18 10:00,60.96
11/10/18 9:45,62.4
11/10/18 9:30,57.6
11/10/18 9:15,53.76
11/10/18 9:00,53.76
11/10/18 8:45,54.72
11/10/18 8:30,53.76
11/10/18 8:15,48.96
11/10/18 8:00,36.48
11/10/18 7:45,35.04
11/10/18 7:30,37.92
11/10/18 7:15,41.76
11/10/18 7:00,40.8
11/10/18 6:45,35.04
11/10/18 6:30,36
11/10/18 6:15,41.76
11/10/18 6:00,55.68
11/10/18 5:45,49.44
11/10/18 5:30,49.92
11/10/18 5:15,49.92
11/10/18 5:00,50.88
11/10/18 4:45,51.84
11/10/18 4:30,51.84
11/10/18 4:15,51.36
11/10/18 4:00,49.44
11/10/18 3:45,52.32
11/10/18 3:30,58.08
11/10/18 3:15,56.64
11/10/18 3:00,57.12
11/10/18 2:45,55.2
11/10/18 2:30,57.6
11/10/18 2:15,60.48
11/10/18 2:00,59.52
11/10/18 1:45,50.4
11/10/18 1:30,50.88
11/10/18 1:15,49.92
11/10/18 1:00,48.96
11/10/18 0:45,54.24
11/10/18 0:30,51.84
11/10/18 0:15,49.92
11/10/18 0:00,50.4
11/9/18 23:45,51.36
11/9/18 23:30,57.12
11/9/18 23:15,54.24
11/9/18 23:00,56.16
11/9/18 22:45,61.44
11/9/18 22:30,62.4
11/9/18 22:15,62.88
11/9/18 22:00,67.2
11/9/18 21:45,80.64
11/9/18 21:30,79.2
11/9/18 21:15,81.6
11/9/18 21:00,85.92
11/9/18 20:45,77.28
11/9/18 20:30,69.12
11/9/18 20:15,75.36
11/9/18 20:00,77.28
11/9/18 19:45,86.4
11/9/18 19:30,83.52
11/9/18 19:15,82.08
11/9/18 19:00,89.28
11/9/18 18:45,84.48
11/9/18 18:30,89.28
11/9/18 18:15,77.28
11/9/18 18:00,89.76
11/9/18 17:45,173.76
11/9/18 17:30,211.68
11/9/18 17:15,211.2
11/9/18 17:00,225.6
11/9/18 16:45,188.16
11/9/18 16:30,110.4
11/9/18 16:15,107.52
11/9/18 16:00,134.88
11/9/18 15:45,132
11/9/18 15:30,151.68
11/9/18 15:15,175.68
11/9/18 15:00,171.84
11/9/18 14:45,179.52
11/9/18 14:30,196.8
11/9/18 14:15,181.92
11/9/18 14:00,189.6
11/9/18 13:45,186.72
11/9/18 13:30,194.88
11/9/18 13:15,209.76
11/9/18 13:00,179.52
11/9/18 12:45,138.24
11/9/18 12:30,145.92
11/9/18 12:15,163.68
11/9/18 12:00,159.84
11/9/18 11:45,155.04
11/9/18 11:30,162.24
11/9/18 11:15,141.6
11/9/18 11:00,148.32
11/9/18 10:45,142.56
11/9/18 10:30,129.6
11/9/18 10:15,135.36
11/9/18 10:00,129.12
11/9/18 9:45,123.84
11/9/18 9:30,129.12
11/9/18 9:15,118.56
11/9/18 9:00,118.08
11/9/18 8:45,116.64
11/9/18 8:30,103.68
11/9/18 8:15,88.8
11/9/18 8:00,63.36
11/9/18 7:45,63.84
11/9/18 7:30,75.84
11/9/18 7:15,76.8
11/9/18 7:00,63.36
11/9/18 6:45,51.36
11/9/18 6:30,47.04
11/9/18 6:15,50.4
11/9/18 6:00,52.8
11/9/18 5:45,50.4
11/9/18 5:30,55.2
11/9/18 5:15,52.32
11/9/18 5:00,50.4
11/9/18 4:45,52.32
11/9/18 4:30,53.28
11/9/18 4:15,52.32
11/9/18 4:00,51.84
11/9/18 3:45,48.96
11/9/18 3:30,50.4
11/9/18 3:15,54.72
11/9/18 3:00,53.76
11/9/18 2:45,50.4
11/9/18 2:30,50.88
11/9/18 2:15,51.84
11/9/18 2:00,49.92
11/9/18 1:45,51.84
11/9/18 1:30,53.28
11/9/18 1:15,49.92
11/9/18 1:00,51.84
11/9/18 0:45,50.4
11/9/18 0:30,49.44
11/9/18 0:15,55.2
11/9/18 0:00,54.24
11/8/18 23:45,50.4
11/8/18 23:30,51.84
11/8/18 23:15,57.6
11/8/18 23:00,52.32
11/8/18 22:45,52.8
11/8/18 22:30,56.16
11/8/18 22:15,56.16
11/8/18 22:00,54.72
11/8/18 21:45,67.2
11/8/18 21:30,81.12
11/8/18 21:15,77.76
11/8/18 21:00,80.16
11/8/18 20:45,75.84
11/8/18 20:30,76.8
11/8/18 20:15,81.12
11/8/18 20:00,86.88
11/8/18 19:45,85.44
11/8/18 19:30,90.24
11/8/18 19:15,87.36
11/8/18 19:00,84.48
11/8/18 18:45,90.24
11/8/18 18:30,87.84
11/8/18 18:15,84.96
11/8/18 18:00,174.24
11/8/18 17:45,225.12
11/8/18 17:30,222.72
11/8/18 17:15,227.52
11/8/18 17:00,235.68
11/8/18 16:45,168.96
11/8/18 16:30,120.96
11/8/18 16:15,114.24
11/8/18 16:00,144.96
11/8/18 15:45,156.48
11/8/18 15:30,164.16
11/8/18 15:15,148.8
11/8/18 15:00,173.76
11/8/18 14:45,188.16
11/8/18 14:30,191.04
11/8/18 14:15,195.84
11/8/18 14:00,165.6
11/8/18 13:45,176.64
11/8/18 13:30,176.64
11/8/18 13:15,180.96
11/8/18 13:00,148.8
11/8/18 12:45,198.24
11/8/18 12:30,172.8
11/8/18 12:15,156.96
11/8/18 12:00,165.6
11/8/18 11:45,174.72
11/8/18 11:30,171.36
11/8/18 11:15,164.16
11/8/18 11:00,141.6
11/8/18 10:45,151.2
11/8/18 10:30,133.44
11/8/18 10:15,124.8
11/8/18 10:00,104.64
11/8/18 9:45,90.72
11/8/18 9:30,88.8
11/8/18 9:15,94.08
11/8/18 9:00,116.64
11/8/18 8:45,119.52
11/8/18 8:30,116.64
11/8/18 8:15,112.32
11/8/18 8:00,93.12
11/8/18 7:45,91.2
11/8/18 7:30,104.64
11/8/18 7:15,87.36
11/8/18 7:00,70.08
11/8/18 6:45,55.2
11/8/18 6:30,56.64
11/8/18 6:15,54.24
11/8/18 6:00,57.12
11/8/18 5:45,59.52
11/8/18 5:30,55.2
11/8/18 5:15,54.72
11/8/18 5:00,56.16
11/8/18 4:45,52.8
11/8/18 4:30,50.88
11/8/18 4:15,54.72
11/8/18 4:00,52.32
11/8/18 3:45,50.88
11/8/18 3:30,49.44
11/8/18 3:15,52.32
11/8/18 3:00,49.44
11/8/18 2:45,50.88
11/8/18 2:30,52.32
11/8/18 2:15,50.4
11/8/18 2:00,50.88
11/8/18 1:45,49.44
11/8/18 1:30,53.28
11/8/18 1:15,50.4
11/8/18 1:00,50.4
11/8/18 0:45,50.88
11/8/18 0:30,54.72
11/8/18 0:15,50.88
11/8/18 0:00,49.44
11/7/18 23:45,51.36
11/7/18 23:30,52.32
11/7/18 23:15,52.8
11/7/18 23:00,50.88
11/7/18 22:45,53.76
11/7/18 22:30,54.24
11/7/18 22:15,53.28
11/7/18 22:00,54.72
11/7/18 21:45,54.72
11/7/18 21:30,52.8
11/7/18 21:15,67.68
11/7/18 21:00,75.84
11/7/18 20:45,76.8
11/7/18 20:30,77.76
11/7/18 20:15,78.24
11/7/18 20:00,81.6
11/7/18 19:45,101.76
11/7/18 19:30,99.36
11/7/18 19:15,95.04
11/7/18 19:00,96.48
11/7/18 18:45,95.04
11/7/18 18:30,103.68
11/7/18 18:15,101.76
11/7/18 18:00,112.8
11/7/18 17:45,103.68
11/7/18 17:30,108.96
11/7/18 17:15,104.16
11/7/18 17:00,127.68
11/7/18 16:45,115.68
11/7/18 16:30,128.64
11/7/18 16:15,127.2
11/7/18 16:00,128.64
11/7/18 15:45,170.4
11/7/18 15:30,154.56
11/7/18 15:15,165.6
11/7/18 15:00,197.28
11/7/18 14:45,182.88
11/7/18 14:30,183.36
11/7/18 14:15,168
11/7/18 14:00,170.4
11/7/18 13:45,170.4
11/7/18 13:30,163.2
11/7/18 13:15,156.48
11/7/18 13:00,158.4
11/7/18 12:45,126.72
11/7/18 12:30,134.4
11/7/18 12:15,156.96
11/7/18 12:00,151.68
11/7/18 11:45,140.16
11/7/18 11:30,140.64
11/7/18 11:15,139.68
11/7/18 11:00,104.16
11/7/18 10:45,132.96
11/7/18 10:30,126.72
11/7/18 10:15,128.16
11/7/18 10:00,136.32
11/7/18 9:45,128.64
11/7/18 9:30,125.76
11/7/18 9:15,128.64
11/7/18 9:00,123.84
11/7/18 8:45,115.68
11/7/18 8:30,111.84
11/7/18 8:15,100.32
11/7/18 8:00,77.28
11/7/18 7:45,76.8
11/7/18 7:30,82.08
11/7/18 7:15,76.8
11/7/18 7:00,73.44
11/7/18 6:45,53.28
11/7/18 6:30,50.4
11/7/18 6:15,53.76
11/7/18 6:00,56.64
11/7/18 5:45,56.16
11/7/18 5:30,55.68
11/7/18 5:15,55.68
11/7/18 5:00,53.28
11/7/18 4:45,52.8
11/7/18 4:30,58.08
11/7/18 4:15,52.8
11/7/18 4:00,52.32
11/7/18 3:45,52.8
11/7/18 3:30,54.24
11/7/18 3:15,50.88
11/7/18 3:00,53.28
11/7/18 2:45,53.76
11/7/18 2:30,54.72
11/7/18 2:15,52.32
11/7/18 2:00,51.84
11/7/18 1:45,53.76
11/7/18 1:30,54.24
11/7/18 1:15,53.76
11/7/18 1:00,52.8
11/7/18 0:45,55.2
11/7/18 0:30,52.8
11/7/18 0:15,53.28
11/7/18 0:00,53.76
11/6/18 23:45,53.76
11/6/18 23:30,54.24
11/6/18 23:15,54.24
11/6/18 23:00,55.68
11/6/18 22:45,52.32
11/6/18 22:30,57.6
11/6/18 22:15,58.08
11/6/18 22:00,56.64
11/6/18 21:45,55.68
11/6/18 21:30,65.76
11/6/18 21:15,57.12
11/6/18 21:00,59.52
11/6/18 20:45,72.48
11/6/18 20:30,83.04
11/6/18 20:15,89.76
11/6/18 20:00,86.88
11/6/18 19:45,96.96
11/6/18 19:30,98.4
11/6/18 19:15,121.44
11/6/18 19:00,110.88
11/6/18 18:45,120.48
11/6/18 18:30,108.96
11/6/18 18:15,116.64
11/6/18 18:00,119.52
11/6/18 17:45,109.44
11/6/18 17:30,181.44
11/6/18 17:15,244.8
11/6/18 17:00,241.44
11/6/18 16:45,237.12
11/6/18 16:30,249.12
11/6/18 16:15,276.48
11/6/18 16:00,208.8
11/6/18 15:45,179.52
11/6/18 15:30,196.8
11/6/18 15:15,191.04
11/6/18 15:00,227.04
11/6/18 14:45,216.48
11/6/18 14:30,223.2
11/6/18 14:15,218.4
11/6/18 14:00,213.12
11/6/18 13:45,211.68
11/6/18 13:30,204.96
11/6/18 13:15,206.4
11/6/18 13:00,182.4
11/6/18 12:45,177.6
11/6/18 12:30,147.84
11/6/18 12:15,192.96
11/6/18 12:00,180
11/6/18 11:45,194.4
11/6/18 11:30,174.24
11/6/18 11:15,183.36
11/6/18 11:00,186.72
11/6/18 10:45,178.08
11/6/18 10:30,168.96
11/6/18 10:15,155.04
11/6/18 10:00,163.2
11/6/18 9:45,153.12
11/6/18 9:30,140.16
11/6/18 9:15,140.64
11/6/18 9:00,133.44
11/6/18 8:45,126.72
11/6/18 8:30,117.6
11/6/18 8:15,112.32
11/6/18 8:00,81.12
11/6/18 7:45,77.76
11/6/18 7:30,83.52
11/6/18 7:15,71.52
11/6/18 7:00,62.88
11/6/18 6:45,48.96
11/6/18 6:30,46.08
11/6/18 6:15,48.48
11/6/18 6:00,51.36
11/6/18 5:45,49.44
11/6/18 5:30,48.48
11/6/18 5:15,52.32
11/6/18 5:00,51.36
11/6/18 4:45,53.76
11/6/18 4:30,52.32
11/6/18 4:15,52.32
11/6/18 4:00,50.88
11/6/18 3:45,50.4
11/6/18 3:30,51.36
11/6/18 3:15,52.8
11/6/18 3:00,52.8
11/6/18 2:45,50.4
11/6/18 2:30,51.36
11/6/18 2:15,51.84
11/6/18 2:00,51.84
11/6/18 1:45,51.84
11/6/18 1:30,55.2
11/6/18 1:15,50.4
11/6/18 1:00,52.8
11/6/18 0:45,52.8
11/6/18 0:30,54.24
11/6/18 0:15,53.28
11/6/18 0:00,51.84
11/5/18 23:45,52.8
11/5/18 23:30,51.84
11/5/18 23:15,53.76
11/5/18 23:00,57.12
11/5/18 22:45,53.28
11/5/18 22:30,52.8
11/5/18 22:15,60.48
11/5/18 22:00,61.92
11/5/18 21:45,78.24
11/5/18 21:30,79.2
11/5/18 21:15,78.72
11/5/18 21:00,80.64
11/5/18 20:45,77.28
11/5/18 20:30,76.32
11/5/18 20:15,78.72
11/5/18 20:00,84.48
11/5/18 19:45,104.64
11/5/18 19:30,114.72
11/5/18 19:15,106.08
11/5/18 19:00,113.76
11/5/18 18:45,111.36
11/5/18 18:30,109.44
11/5/18 18:15,104.64
11/5/18 18:00,115.68
11/5/18 17:45,120.48
11/5/18 17:30,129.12
11/5/18 17:15,132
11/5/18 17:00,138.72
11/5/18 16:45,148.32
11/5/18 16:30,152.16
11/5/18 16:15,161.28
11/5/18 16:00,173.76
11/5/18 15:45,166.08
11/5/18 15:30,205.92
11/5/18 15:15,190.08
11/5/18 15:00,215.52
11/5/18 14:45,255.84
11/5/18 14:30,239.04
11/5/18 14:15,239.04
11/5/18 14:00,226.56
11/5/18 13:45,234.72
11/5/18 13:30,206.4
11/5/18 13:15,227.52
11/5/18 13:00,213.12
11/5/18 12:45,195.84
11/5/18 12:30,176.64
11/5/18 12:15,199.2
11/5/18 12:00,208.8
11/5/18 11:45,186.24
11/5/18 11:30,193.92
11/5/18 11:15,182.88
11/5/18 11:00,197.76
11/5/18 10:45,173.28
11/5/18 10:30,169.92
11/5/18 10:15,155.04
11/5/18 10:00,156.96
11/5/18 9:45,156.48
11/5/18 9:30,147.36
11/5/18 9:15,158.88
11/5/18 9:00,127.68
11/5/18 8:45,131.04
11/5/18 8:30,113.28
11/5/18 8:15,122.4
11/5/18 8:00,92.64
11/5/18 7:45,82.08
11/5/18 7:30,89.28
11/5/18 7:15,87.36
11/5/18 7:00,66.24
11/5/18 6:45,54.72
11/5/18 6:30,55.2
11/5/18 6:15,58.08
11/5/18 6:00,55.2
11/5/18 5:45,48
11/5/18 5:30,47.04
11/5/18 5:15,46.08
11/5/18 5:00,48
11/5/18 4:45,46.08
11/5/18 4:30,45.6
11/5/18 4:15,48
11/5/18 4:00,47.52
11/5/18 3:45,50.4
11/5/18 3:30,51.36
11/5/18 3:15,48.96
11/5/18 3:00,52.8
11/5/18 2:45,56.16
11/5/18 2:30,61.44
11/5/18 2:15,58.08
11/5/18 2:00,58.56
11/5/18 1:45,59.04
11/5/18 1:30,57.12
11/5/18 1:15,58.56
11/5/18 1:00,60.48
11/5/18 0:45,60.96
11/5/18 0:30,57.6
11/5/18 0:15,55.2
11/5/18 0:00,57.12
11/4/18 23:45,50.4
11/4/18 23:30,52.8
11/4/18 23:15,52.8
11/4/18 23:00,50.4
11/4/18 22:45,50.4
11/4/18 22:30,57.6
11/4/18 22:15,51.36
11/4/18 22:00,57.6
11/4/18 21:45,60.96
11/4/18 21:30,60
11/4/18 21:15,65.76
11/4/18 21:00,72
11/4/18 20:45,62.88
11/4/18 20:30,65.28
11/4/18 20:15,60
11/4/18 20:00,64.8
11/4/18 19:45,63.36
11/4/18 19:30,53.28
11/4/18 19:15,56.16
11/4/18 19:00,53.28
11/4/18 18:45,57.6
11/4/18 18:30,66.24
11/4/18 18:15,54.72
11/4/18 18:00,58.56
11/4/18 17:45,56.64
11/4/18 17:30,61.92
11/4/18 17:15,54.24
11/4/18 17:00,46.08
11/4/18 16:45,49.44
11/4/18 16:30,46.08
11/4/18 16:15,45.12
11/4/18 16:00,46.08
11/4/18 15:45,53.28
11/4/18 15:30,47.52
11/4/18 15:15,62.88
11/4/18 15:00,75.84
11/4/18 14:45,92.16
11/4/18 14:30,76.8
11/4/18 14:15,75.36
11/4/18 14:00,72.96
11/4/18 13:45,84
11/4/18 13:30,69.12
11/4/18 13:15,73.44
11/4/18 13:00,79.68
11/4/18 12:45,94.56
11/4/18 12:30,94.56
11/4/18 12:15,97.92
11/4/18 12:00,108
11/4/18 11:45,106.56
11/4/18 11:30,112.8
11/4/18 11:15,97.44
11/4/18 11:00,84.96
11/4/18 10:45,87.84
11/4/18 10:30,85.92
11/4/18 10:15,85.44
11/4/18 10:00,77.28
11/4/18 9:45,61.44
11/4/18 9:30,72.48
11/4/18 9:15,61.92
11/4/18 9:00,86.88
11/4/18 8:45,62.88
11/4/18 8:30,63.84
11/4/18 8:15,64.32
11/4/18 8:00,61.92
11/4/18 7:45,60.48
11/4/18 7:30,55.2
11/4/18 7:15,91.68
11/4/18 7:00,104.64
11/4/18 6:45,105.12
11/4/18 6:30,102.72
11/4/18 6:15,95.52
11/4/18 6:00,103.68
11/4/18 5:45,88.32
11/4/18 5:30,86.88
11/4/18 5:15,94.08
11/4/18 5:00,79.68
11/4/18 4:45,42.24
11/4/18 4:30,49.44
11/4/18 4:15,47.52
11/4/18 4:00,47.52
11/4/18 3:45,51.36
11/4/18 3:30,48
11/4/18 3:15,48.48
11/4/18 3:00,51.84
11/4/18 2:45,59.52
11/4/18 2:30,56.64
11/4/18 2:15,58.56
11/4/18 2:00,56.64
11/4/18 1:45,56.16
11/4/18 1:30,63.36
11/4/18 1:15,58.08
11/4/18 1:00,56.64
11/4/18 1:45,52.8
11/4/18 1:30,53.76
11/4/18 1:15,53.28
11/4/18 1:00,51.84
11/4/18 0:45,50.4
11/4/18 0:30,49.92
11/4/18 0:15,57.6
11/4/18 0:00,51.84
11/3/18 23:45,55.2
11/3/18 23:30,52.8
11/3/18 23:15,57.6
11/3/18 23:00,61.44
11/3/18 22:45,61.92
11/3/18 22:30,60.48
11/3/18 22:15,65.76
11/3/18 22:00,65.28
11/3/18 21:45,64.8
11/3/18 21:30,70.56
11/3/18 21:15,61.44
11/3/18 21:00,67.2
11/3/18 20:45,63.84
11/3/18 20:30,56.16
11/3/18 20:15,58.08
11/3/18 20:00,55.68
11/3/18 19:45,66.72
11/3/18 19:30,59.52
11/3/18 19:15,61.44
11/3/18 19:00,61.44
11/3/18 18:45,59.52
11/3/18 18:30,54.24
11/3/18 18:15,60.48
11/3/18 18:00,55.68
11/3/18 17:45,60
11/3/18 17:30,42.24
11/3/18 17:15,50.88
11/3/18 17:00,62.4
11/3/18 16:45,58.56
11/3/18 16:30,72.96
11/3/18 16:15,81.6
11/3/18 16:00,72.96
11/3/18 15:45,67.2
11/3/18 15:30,88.8
11/3/18 15:15,154.56
11/3/18 15:00,148.8
11/3/18 14:45,149.28
11/3/18 14:30,152.16
11/3/18 14:15,146.4
11/3/18 14:00,137.28
11/3/18 13:45,147.84
11/3/18 13:30,150.24
11/3/18 13:15,141.12
11/3/18 13:00,134.88
11/3/18 12:45,150.24
11/3/18 12:30,148.8
11/3/18 12:15,144.96
11/3/18 12:00,149.28
11/3/18 11:45,120.48
11/3/18 11:30,116.16
11/3/18 11:15,107.04
11/3/18 11:00,94.08
11/3/18 10:45,84.48
11/3/18 10:30,70.56
11/3/18 10:15,84.96
11/3/18 10:00,80.64
11/3/18 9:45,65.76
11/3/18 9:30,84.48
11/3/18 9:15,70.08
11/3/18 9:00,62.4
11/3/18 8:45,75.84
11/3/18 8:30,69.12
11/3/18 8:15,69.12
11/3/18 8:00,66.24
11/3/18 7:45,63.36
11/3/18 7:30,81.6
11/3/18 7:15,68.64
11/3/18 7:00,50.4
11/3/18 6:45,49.44
11/3/18 6:30,43.2
11/3/18 6:15,46.08
11/3/18 6:00,46.08
11/3/18 5:45,41.28
11/3/18 5:30,45.12
11/3/18 5:15,48.48
11/3/18 5:00,50.4
11/3/18 4:45,50.4
11/3/18 4:30,50.4
11/3/18 4:15,48.48
11/3/18 4:00,49.44
11/3/18 3:45,59.52
11/3/18 3:30,58.08
11/3/18 3:15,60
11/3/18 3:00,60
11/3/18 2:45,59.04
11/3/18 2:30,60.48
11/3/18 2:15,60.48
11/3/18 2:00,56.64
11/3/18 1:45,53.76
11/3/18 1:30,54.72
11/3/18 1:15,54.24
11/3/18 1:00,50.88
11/3/18 0:45,51.36
11/3/18 0:30,51.36
11/3/18 0:15,61.92
11/3/18 0:00,56.16
11/2/18 23:45,50.4
11/2/18 23:30,55.2
11/2/18 23:15,57.6
11/2/18 23:00,69.12
11/2/18 22:45,67.2
11/2/18 22:30,82.56
11/2/18 22:15,100.8
11/2/18 22:00,120.96
11/2/18 21:45,109.44
11/2/18 21:30,104.64
11/2/18 21:15,104.64
11/2/18 21:00,114.24
11/2/18 20:45,98.88
11/2/18 20:30,104.64
11/2/18 20:15,107.52
11/2/18 20:00,99.84
11/2/18 19:45,140.64
11/2/18 19:30,112.32
11/2/18 19:15,117.12
11/2/18 19:00,119.52
11/2/18 18:45,120.96
11/2/18 18:30,113.76
11/2/18 18:15,127.2
11/2/18 18:00,119.52
11/2/18 17:45,117.6
11/2/18 17:30,128.64
11/2/18 17:15,123.84
11/2/18 17:00,122.88
11/2/18 16:45,144.48
11/2/18 16:30,154.56
11/2/18 16:15,154.56
11/2/18 16:00,162.24
11/2/18 15:45,206.4
11/2/18 15:30,214.08
11/2/18 15:15,213.12
11/2/18 15:00,215.04
11/2/18 14:45,242.4
11/2/18 14:30,247.2
11/2/18 14:15,244.32
11/2/18 14:00,212.16
11/2/18 13:45,222.72
11/2/18 13:30,229.92
11/2/18 13:15,215.04
11/2/18 13:00,215.52
11/2/18 12:45,165.12
11/2/18 12:30,179.04
11/2/18 12:15,199.2
11/2/18 12:00,218.88
11/2/18 11:45,200.64
11/2/18 11:30,191.04
11/2/18 11:15,213.6
11/2/18 11:00,189.6
11/2/18 10:45,181.44
11/2/18 10:30,164.16
11/2/18 10:15,162.24
11/2/18 10:00,158.88
11/2/18 9:45,165.12
11/2/18 9:30,150.72
11/2/18 9:15,141.6
11/2/18 9:00,144
11/2/18 8:45,138.24
11/2/18 8:30,127.2
11/2/18 8:15,122.4
11/2/18 8:00,91.68
11/2/18 7:45,85.44
11/2/18 7:30,84
11/2/18 7:15,82.56
11/2/18 7:00,77.28
11/2/18 6:45,69.12
11/2/18 6:30,65.28
11/2/18 6:15,69.6
11/2/18 6:00,77.76
11/2/18 5:45,68.64
11/2/18 5:30,67.68
11/2/18 5:15,67.2
11/2/18 5:00,53.28
11/2/18 4:45,51.36
11/2/18 4:30,53.28
11/2/18 4:15,49.92
11/2/18 4:00,49.92
11/2/18 3:45,50.4
11/2/18 3:30,56.16
11/2/18 3:15,49.44
11/2/18 3:00,50.88
11/2/18 2:45,49.92
11/2/18 2:30,50.4
11/2/18 2:15,51.84
11/2/18 2:00,51.84
11/2/18 1:45,53.28
11/2/18 1:30,52.32
11/2/18 1:15,52.32
11/2/18 1:00,51.36
11/2/18 0:45,51.84
11/2/18 0:30,54.72
11/2/18 0:15,52.8
11/2/18 0:00,52.32
11/1/18 23:45,53.76
11/1/18 23:30,52.32
11/1/18 23:15,55.2
11/1/18 23:00,56.16
11/1/18 22:45,55.2
11/1/18 22:30,55.2
11/1/18 22:15,55.68
11/1/18 22:00,56.16
11/1/18 21:45,62.4
11/1/18 21:30,63.84
11/1/18 21:15,98.88
11/1/18 21:00,100.32
11/1/18 20:45,97.44
11/1/18 20:30,102.72
11/1/18 20:15,101.28
11/1/18 20:00,106.56
11/1/18 19:45,119.04
11/1/18 19:30,105.12
11/1/18 19:15,115.68
11/1/18 19:00,123.84
11/1/18 18:45,133.44
11/1/18 18:30,137.76
11/1/18 18:15,140.16
11/1/18 18:00,144.48
11/1/18 17:45,135.36
11/1/18 17:30,147.36
11/1/18 17:15,144
11/1/18 17:00,149.28
11/1/18 16:45,154.56
11/1/18 16:30,161.76
11/1/18 16:15,178.08
11/1/18 16:00,198.72
11/1/18 15:45,192.96
11/1/18 15:30,212.16
11/1/18 15:15,224.64
11/1/18 15:00,240.96
11/1/18 14:45,238.08
11/1/18 14:30,228
11/1/18 14:15,231.84
11/1/18 14:00,201.6
11/1/18 13:45,213.6
11/1/18 13:30,222.72
11/1/18 13:15,174.72
11/1/18 13:00,154.56
11/1/18 12:45,169.44
11/1/18 12:30,177.12
11/1/18 12:15,173.28
11/1/18 12:00,187.2
11/1/18 11:45,183.36
11/1/18 11:30,156
11/1/18 11:15,159.84
11/1/18 11:00,149.28
11/1/18 10:45,155.04
11/1/18 10:30,130.56
11/1/18 10:15,123.84
11/1/18 10:00,103.68
11/1/18 9:45,97.92
11/1/18 9:30,89.28
11/1/18 9:15,97.44
11/1/18 9:00,113.28
11/1/18 8:45,116.64
11/1/18 8:30,112.8
11/1/18 8:15,101.76
11/1/18 8:00,89.28
11/1/18 7:45,84.48
11/1/18 7:30,89.28
11/1/18 7:15,76.8
11/1/18 7:00,62.4
11/1/18 6:45,47.52
11/1/18 6:30,46.08
11/1/18 6:15,43.2
11/1/18 6:00,46.56
11/1/18 5:45,51.84
11/1/18 5:30,49.92
11/1/18 5:15,51.84
11/1/18 5:00,52.32
11/1/18 4:45,52.8
11/1/18 4:30,48.96
11/1/18 4:15,47.52
11/1/18 4:00,48.96
11/1/18 3:45,49.44
11/1/18 3:30,45.6
11/1/18 3:15,46.56
11/1/18 3:00,49.44
11/1/18 2:45,47.04
11/1/18 2:30,48
11/1/18 2:15,46.08
11/1/18 2:00,52.8
11/1/18 1:45,47.52
11/1/18 1:30,46.56
11/1/18 1:15,48
11/1/18 1:00,49.92
11/1/18 0:45,50.88
11/1/18 0:30,49.44
11/1/18 0:15,49.92
11/1/18 0:00,48
10/31/18 23:45,48.96
10/31/18 23:30,53.28
10/31/18 23:15,52.8
10/31/18 23:00,50.4
10/31/18 22:45,50.4
10/31/18 22:30,54.24
10/31/18 22:15,54.72
10/31/18 22:00,63.36
10/31/18 21:45,77.76
10/31/18 21:30,76.32
10/31/18 21:15,69.12
10/31/18 21:00,65.76
10/31/18 20:45,73.44
10/31/18 20:30,82.08
10/31/18 20:15,86.4
10/31/18 20:00,83.04
10/31/18 19:45,87.36
10/31/18 19:30,84
10/31/18 19:15,89.28
10/31/18 19:00,88.32
10/31/18 18:45,84.48
10/31/18 18:30,88.8
10/31/18 18:15,73.44
10/31/18 18:00,66.72
10/31/18 17:45,75.84
10/31/18 17:30,79.2
10/31/18 17:15,82.56
10/31/18 17:00,90.72
10/31/18 16:45,99.84
10/31/18 16:30,100.8
10/31/18 16:15,125.76
10/31/18 16:00,151.68
10/31/18 15:45,132
10/31/18 15:30,145.92
10/31/18 15:15,167.52
10/31/18 15:00,161.76
10/31/18 14:45,168
10/31/18 14:30,194.88
10/31/18 14:15,191.04
10/31/18 14:00,179.52
10/31/18 13:45,189.12
10/31/18 13:30,184.32
10/31/18 13:15,183.84
10/31/18 13:00,160.8
10/31/18 12:45,153.6
10/31/18 12:30,140.64
10/31/18 12:15,159.84
10/31/18 12:00,160.32
10/31/18 11:45,147.84
10/31/18 11:30,145.92
10/31/18 11:15,156.96
10/31/18 11:00,138.72
10/31/18 10:45,138.72
10/31/18 10:30,133.92
10/31/18 10:15,133.92
10/31/18 10:00,131.04
10/31/18 9:45,123.36
10/31/18 9:30,123.84
10/31/18 9:15,117.12
10/31/18 9:00,120
10/31/18 8:45,108.48
10/31/18 8:30,108.48
10/31/18 8:15,101.76
10/31/18 8:00,74.88
10/31/18 7:45,71.52
10/31/18 7:30,76.8
10/31/18 7:15,72.48
10/31/18 7:00,62.88
10/31/18 6:45,47.52
10/31/18 6:30,48
10/31/18 6:15,48.48
10/31/18 6:00,49.92
10/31/18 5:45,54.24
10/31/18 5:30,51.84
10/31/18 5:15,50.4
10/31/18 5:00,50.4
10/31/18 4:45,52.32
10/31/18 4:30,48.96
10/31/18 4:15,50.88
10/31/18 4:00,49.44
10/31/18 3:45,50.4
10/31/18 3:30,49.92
10/31/18 3:15,48
10/31/18 3:00,50.4
10/31/18 2:45,53.28
10/31/18 2:30,48
10/31/18 2:15,47.52
10/31/18 2:00,49.92
10/31/18 1:45,50.4
10/31/18 1:30,48
10/31/18 1:15,52.32
10/31/18 1:00,51.36
10/31/18 0:45,50.4
10/31/18 0:30,49.92
10/31/18 0:15,50.88
10/31/18 0:00,52.8
10/30/18 23:45,55.2
10/30/18 23:30,50.4
10/30/18 23:15,52.8
10/30/18 23:00,53.28
10/30/18 22:45,53.28
10/30/18 22:30,55.68
10/30/18 22:15,54.24
10/30/18 22:00,54.24
10/30/18 21:45,56.16
10/30/18 21:30,64.8
10/30/18 21:15,76.8
10/30/18 21:00,80.64
10/30/18 20:45,84
10/30/18 20:30,83.04
10/30/18 20:15,91.2
10/30/18 20:00,85.44
10/30/18 19:45,92.64
10/30/18 19:30,114.24
10/30/18 19:15,121.92
10/30/18 19:00,112.8
10/30/18 18:45,115.68
10/30/18 18:30,113.76
10/30/18 18:15,110.88
10/30/18 18:00,102.72
10/30/18 17:45,121.44
10/30/18 17:30,117.6
10/30/18 17:15,108
10/30/18 17:00,135.36
10/30/18 16:45,140.16
10/30/18 16:30,158.88
10/30/18 16:15,165.12
10/30/18 16:00,169.92
10/30/18 15:45,175.2
10/30/18 15:30,188.16
10/30/18 15:15,213.6
10/30/18 15:00,242.88
10/30/18 14:45,241.92
10/30/18 14:30,213.6
10/30/18 14:15,200.64
10/30/18 14:00,193.92
10/30/18 13:45,196.8
10/30/18 13:30,184.8
10/30/18 13:15,182.88
10/30/18 13:00,174.24
10/30/18 12:45,156
10/30/18 12:30,166.56
10/30/18 12:15,171.84
10/30/18 12:00,166.56
10/30/18 11:45,149.76
10/30/18 11:30,170.88
10/30/18 11:15,158.88
10/30/18 11:00,177.6
10/30/18 10:45,149.76
10/30/18 10:30,152.16
10/30/18 10:15,145.92
10/30/18 10:00,150.24
10/30/18 9:45,144.96
10/30/18 9:30,133.92
10/30/18 9:15,140.16
10/30/18 9:00,136.32
10/30/18 8:45,111.36
10/30/18 8:30,110.4
10/30/18 8:15,104.64
10/30/18 8:00,77.76
10/30/18 7:45,72.48
10/30/18 7:30,81.12
10/30/18 7:15,77.28
10/30/18 7:00,72
10/30/18 6:45,48.48
10/30/18 6:30,49.92
10/30/18 6:15,44.16
10/30/18 6:00,41.76
10/30/18 5:45,51.84
10/30/18 5:30,52.8
10/30/18 5:15,48
10/30/18 5:00,48.48
10/30/18 4:45,52.8
10/30/18 4:30,49.44
10/30/18 4:15,54.72
10/30/18 4:00,51.84
10/30/18 3:45,52.32
10/30/18 3:30,51.36
10/30/18 3:15,51.84
10/30/18 3:00,55.68
10/30/18 2:45,54.24
10/30/18 2:30,50.88
10/30/18 2:15,53.28
10/30/18 2:00,51.84
10/30/18 1:45,53.76
10/30/18 1:30,56.64
10/30/18 1:15,53.76
10/30/18 1:00,50.4
10/30/18 0:45,51.84
10/30/18 0:30,58.56
10/30/18 0:15,55.68
10/30/18 0:00,52.8
10/29/18 23:45,55.2
10/29/18 23:30,52.8
10/29/18 23:15,53.28
10/29/18 23:00,61.44
10/29/18 22:45,56.16
10/29/18 22:30,55.68
10/29/18 22:15,57.12
10/29/18 22:00,57.6
10/29/18 21:45,78.72
10/29/18 21:30,76.32
10/29/18 21:15,77.76
10/29/18 21:00,80.64
10/29/18 20:45,86.4
10/29/18 20:30,79.68
10/29/18 20:15,78.24
10/29/18 20:00,85.44
10/29/18 19:45,107.52
10/29/18 19:30,98.4
10/29/18 19:15,104.64
10/29/18 19:00,118.56
10/29/18 18:45,125.28
10/29/18 18:30,114.72
10/29/18 18:15,115.68
10/29/18 18:00,107.52
10/29/18 17:45,125.76
10/29/18 17:30,123.36
10/29/18 17:15,144.48
10/29/18 17:00,145.92
10/29/18 16:45,152.64
10/29/18 16:30,163.2
10/29/18 16:15,167.04
10/29/18 16:00,200.64
10/29/18 15:45,197.76
10/29/18 15:30,225.12
10/29/18 15:15,236.64
10/29/18 15:00,256.8
10/29/18 14:45,223.2
10/29/18 14:30,219.36
10/29/18 14:15,221.28
10/29/18 14:00,231.84
10/29/18 13:45,213.12
10/29/18 13:30,191.04
10/29/18 13:15,193.92
10/29/18 13:00,204
10/29/18 12:45,170.88
10/29/18 12:30,157.44
10/29/18 12:15,180.96
10/29/18 12:00,192.48
10/29/18 11:45,166.08
10/29/18 11:30,179.52
10/29/18 11:15,192.96
10/29/18 11:00,160.8
10/29/18 10:45,174.72
10/29/18 10:30,159.36
10/29/18 10:15,142.56
10/29/18 10:00,151.2
10/29/18 9:45,145.44
10/29/18 9:30,126.24
10/29/18 9:15,137.76
10/29/18 9:00,127.68
10/29/18 8:45,117.12
10/29/18 8:30,108.48
10/29/18 8:15,100.32
10/29/18 8:00,78.24
10/29/18 7:45,72.48
10/29/18 7:30,78.72
10/29/18 7:15,75.36
10/29/18 7:00,64.8
10/29/18 6:45,52.8
10/29/18 6:30,48.96
10/29/18 6:15,40.8
10/29/18 6:00,39.84
10/29/18 5:45,47.04
10/29/18 5:30,47.04
10/29/18 5:15,48
10/29/18 5:00,51.84
10/29/18 4:45,49.44
10/29/18 4:30,47.52
10/29/18 4:15,48.48
10/29/18 4:00,52.32
10/29/18 3:45,49.44
10/29/18 3:30,48.48
10/29/18 3:15,49.44
10/29/18 3:00,49.44
10/29/18 2:45,49.44
10/29/18 2:30,48.48
10/29/18 2:15,51.36
10/29/18 2:00,56.64
10/29/18 1:45,58.08
10/29/18 1:30,57.12
10/29/18 1:15,55.2
10/29/18 1:00,52.32
10/29/18 0:45,51.36
10/29/18 0:30,50.88
10/29/18 0:15,51.36
10/29/18 0:00,51.84
10/28/18 23:45,52.32
10/28/18 23:30,54.72
10/28/18 23:15,56.16
10/28/18 23:00,50.88
10/28/18 22:45,56.16
10/28/18 22:30,61.44
10/28/18 22:15,58.08
10/28/18 22:00,62.88
10/28/18 21:45,61.44
10/28/18 21:30,59.52
10/28/18 21:15,62.88
10/28/18 21:00,61.92
10/28/18 20:45,61.92
10/28/18 20:30,59.52
10/28/18 20:15,56.64
10/28/18 20:00,53.76
10/28/18 19:45,60.48
10/28/18 19:30,52.8
10/28/18 19:15,55.68
10/28/18 19:00,56.64
10/28/18 18:45,51.84
10/28/18 18:30,61.44
10/28/18 18:15,46.08
10/28/18 18:00,47.04
10/28/18 17:45,43.68
10/28/18 17:30,47.04
10/28/18 17:15,47.52
10/28/18 17:00,52.8
10/28/18 16:45,55.2
10/28/18 16:30,57.6
10/28/18 16:15,67.68
10/28/18 16:00,62.4
10/28/18 15:45,68.16
10/28/18 15:30,56.16
10/28/18 15:15,70.08
10/28/18 15:00,78.24
10/28/18 14:45,64.8
10/28/18 14:30,72.48
10/28/18 14:15,86.4
10/28/18 14:00,101.76
10/28/18 13:45,107.04
10/28/18 13:30,112.32
10/28/18 13:15,119.52
10/28/18 13:00,109.92
10/28/18 12:45,104.16
10/28/18 12:30,101.76
10/28/18 12:15,100.32
10/28/18 12:00,97.92
10/28/18 11:45,87.84
10/28/18 11:30,113.28
10/28/18 11:15,98.88
10/28/18 11:00,84.48
10/28/18 10:45,103.2
10/28/18 10:30,96.48
10/28/18 10:15,101.28
10/28/18 10:00,87.36
10/28/18 9:45,73.44
10/28/18 9:30,84.96
10/28/18 9:15,78.72
10/28/18 9:00,78.72
10/28/18 8:45,78.24
10/28/18 8:30,72.96
10/28/18 8:15,64.32
10/28/18 8:00,67.2
10/28/18 7:45,71.52
10/28/18 7:30,71.52
10/28/18 7:15,69.12
10/28/18 7:00,85.44
10/28/18 6:45,87.84
10/28/18 6:30,81.12
10/28/18 6:15,83.52
10/28/18 6:00,87.84
10/28/18 5:45,100.32
10/28/18 5:30,96.96
10/28/18 5:15,94.56
10/28/18 5:00,65.76
10/28/18 4:45,49.44
10/28/18 4:30,49.44
10/28/18 4:15,51.36
10/28/18 4:00,52.8
10/28/18 3:45,48
10/28/18 3:30,51.84
10/28/18 3:15,49.44
10/28/18 3:00,48
10/28/18 2:45,49.92
10/28/18 2:30,53.76
10/28/18 2:15,52.32
10/28/18 2:00,48.96
10/28/18 1:45,51.36
10/28/18 1:30,48.96
10/28/18 1:15,51.36
10/28/18 1:00,54.24
10/28/18 0:45,50.88
10/28/18 0:30,55.2
10/28/18 0:15,51.84
10/28/18 0:00,53.76
10/27/18 23:45,53.28
10/27/18 23:30,57.6
10/27/18 23:15,59.04
10/27/18 23:00,55.68
10/27/18 22:45,57.6
10/27/18 22:30,67.2
10/27/18 22:15,73.44
10/27/18 22:00,79.2
10/27/18 21:45,88.8
10/27/18 21:30,96
10/27/18 21:15,90.24
10/27/18 21:00,87.84
10/27/18 20:45,88.8
10/27/18 20:30,83.52
10/27/18 20:15,82.08
10/27/18 20:00,80.16
10/27/18 19:45,87.84
10/27/18 19:30,88.8
10/27/18 19:15,88.32
10/27/18 19:00,88.32
10/27/18 18:45,80.16
10/27/18 18:30,88.8
10/27/18 18:15,78.24
10/27/18 18:00,77.76
10/27/18 17:45,89.76
10/27/18 17:30,76.32
10/27/18 17:15,83.52
10/27/18 17:00,146.88
10/27/18 16:45,153.12
10/27/18 16:30,147.84
10/27/18 16:15,175.68
10/27/18 16:00,171.36
10/27/18 15:45,172.8
10/27/18 15:30,191.52
10/27/18 15:15,174.24
10/27/18 15:00,169.44
10/27/18 14:45,194.4
10/27/18 14:30,173.76
10/27/18 14:15,183.36
10/27/18 14:00,157.44
10/27/18 13:45,185.28
10/27/18 13:30,180
10/27/18 13:15,174.72
10/27/18 13:00,152.64
10/27/18 12:45,169.44
10/27/18 12:30,160.32
10/27/18 12:15,142.08
10/27/18 12:00,119.04
10/27/18 11:45,135.36
10/27/18 11:30,120.48
10/27/18 11:15,103.2
10/27/18 11:00,119.52
10/27/18 10:45,120.96
10/27/18 10:30,77.76
10/27/18 10:15,75.36
10/27/18 10:00,76.32
10/27/18 9:45,67.68
10/27/18 9:30,67.68
10/27/18 9:15,72.96
10/27/18 9:00,67.68
10/27/18 8:45,67.2
10/27/18 8:30,65.76
10/27/18 8:15,58.56
10/27/18 8:00,50.4
10/27/18 7:45,51.84
10/27/18 7:30,37.92
10/27/18 7:15,36
10/27/18 7:00,44.64
10/27/18 6:45,43.68
10/27/18 6:30,39.84
10/27/18 6:15,47.52
10/27/18 6:00,52.8
10/27/18 5:45,50.88
10/27/18 5:30,49.44
10/27/18 5:15,52.32
10/27/18 5:00,51.36
10/27/18 4:45,49.44
10/27/18 4:30,53.28
10/27/18 4:15,55.68
10/27/18 4:00,57.12
10/27/18 3:45,49.92
10/27/18 3:30,51.84
10/27/18 3:15,53.76
10/27/18 3:00,53.76
10/27/18 2:45,52.8
10/27/18 2:30,59.04
10/27/18 2:15,60
10/27/18 2:00,52.8
10/27/18 1:45,51.36
10/27/18 1:30,53.28
10/27/18 1:15,57.6
10/27/18 1:00,55.2
10/27/18 0:45,53.76
10/27/18 0:30,60.96
10/27/18 0:15,54.24
10/27/18 0:00,60
10/26/18 23:45,56.16
10/26/18 23:30,55.2
10/26/18 23:15,61.92
10/26/18 23:00,71.52
10/26/18 22:45,61.92
10/26/18 22:30,70.08
10/26/18 22:15,71.52
10/26/18 22:00,83.52
10/26/18 21:45,95.04
10/26/18 21:30,108
10/26/18 21:15,110.4
10/26/18 21:00,106.08
10/26/18 20:45,108.96
10/26/18 20:30,121.44
10/26/18 20:15,121.44
10/26/18 20:00,136.8
10/26/18 19:45,136.32
10/26/18 19:30,132
10/26/18 19:15,137.76
10/26/18 19:00,132.48
10/26/18 18:45,129.12
10/26/18 18:30,139.2
10/26/18 18:15,130.56
10/26/18 18:00,125.76
10/26/18 17:45,147.36
10/26/18 17:30,135.36
10/26/18 17:15,139.2
10/26/18 17:00,156.96
10/26/18 16:45,182.88
10/26/18 16:30,176.64
10/26/18 16:15,204.48
10/26/18 16:00,210.72
10/26/18 15:45,218.88
10/26/18 15:30,247.2
10/26/18 15:15,242.4
10/26/18 15:00,229.44
10/26/18 14:45,268.32
10/26/18 14:30,285.12
10/26/18 14:15,264.48
10/26/18 14:00,271.2
10/26/18 13:45,240.48
10/26/18 13:30,239.52
10/26/18 13:15,232.8
10/26/18 13:00,229.44
10/26/18 12:45,202.08
10/26/18 12:30,198.24
10/26/18 12:15,194.88
10/26/18 12:00,228.96
10/26/18 11:45,189.6
10/26/18 11:30,205.44
10/26/18 11:15,192
10/26/18 11:00,208.32
10/26/18 10:45,201.12
10/26/18 10:30,182.4
10/26/18 10:15,163.2
10/26/18 10:00,160.8
10/26/18 9:45,157.44
10/26/18 9:30,147.84
10/26/18 9:15,134.88
10/26/18 9:00,136.32
10/26/18 8:45,146.88
10/26/18 8:30,129.12
10/26/18 8:15,111.84
10/26/18 8:00,96.96
10/26/18 7:45,84.96
10/26/18 7:30,91.68
10/26/18 7:15,71.04
10/26/18 7:00,74.4
10/26/18 6:45,61.92
10/26/18 6:30,50.88
10/26/18 6:15,56.16
10/26/18 6:00,44.16
10/26/18 5:45,49.92
10/26/18 5:30,57.12
10/26/18 5:15,50.88
10/26/18 5:00,51.36
10/26/18 4:45,53.28
10/26/18 4:30,50.4
10/26/18 4:15,47.04
10/26/18 4:00,48
10/26/18 3:45,52.8
10/26/18 3:30,51.84
10/26/18 3:15,48
10/26/18 3:00,50.88
10/26/18 2:45,48.48
10/26/18 2:30,52.32
10/26/18 2:15,58.56
10/26/18 2:00,52.8
10/26/18 1:45,48.96
10/26/18 1:30,50.88
10/26/18 1:15,55.2
10/26/18 1:00,53.28
10/26/18 0:45,58.56
10/26/18 0:30,64.8
10/26/18 0:15,55.68
10/26/18 0:00,55.2
10/25/18 23:45,54.72
10/25/18 23:30,58.56
10/25/18 23:15,55.68
10/25/18 23:00,63.36
10/25/18 22:45,66.72
10/25/18 22:30,66.72
10/25/18 22:15,66.24
10/25/18 22:00,79.68
10/25/18 21:45,87.84
10/25/18 21:30,90.24
10/25/18 21:15,81.12
10/25/18 21:00,102.72
10/25/18 20:45,107.52
10/25/18 20:30,102.24
10/25/18 20:15,109.44
10/25/18 20:00,128.64
10/25/18 19:45,122.4
10/25/18 19:30,136.32
10/25/18 19:15,131.04
10/25/18 19:00,127.68
10/25/18 18:45,131.52
10/25/18 18:30,129.6
10/25/18 18:15,128.16
10/25/18 18:00,128.16
10/25/18 17:45,149.28
10/25/18 17:30,127.68
10/25/18 17:15,146.4
10/25/18 17:00,163.68
10/25/18 16:45,156
10/25/18 16:30,180.48
10/25/18 16:15,173.76
10/25/18 16:00,189.12
10/25/18 15:45,202.08
10/25/18 15:30,208.8
10/25/18 15:15,214.08
10/25/18 15:00,217.92
10/25/18 14:45,247.68
10/25/18 14:30,248.16
10/25/18 14:15,248.64
10/25/18 14:00,262.08
10/25/18 13:45,252
10/25/18 13:30,241.92
10/25/18 13:15,224.16
10/25/18 13:00,228
10/25/18 12:45,198.24
10/25/18 12:30,183.84
10/25/18 12:15,185.76
10/25/18 12:00,204.96
10/25/18 11:45,196.8
10/25/18 11:30,171.84
10/25/18 11:15,186.24
10/25/18 11:00,168.48
10/25/18 10:45,151.68
10/25/18 10:30,143.52
10/25/18 10:15,130.56
10/25/18 10:00,112.32
10/25/18 9:45,92.64
10/25/18 9:30,96.48
10/25/18 9:15,102.24
10/25/18 9:00,133.44
10/25/18 8:45,122.88
10/25/18 8:30,113.28
10/25/18 8:15,105.12
10/25/18 8:00,88.32
10/25/18 7:45,80.64
10/25/18 7:30,77.28
10/25/18 7:15,73.92
10/25/18 7:00,66.72
10/25/18 6:45,49.92
10/25/18 6:30,48
10/25/18 6:15,44.16
10/25/18 6:00,42.72
10/25/18 5:45,47.52
10/25/18 5:30,46.08
10/25/18 5:15,47.52
10/25/18 5:00,51.84
10/25/18 4:45,47.52
10/25/18 4:30,51.84
10/25/18 4:15,48
10/25/18 4:00,47.04
10/25/18 3:45,47.52
10/25/18 3:30,47.04
10/25/18 3:15,47.04
10/25/18 3:00,47.52
10/25/18 2:45,52.8
10/25/18 2:30,48
10/25/18 2:15,48
10/25/18 2:00,48.48
10/25/18 1:45,48.96
10/25/18 1:30,52.32
10/25/18 1:15,50.88
10/25/18 1:00,47.04
10/25/18 0:45,48
10/25/18 0:30,52.8
10/25/18 0:15,56.64
10/25/18 0:00,55.2
10/24/18 23:45,50.4
10/24/18 23:30,49.92
10/24/18 23:15,49.92
10/24/18 23:00,51.84
10/24/18 22:45,52.32
10/24/18 22:30,50.4
10/24/18 22:15,59.52
10/24/18 22:00,50.88
10/24/18 21:45,62.4
10/24/18 21:30,54.72
10/24/18 21:15,54.24
10/24/18 21:00,57.6
10/24/18 20:45,68.16
10/24/18 20:30,87.36
10/24/18 20:15,99.36
10/24/18 20:00,97.92
10/24/18 19:45,116.16
10/24/18 19:30,117.12
10/24/18 19:15,117.12
10/24/18 19:00,125.28
10/24/18 18:45,122.88
10/24/18 18:30,121.92
10/24/18 18:15,118.08
10/24/18 18:00,111.36
10/24/18 17:45,114.72
10/24/18 17:30,118.08
10/24/18 17:15,130.08
10/24/18 17:00,128.64
10/24/18 16:45,144
10/24/18 16:30,149.76
10/24/18 16:15,171.84
10/24/18 16:00,180.48
10/24/18 15:45,189.6
10/24/18 15:30,195.36
10/24/18 15:15,191.04
10/24/18 15:00,191.04
10/24/18 14:45,214.56
10/24/18 14:30,244.32
10/24/18 14:15,223.2
10/24/18 14:00,230.88
10/24/18 13:45,233.76
10/24/18 13:30,217.44
10/24/18 13:15,211.2
10/24/18 13:00,219.84
10/24/18 12:45,199.2
10/24/18 12:30,185.28
10/24/18 12:15,198.72
10/24/18 12:00,206.4
10/24/18 11:45,153.12
10/24/18 11:30,166.56
10/24/18 11:15,188.64
10/24/18 11:00,184.8
10/24/18 10:45,199.68
10/24/18 10:30,190.08
10/24/18 10:15,151.2
10/24/18 10:00,140.16
10/24/18 9:45,137.28
10/24/18 9:30,128.16
10/24/18 9:15,131.04
10/24/18 9:00,120.96
10/24/18 8:45,119.52
10/24/18 8:30,103.68
10/24/18 8:15,95.52
10/24/18 8:00,84.48
10/24/18 7:45,77.76
10/24/18 7:30,84.96
10/24/18 7:15,78.72
10/24/18 7:00,66.72
10/24/18 6:45,47.52
10/24/18 6:30,48.48
10/24/18 6:15,43.68
10/24/18 6:00,46.08
10/24/18 5:45,52.8
10/24/18 5:30,52.8
10/24/18 5:15,51.84
10/24/18 5:00,59.52
10/24/18 4:45,50.4
10/24/18 4:30,50.88
10/24/18 4:15,49.92
10/24/18 4:00,49.92
10/24/18 3:45,51.84
10/24/18 3:30,51.84
10/24/18 3:15,48.96
10/24/18 3:00,54.24
10/24/18 2:45,54.24
10/24/18 2:30,52.8
10/24/18 2:15,49.92
10/24/18 2:00,50.88
10/24/18 1:45,49.92
10/24/18 1:30,49.44
10/24/18 1:15,51.84
10/24/18 1:00,53.76
10/24/18 0:45,51.84
10/24/18 0:30,56.16
10/24/18 0:15,50.88
10/24/18 0:00,54.24
10/23/18 23:45,52.8
10/23/18 23:30,52.32
10/23/18 23:15,50.88
10/23/18 23:00,59.04
10/23/18 22:45,54.72
10/23/18 22:30,59.04
10/23/18 22:15,70.08
10/23/18 22:00,77.76
10/23/18 21:45,78.72
10/23/18 21:30,78.24
10/23/18 21:15,80.64
10/23/18 21:00,102.72
10/23/18 20:45,108.48
10/23/18 20:30,105.6
10/23/18 20:15,111.36
10/23/18 20:00,112.8
10/23/18 19:45,119.52
10/23/18 19:30,119.04
10/23/18 19:15,140.16
10/23/18 19:00,133.44
10/23/18 18:45,127.68
10/23/18 18:30,129.12
10/23/18 18:15,119.04
10/23/18 18:00,117.12
10/23/18 17:45,125.28
10/23/18 17:30,133.44
10/23/18 17:15,145.92
10/23/18 17:00,165.6
10/23/18 16:45,158.88
10/23/18 16:30,200.16
10/23/18 16:15,204.96
10/23/18 16:00,217.44
10/23/18 15:45,225.6
10/23/18 15:30,238.56
10/23/18 15:15,243.84
10/23/18 15:00,230.88
10/23/18 14:45,269.76
10/23/18 14:30,259.68
10/23/18 14:15,273.6
10/23/18 14:00,260.64
10/23/18 13:45,261.6
10/23/18 13:30,267.36
10/23/18 13:15,279.36
10/23/18 13:00,243.84
10/23/18 12:45,161.76
10/23/18 12:30,186.24
10/23/18 12:15,182.88
10/23/18 12:00,177.12
10/23/18 11:45,180
10/23/18 11:30,201.12
10/23/18 11:15,187.2
10/23/18 11:00,181.92
10/23/18 10:45,197.76
10/23/18 10:30,178.08
10/23/18 10:15,156.48
10/23/18 10:00,161.28
10/23/18 9:45,155.52
10/23/18 9:30,138.24
10/23/18 9:15,149.76
10/23/18 9:00,137.28
10/23/18 8:45,125.28
10/23/18 8:30,114.24
10/23/18 8:15,103.2
10/23/18 8:00,76.32
10/23/18 7:45,74.88
10/23/18 7:30,76.8
10/23/18 7:15,78.72
10/23/18 7:00,73.92
10/23/18 6:45,57.6
10/23/18 6:30,47.04
10/23/18 6:15,41.28
10/23/18 6:00,40.8
10/23/18 5:45,54.72
10/23/18 5:30,55.2
10/23/18 5:15,47.52
10/23/18 5:00,48.96
10/23/18 4:45,49.92
10/23/18 4:30,50.88
10/23/18 4:15,50.4
10/23/18 4:00,50.88
10/23/18 3:45,48.96
10/23/18 3:30,48
10/23/18 3:15,48.96
10/23/18 3:00,49.92
10/23/18 2:45,50.4
10/23/18 2:30,50.88
10/23/18 2:15,49.44
10/23/18 2:00,58.56
10/23/18 1:45,61.44
10/23/18 1:30,57.12
10/23/18 1:15,60.96
10/23/18 1:00,62.4
10/23/18 0:45,51.36
10/23/18 0:30,48.48
10/23/18 0:15,49.92
10/23/18 0:00,50.88
10/22/18 23:45,64.32
10/22/18 23:30,64.32
10/22/18 23:15,64.32
10/22/18 23:00,65.28
10/22/18 22:45,67.68
10/22/18 22:30,62.88
10/22/18 22:15,67.2
10/22/18 22:00,61.92
10/22/18 21:45,64.32
10/22/18 21:30,66.72
10/22/18 21:15,80.16
10/22/18 21:00,82.08
10/22/18 20:45,81.12
10/22/18 20:30,77.28
10/22/18 20:15,82.56
10/22/18 20:00,84.96
10/22/18 19:45,85.44
10/22/18 19:30,99.84
10/22/18 19:15,109.92
10/22/18 19:00,108
10/22/18 18:45,104.16
10/22/18 18:30,109.92
10/22/18 18:15,102.72
10/22/18 18:00,113.76
10/22/18 17:45,123.36
10/22/18 17:30,109.44
10/22/18 17:15,122.4
10/22/18 17:00,142.08
10/22/18 16:45,151.68
10/22/18 16:30,184.32
10/22/18 16:15,189.12
10/22/18 16:00,195.36
10/22/18 15:45,209.76
10/22/18 15:30,193.92
10/22/18 15:15,216.48
10/22/18 15:00,192.96
10/22/18 14:45,230.88
10/22/18 14:30,247.2
10/22/18 14:15,241.92
10/22/18 14:00,223.2
10/22/18 13:45,206.88
10/22/18 13:30,214.08
10/22/18 13:15,215.52
10/22/18 13:00,197.28
10/22/18 12:45,175.2
10/22/18 12:30,171.36
10/22/18 12:15,173.28
10/22/18 12:00,195.36
10/22/18 11:45,194.4
10/22/18 11:30,180
10/22/18 11:15,174.24
10/22/18 11:00,177.12
10/22/18 10:45,165.6
10/22/18 10:30,154.56
10/22/18 10:15,168
10/22/18 10:00,141.12
10/22/18 9:45,142.56
10/22/18 9:30,135.84
10/22/18 9:15,137.76
10/22/18 9:00,120.48
10/22/18 8:45,115.68
10/22/18 8:30,105.6
10/22/18 8:15,97.92
10/22/18 8:00,76.8
10/22/18 7:45,77.28
10/22/18 7:30,82.56
10/22/18 7:15,79.2
10/22/18 7:00,62.4
10/22/18 6:45,49.44
10/22/18 6:30,45.12
10/22/18 6:15,39.84
10/22/18 6:00,36.96
10/22/18 5:45,46.08
10/22/18 5:30,44.64
10/22/18 5:15,48.48
10/22/18 5:00,48.96
10/22/18 4:45,48.48
10/22/18 4:30,47.04
10/22/18 4:15,47.52
10/22/18 4:00,48.96
10/22/18 3:45,47.04
10/22/18 3:30,46.56
10/22/18 3:15,49.92
10/22/18 3:00,49.92
10/22/18 2:45,46.56
10/22/18 2:30,47.52
10/22/18 2:15,48.48
10/22/18 2:00,56.16
10/22/18 1:45,55.2
10/22/18 1:30,53.28
10/22/18 1:15,52.32
10/22/18 1:00,52.32
10/22/18 0:45,51.84
10/22/18 0:30,46.56
10/22/18 0:15,47.52
10/22/18 0:00,51.84
10/21/18 23:45,50.4
10/21/18 23:30,49.44
10/21/18 23:15,48
10/21/18 23:00,48.96
10/21/18 22:45,51.84
10/21/18 22:30,50.88
10/21/18 22:15,48
10/21/18 22:00,49.44
10/21/18 21:45,49.92
10/21/18 21:30,54.72
10/21/18 21:15,51.36
10/21/18 21:00,51.36
10/21/18 20:45,54.72
10/21/18 20:30,50.4
10/21/18 20:15,56.16
10/21/18 20:00,58.56
10/21/18 19:45,53.76
10/21/18 19:30,51.84
10/21/18 19:15,54.24
10/21/18 19:00,54.72
10/21/18 18:45,51.36
10/21/18 18:30,51.36
10/21/18 18:15,46.08
10/21/18 18:00,43.2
10/21/18 17:45,48.96
10/21/18 17:30,48.48
10/21/18 17:15,53.76
10/21/18 17:00,55.68
10/21/18 16:45,49.44
10/21/18 16:30,56.64
10/21/18 16:15,49.44
10/21/18 16:00,60.48
10/21/18 15:45,49.44
10/21/18 15:30,62.88
10/21/18 15:15,60.96
10/21/18 15:00,62.88
10/21/18 14:45,51.84
10/21/18 14:30,68.16
10/21/18 14:15,67.2
10/21/18 14:00,72.48
10/21/18 13:45,73.44
10/21/18 13:30,80.16
10/21/18 13:15,94.56
10/21/18 13:00,122.4
10/21/18 12:45,83.04
10/21/18 12:30,109.92
10/21/18 12:15,82.08
10/21/18 12:00,102.72
10/21/18 11:45,90.72
10/21/18 11:30,110.4
10/21/18 11:15,79.68
10/21/18 11:00,67.2
10/21/18 10:45,90.24
10/21/18 10:30,63.36
10/21/18 10:15,94.56
10/21/18 10:00,67.68
10/21/18 9:45,65.28
10/21/18 9:30,58.56
10/21/18 9:15,83.52
10/21/18 9:00,55.68
10/21/18 8:45,58.56
10/21/18 8:30,65.76
10/21/18 8:15,60
10/21/18 8:00,60
10/21/18 7:45,59.52
10/21/18 7:30,67.68
10/21/18 7:15,70.08
10/21/18 7:00,59.04
10/21/18 6:45,71.04
10/21/18 6:30,68.64
10/21/18 6:15,65.76
10/21/18 6:00,73.44
10/21/18 5:45,79.68
10/21/18 5:30,78.24
10/21/18 5:15,65.28
10/21/18 5:00,61.92
10/21/18 4:45,56.64
10/21/18 4:30,58.56
10/21/18 4:15,60.48
10/21/18 4:00,56.16
10/21/18 3:45,52.32
10/21/18 3:30,50.88
10/21/18 3:15,46.08
10/21/18 3:00,46.08
10/21/18 2:45,48.48
10/21/18 2:30,47.04
10/21/18 2:15,52.32
10/21/18 2:00,50.4
10/21/18 1:45,47.52
10/21/18 1:30,50.88
10/21/18 1:15,51.36
10/21/18 1:00,48.96
10/21/18 0:45,52.8
10/21/18 0:30,53.28
10/21/18 0:15,50.4
10/21/18 0:00,50.88
10/20/18 23:45,53.76
10/20/18 23:30,49.44
10/20/18 23:15,51.36
10/20/18 23:00,54.24
10/20/18 22:45,55.2
10/20/18 22:30,57.12
10/20/18 22:15,60
10/20/18 22:00,60.48
10/20/18 21:45,75.36
10/20/18 21:30,92.16
10/20/18 21:15,102.24
10/20/18 21:00,105.12
10/20/18 20:45,115.2
10/20/18 20:30,119.04
10/20/18 20:15,124.8
10/20/18 20:00,125.76
10/20/18 19:45,128.64
10/20/18 19:30,152.16
10/20/18 19:15,140.64
10/20/18 19:00,153.6
10/20/18 18:45,141.12
10/20/18 18:30,156.96
10/20/18 18:15,135.84
10/20/18 18:00,115.2
10/20/18 17:45,124.32
10/20/18 17:30,116.64
10/20/18 17:15,118.56
10/20/18 17:00,128.64
10/20/18 16:45,120.96
10/20/18 16:30,134.4
10/20/18 16:15,142.56
10/20/18 16:00,141.6
10/20/18 15:45,139.2
10/20/18 15:30,119.04
10/20/18 15:15,133.44
10/20/18 15:00,135.36
10/20/18 14:45,126.72
10/20/18 14:30,131.04
10/20/18 14:15,124.8
10/20/18 14:00,128.16
10/20/18 13:45,120
10/20/18 13:30,117.12
10/20/18 13:15,124.32
10/20/18 13:00,111.84
10/20/18 12:45,115.68
10/20/18 12:30,114.72
10/20/18 12:15,109.92
10/20/18 12:00,101.76
10/20/18 11:45,99.36
10/20/18 11:30,106.56
10/20/18 11:15,101.76
10/20/18 11:00,83.52
10/20/18 10:45,97.92
10/20/18 10:30,84.48
10/20/18 10:15,61.92
10/20/18 10:00,64.32
10/20/18 9:45,65.28
10/20/18 9:30,61.92
10/20/18 9:15,54.24
10/20/18 9:00,61.92
10/20/18 8:45,52.8
10/20/18 8:30,48.96
10/20/18 8:15,52.32
10/20/18 8:00,51.36
10/20/18 7:45,47.52
10/20/18 7:30,32.64
10/20/18 7:15,32.64
10/20/18 7:00,34.08
10/20/18 6:45,38.4
10/20/18 6:30,37.44
10/20/18 6:15,37.92
10/20/18 6:00,42.72
10/20/18 5:45,43.68
10/20/18 5:30,48
10/20/18 5:15,47.04
10/20/18 5:00,48.96
10/20/18 4:45,48.48
10/20/18 4:30,48.48
10/20/18 4:15,45.6
10/20/18 4:00,47.52
10/20/18 3:45,48.48
10/20/18 3:30,48
10/20/18 3:15,46.08
10/20/18 3:00,49.92
10/20/18 2:45,51.36
10/20/18 2:30,47.04
10/20/18 2:15,50.4
10/20/18 2:00,46.08
10/20/18 1:45,49.44
10/20/18 1:30,49.92
10/20/18 1:15,46.56
10/20/18 1:00,46.08
10/20/18 0:45,54.72
10/20/18 0:30,48.48
10/20/18 0:15,46.56
10/20/18 0:00,50.4
10/19/18 23:45,60
10/19/18 23:30,53.76
10/19/18 23:15,55.2
10/19/18 23:00,49.44
10/19/18 22:45,51.84
10/19/18 22:30,63.84
10/19/18 22:15,51.84
10/19/18 22:00,56.16
10/19/18 21:45,63.84
10/19/18 21:30,70.56
10/19/18 21:15,85.92
10/19/18 21:00,106.08
10/19/18 20:45,110.4
10/19/18 20:30,118.56
10/19/18 20:15,108.48
10/19/18 20:00,122.4
10/19/18 19:45,129.12
10/19/18 19:30,139.68
10/19/18 19:15,130.56
10/19/18 19:00,137.28
10/19/18 18:45,147.84
10/19/18 18:30,143.52
10/19/18 18:15,131.52
10/19/18 18:00,116.64
10/19/18 17:45,131.52
10/19/18 17:30,144
10/19/18 17:15,129.12
10/19/18 17:00,139.68
10/19/18 16:45,150.24
10/19/18 16:30,157.44
10/19/18 16:15,178.56
,
,
,
,
,
,
,
,
,
,
,
,
,
,
,
,
,
,
,
,
,
,
,
,
,
,
,
,
,
,
,
,
,
,
,
,
,
,
,
,
,
,
,
,
,
,
,
,
,
,
,
,
,
,
,
,
,
,
,
,
,
,
,
,
,
,
,
,
,
,
,
,
,
,
,
,
,
,
,
,
,
,
,
,
,
,
,
,
,
,
,
,
,
,
,
,
,
,
,
,
,
,
,
,
,
,
,
,
,
,
,
,
,
,
,
,
,
,
,
,
,
,
,
,
,
,
,
,
,
,
,
,
,
,
,
,
,
,
,
,
,
,
,
,
,
,
,
,
,
,
,
,
,
,
,
,
,
,
,
,
,
,
,
,
,
,
,
,
,
,
,
,
,
,
,
,
,
,
,
,
,
,
,
,
,
,
,
,
,
,
,
,
,
,
,
,
,
,
,
,
,
,
,
,
,
,
,
,
,
,
,
,
,
,
,
,
,
,
,
,
,
,
,
,
,
,
,
,
,
,
,
,
,
,
,
,
,
,
,
,
,
,
,
,
,
,
,
,
,
,
,
,
,
,
,
,
,
,
,
,
,
,
,
,
,
,
,
,
,
,
,
,
,
,
,
,
,
,
,
,
,
,
,
,
,
,
,
,
,
,
,
,
,
,
,
,
,
,
,
,
,
,
,
,
,
,
,
,
,
,
,
,
,
,
,
,
,
,
,
,
,
,
,
,
,
,
,
,
,
,
,
,
,
,
,
,
,
,
,
,
,
,
,
,
,
,
,
,
,
,
,
,
,
,
,
,
,
,
,
,
,
,
,
,
,
,
,
,
,
,
,
,
,
,
,
,
,
,
,
,
,
,
,
,
,
,
,
,
,
,
,
,
,
,
,
,
,
,
,
,
,
,
,
,
,
,
,
,
,
,
,
,
,
,
,
,
,
,
,
,
,
,
,
,
,
,
,
,
,
,
,
,
,
,
,
,
,
,
,
,
,
,
,
,
,
,
,
,
,
,
,
,
,
,
,
,
,
,
,
,
,
,
,
,
,
,
,
,
,
,
,
,
,
,
,
,
,
,
,
,
,
,
,
,
,
,
,
,
,
,
,
,
,
,
,
,
,
,
,
,
,
,
,
,
,
,
,
,
,
,
,
,
,
,
,
,
,
,
,
,
,
,
,
,
,
,
,
,
,
,
,
,
,
,
,
,
,
,
,
,
,
,
,
,
,
,
,
,
,
,
,
,
,
,
,
,
,
,
,
,
,
,
,
,
,
,
,
,
,
,
,
,
,
,
,
,
,
,
,
,
,
,
,
,
,
,
,
,
,
,
,
,
,
,
,
,
,
,
,
,
,
,
,
,
,
,
,
,
,
,
,
,
,
,
,
,
,
,
,
,
,
,
,
,
,
,
,
,
,
,
,
,
,
,
,
,
,
,
,
,
,
,
,
,
,
,
,
,
,
,
,
,
,
,
,
,
,
,
,
,
,
,
,
,
,
,
,
,
,
,
,
,
,
,
,
,
,
,
,
,
,
,
,
,
,
,
,
,
,
,
,
,
,
,
,
,
,
,
,
,
,
,
,
,
,
,
,
,
,
,
,
,
,
,
,
,
,
,
,
,
,
,
,
,
,
,
,
,
,
,
,
,
,
,
,
,
,
,
,
,
,
,
,
,
,
,
,
,
,
,
,
,
,
,
,
,
,
,
,
,
,
,
,
,
,
,
,
,
,
,
,
,
,
,
,
,
,
,
,
,
,
,
,
,
,
,
,
,
,
,
,
,
,
,
,
,
,
,
,
,
,
,
,
,
,
,
,
,
,
,
,
,
,
,
,
,
,
,
,
,
,
,
,
,
,
,
,
,
,
,
,
,
,
,
,
,
,
,
,
,
,
,
,
,
,
,
,
,
,
,
,
,
,
,
,
,
,
,
,
,
,
,
,
,
,
,
,
,
,
,
,
,
,
,
,
,
,
,
,
,
,
,
,
,
,
,
,
,
,
,
,
,
,
,
,
,
,
,
,
,
,
,
,
,
,
,
,
,
,
,
,
,
,
,
,
,
,
,
,
,
,
,
,
,
,
,
,
,
,
,
,
,
,
,
,
,
,
,
,
,
,
,
,
,
,
,
,
,
,
,
,
,
,
,
,
,
,
,
,
,
,
,
,
,
,
,
,
,
,
,
,
,
,
,
,
,
,
,
,
,
,
,
,
,
,
,
,
,
,
,
,
,
,
,
,
,
,
,
,
,
,
,
,
,
,
,
,
,
,
,
,
,
,
,
,
,
,
,
,
,
,
,
,
,
,
,
,
,
,
,
,
,
,
,
,
,
,
,
,
,
,
,
,
,
,
,
,
,
,
,
,
,
,
,
,
,
,
,
,
,
,
,
,
,
,
,
,
,
,
,
,
,
,
,
,
,
,
,
,
,
,
,
,
,
,
,
,
,
,
,
,
,
,
,
,
,
,
,
,
,
,
,
,
,
,
,
,
,
,
,
,
,
,
,
,
,
,
,
,
,
,
,
,
,
,
,
,
,
,
,
,
,
,
,
,
,
,
,
,
,
,
,
,
,
,
,
,
,
,
,
,
,
,
,
,
,
,
,
,
,
,
,
,
,
,
,
,
,
,
,
,
,
,
,
,
,
,
,
,
,
,
,
,
,
,
,
,
,
,
,
,
,
,
,
,
,
,
,
,
,
,
,
,
,
,
,
,
,
,
,
,
,
,
,
,
,
,
,
,
,
,
,
,
,
,
,
,
,
,
,
,
,
,
,
,
,
,
,
,
,
,
,
,
,
,
,
,
,
,
,
,
,
,
,
,
,
,
,
,
,
,
,
,
,
,
,
,
,
,
,
,
,
,
,
,
,
,
,
,
,
,
,
,
,
,
,
,
,
,
,
,
,
,
,
,
,
,
,
,
,
,
,
,
,
,
,
,
,
,
,
,
,
,
,
,
,
,
,
,
,
,
,
,
,
,
,
,
,
,
,
,
,
,
,
,
,
,
,
,
,
,
,
,
,
,
,
,
,
,
,
,
,
,
,
,
,
,
,
,
,
,
,
,
,
,
,
,
,
,
,
,
,
,
,
,
,
,
,
,
,
,
,
,
,
,
,
,
,
,
,
,
,
,
,
,
,
,
,
,
,
,
,
,
,
,
,
,
,
,
,
,
,
,
,
,
,
,
,
,
,
,
,
,
,
,
,
,
,
,
,
,
,
,
,
,
,
,
,
,
,
,
,
,
,
,
,
,
,
,
,
,
,
,
,
,
,
,
,
,
,
,
,
,
,
,
,
,
,
,
,
,
,
,
,
,
,
,
,
,
,
,
,
,
,
,
,
,
,
,
,
,
,
,
,
,
,
,
,
,
,
,
,
,
,
,
,
,
,
,
,
,
,
,
,
,
,
,
,
,
,
,
,
,
,
,
,
,
,
,
,
,
,
,
,
,
,
,
,
,
,
,
,
,
,
,
,
,
,
,
,
,
,
,
,
,
,
,
,
,
,
,
,
,
,
,
,
,
,
,
,
,
,
,
,
,
,
,
,
,
,
,
,
,
,
,
,
,
,
,
,
,
,
,
,
,
,
,
,
,
,
,
,
,
,
,
,
,
,
,
,
,
,
,
,
,
,
,
,
,
,
,
,
,
,
,
,
,
,
,
,
,
,
,
,
,
,
,
,
,
,
,
,
,
,
,
,
,
,
,
,
,
,
,
,
,
,
,
,
,
,
,
,
,
,
,
,
,
,
,
,
,
,
,
,
,
,
,
,
,
,
,
,
,
,
,
,
,
,
,
,
,
,
,
,
,
,
,
,
,
,
,
,
,
,
,
,
,
,
,
,
,
,
,
,
,
,
,
,
,
,
,
,
,
,
,
,
,
,
,
,
,
,
,
,
,
,
,
,
,
,
,
,
,
,
,
,
,
,
,
,
,
,
,
,
,
,
,
,
,
,
,
,
,
,
,
,
,
,
,
,
,
,
,
,
,
,
,
,
,
,
,
,
,
,
,
,
,
,
,
,
,
,
,
,
,
,
,
,
,
,
,
,
,
,
,
,
,
,
,
,
,
,
,
,
,
,
,
,
,
,
,
,
,
,
,
,
,
,
,
,
,
,
,
,
,
,
,
,
,
,
,
,
,
,
,
,
,
,
,
,
,
,
,
,
,
,
,
,
,
,
,
,
,
,
,
,
,
,
,
,
,
,
,
,
,
,
,
,
,
,
,
,
,
,
,
,
,
,
,
,
,
,
,
,
,
,
,
,
,
,
,
,
,
,
,
,
,
,
,
,
,
,
,
,
,
,
,
,
,
,
,
,
,
,
,
,
,
,
,
,
,
,
,
,
,
,
,
,
,
,
,
,
,
,
,
,
,
,
,
,
,
,
,
,
,
,
,
,
,
,
,
,
,
,
,
,
,
,
,
,
,
,
,
,
,
,
,
,
,
,
,
,
,
,
,
,
,
,
,
,
,
,
,
,
,
,
,
,
,
,
,
,
,
,
,
,
,
,
,
,
,
,
,
,
,
,
,
,
,
,
,
,
,
,
,
,
,
,
,
,
,
,
,
,
,
,
,
,
,
,
,
,
,
,
,
,
,
,
,
,
,
,
,
,
,
,
,
,
,
,
,
,
,
,
,
,
,
,
,
,
,
,
,
,
,
,
,
,
,
,
,
,
,
,
,
,
,
,
,
,
,
,
,
,
,
,
,
,
,
,
,
,
,
,
,
,
,
,
,
,
,
,
,
,
,
,
,
,
,
,
,
,
,
,
,
,
,
,
,
,
,
,
,
,
,
,
,
,
,
,
,
,
,
,
,
,
,
,
,
,
,
,
,
,
,
,
,
,
,
,
,
,
,
,
,
,
,
,
,
,
,
,
,
,
,
,
,
,
,
,
,
,
,
,
,
,
,
,
,
,
,
,
,
,
,
,
,
,
,
,
,
,
,
,
,
,
,
,
,
,
,
,
,
,
,
,
,
,
,
,
,
,
,
,
,
,
,
,
,
,
,
,
,
,
,
,
,
,
,
,
,
,
,
,
,
,
,
,
,
,
,
,
,
,
,
,
,
,
,
,
,
,
,
,
,
,
,
,
,
,
,
,
,
,
,
,
,
,
,
,
,
,
,
,
,
,
,
,
,
,
,
,
,
,
,
,
,
,
,
,
,
,
,
,
,
,
,
,
,
,
,
,
,
,
,
,
,
,
,
,
,
,
,
,
,
,
,
,
,
,
,
,
,
,
,
,
,
,
,
,
,
,
,
,
,
,
,
,
,
,
,
,
,
,
,
,
,
,
,
,
,
,
,
,
,
,
,
,
,
,
,
,
,
,
,
,
,
,
,
,
,
,
,
,
,
,
,
,
,
,
,
,
,
,
,
,
,
,
,
,
,
,
,
,
,
,
,
,
,
,
,
,
,
,
,
,
,
,
,
,
,
,
,
,
,
,
,
,
,
,
,
,
,
,
,
,
,
,
,
,
,
,
,
,
,
,
,
,
,
,
,
,
,
,
,
,
,
,
,
,
,
,
,
,
,
,
,
,
,
,
,
,
,
,
,
,
,
,
,
,
,
,
,
,
,
,
,
,
,
,
,
,
,
,
,
,
,
,
,
,
,
,
,
,
,
,
,
,
,
,
,
,
,
,
,
,
,
,
,
,
,
,
,
,
,
,
,
,
,
,
,
,
,
,
,
,
,
,
,
,
,
,
,
,
,
,
,
,
,
,
,
,
,
,
,
,
,
,
,
,
,
,
,
,
,
,
,
,
,
,
,
,
,
,
,
,
,
,
,
,
,
,
,
,
,
,
,
,
,
,
,
,
,
,
,
,
,
,
,
,
,
,
,
,
,
,
,
,
,
,
,
,
,
,
,
,
,
,
,
,
,
,
,
,
,
,
,
,
,
,
,
,
,
,
,
,
,
,
,
,
,
,
,
,
,
,
,
,
,
,
,
,
,
,
,
,
,
,
,
,
,
,
,
,
,
,
,
,
,
,
,
,
,
,
,
,
,
,
,
,
,
,
,
,
,
,
,
,
,
,
,
,
,
,
,
,
,
,
,
,
,
,
,
,
,
,
,
,
,
,
,
,
,
,
,
,
,
,
,
,
,
,
,
,
,
,
,
,
,
,
,
,
,
,
,
,
,
,
,
,
,
,
,
,
,
,
,
,
,
,
,
,
,
,
,
,
,
,
,
,
,
,
,
,
,
,
,
,
,
,
,
,
,
,
,
,
,
,
,
,
,
,
,
,
,
,
,
,
,
,
,
,
,
,
,
,
,
,
,
,
,
,
,
,
,
,
,
,
,
,
,
,
,
,
,
,
,
,
,
,
,
,
,
,
,
,
,
,
,
,
,
,
,
,
,
,
,
,
,
,
,
,
,
,
,
,
,
,
,
,
,
,
,
,
,
,
,
,
,
,
,
,
,
,
,
,
,
,
,
,
,
,
,
,
,
,
,
,
,
,
,
,
,
,
,
,
,
,
,
,
,
,
,
,
,
,
,
,
,
,
,
,
,
,
,
,
,
,
,
,
,
,
,
,
,
,
,
,
,
,
,
,
,
,
,
,
,
,
,
,
,
,
,
,
,
,
,
,
,
,
,
,
,
,
,
,
,
,
,
,
,
,
,
,
,
,
,
,
,
,
,
,
,
,
,
,
,
,
,
,
,
,
,
,
,
,
,
,
,
,
,
,
,
,
,
,
,
,
,
,
,
,
,
,
,
,
,
,
,
,
,
,
,
,
,
,
,
,
,
,
,
,
,
,
,
,
,
,
,
,
,
,
,
,
,
,
,
,
,
,
,
,
,
,
,
,
,
,
,
,
,
,
,
,
,
,
,
,
,
,
,
,
,
,
,
,
,
,
,
,
,
,
,
,
,
,
,
,
,
,
,
,
,
,
,
,
,
,
,
,
,
,
,
,
,
,
,
,
,
,
,
,
,
,
,
,
,
,
,
,
,
,
,
,
,
,
,
,
,
,
,
,
,
,
,
,
,
,
,
,
,
,
,
,
,
,
,
,
,
,
,
,
,
,
,
,
,
,
,
,
,
,
,
,
,
,
,
,
,
,
,
,
,
,
,
,
,
,
,
,
,
,
,
,
,
,
,
,
,
,
,
,
,
,
,
,
,
,
,
,
,
,
,
,
,
,
,
,
,
,
,
,
,
,
,
,
,
,
,
,
,
,
,
,
,
,
,
,
,
,
,
,
,
,
,
,
,
,
,
,
,
,
,
,
,
,
,
,
,
,
,
,
,
,
,
,
,
,
,
,
,
,
,
,
,
,
,
,
,
,
,
,
,
,
,
,
,
,
,
,
,
,
,
,
,
,
,
,
,
,
,
,
,
,
,
,
,
,
,
,
,
,
,
,
,
,
,
,
,
,
,
,
,
,
,
,
,
,
,
,
,
,
,
,
,
,
,
,
,
,
,
,
,
,
,
,
,
,
,
,
,
,
,
,
,
,
,
,
,
,
,
,
,
,
,
,
,
,
,
,
,
,
,
,
,
,
,
,
,
,
,
,
,
,
,
,
,
,
,
,
,
,
,
,
,
,
,
,
,
,
,
,
,
,
,
,
,
,
,
,
,
,
,
,
,
,
,
,
,
,
,
,
,
,
,
,
,
,
,
,
,
,
,
,
,
,
,
,
,
,
,
,
,
,
,
,
,
,
,
,
,
,
,
,
,
,
,
,
,
,
,
,
,
,
,
,
,
,
,
,
,
,
,
,
,
,
,
,
,
,
,
,
,
,
,
,
,
,
,
,
,
,
,
,
,
,
,
,
,
,
,
,
,
,
,
,
,
,
,
,
,
,
,
,
,
,
,
,
,
,
,
,
,
,
,
,
,
,
,
,
,
,
,
,
,
,
,
,
,
,
,
,
,
,
,
,
,
,
,
,
,
,
,
,
,
,
,
,
,
,
,
,
,
,
,
,
,
,
,
,
,
,
,
,
,
,
,
,
,
,
,
,
,
,
,
,
,
,
,
,
,
,
,
,
,
,
,
,
,
,
,
,
,
,
,
,
,
,
,
,
,
,
,
,
,
,
,
,
,
,
,
,
,
,
,
,
,
,
,
,
,
,
,
,
,
,
,
,
,
,
,
,
,
,
,
,
,
,
,
,
,
,
,
,
,
,
,
,
,
,
,
,
,
,
,
,
,
,
,
,
,
,
,
,
,
,
,
,
,
,
,
,
,
,
,
,
,
,
,
,
,
,
,
,
,
,
,
,
,
,
,
,
,
,
,
,
,
,
,
,
,
,
,
,
,
,
,
,
,
,
,
,
,
,
,
,
,
,
,
,
,
,
,
,
,
,
,
,
,
,
,
,
,
,
,
,
,
,
,
,
,
,
,
,
,
,
,
,
,
,
,
,
,
,
,
,
,
,
,
,
,
,
,
,
,
,
,
,
,
,
,
,
,
,
,
,
,
,
,
,
,
,
,
,
,
,
,
,
,
,
,
,
,
,
,
,
,
,
,
,
,
,
,
,
,
,
,
,
,
,
,
,
,
,
,
,
,
,
,
,
,
,
,
,
,
,
,
,
,
,
,
,
,
,
,
,
,
,
,
,
,
,
,
,
,
,
,
,
,
,
,
,
,
,
,
,
,
,
,
,
,
,
,
,
,
,
,
,
,
,
,
,
,
,
,
,
,
,
,
,
,
,
,
,
,
,
,
,
,
,
,
,
,
,
,
,
,
,
,
,
,
,
,
,
,
,
,
,
,
,
,
,
,
,
,
,
,
,
,
,
,
,
,
,
,
,
,
,
,
,
,
,
,
,
,
,
,
,
,
,
,
,
,
,
,
,
,
,
,
,
,
,
,
,
,
,
,
,
,
,
,
,
,
,
,
,
,
,
,
,
,
,
,
,
,
,
,
,
,
,
,
,
,
,
,
,
,
,
,
,
,
,
,
,
,
,
,
,
,
,
,
,
,
,
,
,
,
,
,
,
,
,
,
,
,
,
,
,
,
,
,
,
,
,
,
,
,
,
,
,
,
,
,
,
,
,
,
,
,
,
,
,
,
,
,
,
,
,
,
,
,
,
,
,
,
,
,
,
,
,
,
,
,
,
,
,
,
,
,
,
,
,
,
,
,
,
,
,
,
,
,
,
,
,
,
,
,
,
,
,
,
,
,
,
,
,
,
,
,
,
,
,
,
,
,
,
,
,
,
,
,
,
,
,
,
,
,
,
,
,
,
,
,
,
,
,
,
,
,
,
,
,
,
,
,
,
,
,
,
,
,
,
,
,
,
,
,
,
,
,
,
,
,
,
,
,
,
,
,
,
,
,
,
,
,
,
,
,
,
,
,
,
,
,
,
,
,
,
,
,
,
,
,
,
,
,
,
,
,
,
,
,
,
,
,
,
,
,
,
,
,
,
,
,
,
,
,
,
,
,
,
,
,
,
,
,
,
,
,
,
,
,
,
,
,
,
,
,
,
,
,
,
,
,
,
,
,
,
,
,
,
,
,
,
,
,
,
,
,
,
,
,
,
,
,
,
,
,
,
,
,
,
,
,
,
,
,
,
,
,
,
,
,
,
,
,
,
,
,
,
,
,
,
,
,
,
,
,
,
,
,
,
,
,
,
,
,
,
,
,
,
,
,
,
,
,
,
,
,
,
,
,
,
,
,
,
,
,
,
,
,
,
,
,
,
,
,
,
,
,
,
,
,
,
,
,
,
,
,
,
,
,
,
,
,
,
,
,
,
,
,
,
,
,
,
,
,
,
,
,
,
,
,
,
,
,
,
,
,
,
,
,
,
,
,
,
,
,
,
,
,
,
,
,
,
,
,
,
,
,
,
,
,
,
,
,
,
,
,
,
,
,
,
,
,
,
,
,
,
,
,
,
,
,
,
,
,
,
,
,
,
,
,
,
,
,
,
,
,
,
,
,
,
,
,
,
,
,
,
,
,
,
,
,
,
,
,
,
,
,
,
,
,
,
,
,
,
,
,
,
,
,
,
,
,
,
,
,
,
,
,
,
,
,
,
,
,
,
,
,
,
,
,
,
,
,
,
,
,
,
,
,
,
,
,
,
,
,
,
,
,
,
,
,
,
,
,
,
,
,
,
,
,
,
,
,
,
,
,
,
,
,
,
,
,
,
,
,
,
,
,
,
,
,
,
,
,
,
,
,
,
,
,
,
,
,
,
,
,
,
,
,
,
,
,
,
,
,
,
,
,
,
,
,
,
,
,
,
,
,
,
,
,
,
,
,
,
,
,
,
,
,
,
,
,
,
,
,
,
,
,
,
,
,
,
,
,
,
,
,
,
,
,
,
,
,
,
,
,
,
,
,
,
,
,
,
,
,
,
,
,
,
,
,
,
,
,
,
,
,
,
,
,
,
,
,
,
,
,
,
,
,
,
,
,
,
,
,
,
,
,
,
,
,
,
,
,
,
,
,
,
,
,
,
,
,
,
,
,
,
,
,
,
,
,
,
,
,
,
,
,
,
,
,
,
,
,
,
,
,
,
,
,
,
,
,
,
,
,
,
,
,
,
,
,
,
,
,
,
,
,
,
,
,
,
,
,
,
,
,
,
,
,
,
,
,
,
,
,
,
,
,
,
,
,
,
,
,
,
,
,
,
,
,
,
,
,
,
,
,
,
,
,
,
,
,
,
,
,
,
,
,
,
,
,
,
,
,
,
,
,
,
,
,
,
,
,
,
,
,
,
,
,
,
,
,
,
,
,
,
,
,
,
,
,
,
,
,
,
,
,
,
,
,
,
,
,
,
,
,
,
,
,
,
,
,
,
,
,
,
,
,
,
,
,
,
,
,
,
,
,
,
,
,
,
,
,
,
,
,
,
,
,
,
,
,
,
,
,
,
,
,
,
,
,
,
,
,
,
,
,
,
,
,
,
,
,
,
,
,
,
,
,
,
,
,
,
,
,
,
,
,
,
,
,
,
,
,
,
,
,
,
,
,
,
,
,
,
,
,
,
,
,
,
,
,
,
,
,
,
,
,
,
,
,
,
,
,
,
,
,
,
,
,
,
,
,
,
,
,
,
,
,
,
,
,
,
,
,
,
,
,
,
,
,
,
,
,
,
,
,
,
,
,
,
,
,
,
,
,
,
,
,
,
,
,
,
,
,
,
,
,
,
,
,
,
,
,
,
,
,
,
,
,
,
,
,
,
,
,
,
,
,
,
,
,
,
,
,
,
,
,
,
,
,
,
,
,
,
,
,
,
,
,
,
,
,
,
,
,
,
,
,
,
,
,
,
,
,
,
,
,
,
,
,
,
,
,
,
,
,
,
,
,
,
,
,
,
,
,
,
,
,
,
,
,
,
,
,
,
,
,
,
,
,
,
,
,
,
,
,
,
,
,
,
,
,
,
,
,
,
,
,
,
,
,
,
,
,
,
,
,
,
,
,
,
,
,
,
,
,
,
,
,
,
,
,
,
,
,
,
,
,
,
,
,
,
,
,
,
,
,
,
,
,
,
,
,
,
,
,
,
,
,
,
,
,
,
,
,
,
,
,
,
,
,
,
,
,
,
,
,
,
,
,
,
,
,
,
,
,
,
,
,
,
,
,
,
,
,
,
,
,
,
,
,
,
,
,
,
,
,
,
,
,
,
,
,
,
,
,
,
,
,
,
,
,
,
,
,
,
,
,
,
,
,
,
,
,
,
,
,
,
,
,
,
,
,
,
,
,
,
,
,
,
,
,
,
,
,
,
,
,
,
,
,
,
,
,
,
,
,
,
,
,
,
,
,
,
,
,
,
,
,
,
,
,
,
,
,
,
,
,
,
,
,
,
,
,
,
,
,
,
,
,
,
,
,
,
,
,
,
,
,
,
,
,
,
,
,
,
,
,
,
,
,
,
,
,
,
,
,
,
,
,
,
,
,
,
,
,
,
,
,
,
,
,
,
,
,
,
,
,
,
,
,
,
,
,
,
,
,
,
,
,
,
,
,
,
,
,
,
,
,
,
,
,
,
,
,
,
,
,
,
,
,
,
,
,
,
,
,
,
,
,
,
,
,
,
,
,
,
,
,
,
,
,
,
,
,
,
,
,
,
,
,
,
,
,
,
,
,
,
,
,
,
,
,
,
,
,
,
,
,
,
,
,
,
,
,
,
,
,
,
,
,
,
,
,
,
,
,
,
,
,
,
,
,
,
,
,
,
,
,
,
,
,
,
,
,
,
,
,
,
,
,
,
,
,
,
,
,
,
,
,
,
,
,
,
,
,
,
,
,
,
,
,
,
,
,
,
,
,
,
,
,
,
,
,
,
,
,
,
,
,
,
,
,
,
,
,
,
,
,
,
,
,
,
,
,
,
,
,
,
,
,
,
,
,
,
,
,
,
,
,
,
,
,
,
,
,
,
,
,
,
,
,
,
,
,
,
,
,
,
,
,
,
,
,
,
,
,
,
,
,
,
,
,
,
,
,
,
,
,
,
,
,
,
,
,
,
,
,
,
,
,
,
,
,
,
,
,
,
,
,
,
,
,
,
,
,
,
,
,
,
,
,
,
,
,
,
,
,
,
,
,
,
,
,
,
,
,
,
,
,
,
,
,
,
,
,
,
,
,
,
,
,
,
,
,
,
,
,
,
,
,
,
,
,
,
,
,
,
,
,
,
,
,
,
,
,
,
,
,
,
,
,
,
,
,
,
,
,
,
,
,
,
,
,
,
,
,
,
,
,
,
,
,
,
,
,
,
,
,
,
,
,
,
,
,
,
,
,
,
,
,
,
,
,
,
,
,
,
,
,
,
,
,
,
,
,
,
,
,
,
,
,
,
,
,
,
,
,
,
,
,
,
,
,
,
,
,
,
,
,
,
,
,
,
,
,
,
,
,
,
,
,
,
,
,
,
,
,
,
,
,
,
,
,
,
,
,
,
,
,
,
,
,
,
,
,
,
,
,
,
,
,
,
,
,
,
,
,
,
,
,
,
,
,
,
,
,
,
,
,
,
,
,
,
,
,
,
,
,
,
,
,
,
,
,
,
,
,
,
,
,
,
,
,
,
,
,
,
,
,
,
,
,
,
,
,
,
,
,
,
,
,
,
,
,
,
,
,
,
,
,
,
,
,
,
,
,
,
,
,
,
,
,
,
,
,
,
,
,
,
,
,
,
,
,
,
,
,
,
,
,
,
,
,
,
,
,
,
,
,
,
,
,
,
,
,
,
,
,
,
,
,
,
,
,
,
,
,
,
,
,
,
,
,
,
,
,
,
,
,
,
,
,
,
,
,
,
,
,
,
,
,
,
,
,
,
,
,
,
,
,
,
,
,
,
,
,
,
,
,
,
,
,
,
,
,
,
,
,
,
,
,
,
,
,
,
,
,
,
,
,
,
,
,
,
,
,
,
,
,
,
,
,
,
,
,
,
,
,
,
,
,
,
,
,
,
,
,
,
,
,
,
,
,
,
,
,
,
,
,
,
,
,
,
,
,
,
,
,
,
,
,
,
,
,
,
,
,
,
,
,
,
,
,
,
,
,
,
,
,
,
,
,
,
,
,
,
,
,
,
,
,
,
,
,
,
,
,
,
,
,
,
,
,
,
,
,
,
,
,
,
,
,
,
,
,
,
,
,
,
,
,
,
,
,
,
,
,
,
,
,
,
,
,
,
,
,
,
,
,
,
,
,
,
,
,
,
,
,
,
,
,
,
,
,
,
,
,
,
,
,
,
,
,
,
,
,
,
,
,
,
,
,
,
,
,
,
,
,
,
,
,
,
,
,
,
,
,
,
,
,
,
,
,
,
,
,
,
,
,
,
,
,
,
,
,
,
,
,
,
,
,
,
,
,
,
,
,
,
,
,
,
,
,
,
,
,
,
,
,
,
,
,
,
,
,
,
,
,
,
,
,
,
,
,
,
,
,
,
,
,
,
,
,
,
,
,
,
,
,
,
,
,
,
,
,
,
,
,
,
,
,
,
,
,
,
,
,
,
,
,
,
,
,
,
,
,
,
,
,
,
,
,
,
,
,
,
,
,
,
,
,
,
,
,
,
,
,
,
,
,
,
,
,
,
,
,
,
,
,
,
,
,
,
,
,
,
,
,
,
,
,
,
,
,
,
,
,
,
,
,
,
,
,
,
,
,
,
,
,
,
,
,
,
,
,
,
,
,
,
,
,
,
,
,
,
,
,
,
,
,
,
,
,
,
,
,
,
,
,
,
,
,
,
,
,
,
,
,
,
,
,
,
,
,
,
,
,
,
,
,
,
,
,
,
,
,
,
,
,
,
,
,
,
,
,
,
,
,
,
,
,
,
,
,
,
,
,
,
,
,
,
,
,
,
,
,
,
,
,
,
,
,
,
,
,
,
,
,
,
,
,
,
,
,
,
,
,
,
,
,
,
,
,
,
,
,
,
,
,
,
,
,
,
,
,
,
,
,
,
,
,
,
,
,
,
,
,
,
,
,
,
,
,
,
,
,
,
,
,
,
,
,
,
,
,
,
,
,
,
,
,
,
,
,
,
,
,
,
,
,
,
,
,
,
,
,
,
,
,
,
,
,
,
,
,
,
,
,
,
,
,
,
,
,
,
,
,
,
,
,
,
,
,
,
,
,
,
,
,
,
,
,
,
,
,
,
,
,
,
,
,
,
,
,
,
,
,
,
,
,
,
,
,
,
,
,
,
,
,
,
,
,
,
,
,
,
,
,
,
,
,
,
,
,
,
,
,
,
,
,
,
,
,
,
,
,
,
,
,
,
,
,
,
,
,
,
,
,
,
,
,
,
,
,
,
,
,
,
,
,
,
,
,
,
,
,
,
,
,
,
,
,
,
,
,
,
,
,
,
,
,
,
,
,
,
,
,
,
,
,
,
,
,
,
,
,
,
,
,
,
,
,
,
,
,
,
,
,
,
,
,
,
,
,
,
,
,
,
,
,
,
,
,
,
,
,
,
,
,
,
,
,
,
,
,
,
,
,
,
,
,
,
,
,
,
,
,
,
,
,
,
,
,
,
,
,
,
,
,
,
,
,
,
,
,
,
,
,
,
,
,
,
,
,
,
,
,
,
,
,
,
,
,
,
,
,
,
,
,
,
,
,
,
,
,
,
,
,
,
,
,
,
,
,
,
,
,
,
,
,
,
,
,
,
,
,
,
,
,
,
,
,
,
,
,
,
,
,
,
,
,
,
,
,
,
,
,
,
,
,
,
,
,
,
,
,
,
,
,
,
,
,
,
,
,
,
,
,
,
,
,
,
,
,
,
,
,
,
,
,
,
,
,
,
,
,
,
,
,
,
,
,
,
,
,
,
,
,
,
,
,
,
,
,
,
,
,
,
,
,
,
,
,
,
,
,
,
,
,
,
,
,
,
,
,
,
,
,
,
,
,
,
,
,
,
,
,
,
,
,
,
,
,
,
,
,
,
,
,
,
,
,
,
,
,
,
,
,
,
,
,
,
,
,
,
,
,
,
,
,
,
,
,
,
,
,
,
,
,
,
,
,
,
,
,
,
,
,
,
,
,
,
,
,
,
,
,
,
,
,
,
,
,
,
,
,
,
,
,
,
,
,
,
,
,
,
,
,
,
,
,
,
,
,
,
,
,
,
,
,
,
,
,
,
,
,
,
,
,
,
,
,
,
,
,
,
,
,
,
,
,
,
,
,
,
,
,
,
,
,
,
,
,
,
,
,
,
,
,
,
,
,
,
,
,
,
,
,
,
,
,
,
,
,
,
,
,
,
,
,
,
,
,
,
,
,
,
,
,
,
,
,
,
,
,
,
,
,
,
,
,
,
,
,
,
,
,
,
,
,
,
,
,
,
,
,
,
,
,
,
,
,
,
,
,
,
,
,
,
,
,
,
,
,
,
,
,
,
,
,
,
,
,
,
,
,
,
,
,
,
,
,
,
,
,
,
,
,
,
,
,
,
,
,
,
,
,
,
,
,
,
,
,
,
,
,
,
,
,
,
,
,
,
,
,
,
,
,
,
,
,
,
,
,
,
,
,
,
,
,
,
,
,
,
,
,
,
,
,
,
,
,
,
,
,
,
,
,
,
,
,
,
,
,
,
,
,
,
,
,
,
,
,
,
,
,
,
,
,
,
,
,
,
,
,
,
,
,
,
,
,
,
,
,
,
,
,
,
,
,
,
,
,
,
,
,
,
,
,
,
,
,
,
,
,
,
,
,
,
,
,
,
,
,
,
,
,
,
,
,
,
,
,
,
,
,
,
,
,
,
,
,
,
,
,
,
,
,
,
,
,
,
,
,
,
,
,
,
,
,
,
,
,
,
,
,
,
,
,
,
,
,
,
,
,
,
,
,
,
,
,
,
,
,
,
,
,
,
,
,
,
,
,
,
,
,
,
,
,
,
,
,
,
,
,
,
,
,
,
,
,
,
,
,
,
,
,
,
,
,
,
,
,
,
,
,
,
,
,
,
,
,
,
,
,
,
,
,
,
,
,
,
,
,
,
,
,
,
,
,
,
,
,
,
,
,
,
,
,
,
,
,
,
,
,
,
,
,
,
,
,
,
,
,
,
,
,
,
,
,
,
,
,
,
,
,
,
,
,
,
,
,
,
,
,
,
,
,
,
,
,
,
,
,
,
,
,
,
,
,
,
,
,
,
,
,
,
,
,
,
,
,
,
,
,
,
,
,
,
,
,
,
,
,
,
,
,
,
,
,
,
,
,
,
,
,
,
,
,
,
,
,
,
,
,
,
,
,
,
,
,
,
,
,
,
,
,
,
,
,
,
,
,
,
,
,
,
,
,
,
,
,
,
,
,
,
,
,
,
,
,
,
,
,
,
,
,
,
,
,
,
,
,
,
,
,
,
,
,
,
,
,
,
,
,
,
,
,
,
,
,
,
,
,
,
,
,
,
,
,
,
,
,
,
,
,
,
,
,
,
,
,
,
,
,
,
,
,
,
,
,
,
,
,
,
,
,
,
,
,
,
,
,
,
,
,
,
,
,
,
,
,
,
,
,
,
,
,
,
,
,
,
,
,
,
,
,
,
,
,
,
,
,
,
,
,
,
,
,
,
,
,
,
,
,
,
,
,
,
,
,
,
,
,
,
,
,
,
,
,
,
,
,
,
,
,
,
,
,
,
,
,
,
,
,
,
,
,
,
,
,
,
,
,
,
,
,
,
,
,
,
,
,
,
,
,
,
,
,
,
,
,
,
,
,
,
,
,
,
,
,
,
,
,
,
,
,
,
,
,
,
,
,
,
,
,
,
,
,
,
,
,
,
,
,
,
,
,
,
,
,
,
,
,
,
,
,
,
,
,
,
,
,
,
,
,
,
,
,
,
,
,
,
,
,
,
,
,
,
,
,
,
,
,
,
,
,
,
,
,
,
,
,
,
,
,
,
,
,
,
,
,
,
,
,
,
,
,
,
,
,
,
,
,
,
,
,
,
,
,
,
,
,
,
,
,
,
,
,
,
,
,
,
,
,
,
,
,
,
,
,
,
,
,
,
,
,
,
,
,
,
,
,
,
,
,
,
,
,
,
,
,
,
,
,
,
,
,
,
,
,
,
,
,
,
,
,
,
,
,
,
,
,
,
,
,
,
,
,
,
,
,
,
,
,
,
,
,
,
,
,
,
,
,
,
,
,
,
,
,
,
,
,
,
,
,
,
,
,
,
,
,
,
,
,
,
,
,
,
,
,
,
,
,
,
,
,
,
,
,
,
,
,
,
,
,
,
,
,
,
,
,
,
,
,
,
,
,
,
,
,
,
,
,
,
,
,
,
,
,
,
,
,
,
,
,
,
,
,
,
,
,
,
,
,
,
,
,
,
,
,
,
,
,
,
,
,
,
,
,
,
,
,
,
,
,
,
,
,
,
,
,
,
,
,
,
,
,
,
,
,
,
,
,
,
,
,
,
,
,
,
,
,
,
,
,
,
,
,
,
,
,
,
,
,
,
,
,
,
,
,
,
,
,
,
,
,
,
,
,
,
,
,
,
,
,
,
,
,
,
,
,
,
,
,
,
,
,
,
,
,
,
,
,
,
,
,
,
,
,
,
,
,
,
,
,
,
,
,
,
,
,
,
,
,
,
,
,
,
,
,
,
,
,
,
,
,
,
,
,
,
,
,
,
,
,
,
,
,
,
,
,
,
,
,
,
,
,
,
,
,
,
,
,
,
,
,
,
,
,
,
,
,
,
,
,
,
,
,
,
,
,
,
,
,
,
,
,
,
,
,
,
,
,
,
,
,
,
,
,
,
,
,
,
,
,
,
,
,
,
,
,
,
,
,
,
,
,
,
,
,
,
,
,
,
,
,
,
,
,
,
,
,
,
,
,
,
,
,
,
,
,
,
,
,
,
,
,
,
,
,
,
,
,
,
,
,
,
,
,
,
,
,
,
,
,
,
,
,
,
,
,
,
,
,
,
,
,
,
,
,
,
,
,
,
,
,
,
,
,
,
,
,
,
,
,
,
,
,
,
,
,
,
,
,
,
,
,
,
,
,
,
,
,
,
,
,
,
,
,
,
,
,
,
,
,
,
,
,
,
,
,
,
,
,
,
,
,
,
,
,
,
,
,
,
,
,
,
,
,
,
,
,
,
,
,
,
,
,
,
,
,
,
,
,
,
,
,
,
,
,
,
,
,
,
,
,
,
,
,
,
,
,
,
,
,
,
,
,
,
,
,
,
,
,
,
,
,
,
,
,
,
,
,
,
,
,
,
,
,
,
,
,
,
,
,
,
,
,
,
,
,
,
,
,
,
,
,
,
,
,
,
,
,
,
,
,
,
,
,
,
,
,
,
,
,
,
,
,
,
,
,
,
,
,
,
,
,
,
,
,
,
,
,
,
,
,
,
,
,
,
,
,
,
,
,
,
,
,
,
,
,
,
,
,
,
,
,
,
,
,
,
,
,
,
,
,
,
,
,
,
,
,
,
,
,
,
,
,
,
,
,
,
,
,
,
,
,
,
,
,
,
,
,
,
,
,
,
,
,
,
,
,
,
,
,
,
,
,
,
,
,
,
,
,
,
,
,
,
,
,
,
,
,
,
,
,
,
,
,
,
,
,
,
,
,
,
,
,
,
,
,
,
,
,
,
,
,
,
,
,
,
,
,
,
,
,
,
,
,
,
,
,
,
,
,
,
,
,
,
,
,
,
,
,
,
,
,
,
,
,
,
,
,
,
,
,
,
,
,
,
,
,
,
,
,
,
,
,
,
,
,
,
,
,
,
,
,
,
,
,
,
,
,
,
,
,
,
,
,
,
,
,
,
,
,
,
,
,
,
,
,
,
,
,
,
,
,
,
,
,
,
,
,
,
,
,
,
,
,
,
,
,
,
,
,
,
,
,
,
,
,
,
,
,
,
,
,
,
,
,
,
,
,
,
,
,
,
,
,
,
,
,
,
,
,
,
,
,
,
,
,
,
,
,
,
,
,
,
,
,
,
,
,
,
,
,
,
,
,
,
,
,
,
,
,
,
,
,
,
,
,
,
,
,
,
,
,
,
,
,
,
,
,
,
,
,
,
,
,
,
,
,
,
,
,
,
,
,
,
,
,
,
,
,
,
,
,
,
,
,
,
,
,
,
,
,
,
,
,
,
,
,
,
,
,
,
,
,
,
,
,
,
,
,
,
,
,
,
,
,
,
,
,
,
,
,
,
,
,
,
,
,
,
,
,
,
,
,
,
,
,
,
,
,
,
,
,
,
,
,
,
,
,
,
,
,
,
,
,
,
,
,
,
,
,
,
,
,
,
,
,
,
,
,
,
,
,
,
,
,
,
,
,
,
,
,
,
,
,
,
,
,
,
,
,
,
,
,
,
,
,
,
,
,
,
,
,
,
,
,
,
,
,
,
,
,
,
,
,
,
,
,
,
,
,
,
,
,
,
,
,
,
,
,
,
,
,
,
,
,
,
,
,
,
,
,
,
,
,
,
,
,
,
,
,
,
,
,
,
,
,
,
,
,
,
,
,
,
,
,
,
,
,
,
,
,
,
,
,
,
,
,
,
,
,
,
,
,
,
,
,
,
,
,
,
,
,
,
,
,
,
,
,
,
,
,
,
,
,
,
,
,
,
,
,
,
,
,
,
,
,
,
,
,
,
,
,
,
,
,
,
,
,
,
,
,
,
,
,
,
,
,
,
,
,
,
,
,
,
,
,
,
,
,
,
,
,
,
,
,
,
,
,
,
,
,
,
,
,
,
,
,
,
,
,
,
,
,
,
,
,
,
,
,
,
,
,
,
,
,
,
,
,
,
,
,
,
,
,
,
,
,
,
,
,
,
,
,
,
,
,
,
,
,
,
,
,
,
,
,
,
,
,
,
,
,
,
,
,
,
,
,
,
,
,
,
,
,
,
,
,
,
,
,
,
,
,
,
,
,
,
,
,
,
,
,
,
,
,
,
,
,
,
,
,
,
,
,
,
,
,
,
,
,
,
,
,
,
,
,
,
,
,
,
,
,
,
,
,
,
,
,
,
,
,
,
,
,
,
,
,
,
,
,
,
,
,
,
,
,
,
,
,
,
,
,
,
,
,
,
,
,
,
,
,
,
,
,
,
,
,
,
,
,
,
,
,
,
,
,
,
,
,
,
,
,
,
,
,
,
,
,
,
,
,
,
,
,
,
,
,
,
,
,
,
,
,
,
,
,
,
,
,
,
,
,
,
,
,
,
,
,
,
,
,
,
,
,
,
,
,
,
,
,
,
,
,
,
,
,
,
,
,
,
,
,
,
,
,
,
,
,
,
,
,
,
,
,
,
,
,
,
,
,
,
,
,
,
,
,
,
,
,
,
,
,
,
,
,
,
,
,
,
,
,
,
,
,
,
,
,
,
,
,
,
,
,
,
,
,
,
,
,
,
,
,
,
,
,
,
,
,
,
,
,
,
,
,
,
,
,
,
,
,
,
,
,
,
,
,
,
,
,
,
,
,
,
,
,
,
,
,
,
,
,
,
,
,
,
,
,
,
,
,
,
,
,
,
,
,
,
,
,
,
,
,
,
,
,
,
,
,
,
,
,
,
,
,
,
,
,
,
,
,
,
,
,
,
,
,
,
,
,
,
,
,
,
,
,
,
,
,
,
,
,
,
,
,
,
,
,
,
,
,
,
,
,
,
,
,
,
,
,
,
,
,
,
,
,
,
,
,
,
,
,
,
,
,
,
,
,
,
,
,
,
,
,
,
,
,
,
,
,
,
,
,
,
,
,
,
,
,
,
,
,
,
,
,
,
,
,
,
,
,
,
,
,
,
,
,
,
,
,
,
,
,
,
,
,
,
,
,
,
,
,
,
,
,
,
,
,
,
,
,
,
,
,
,
,
,
,
,
,
,
,
,
,
,
,
,
,
,
,
,
,
,
,
,
,
,
,
,
,
,
,
,
,
,
,
,
,
,
,
,
,
,
,
,
,
,
,
,
,
,
,
,
,
,
,
,
,
,
,
,
,
,
,
,
,
,
,
,
,
,
,
,
,
,
,
,
,
,
,
,
,
,
,
,
,
,
,
,
,
,
,
,
,
,
,
,
,
,
,
,
,
,
,
,
,
,
,
,
,
,
,
,
,
,
,
,
,
,
,
,
,
,
,
,
,
,
,
,
,
,
,
,
,
,
,
,
,
,
,
,
,
,
,
,
,
,
,
,
,
,
,
,
,
,
,
,
,
,
,
,
,
,
,
,
,
,
,
,
,
,
,
,
,
,
,
,
,
,
,
,
,
,
,
,
,
,
,
,
,
,
,
,
,
,
,
,
,
,
,
,
,
,
,
,
,
,
,
,
,
,
,
,
,
,
,
,
,
,
,
,
,
,
,
,
,
,
,
,
,
,
,
,
,
,
,
,
,
,
,
,
,
,
,
,
,
,
,
,
,
,
,
,
,
,
,
,
,
,
,
,
,
,
,
,
,
,
,
,
,
,
,
,
,
,
,
,
,
,
,
,
,
,
,
,
,
,
,
,
,
,
,
,
,
,
,
,
,
,
,
,
,
,
,
,
,
,
,
,
,
,
,
,
,
,
,
,
,
,
,
,
,
,
,
,
,
,
,
,
,
,
,
,
,
,
,
,
,
,
,
,
,
,
,
,
,
,
,
,
,
,
,
,
,
,
,
,
,
,
,
,
,
,
,
,
,
,
,
,
,
,
,
,
,
,
,
,
,
,
,
,
,
,
,
,
,
,
,
,
,
,
,
,
,
,
,
,
,
,
,
,
,
,
,
,
,
,
,
,
,
,
,
,
,
,
,
,
,
,
,
,
,
,
,
,
,
,
,
,
,
,
,
,
,
,
,
,
,
,
,
,
,
,
,
,
,
,
,
,
,
,
,
,
,
,
,
,
,
,
,
,
,
,
,
,
,
,
,
,
,
,
,
,
,
,
,
,
,
,
,
,
,
,
,
,
,
,
,
,
,
,
,
,
,
,
,
,
,
,
,
,
,
,
,
,
,
,
,
,
,
,
,
,
,
,
,
,
,
,
,
,
,
,
,
,
,
,
,
,
,
,
,
,
,
,
,
,
,
,
,
,
,
,
,
,
,
,
,
,
,
,
,
,
,
,
,
,
,
,
,
,
,
,
,
,
,
,
,
,
,
,
,
,
,
,
,
,
,
,
,
,
,
,
,
,
,
,
,
,
,
,
,
,
,
,
,
,
,
,
,
,
,
,
,
,
,
,
,
,
,
,
,
,
,
,
,
,
,
,
,
,
,
,
,
,
,
,
,
,
,
,
,
,
,
,
,
,
,
,
,
,
,
,
,
,
,
,
,
,
,
,
,
,
,
,
,
,
,
,
,
,
,
,
,
,
,
,
,
,
,
,
,
,
,
,
,
,
,
,
,
,
,
,
,
,
,
,
,
,
,
,
,
,
,
,
,
,
,
,
,
,
,
,
,
,
,
,
,
,
,
,
,
,
,
,
,
,
,
,
,
,
,
,
,
,
,
,
,
,
,
,
,
,
,
,
,
,
,
,
,
,
,
,
,
,
,
,
,
,
,
,
,
,
,
,
,
,
,
,
,
,
,
,
,
,
,
,
,
,
,
,
,
,
,
,
,
,
,
,
,
,
,
,
,
,
,
,
,
,
,
,
,
,
,
,
,
,
,
,
,
,
,
,
,
,
,
,
,
,
,
,
,
,
,
,
,
,
,
,
,
,
,
,
,
,
,
,
,
,
,
,
,
,
,
,
,
,
,
,
,
,
,
,
,
,
,
,
,
,
,
,
,
,
,
,
,
,
,
,
,
,
,
,
,
,
,
,
,
,
,
,
,
,
,
,
,
,
,
,
,
,
,
,
,
,
,
,
,
,
,
,
,
,
,
,
,
,
,
,
,
,
,
,
,
,
,
,
,
,
,
,
,
,
,
,
,
,
,
,
,
,
,
,
,
,
,
,
,
,
,
,
,
,
,
,
,
,
,
,
,
,
,
,
,
,
,
,
,
,
,
,
,
,
,
,
,
,
,
,
,
,
,
,
,
,
,
,
,
,
,
,
,
,
,
,
,
,
,
,
,
,
,
,
,
,
,
,
,
,
,
,
,
,
,
,
,
,
,
,
,
,
,
,
,
,
,
,
,
,
,
,
,
,
,
,
,
,
,
,
,
,
,
,
,
,
,
,
,
,
,
,
,
,
,
,
,
,
,
,
,
,
,
,
,
,
,
,
,
,
,
,
,
,
,
,
,
,
,
,
,
,
,
,
,
,
,
,
,
,
,
,
,
,
,
,
,
,
,
,
,
,
,
,
,
,
,
,
,
,
,
,
,
,
,
,
,
,
,
,
,
,
,
,
,
,
,
,
,
,
,
,
,
,
,
,
,
,
,
,
,
,
,
,
,
,
,
,
,
,
,
,
,
,
,
,
,
,
,
,
,
,
,
,
,
,
,
,
,
,
,
,
,
,
,
,
,
,
,
,
,
,
,
,
,
,
,
,
,
,
,
,
,
,
,
,
,
,
,
,
,
,
,
,
,
,
,
,
,
,
,
,
,
,
,
,
,
,
,
,
,
,
,
,
,
,
,
,
,
,
,
,
,
,
,
,
,
,
,
,
,
,
,
,
,
,
,
,
,
,
,
,
,
,
,
,
,
,
,
,
,
,
,
,
,
,
,
,
,
,
,
,
,
,
,
,
,
,
,
,
,
,
,
,
,
,
,
,
,
,
,
,
,
,
,
,
,
,
,
,
,
,
,
,
,
,
,
,
,
,
,
,
,
,
,
,
,
,
,
,
,
,
,
,
,
,
,
,
,
,
,
,
,
,
,
,
,
,
,
,
,
,
,
,
,
,
,
,
,
,
,
,
,
,
,
,
,
,
,
,
,
,
,
,
,
,
,
,
,
,
,
,
,
,
,
,
,
,
,
,
,
,
,
,
,
,
,
,
,
,
,
,
,
,
,
,
,
,
,
,
,
,
,
,
,
,
,
,
,
,
,
,
,
,
,
,
,
,
,
,
,
,
,
,
,
,
,
,
,
,
,
,
,
,
,
,
,
,
,
,
,
,
,
,
,
,
,
,
,
,
,
,
,
,
,
,
,
,
,
,
,
,
,
,
,
,
,
,
,
,
,
,
,
,
,
,
,
,
,
,
,
,
,
,
,
,
,
,
,
,
,
,
,
,
,
,
,
,
,
,
,
,
,
,
,
,
,
,
,
,
,
,
,
,
,
,
,
,
,
,
,
,
,
,
,
,
,
,
,
,
,
,
,
,
,
,
,
,
,
,
,
,
,
,
,
,
,
,
,
,
,
,
,
,
,
,
,
,
,
,
,
,
,
,
,
,
,
,
,
,
,
,
,
,
,
,
,
,
,
,
,
,
,
,
,
,
,
,
,
,
,
,
,
,
,
,
,
,
,
,
,
,
,
,
,
,
,
,
,
,
,
,
,
,
,
,
,
,
,
,
,
,
,
,
,
,
,
,
,
,
,
,
,
,
,
,
,
,
,
,
,
,
,
,
,
,
,
,
,
,
,
,
,
,
,
,
,
,
,
,
,
,
,
,
,
,
,
,
,
,
,
,
,
,
,
,
,
,
,
,
,
,
,
,
,
,
,
,
,
,
,
,
,
,
,
,
,
,
,
,
,
,
,
,
,
,
,
,
,
,
,
,
,
,
,
,
,
,
,
,
,
,
,
,
,
,
,
,
,
,
,
,
,
,
,
,
,
,
,
,
,
,
,
,
,
,
,
,
,
,
,
,
,
,
,
,
,
,
,
,
,
,
,
,
,
,
,
,
,
,
,
,
,
,
,
,
,
,
,
,
,
,
,
,
,
,
,
,
,
,
,
,
,
,
,
,
,
,
,
,
,
,
,
,
,
,
,
,
,
,
,
,
,
,
,
,
,
,
,
,
,
,
,
,
,
,
,
,
,
,
,
,
,
,
,
,
,
,
,
,
,
,
,
,
,
,
,
,
,
,
,
,
,
,
,
,
,
,
,
,
,
,
,
,
,
,
,
,
,
,
,
,
,
,
,
,
,
,
,
,
,
,
,
,
,
,
,
,
,
,
,
,
,
,
,
,
,
,
,
,
,
,
,
,
,
,
,
,
,
,
,
,
,
,
,
,
,
,
,
,
,
,
,
,
,
,
,
,
,
,
,
,
,
,
,
,
,
,
,
,
,
,
,
,
,
,
,
,
,
,
,
,
,
,
,
,
,
,
,
,
,
,
,
,
,
,
,
,
,
,
,
,
,
,
,
,
,
,
,
,
,
,
,
,
,
,
,
,
,
,
,
,
,
,
,
,
,
,
,
,
,
,
,
,
,
,
,
,
,
,
,
,
,
,
,
,
,
,
,
,
,
,
,
,
,
,
,
,
,
,
,
,
,
,
,
,
,
,
,
,
,
,
,
,
,
,
,
,
,
,
,
,
,
,
,
,
,
,
,
,
,
,
,
,
,
,
,
,
,
,
,
,
,
,
,
,
,
,
,
,
,
,
,
,
,
,
,
,
,
,
,
,
,
,
,
,
,
,
,
,
,
,
,
,
,
,
,
,
,
,
,
,
,
,
,
,
,
,
,
,
,
,
,
,
,
,
,
,
,
,
,
,
,
,
,
,
,
,
,
,
,
,
,
,
,
,
,
,
,
,
,
,
,
,
,
,
,
,
,
,
,
,
,
,
,
,
,
,
,
,
,
,
,
,
,
,
,
,
,
,
,
,
,
,
,
,
,
,
,
,
,
,
,
,
,
,
,
,
,
,
,
,
,
,
,
,
,
,
,
,
,
,
,
,
,
,
,
,
,
,
,
,
,
,
,
,
,
,
,
,
,
,
,
,
,
,
,
,
,
,
,
,
,
,
,
,
,
,
,
,
,
,
,
,
,
,
,
,
,
,
,
,
,
,
,
,
,
,
,
,
,
,
,
,
,
,
,
,
,
,
,
,
,
,
,
,
,
,
,
,
,
,
,
,
,
,
,
,
,
,
,
,
,
,
,
,
,
,
,
,
,
,
,
,
,
,
,
,
,
,
,
,
,
,
,
,
,
,
,
,
,
,
,
,
,
,
,
,
,
,
,
,
,
,
,
,
,
,
,
,
,
,
,
,
,
,
,
,
,
,
,
,
,
,
,
,
,
,
,
,
,
,
,
,
,
,
,
,
,
,
,
,
,
,
,
,
,
,
,
,
,
,
,
,
,
,
,
,
,
,
,
,
,
,
,
,
,
,
,
,
,
,
,
,
,
,
,
,
,
,
,
,
,
,
,
,
,
,
,
,
,
,
,
,
,
,
,
,
,
,
,
,
,
,
,
,
,
,
,
,
,
,
,
,
,
,
,
,
,
,
,
,
,
,
,
,
,
,
,
,
,
,
,
,
,
,
,
,
,
,
,
,
,
,
,
,
,
,
,
,
,
,
,
,
,
,
,
,
,
,
,
,
,
,
,
,
,
,
,
,
,
,
,
,
,
,
,
,
,
,
,
,
,
,
,
,
,
,
,
,
,
,
,
,
,
,
,
,
,
,
,
,
,
,
,
,
,
,
,
,
,
,
,
,
,
,
,
,
,
,
,
,
,
,
,
,
,
,
,
,
,
,
,
,
,
,
,
,
,
,
,
,
,
,
,
,
,
,
,
,
,
,
,
,
,
,
,
,
,
,
,
,
,
,
,
,
,
,
,
,
,
,
,
,
,
,
,
,
,
,
,
,
,
,
,
,
,
,
,
,
,
,
,
,
,
,
,
,
,
,
,
,
,
,
,
,
,
,
,
,
,
,
,
,
,
,
,
,
,
,
,
,
,
,
,
,
,
,
,
,
,
,
,
,
,
,
,
,
,
,
,
,
,
,
,
,
,
,
,
,
,
,
,
,
,
,
,
,
,
,
,
,
,
,
,
,
,
,
,
,
,
,
,
,
,
,
,
,
,
,
,
,
,
,
,
,
,
,
,
,
,
,
,
,
,
,
,
,
,
,
,
,
,
,
,
,
,
,
,
,
,
,
,
,
,
,
,
,
,
,
,
,
,
,
,
,
,
,
,
,
,
,
,
,
,
,
,
,
,
,
,
,
,
,
,
,
,
,
,
,
,
,
,
,
,
,
,
,
,
,
,
,
,
,
,
,
,
,
,
,
,
,
,
,
,
,
,
,
,
,
,
,
,
,
,
,
,
,
,
,
,
,
,
,
,
,
,
,
,
,
,
,
,
,
,
,
,
,
,
,
,
,
,
,
,
,
,
,
,
,
,
,
,
,
,
,
,
,
,
,
,
,
,
,
,
,
,
,
,
,
,
,
,
,
,
,
,
,
,
,
,
,
,
,
,
,
,
,
,
,
,
,
,
,
,
,
,
,
,
,
,
,
,
,
,
,
,
,
,
,
,
,
,
,
,
,
,
,
,
,
,
,
,
,
,
,
,
,
,
,
,
,
,
,
,
,
,
,
,
,
,
,
,
,
,
,
,
,
,
,
,
,
,
,
,
,
,
,
,
,
,
,
,
,
,
,
,
,
,
,
,
,
,
,
,
,
,
,
,
,
,
,
,
,
,
,
,
,
,
,
,
,
,
,
,
,
,
,
,
,
,
,
,
,
,
,
,
,
,
,
,
,
,
,
,
,
,
,
,
,
,
,
,
,
,
,
,
,
,
,
,
,
,
,
,
,
,
,
,
,
,
,
,
,
,
,
,
,
,
,
,
,
,
,
,
,
,
,
,
,
,
,
,
,
,
,
,
,
,
,
,
,
,
,
,
,
,
,
,
,
,
,
,
,
,
,
,
,
,
,
,
,
,
,
,
,
,
,
,
,
,
,
,
,
,
,
,
,
,
,
,
,
,
,
,
,
,
,
,
,
,
,
,
,
,
,
,
,
,
,
,
,
,
,
,
,
,
,
,
,
,
,
,
,
,
,
,
,
,
,
,
,
,
,
,
,
,
,
,
,
,
,
,
,
,
,
,
,
,
,
,
,
,
,
,
,
,
,
,
,
,
,
,
,
,
,
,
,
,
,
,
,
,
,
,
,
,
,
,
,
,
,
,
,
,
,
,
,
,
,
,
,
,
,
,
,
,
,
,
,
,
,
,
,
,
,
,
,
,
,
,
,
,
,
,
,
,
,
,
,
,
,
,
,
,
,
,
,
,
,
,
,
,
,
,
,
,
,
,
,
,
,
,
,
,
,
,
,
,
,
,
,
,
,
,
,
,
,
,
,
,
,
,
,
,
,
,
,
,
,
,
,
,
,
,
,
,
,
,
,
,
,
,
,
,
,
,
,
,
,
,
,
,
,
,
,
,
,
,
,
,
,
,
,
,
,
,
,
,
,
,
,
,
,
,
,
,
,
,
,
,
,
,
,
,
,
,
,
,
,
,
,
,
,
,
,
,
,
,
,
,
,
,
,
,
,
,
,
,
,
,
,
,
,
,
,
,
,
,
,
,
,
,
,
,
,
,
,
,
,
,
,
,
,
,
,
,
,
,
,
,
,
,
,
,
,
,
,
,
,
,
,
,
,
,
,
,
,
,
,
,
,
,
,
,
,
,
,
,
,
,
,
,
,
,
,
,
,
,
,
,
,
,
,
,
,
,
,
,
,
,
,
,
,
,
,
,
,
,
,
,
,
,
,
,
,
,
,
,
,
,
,
,
,
,
,
,
,
,
,
,
,
,
,
,
,
,
,
,
,
,
,
,
,
,
,
,
,
,
,
,
,
,
,
,
,
,
,
,
,
,
,
,
,
,
,
,
,
,
,
,
,
,
,
,
,
,
,
,
,
,
,
,
,
,
,
,
,
,
,
,
,
,
,
,
,
,
,
,
,
,
,
,
,
,
,
,
,
,
,
,
,
,
,
,
,
,
,
,
,
,
,
,
,
,
,
,
,
,
,
,
,
,
,
,
,
,
,
,
,
,
,
,
,
,
,
,
,
,
,
,
,
,
,
,
,
,
,
,
,
,
,
,
,
,
,
,
,
,
,
,
,
,
,
,
,
,
,
,
,
,
,
,
,
,
,
,
,
,
,
,
,
,
,
,
,
,
,
,
,
,
,
,
,
,
,
,
,
,
,
,
,
,
,
,
,
,
,
,
,
,
,
,
,
,
,
,
,
,
,
,
,
,
,
,
,
,
,
,
,
,
,
,
,
,
,
,
,
,
,
,
,
,
,
,
,
,
,
,
,
,
,
,
,
,
,
,
,
,
,
,
,
,
,
,
,
,
,
,
,
,
,
,
,
,
,
,
,
,
,
,
,
,
,
,
,
,
,
,
,
,
,
,
,
,
,
,
,
,
,
,
,
,
,
,
,
,
,
,
,
,
,
,
,
,
,
,
,
,
,
,
,
,
,
,
,
,
,
,
,
,
,
,
,
,
,
,
,
,
,
,
,
,
,
,
,
,
,
,
,
,
,
,
,
,
,
,
,
,
,
,
,
,
,
,
,
,
,
,
,
,
,
,
,
,
,
,
,
,
,
,
,
,
,
,
,
,
,
,
,
,
,
,
,
,
,
,
,
,
,
,
,
,
,
,
,
,
,
,
,
,
,
,
,
,
,
,
,
,
,
,
,
,
,
,
,
,
,
,
,
,
,
,
,
,
,
,
,
,
,
,
,
,
,
,
,
,
,
,
,
,
,
,
,
,
,
,
,
,
,
,
,
,
,
,
,
,
,
,
,
,
,
,
,
,
,
,
,
,
,
,
,
,
,
,
,
,
,
,
,
,
,
,
,
,
,
,
,
,
,
,
,
,
,
,
,
,
,
,
,
,
,
,
,
,
,
,
,
,
,
,
,
,
,
,
,
,
,
,
,
,
,
,
,
,
,
,
,
,
,
,
,
,
,
,
,
,
,
,
,
,
,
,
,
,
,
,
,
,
,
,
,
,
,
,
,
,
,
,
,
,
,
,
,
,
,
,
,
,
,
,
,
,
,
,
,
,
,
,
,
,
,
,
,
,
,
,
,
,
,
,
,
,
,
,
,
,
,
,
,
,
,
,
,
,
,
,
,
,
,
,
,
,
,
,
,
,
,
,
,
,
,
,
,
,
,
,
,
,
,
,
,
,
,
,
,
,
,
,
,
,
,
,
,
,
,
,
,
,
,
,
,
,
,
,
,
,
,
,
,
,
,
,
,
,
,
,
,
,
,
,
,
,
,
,
,
,
,
,
,
,
,
,
,
,
,
,
,
,
,
,
,
,
,
,
,
,
,
,
,
,
,
,
,
,
,
,
,
,
,
,
,
,
,
,
,
,
,
,
,
,
,
,
,
,
,
,
,
,
,
,
,
,
,
,
,
,
,
,
,
,
,
,
,
,
,
,
,
,
,
,
,
,
,
,
,
,
,
,
,
,
,
,
,
,
,
,
,
,
,
,
,
,
,
,
,
,
,
,
,
,
,
,
,
,
,
,
,
,
,
,
,
,
,
,
,
,
,
,
,
,
,
,
,
,
,
,
,
,
,
,
,
,
,
,
,
,
,
,
,
,
,
,
,
,
,
,
,
,
,
,
,
,
,
,
,
,
,
,
,
,
,
,
,
,
,
,
,
,
,
,
,
,
,
,
,
,
,
,
,
,
,
,
,
,
,
,
,
,
,
,
,
,
,
,
,
,
,
,
,
,
,
,
,
,
,
,
,
,
,
,
,
,
,
,
,
,
,
,
,
,
,
,
,
,
,
,
,
,
,
,
,
,
,
,
,
,
,
,
,
,
,
,
,
,
,
,
,
,
,
,
,
,
,
,
,
,
,
,
,
,
,
,
,
,
,
,
,
,
,
,
,
,
,
,
,
,
,
,
,
,
,
,
,
,
,
,
,
,
,
,
,
,
,
,
,
,
,
,
,
,
,
,
,
,
,
,
,
,
,
,
,
,
,
,
,
,
,
,
,
,
,
,
,
,
,
,
,
,
,
,
,
,
,
,
,
,
,
,
,
,
,
,
,
,
,
,
,
,
,
,
,
,
,
,
,
,
,
,
,
,
,
,
,
,
,
,
,
,
,
,
,
,
,
,
,
,
,
,
,
,
,
,
,
,
,
,
,
,
,
,
,
,
,
,
,
,
,
,
,
,
,
,
,
,
,
,
,
,
,
,
,
,
,
,
,
,
,
,
,
,
,
,
,
,
,
,
,
,
,
,
,
,
,
,
,
,
,
,
,
,
,
,
,
,
,
,
,
,
,
,
,
,
,
,
,
,
,
,
,
,
,
,
,
,
,
,
,
,
,
,
,
,
,
,
,
,
,
,
,
,
,
,
,
,
,
,
,
,
,
,
,
,
,
,
,
,
,
,
,
,
,
,
,
,
,
,
,
,
,
,
,
,
,
,
,
,
,
,
,
,
,
,
,
,
,
,
,
,
,
,
,
,
,
,
,
,
,
,
,
,
,
,
,
,
,
,
,
,
,
,
,
,
,
,
,
,
,
,
,
,
,
,
,
,
,
,
,
,
,
,
,
,
,
,
,
,
,
,
,
,
,
,
,
,
,
,
,
,
,
,
,
,
,
,
,
,
,
,
,
,
,
,
,
,
,
,
,
,
,
,
,
,
,
,
,
,
,
,
,
,
,
,
,
,
,
,
,
,
,
,
,
,
,
,
,
,
,
,
,
,
,
,
,
,
,
,
,
,
,
,
,
,
,
,
,
,
,
,
,
,
,
,
,
,
,
,
,
,
,
,
,
,
,
,
,
,
,
,
,
,
,
,
,
,
,
,
,
,
,
,
,
,
,
,
,
,
,
,
,
,
,
,
,
,
,
,
,
,
,
,
,
,
,
,
,
,
,
,
,
,
,
,
,
,
,
,
,
,
,
,
,
,
,
,
,
,
,
,
,
,
,
,
,
,
,
,
,
,
,
,
,
,
,
,
,
,
,
,
,
,
,
,
,
,
,
,
,
,
,
,
,
,
,
,
,
,
,
,
,
,
,
,
,
,
,
,
,
,
,
,
,
,
,
,
,
,
,
,
,
,
,
,
,
,
,
,
,
,
,
,
,
,
,
,
,
,
,
,
,
,
,
,
,
,
,
,
,
,
,
,
,
,
,
,
,
,
,
,
,
,
,
,
,
,
,
,
,
,
,
,
,
,
,
,
,
,
,
,
,
,
,
,
,
,
,
,
,
,
,
,
,
,
,
,
,
,
,
,
,
,
,
,
,
,
,
,
,
,
,
,
,
,
,
,
,
,
,
,
,
,
,
,
,
,
,
,
,
,
,
,
,
,
,
,
,
,
,
,
,
,
,
,
,
,
,
,
,
,
,
,
,
,
,
,
,
,
,
,
,
,
,
,
,
,
,
,
,
,
,
,
,
,
,
,
,
,
,
,
,
,
,
,
,
,
,
,
,
,
,
,
,
,
,
,
,
,
,
,
,
,
,
,
,
,
,
,
,
,
,
,
,
,
,
,
,
,
,
,
,
,
,
,
,
,
,
,
,
,
,
,
,
,
,
,
,
,
,
,
,
,
,
,
,
,
,
,
,
,
,
,
,
,
,
,
,
,
,
,
,
,
,
,
,
,
,
,
,
,
,
,
,
,
,
,
,
,
,
,
,
,
,
,
,
,
,
,
,
,
,
,
,
,
,
,
,
,
,
,
,
,
,
,
,
,
,
,
,
,
,
,
,
,
,
,
,
,
,
,
,
,
,
,
,
,
,
,
,
,
,
,
,
,
,
,
,
,
,
,
,
,
,
,
,
,
,
,
,
,
,
,
,
,
,
,
,
,
,
,
,
,
,
,
,
,
,
,
,
,
,
,
,
,
,
,
,
,
,
,
,
,
,
,
,
,
,
,
,
,
,
,
,
,
,
,
,
,
,
,
,
,
,
,
,
,
,
,
,
,
,
,
,
,
,
,
,
,
,
,
,
,
,
,
,
,
,
,
,
,
,
,
,
,
,
,
,
,
,
,
,
,
,
,
,
,
,
,
,
,
,
,
,
,
,
,
,
,
,
,
,
,
,
,
,
,
,
,
,
,
,
,
,
,
,
,
,
,
,
,
,
,
,
,
,
,
,
,
,
,
,
,
,
,
,
,
,
,
,
,
,
,
,
,
,
,
,
,
,
,
,
,
,
,
,
,
,
,
,
,
,
,
,
,
,
,
,
,
,
,
,
,
,
,
,
,
,
,
,
,
,
,
,
,
,
,
,
,
,
,
,
,
,
,
,
,
,
,
,
,
,
,
,
,
,
,
,
,
,
,
,
,
,
,
,
,
,
,
,
,
,
,
,
,
,
,
,
,
,
,
,
,
,
,
,
,
,
,
,
,
,
,
,
,
,
,
,
,
,
,
,
,
,
,
,
,
,
,
,
,
,
,
,
,
,
,
,
,
,
,
,
,
,
,
,
,
,
,
,
,
,
,
,
,
,
,
,
,
,
,
,
,
,
,
,
,
,
,
,
,
,
,
,
,
,
,
,
,
,
,
,
,
,
,
,
,
,
,
,
,
,
,
,
,
,
,
,
,
,
,
,
,
,
,
,
,
,
,
,
,
,
,
,
,
,
,
,
,
,
,
,
,
,
,
,
,
,
,
,
,
,
,
,
,
,
,
,
,
,
,
,
,
,
,
,
,
,
,
,
,
,
,
,
,
,
,
,
,
,
,
,
,
,
,
,
,
,
,
,
,
,
,
,
,
,
,
,
,
,
,
,
,
,
,
,
,
,
,
,
,
,
,
,
,
,
,
,
,
,
,
,
,
,
,
,
,
,
,
,
,
,
,
,
,
,
,
,
,
,
,
,
,
,
,
,
,
,
,
,
,
,
,
,
,
,
,
,
,
,
,
,
,
,
,
,
,
,
,
,
,
,
,
,
,
,
,
,
,
,
,
,
,
,
,
,
,
,
,
,
,
,
,
,
,
,
,
,
,
,
,
,
,
,
,
,
,
,
,
,
,
,
,
,
,
,
,
,
,
,
,
,
,
,
,
,
,
,
,
,
,
,
,
,
,
,
,
,
,
,
,
,
,
,
,
,
,
,
,
,
,
,
,
,
,
,
,
,
,
,
,
,
,
,
,
,
,
,
,
,
,
,
,
,
,
,
,
,
,
,
,
,
,
,
,
,
,
,
,
,
,
,
,
,
,
,
,
,
,
,
,
,
,
,
,
,
,
,
,
,
,
,
,
,
,
,
,
,
,
,
,
,
,
,
,
,
,
,
,
,
,
,
,
,
,
,
,
,
,
,
,
,
,
,
,
,
,
,
,
,
,
,
,
,
,
,
,
,
,
,
,
,
,
,
,
,
,
,
,
,
,
,
,
,
,
,
,
,
,
,
,
,
,
,
,
,
,
,
,
,
,
,
,
,
,
,
,
,
,
,
,
,
,
,
,
,
,
,
,
,
,
,
,
,
,
,
,
,
,
,
,
,
,
,
,
,
,
,
,
,
,
,
,
,
,
,
,
,
,
,
,
,
,
,
,
,
,
,
,
,
,
,
,
,
,
,
,
,
,
,
,
,
,
,
,
,
,
,
,
,
,
,
,
,
,
,
,
,
,
,
,
,
,
,
,
,
,
,
,
,
,
,
,
,
,
,
,
,
,
,
,
,
,
,
,
,
,
,
,
,
,
,
,
,
,
,
,
,
,
,
,
,
,
,
,
,
,
,
,
,
,
,
,
,
,
,
,
,
,
,
,
,
,
,
,
,
,
,
,
,
,
,
,
,
,
,
,
,
,
,
,
,
,
,
,
,
,
,
,
,
,
,
,
,
,
,
,
,
,
,
,
,
,
,
,
,
,
,
,
,
,
,
,
,
,
,
,
,
,
,
,
,
,
,
,
,
,
,
,
,
,
,
,
,
,
,
,
,
,
,
,
,
,
,
,
,
,
,
,
,
,
,
,
,
,
,
,
,
,
,
,
,
,
,
,
,
,
,
,
,
,
,
,
,
,
,
,
,
,
,
,
,
,
,
,
,
,
,
,
,
,
,
,
,
,
,
,
,
,
,
,
,
,
,
,
,
,
,
,
,
,
,
,
,
,
,
,
,
,
,
,
,
,
,
,
,
,
,
,
,
,
,
,
,
,
,
,
,
,
,
,
,
,
,
,
,
,
,
,
,
,
,
,
,
,
,
,
,
,
,
,
,
,
,
,
,
,
,
,
,
,
,
,
,
,
,
,
,
,
,
,
,
,
,
,
,
,
,
,
,
,
,
,
,
,
,
,
,
,
,
,
,
,
,
,
,
,
,
,
,
,
,
,
,
,
,
,
,
,
,
,
,
,
,
,
,
,
,
,
,
,
,
,
,
,
,
,
,
,
,
,
,
,
,
,
,
,
,
,
,
,
,
,
,
,
,
,
,
,
,
,
,
,
,
,
,
,
,
,
,
,
,
,
,
,
,
,
,
,
,
,
,
,
,
,
,
,
,
,
,
,
,
,
,
,
,
,
,
,
,
,
,
,
,
,
,
,
,
,
,
,
,
,
,
,
,
,
,
,
,
,
,
,
,
,
,
,
,
,
,
,
,
,
,
,
,
,
,
,
,
,
,
,
,
,
,
,
,
,
,
,
,
,
,
,
,
,
,
,
,
,
,
,
,
,
,
,
,
,
,
,
,
,
,
,
,
,
,
,
,
,
,
,
,
,
,
,
,
,
,
,
,
,
,
,
,
,
,
,
,
,
,
,
,
,
,
,
,
,
,
,
,
,
,
,
,
,
,
,
,
,
,
,
,
,
,
,
,
,
,
,
,
,
,
,
,
,
,
,
,
,
,
,
,
,
,
,
,
,
,
,
,
,
,
,
,
,
,
,
,
,
,
,
,
,
,
,
,
,
,
,
,
,
,
,
,
,
,
,
,
,
,
,
,
,
,
,
,
,
,
,
,
,
,
,
,
,
,
,
,
,
,
,
,
,
,
,
,
,
,
,
,
,
,
,
,
,
,
,
,
,
,
,
,
,
,
,
,
,
,
,
,
,
,
,
,
,
,
,
,
,
,
,
,
,
,
,
,
,
,
,
,
,
,
,
,
,
,
,
,
,
,
,
,
,
,
,
,
,
,
,
,
,
,
,
,
,
,
,
,
,
,
,
,
,
,
,
,
,
,
,
,
,
,
,
,
,
,
,
,
,
,
,
,
,
,
,
,
,
,
,
,
,
,
,
,
,
,
,
,
,
,
,
,
,
,
,
,
,
,
,
,
,
,
,
,
,
,
,
,
,
,
,
,
,
,
,
,
,
,
,
,
,
,
,
,
,
,
,
,
,
,
,
,
,
,
,
,
,
,
,
,
,
,
,
,
,
,
,
,
,
,
,
,
,
,
,
,
,
,
,
,
,
,
,
,
,
,
,
,
,
,
,
,
,
,
,
,
,
,
,
,
,
,
,
,
,
,
,
,
,
,
,
,
,
,
,
,
,
,
,
,
,
,
,
,
,
,
,
,
,
,
,
,
,
,
,
,
,
,
,
,
,
,
,
,
,
,
,
,
,
,
,
,
,
,
,
,
,
,
,
,
,
,
,
,
,
,
,
,
,
,
,
,
,
,
,
,
,
,
,
,
,
,
,
,
,
,
,
,
,
,
,
,
,
,
,
,
,
,
,
,
,
,
,
,
,
,
,
,
,
,
,
,
,
,
,
,
,
,
,
,
,
,
,
,
,
,
,
,
,
,
,
,
,
,
,
,
,
,
,
,
,
,
,
,
,
,
,
,
,
,
,
,
,
,
,
,
,
,
,
,
,
,
,
,
,
,
,
,
,
,
,
,
,
,
,
,
,
,
,
,
,
,
,
,
,
,
,
,
,
,
,
,
,
,
,
,
,
,
,
,
,
,
,
,
,
,
,
,
,
,
,
,
,
,
,
,
,
,
,
,
,
,
,
,
,
,
,
,
,
,
,
,
,
,
,
,
,
,
,
,
,
,
,
,
,
,
,
,
,
,
,
,
,
,
,
,
,
,
,
,
,
,
,
,
,
,
,
,
,
,
,
,
,
,
,
,
,
,
,
,
,
,
,
,
,
,
,
,
,
,
,
,
,
,
,
,
,
,
,
,
,
,
,
,
,
,
,
,
,
,
,
,
,
,
,
,
,
,
,
,
,
,
,
,
,
,
,
,
,
,
,
,
,
,
,
,
,
,
,
,
,
,
,
,
,
,
,
,
,
,
,
,
,
,
,
,
,
,
,
,
,
,
,
,
,
,
,
,
,
,
,
,
,
,
,
,
,
,
,
,
,
,
,
,
,
,
,
,
,
,
,
,
,
,
,
,
,
,
,
,
,
,
,
,
,
,
,
,
,
,
,
,
,
,
,
,
,
,
,
,
,
,
,
,
,
,
,
,
,
,
,
,
,
,
,
,
,
,
,
,
,
,
,
,
,
,
,
,
,
,
,
,
,
,
,
,
,
,
,
,
,
,
,
,
,
,
,
,
,
,
,
,
,
,
,
,
,
,
,
,
,
,
,
,
,
,
,
,
,
,
,
,
,
,
,
,
,
,
,
,
,
,
,
,
,
,
,
,
,
,
,
,
,
,
,
,
,
,
,
,
,
,
,
,
,
,
,
,
,
,
,
,
,
,
,
,
,
,
,
,
,
,
,
,
,
,
,
,
,
,
,
,
,
,
,
,
,
,
,
,
,
,
,
,
,
,
,
,
,
,
,
,
,
,
,
,
,
,
,
,
,
,
,
,
,
,
,
,
,
,
,
,
,
,
,
,
,
,
,
,
,
,
,
,
,
,
,
,
,
,
,
,
,
,
,
,
,
,
,
,
,
,
,
,
,
,
,
,
,
,
,
,
,
,
,
,
,
,
,
,
,
,
,
,
,
,
,
,
,
,
,
,
,
,
,
,
,
,
,
,
,
,
,
,
,
,
,
,
,
,
,
,
,
,
,
,
,
,
,
,
,
,
,
,
,
,
,
,
,
,
,
,
,
,
,
,
,
,
,
,
,
,
,
,
,
,
,
,
,
,
,
,
,
,
,
,
,
,
,
,
,
,
,
,
,
,
,
,
,
,
,
,
,
,
,
,
,
,
,
,
,
,
,
,
,
,
,
,
,
,
,
,
,
,
,
,
,
,
,
,
,
,
,
,
,
,
,
,
,
,
,
,
,
,
,
,
,
,
,
,
,
,
,
,
,
,
,
,
,
,
,
,
,
,
,
,
,
,
,
,
,
,
,
,
,
,
,
,
,
,
,
,
,
,
,
,
,
,
,
,
,
,
,
,
,
,
,
,
,
,
,
,
,
,
,
,
,
,
,
,
,
,
,
,
,
,
,
,
,
,
,
,
,
,
,
,
,
,
,
,
,
,
,
,
,
,
,
,
,
,
,
,
,
,
,
,
,
,
,
,
,
,
,
,
,
,
,
,
,
,
,
,
,
,
,
,
,
,
,
,
,
,
,
,
,
,
,
,
,
,
,
,
,
,
,
,
,
,
,
,
,
,
,
,
,
,
,
,
,
,
,
,
,
,
,
,
,
,
,
,
,
,
,
,
,
,
,
,
,
,
,
,
,
,
,
,
,
,
,
,
,
,
,
,
,
,
,
,
,
,
,
,
,
,
,
,
,
,
,
,
,
,
,
,
,
,
,
,
,
,
,
,
,
,
,
,
,
,
,
,
,
,
,
,
,
,
,
,
,
,
,
,
,
,
,
,
,
,
,
,
,
,
,
,
,
,
,
,
,
,
,
,
,
,
,
,
,
,
,
,
,
,
,
,
,
,
,
,
,
,
,
,
,
,
,
,
,
,
,
,
,
,
,
,
,
,
,
,
,
,
,
,
,
,
,
,
,
,
,
,
,
,
,
,
,
,
,
,
,
,
,
,
,
,
,
,
,
,
,
,
,
,
,
,
,
,
,
,
,
,
,
,
,
,
,
,
,
,
,
,
,
,
,
,
,
,
,
,
,
,
,
,
,
,
,
,
,
,
,
,
,
,
,
,
,
,
,
,
,
,
,
,
,
,
,
,
,
,
,
,
,
,
,
,
,
,
,
,
,
,
,
,
,
,
,
,
,
,
,
,
,
,
,
,
,
,
,
,
,
,
,
,
,
,
,
,
,
,
,
,
,
,
,
,
,
,
,
,
,
,
,
,
,
,
,
,
,
,
,
,
,
,
,
,
,
,
,
,
,
,
,
,
,
,
,
,
,
,
,
,
,
,
,
,
,
,
,
,
,
,
,
,
,
,
,
,
,
,
,
,
,
,
,
,
,
,
,
,
,
,
,
,
,
,
,
,
,
,
,
,
,
,
,
,
,
,
,
,
,
,
,
,
,
,
,
,
,
,
,
,
,
,
,
,
,
,
,
,
,
,
,
,
,
,
,
,
,
,
,
,
,
,
,
,
,
,
,
,
,
,
,
,
,
,
,
,
,
,
,
,
,
,
,
,
,
,
,
,
,
,
,
,
,
,
,
,
,
,
,
,
,
,
,
,
,
,
,
,
,
,
,
,
,
,
,
,
,
,
,
,
,
,
,
,
,
,
,
,
,
,
,
,
,
,
,
,
,
,
,
,
,
,
,
,
,
,
,
,
,
,
,
,
,
,
,
,
,
,
,
,
,
,
,
,
,
,
,
,
,
,
,
,
,
,
,
,
,
,
,
,
,
,
,
,
,
,
,
,
,
,
,
,
,
,
,
,
,
,
,
,
,
,
,
,
,
,
,
,
,
,
,
,
,
,
,
,
,
,
,
,
,
,
,
,
,
,
,
,
,
,
,
,
,
,
,
,
,
,
,
,
,
,
,
,
,
,
,
,
,
,
,
,
,
,
,
,
,
,
,
,
,
,
,
,
,
,
,
,
,
,
,
,
,
,
,
,
,
,
,
,
,
,
,
,
,
,
,
,
,
,
,
,
,
,
,
,
,
,
,
,
,
,
,
,
,
,
,
,
,
,
,
,
,
,
,
,
,
,
,
,
,
,
,
,
,
,
,
,
,
,
,
,
,
,
,
,
,
,
,
,
,
,
,
,
,
,
,
,
,
,
,
,
,
,
,
,
,
,
,
,
,
,
,
,
,
,
,
,
,
,
,
,
,
,
,
,
,
,
,
,
,
,
,
,
,
,
,
,
,
,
,
,
,
,
,
,
,
,
,
,
,
,
,
,
,
,
,
,
,
,
,
,
,
,
,
,
,
,
,
,
,
,
,
,
,
,
,
,
,
,
,
,
,
,
,
,
,
,
,
,
,
,
,
,
,
,
,
,
,
,
,
,
,
,
,
,
,
,
,
,
,
,
,
,
,
,
,
,
,
,
,
,
,
,
,
,
,
,
,
,
,
,
,
,
,
,
,
,
,
,
,
,
,
,
,
,
,
,
,
,
,
,
,
,
,
,
,
,
,
,
,
,
,
,
,
,
,
,
,
,
,
,
,
,
,
,
,
,
,
,
,
,
,
,
,
,
,
,
,
,
,
,
,
,
,
,
,
,
,
,
,
,
,
,
,
,
,
,
,
,
,
,
,
,
,
,
,
,
,
,
,
,
,
,
,
,
,
,
,
,
,
,
,
,
,
,
,
,
,
,
,
,
,
,
,
,
,
,
,
,
,
,
,
,
,
,
,
,
,
,
,
,
,
,
,
,
,
,
,
,
,
,
,
,
,
,
,
,
,
,
,
,
,
,
,
,
,
,
,
,
,
,
,
,
,
,
,
,
,
,
,
,
,
,
,
,
,
,
,
,
,
,
,
,
,
,
,
,
,
,
,
,
,
,
,
,
,
,
,
,
,
,
,
,
,
,
,
,
,
,
,
,
,
,
,
,
,
,
,
,
,
,
,
,
,
,
,
,
,
,
,
,
,
,
,
,
,
,
,
,
,
,
,
,
,
,
,
,
,
,
,
,
,
,
,
,
,
,
,
,
,
,
,
,
,
,
,
,
,
,
,
,
,
,
,
,
,
,
,
,
,
,
,
,
,
,
,
,
,
,
,
,
,
,
,
,
,
,
,
,
,
,
,
,
,
,
,
,
,
,
,
,
,
,
,
,
,
,
,
,
,
,
,
,
,
,
,
,
,
,
,
,
,
,
,
,
,
,
,
,
,
,
,
,
,
,
,
,
,
,
,
,
,
,
,
,
,
,
,
,
,
,
,
,
,
,
,
,
,
,
,
,
,
,
,
,
,
,
,
,
,
,
,
,
,
,
,
,
,
,
,
,
,
,
,
,
,
,
,
,
,
,
,
,
,
,
,
,
,
,
,
,
,
,
,
,
,
,
,
,
,
,
,
,
,
,
,
,
,
,
,
,
,
,
,
,
,
,
,
,
,
,
,
,
,
,
,
,
,
,
,
,
,
,
,
,
,
,
,
,
,
,
,
,
,
,
,
,
,
,
,
,
,
,
,
,
,
,
,
,
,
,
,
,
,
,
,
,
,
,
,
,
,
,
,
,
,
,
,
,
,
,
,
,
,
,
,
,
,
,
,
,
,
,
,
,
,
,
,
,
,
,
,
,
,
,
,
,
,
,
,
,
,
,
,
,
,
,
,
,
,
,
,
,
,
,
,
,
,
,
,
,
,
,
,
,
,
,
,
,
,
,
,
,
,
,
,
,
,
,
,
,
,
,
,
,
,
,
,
,
,
,
,
,
,
,
,
,
,
,
,
,
,
,
,
,
,
,
,
,
,
,
,
,
,
,
,
,
,
,
,
,
,
,
,
,
,
,
,
,
,
,
,
,
,
,
,
,
,
,
,
,
,
,
,
,
,
,
,
,
,
,
,
,
,
,
,
,
,
,
,
,
,
,
,
,
,
,
,
,
,
,
,
,
,
,
,
,
,
,
,
,
,
,
,
,
,
,
,
,
,
,
,
,
,
,
,
,
,
,
,
,
,
,
,
,
,
,
,
,
,
,
,
,
,
,
,
,
,
,
,
,
,
,
,
,
,
,
,
,
,
,
,
,
,
,
,
,
,
,
,
,
,
,
,
,
,
,
,
,
,
,
,
,
,
,
,
,
,
,
,
,
,
,
,
,
,
,
,
,
,
,
,
,
,
,
,
,
,
,
,
,
,
,
,
,
,
,
,
,
,
,
,
,
,
,
,
,
,
,
,
,
,
,
,
,
,
,
,
,
,
,
,
,
,
,
,
,
,
,
,
,
,
,
,
,
,
,
,
,
,
,
,
,
,
,
,
,
,
,
,
,
,
,
,
,
,
,
,
,
,
,
,
,
,
,
,
,
,
,
,
,
,
,
,
,
,
,
,
,
,
,
,
,
,
,
,
,
,
,
,
,
,
,
,
,
,
,
,
,
,
,
,
,
,
,
,
,
,
,
,
,
,
,
,
,
,
,
,
,
,
,
,
,
,
,
,
,
,
,
,
,
,
,
,
,
,
,
,
,
,
,
,
,
,
,
,
,
,
,
,
,
,
,
,
,
,
,
,
,
,
,
,
,
,
,
,
,
,
,
,
,
,
,
,
,
,
,
,
,
,
,
,
,
,
,
,
,
,
,
,
,
,
,
,
,
,
,
,
,
,
,
,
,
,
,
,
,
,
,
,
,
,
,
,
,
,
,
,
,
,
,
,
,
,
,
,
,
,
,
,
,
,
,
,
,
,
,
,
,
,
,
,
,
,
,
,
,
,
,
,
,
,
,
,
,
,
,
,
,
,
,
,
,
,
,
,
,
,
,
,
,
,
,
,
,
,
,
,
,
,
,
,
,
,
,
,
,
,
,
,
,
,
,
,
,
,
,
,
,
,
,
,
,
,
,
,
,
,
,
,
,
,
,
,
,
,
,
,
,
,
,
,
,
,
,
,
,
,
,
,
,
,
,
,
,
,
,
,
,
,
,
,
,
,
,
,
,
,
,
,
,
,
,
,
,
,
,
,
,
,
,
,
,
,
,
,
,
,
,
,
,
,
,
,
,
,
,
,
,
,
,
,
,
,
,
,
,
,
,
,
,
,
,
,
,
,
,
,
,
,
,
,
,
,
,
,
,
,
,
,
,
,
,
,
,
,
,
,
,
,
,
,
,
,
,
,
,
,
,
,
,
,
,
,
,
,
,
,
,
,
,
,
,
,
,
,
,
,
,
,
,
,
,
,
,
,
,
,
,
,
,
,
,
,
,
,
,
,
,
,
,
,
,
,
,
,
,
,
,
,
,
,
,
,
,
,
,
,
,
,
,
,
,
,
,
,
,
,
,
,
,
,
,
,
,
,
,
,
,
,
,
,
,
,
,
,
,
,
,
,
,
,
,
,
,
,
,
,
,
,
,
,
,
,
,
,
,
,
,
,
,
,
,
,
,
,
,
,
,
,
,
,
,
,
,
,
,
,
,
,
,
,
,
,
,
,
,
,
,
,
,
,
,
,
,
,
,
,
,
,
,
,
,
,
,
,
,
,
,
,
,
,
,
,
,
,
,
,
,
,
,
,
,
,
,
,
,
,
,
,
,
,
,
,
,
,
,
,
,
,
,
,
,
,
,
,
,
,
,
,
,
,
,
,
,
,
,
,
,
,
,
,
,
,
,
,
,
,
,
,
,
,
,
,
,
,
,
,
,
,
,
,
,
,
,
,
,
,
,
,
,
,
,
,
,
,
,
,
,
,
,
,
,
,
,
,
,
,
,
,
,
,
,
,
,
,
,
,
,
,
,
,
,
,
,
,
,
,
,
,
,
,
,
,
,
,
,
,
,
,
,
,
,
,
,
,
,
,
,
,
,
,
,
,
,
,
,
,
,
,
,
,
,
,
,
,
,
,
,
,
,
,
,
,
,
,
,
,
,
,
,
,
,
,
,
,
,
,
,
,
,
,
,
,
,
,
,
,
,
,
,
,
,
,
,
,
,
,
,
,
,
,
,
,
,
,
,
,
,
,
,
,
,
,
,
,
,
,
,
,
,
,
,
,
,
,
,
,
,
,
,
,
,
,
,
,
,
,
,
,
,
,
,
,
,
,
,
,
,
,
,
,
,
,
,
,
,
,
,
,
,
,
,
,
,
,
,
,
,
,
,
,
,
,
,
,
,
,
,
,
,
,
,
,
,
,
,
,
,
,
,
,
,
,
,
,
,
,
,
,
,
,
,
,
,
,
,
,
,
,
,
,
,
,
,
,
,
,
,
,
,
,
,
,
,
,
,
,
,
,
,
,
,
,
,
,
,
,
,
,
,
,
,
,
,
,
,
,
,
,
,
,
,
,
,
,
,
,
,
,
,
,
,
,
,
,
,
,
,
,
,
,
,
,
,
,
,
,
,
,
,
,
,
,
,
,
,
,
,
,
,
,
,
,
,
,
,
,
,
,
,
,
,
,
,
,
,
,
,
,
,
,
,
,
,
,
,
,
,
,
,
,
,
,
,
,
,
,
,
,
,
,
,
,
,
,
,
,
,
,
,
,
,
,
,
,
,
,
,
,
,
,
,
,
,
,
,
,
,
,
,
,
,
,
,
,
,
,
,
,
,
,
,
,
,
,
,
,
,
,
,
,
,
,
,
,
,
,
,
,
,
,
,
,
,
,
,
,
,
,
,
,
,
,
,
,
,
,
,
,
,
,
,
,
,
,
,
,
,
,
,
,
,
,
,
,
,
,
,
,
,
,
,
,
,
,
,
,
,
,
,
,
,
,
,
,
,
,
,
,
,
,
,
,
,
,
,
,
,
,
,
,
,
,
,
,
,
,
,
,
,
,
,
,
,
,
,
,
,
,
,
,
,
,
,
,
,
,
,
,
,
,
,
,
,
,
,
,
,
,
,
,
,
,
,
,
,
,
,
,
,
,
,
,
,
,
,
,
,
,
,
,
,
,
,
,
,
,
,
,
,
,
,
,
,
,
,
,
,
,
,
,
,
,
,
,
,
,
,
,
,
,
,
,
,
,
,
,
,
,
,
,
,
,
,
,
,
,
,
,
,
,
,
,
,
,
,
,
,
,
,
,
,
,
,
,
,
,
,
,
,
,
,
,
,
,
,
,
,
,
,
,
,
,
,
,
,
,
,
,
,
,
,
,
,
,
,
,
,
,
,
,
,
,
,
,
,
,
,
,
,
,
,
,
,
,
,
,
,
,
,
,
,
,
,
,
,
,
,
,
,
,
,
,
,
,
,
,
,
,
,
,
,
,
,
,
,
,
,
,
,
,
,
,
,
,
,
,
,
,
,
,
,
,
,
,
,
,
,
,
,
,
,
,
,
,
,
,
,
,
,
,
,
,
,
,
,
,
,
,
,
,
,
,
,
,
,
,
,
,
,
,
,
,
,
,
,
,
,
,
,
,
,
,
,
,
,
,
,
,
,
,
,
,
,
,
,
,
,
,
,
,
,
,
,
,
,
,
,
,
,
,
,
,
,
,
,
,
,
,
,
,
,
,
,
,
,
,
,
,
,
,
,
,
,
,
,
,
,
,
,
,
,
,
,
,
,
,
,
,
,
,
,
,
,
,
,
,
,
,
,
,
,
,
,
,
,
,
,
,
,
,
,
,
,
,
,
,
,
,
,
,
,
,
,
,
,
,
,
,
,
,
,
,
,
,
,
,
,
,
,
,
,
,
,
,
,
,
,
,
,
,
,
,
,
,
,
,
,
,
,
,
,
,
,
,
,
,
,
,
,
,
,
,
,
,
,
,
,
,
,
,
,
,
,
,
,
,
,
,
,
,
,
,
,
,
,
,
,
,
,
,
,
,
,
,
,
,
,
,
,
,
,
,
,
,
,
,
,
,
,
,
,
,
,
,
,
,
,
,
,
,
,
,
,
,
,
,
,
,
,
,
,
,
,
,
,
,
,
,
,
,
,
,
,
,
,
,
,
,
,
,
,
,
,
,
,
,
,
,
,
,
,
,
,
,
,
,
,
,
,
,
,
,
,
,
,
,
,
,
,
,
,
,
,
,
,
,
,
,
,
,
,
,
,
,
,
,
,
,
,
,
,
,
,
,
,
,
,
,
,
,
,
,
,
,
,
,
,
,
,
,
,
,
,
,
,
,
,
,
,
,
,
,
,
,
,
,
,
,
,
,
,
,
,
,
,
,
,
,
,
,
,
,
,
,
,
,
,
,
,
,
,
,
,
,
,
,
,
,
,
,
,
,
,
,
,
,
,
,
,
,
,
,
,
,
,
,
,
,
,
,
,
,
,
,
,
,
,
,
,
,
,
,
,
,
,
,
,
,
,
,
,
,
,
,
,
,
,
,
,
,
,
,
,
,
,
,
,
,
,
,
,
,
,
,
,
,
,
,
,
,
,
,
,
,
,
,
,
,
,
,
,
,
,
,
,
,
,
,
,
,
,
,
,
,
,
,
,
,
,
,
,
,
,
,
,
,
,
,
,
,
,
,
,
,
,
,
,
,
,
,
,
,
,
,
,
,
,
,
,
,
,
,
,
,
,
,
,
,
,
,
,
,
,
,
,
,
,
,
,
,
,
,
,
,
,
,
,
,
,
,
,
,
,
,
,
,
,
,
,
,
,
,
,
,
,
,
,
,
,
,
,
,
,
,
,
,
,
,
,
,
,
,
,
,
,
,
,
,
,
,
,
,
,
,
,
,
,
,
,
,
,
,
,
,
,
,
,
,
,
,
,
,
,
,
,
,
,
,
,
,
,
,
,
,
,
,
,
,
,
,
,
,
,
,
,
,
,
,
,
,
,
,
,
,
,
,
,
,
,
,
,
,
,
,
,
,
,
,
,
,
,
,
,
,
,
,
,
,
,
,
,
,
,
,
,
,
,
,
,
,
,
,
,
,
,
,
,
,
,
,
,
,
,
,
,
,
,
,
,
,
,
,
,
,
,
,
,
,
,
,
,
,
,
,
,
,
,
,
,
,
,
,
,
,
,
,
,
,
,
,
,
,
,
,
,
,
,
,
,
,
,
,
,
,
,
,
,
,
,
,
,
,
,
,
,
,
,
,
,
,
,
,
,
,
,
,
,
,
,
,
,
,
,
,
,
,
,
,
,
,
,
,
,
,
,
,
,
,
,
,
,
,
,
,
,
,
,
,
,
,
,
,
,
,
,
,
,
,
,
,
,
,
,
,
,
,
,
,
,
,
,
,
,
,
,
,
,
,
,
,
,
,
,
,
,
,
,
,
,
,
,
,
,
,
,
,
,
,
,
,
,
,
,
,
,
,
,
,
,
,
,
,
,
,
,
,
,
,
,
,
,
,
,
,
,
,
,
,
,
,
,
,
,
,
,
,
,
,
,
,
,
,
,
,
,
,
,
,
,
,
,
,
,
,
,
,
,
,
,
,
,
,
,
,
,
,
,
,
,
,
,
,
,
,
,
,
,
,
,
,
,
,
,
,
,
,
,
,
,
,
,
,
,
,
,
,
,
,
,
,
,
,
,
,
,
,
,
,
,
,
,
,
,
,
,
,
,
,
,
,
,
,
,
,
,
,
,
,
,
,
,
,
,
,
,
,
,
,
,
,
,
,
,
,
,
,
,
,
,
,
,
,
,
,
,
,
,
,
,
,
,
,
,
,
,
,
,
,
,
,
,
,
,
,
,
,
,
,
,
,
,
,
,
,
,
,
,
,
,
,
,
,
,
,
,
,
,
,
,
,
,
,
,
,
,
,
,
,
,
,
,
,
,
,
,
,
,
,
,
,
,
,
,
,
,
,
,
,
,
,
,
,
,
,
,
,
,
,
,
,
,
,
,
,
,
,
,
,
,
,
,
,
,
,
,
,
,
,
,
,
,
,
,
,
,
,
,
,
,
,
,
,
,
,
,
,
,
,
,
,
,
,
,
,
,
,
,
,
,
,
,
,
,
,
,
,
,
,
,
,
,
,
,
,
,
,
,
,
,
,
,
,
,
,
,
,
,
,
,
,
,
,
,
,
,
,
,
,
,
,
,
,
,
,
,
,
,
,
,
,
,
,
,
,
,
,
,
,
,
,
,
,
,
,
,
,
,
,
,
,
,
,
,
,
,
,
,
,
,
,
,
,
,
,
,
,
,
,
,
,
,
,
,
,
,
,
,
,
,
,
,
,
,
,
,
,
,
,
,
,
,
,
,
,
,
,
,
,
,
,
,
,
,
,
,
,
,
,
,
,
,
,
,
,
,
,
,
,
,
,
,
,
,
,
,
,
,
,
,
,
,
,
,
,
,
,
,
,
,
,
,
,
,
,
,
,
,
,
,
,
,
,
,
,
,
,
,
,
,
,
,
,
,
,
,
,
,
,
,
,
,
,
,
,
,
,
,
,
,
,
,
,
,
,
,
,
,
,
,
,
,
,
,
,
,
,
,
,
,
,
,
,
,
,
,
,
,
,
,
,
,
,
,
,
,
,
,
,
,
,
,
,
,
,
,
,
,
,
,
,
,
,
,
,
,
,
,
,
,
,
,
,
,
,
,
,
,
,
,
,
,
,
,
,
,
,
,
,
,
,
,
,
,
,
,
,
,
,
,
,
,
,
,
,
,
,
,
,
,
,
,
,
,
,
,
,
,
,
,
,
,
,
,
,
,
,
,
,
,
,
,
,
,
,
,
,
,
,
,
,
,
,
,
,
,
,
,
,
,
,
,
,
,
,
,
,
,
,
,
,
,
,
,
,
,
,
,
,
,
,
,
,
,
,
,
,
,
,
,
,
,
,
,
,
,
,
,
,
,
,
,
,
,
,
,
,
,
,
,
,
,
,
,
,
,
,
,
,
,
,
,
,
,
,
,
,
,
,
,
,
,
,
,
,
,
,
,
,
,
,
,
,
,
,
,
,
,
,
,
,
,
,
,
,
,
,
,
,
,
,
,
,
,
,
,
,
,
,
,
,
,
,
,
,
,
,
,
,
,
,
,
,
,
,
,
,
,
,
,
,
,
,
,
,
,
,
,
,
,
,
,
,
,
,
,
,
,
,
,
,
,
,
,
,
,
,
,
,
,
,
,
,
,
,
,
,
,
,
,
,
,
,
,
,
,
,
,
,
,
,
,
,
,
,
,
,
,
,
,
,
,
,
,
,
,
,
,
,
,
,
,
,
,
,
,
,
,
,
,
,
,
,
,
,
,
,
,
,
,
,
,
,
,
,
,
,
,
,
,
,
,
,
,
,
,
,
,
,
,
,
,
,
,
,
,
,
,
,
,
,
,
,
,
,
,
,
,
,
,
,
,
,
,
,
,
,
,
,
,
,
,
,
,
,
,
,
,
,
,
,
,
,
,
,
,
,
,
,
,
,
,
,
,
,
,
,
,
,
,
,
,
,
,
,
,
,
,
,
,
,
,
,
,
,
,
,
,
,
,
,
,
,
,
,
,
,
,
,
,
,
,
,
,
,
,
,
,
,
,
,
,
,
,
,
,
,
,
,
,
,
,
,
,
,
,
,
,
,
,
,
,
,
,
,
,
,
,
,
,
,
,
,
,
,
,
,
,
,
,
,
,
,
,
,
,
,
,
,
,
,
,
,
,
,
,
,
,
,
,
,
,
,
,
,
,
,
,
,
,
,
,
,
,
,
,
,
,
,
,
,
,
,
,
,
,
,
,
,
,
,
,
,
,
,
,
,
,
,
,
,
,
,
,
,
,
,
,
,
,
,
,
,
,
,
,
,
,
,
,
,
,
,
,
,
,
,
,
,
,
,
,
,
,
,
,
,
,
,
,
,
,
,
,
,
,
,
,
,
,
,
,
,
,
,
,
,
,
,
,
,
,
,
,
,
,
,
,
,
,
,
,
,
,
,
,
,
,
,
,
,
,
,
,
,
,
,
,
,
,
,
,
,
,
,
,
,
,
,
,
,
,
,
,
,
,
,
,
,
,
,
,
,
,
,
,
,
,
,
,
,
,
,
,
,
,
,
,
,
,
,
,
,
,
,
,
,
,
,
,
,
,
,
,
,
,
,
,
,
,
,
,
,
,
,
,
,
,
,
,
,
,
,
,
,
,
,
,
,
,
,
,
,
,
,
,
,
,
,
,
,
,
,
,
,
,
,
,
,
,
,
,
,
,
,
,
,
,
,
,
,
,
,
,
,
,
,
,
,
,
,
,
,
,
,
,
,
,
,
,
,
,
,
,
,
,
,
,
,
,
,
,
,
,
,
,
,
,
,
,
,
,
,
,
,
,
,
,
,
,
,
,
,
,
,
,
,
,
,
,
,
,
,
,
,
,
,
,
,
,
,
,
,
,
,
,
,
,
,
,
,
,
,
,
,
,
,
,
,
,
,
,
,
,
,
,
,
,
,
,
,
,
,
,
,
,
,
,
,
,
,
,
,
,
,
,
,
,
,
,
,
,
,
,
,
,
,
,
,
,
,
,
,
,
,
,
,
,
,
,
,
,
,
,
,
,
,
,
,
,
,
,
,
,
,
,
,
,
,
,
,
,
,
,
,
,
,
,
,
,
,
,
,
,
,
,
,
,
,
,
,
,
,
,
,
,
,
,
,
,
,
,
,
,
,
,
,
,
,
,
,
,
,
,
,
,
,
,
,
,
,
,
,
,
,
,
,
,
,
,
,
,
,
,
,
,
,
,
,
,
,
,
,
,
,
,
,
,
,
,
,
,
,
,
,
,
,
,
,
,
,
,
,
,
,
,
,
,
,
,
,
,
,
,
,
,
,
,
,
,
,
,
,
,
,
,
,
,
,
,
,
,
,
,
,
,
,
,
,
,
,
,
,
,
,
,
,
,
,
,
,
,
,
,
,
,
,
,
,
,
,
,
,
,
,
,
,
,
,
,
,
,
,
,
,
,
,
,
,
,
,
,
,
,
,
,
,
,
,
,
,
,
,
,
,
,
,
,
,
,
,
,
,
,
,
,
,
,
,
,
,
,
,
,
,
,
,
,
,
,
,
,
,
,
,
,
,
,
,
,
,
,
,
,
,
,
,
,
,
,
,
,
,
,
,
,
,
,
,
,
,
,
,
,
,
,
,
,
,
,
,
,
,
,
,
,
,
,
,
,
,
,
,
,
,
,
,
,
,
,
,
,
,
,
,
,
,
,
,
,
,
,
,
,
,
,
,
,
,
,
,
,
,
,
,
,
,
,
,
,
,
,
,
,
,
,
,
,
,
,
,
,
,
,
,
,
,
,
,
,
,
,
,
,
,
,
,
,
,
,
,
,
,
,
,
,
,
,
,
,
,
,
,
,
,
,
,
,
,
,
,
,
,
,
,
,
,
,
,
,
,
,
,
,
,
,
,
,
,
,
,
,
,
,
,
,
,
,
,
,
,
,
,
,
,
,
,
,
,
,
,
,
,
,
,
,
,
,
,
,
,
,
,
,
,
,
,
,
,
,
,
,
,
,
,
,
,
,
,
,
,
,
,
,
,
,
,
,
,
,
,
,
,
,
,
,
,
,
,
,
,
,
,
,
,
,
,
,
,
,
,
,
,
,
,
,
,
,
,
,
,
,
,
,
,
,
,
,
,
,
,
,
,
,
,
,
,
,
,
,
,
,
,
,
,
,
,
,
,
,
,
,
,
,
,
,
,
,
,
,
,
,
,
,
,
,
,
,
,
,
,
,
,
,
,
,
,
,
,
,
,
,
,
,
,
,
,
,
,
,
,
,
,
,
,
,
,
,
,
,
,
,
,
,
,
,
,
,
,
,
,
,
,
,
,
,
,
,
,
,
,
,
,
,
,
,
,
,
,
,
,
,
,
,
,
,
,
,
,
,
,
,
,
,
,
,
,
,
,
,
,
,
,
,
,
,
,
,
,
,
,
,
,
,
,
,
,
,
,
,
,
,
,
,
,
,
,
,
,
,
,
,
,
,
,
,
,
,
,
,
,
,
,
,
,
,
,
,
,
,
,
,
,
,
,
,
,
,
,
,
,
,
,
,
,
,
,
,
,
,
,
,
,
,
,
,
,
,
,
,
,
,
,
,
,
,
,
,
,
,
,
,
,
,
,
,
,
,
,
,
,
,
,
,
,
,
,
,
,
,
,
,
,
,
,
,
,
,
,
,
,
,
,
,
,
,
,
,
,
,
,
,
,
,
,
,
,
,
,
,
,
,
,
,
,
,
,
,
,
,
,
,
,
,
,
,
,
,
,
,
,
,
,
,
,
,
,
,
,
,
,
,
,
,
,
,
,
,
,
,
,
,
,
,
,
,
,
,
,
,
,
,
,
,
,
,
,
,
,
,
,
,
,
,
,
,
,
,
,
,
,
,
,
,
,
,
,
,
,
,
,
,
,
,
,
,
,
,
,
,
,
,
,
,
,
,
,
,
,
,
,
,
,
,
,
,
,
,
,
,
,
,
,
,
,
,
,
,
,
,
,
,
,
,
,
,
,
,
,
,
,
,
,
,
,
,
,
,
,
,
,
,
,
,
,
,
,
,
,
,
,
,
,
,
,
,
,
,
,
,
,
,
,
,
,
,
,
,
,
,
,
,
,
,
,
,
,
,
,
,
,
,
,
,
,
,
,
,
,
,
,
,
,
,
,
,
,
,
,
,
,
,
,
,
,
,
,
,
,
,
,
,
,
,
,
,
,
,
,
,
,
,
,
,
,
,
,
,
,
,
,
,
,
,
,
,
,
,
,
,
,
,
,
,
,
,
,
,
,
,
,
,
,
,
,
,
,
,
,
,
,
,
,
,
,
,
,
,
,
,
,
,
,
,
,
,
,
,
,
,
,
,
,
,
,
,
,
,
,
,
,
,
,
,
,
,
,
,
,
,
,
,
,
,
,
,
,
,
,
,
,
,
,
,
,
,
,
,
,
,
,
,
,
,
,
,
,
,
,
,
,
,
,
,
,
,
,
,
,
,
,
,
,
,
,
,
,
,
,
,
,
,
,
,
,
,
,
,
,
,
,
,
,
,
,
,
,
,
,
,
,
,
,
,
,
,
,
,
,
,
,
,
,
,
,
,
,
,
,
,
,
,
,
,
,
,
,
,
,
,
,
,
,
,
,
,
,
,
,
,
,
,
,
,
,
,
,
,
,
,
,
,
,
,
,
,
,
,
,
,
,
,
,
,
,
,
,
,
,
,
,
,
,
,
,
,
,
,
,
,
,
,
,
,
,
,
,
,
,
,
,
,
,
,
,
,
,
,
,
,
,
,
,
,
,
,
,
,
,
,
,
,
,
,
,
,
,
,
,
,
,
,
,
,
,
,
,
,
,
,
,
,
,
,
,
,
,
,
,
,
,
,
,
,
,
,
,
,
,
,
,
,
,
,
,
,
,
,
,
,
,
,
,
,
,
,
,
,
,
,
,
,
,
,
,
,
,
,
,
,
,
,
,
,
,
,
,
,
,
,
,
,
,
,
,
,
,
,
,
,
,
,
,
,
,
,
,
,
,
,
,
,
,
,
,
,
,
,
,
,
,
,
,
,
,
,
,
,
,
,
,
,
,
,
,
,
,
,
,
,
,
,
,
,
,
,
,
,
,
,
,
,
,
,
,
,
,
,
,
,
,
,
,
,
,
,
,
,
,
,
,
,
,
,
,
,
,
,
,
,
,
,
,
,
,
,
,
,
,
,
,
,
,
,
,
,
,
,
,
,
,
,
,
,
,
,
,
,
,
,
,
,
,
,
,
,
,
,
,
,
,
,
,
,
,
,
,
,
,
,
,
,
,
,
,
,
,
,
,
,
,
,
,
,
,
,
,
,
,
,
,
,
,
,
,
,
,
,
,
,
,
,
,
,
,
,
,
,
,
,
,
,
,
,
,
,
,
,
,
,
,
,
,
,
,
,
,
,
,
,
,
,
,
,
,
,
,
,
,
,
,
,
,
,
,
,
,
,
,
,
,
,
,
,
,
,
,
,
,
,
,
,
,
,
,
,
,
,
,
,
,
,
,
,
,
,
,
,
,
,
,
,
,
,
,
,
,
,
,
,
,
,
,
,
,
,
,
,
,
,
,
,
,
,
,
,
,
,
,
,
,
,
,
,
,
,
,
,
,
,
,
,
,
,
,
,
,
,
,
,
,
,
,
,
,
,
,
,
,
,
,
,
,
,
,
,
,
,
,
,
,
,
,
,
,
,
,
,
,
,
,
,
,
,
,
,
,
,
,
,
,
,
,
,
,
,
,
,
,
,
,
,
,
,
,
,
,
,
,
,
,
,
,
,
,
,
,
,
,
,
,
,
,
,
,
,
,
,
,
,
,
,
,
,
,
,
,
,
,
,
,
,
,
,
,
,
,
,
,
,
,
,
,
,
,
,
,
,
,
,
,
,
,
,
,
,
,
,
,
,
,
,
,
,
,
,
,
,
,
,
,
,
,
,
,
,
,
,
,
,
,
,
,
,
,
,
,
,
,
,
,
,
,
,
,
,
,
,
,
,
,
,
,
,
,
,
,
,
,
,
,
,
,
,
,
,
,
,
,
,
,
,
,
,
,
,
,
,
,
,
,
,
,
,
,
,
,
,
,
,
,
,
,
,
,
,
,
,
,
,
,
,
,
,
,
,
,
,
,
,
,
,
,
,
,
,
,
,
,
,
,
,
,
,
,
,
,
,
,
,
,
,
,
,
,
,
,
,
,
,
,
,
,
,
,
,
,
,
,
,
,
,
,
,
,
,
,
,
,
,
,
,
,
,
,
,
,
,
,
,
,
,
,
,
,
,
,
,
,
,
,
,
,
,
,
,
,
,
,
,
,
,
,
,
,
,
,
,
,
,
,
,
,
,
,
,
,
,
,
,
,
,
,
,