Date,12:00 AM,12:15 AM,12:30 AM,12:45 AM,1:00 AM,1:15 AM,1:30 AM,1:45 AM,2:00 AM,2:15 AM,2:30 AM,2:45 AM,3:00 AM,3:15 AM,3:30 AM,3:45 AM,4:00 AM,4:15 AM,4:30 AM,4:45 AM,5:00 AM,5:15 AM,5:30 AM,5:45 AM,6:00 AM,6:15 AM,6:30 AM,6:45 AM,7:00 AM,7:15 AM,7:30 AM,7:45 AM,8:00 AM,8:15 AM,8:30 AM,8:45 AM,9:00 AM,9:15 AM,9:30 AM,9:45 AM, 10:00 AM, 10:15 AM, 10:30 AM, 10:45 AM, 11:00 AM, 11:15 AM, 11:30 AM, 11:45 AM, 12:00 PM, 12:15 PM, 12:30 PM, 12:45 PM, 1:00 PM, 1:15 PM, 1:30 PM, 1:45 PM, 2:00 PM, 2:15 PM, 2:30 PM, 2:45 PM, 3:00 PM, 3:15 PM, 3:30 PM, 3:45 PM, 4:00 PM, 4:15 PM, 4:30 PM, 4:45 PM, 5:00 PM, 5:15 PM, 5:30 PM, 5:45 PM, 6:00 PM, 6:15 PM, 6:30 PM, 6:45 PM, 7:00 PM, 7:15 PM, 7:30 PM, 7:45 PM, 8:00 PM, 8:15 PM, 8:30 PM, 8:45 PM, 9:00 PM, 9:15 PM, 9:30 PM, 9:45 PM, 10:00 PM, 10:15 PM, 10:30 PM, 10:45 PM, 11:00 PM, 11:15 PM, 11:30 PM, 11:45 PM,
4/1/2023,235.2,228,232.8,232.8,240,225.6,230.4,230.4,220.8,220.8,220.8,218.4,228,216,228,208.8,216,223.2,220.8,283.2,300,316.8,324,348,304.8,264,242.4,237.6,211.2,184.8,160.8,160.8,151.2,124.8,64.8,24,2.4,0,0,0,0,0,0,0,0,0,0,0,0,0,0,0,0,0,0,0,0,0,0,0,0,0,0,0,0,0,0,0,0,0,0,0,0,26.4,96,160.8,240,259.2,278.4,314.4,312,304.8,300,300,307.2,304.8,307.2,300,304.8,297.6,304.8,300,268.8,254.4,254.4,240, 
4/2/2023,232.8,228,223.2,228,225.6,220.8,225.6,213.6,213.6,216,211.2,218.4,216,206.4,213.6,211.2,208.8,206.4,211.2,225.6,220.8,230.4,237.6,223.2,242.4,244.8,247.2,244.8,242.4,194.4,194.4,153.6,141.6,132,105.6,50.4,28.8,7.2,0,0,0,0,0,0,0,0,0,0,0,0,4.8,0,0,0,0,0,0,0,0,0,0,0,24,64.8,33.6,180,283.2,132,218.4,98.4,31.2,86.4,91.2,127.2,168,242.4,264,285.6,295.2,314.4,324,321.6,319.2,312,316.8,312,309.6,307.2,304.8,314.4,309.6,307.2,285.6,256.8,244.8,232.8, 
4/3/2023,237.6,230.4,235.2,252,247.2,235.2,240,244.8,225.6,232.8,230.4,235.2,223.2,232.8,232.8,223.2,225.6,232.8,230.4,242.4,230.4,237.6,232.8,235.2,244.8,271.2,266.4,264,247.2,242.4,232.8,228,218.4,199.2,156,100.8,55.2,21.6,0,0,4.8,0,0,0,0,0,0,0,0,0,0,0,0,0,0,0,0,0,0,0,0,0,0,0,0,0,0,0,0,0,0,0,0,48,139.2,206.4,254.4,278.4,307.2,343.2,338.4,336,326.4,324,331.2,321.6,326.4,319.2,309.6,316.8,309.6,312,292.8,268.8,259.2,247.2, 
4/4/2023,240,232.8,244.8,244.8,247.2,244.8,228,223.2,223.2,220.8,220.8,225.6,223.2,223.2,220.8,218.4,220.8,225.6,223.2,235.2,242.4,242.4,247.2,247.2,264,273.6,276,278.4,259.2,242.4,232.8,235.2,237.6,223.2,189.6,136.8,79.2,24,0,0,0,0,0,0,0,0,0,0,0,0,0,0,0,0,0,0,0,0,0,0,0,0,0,0,0,0,0,0,36,120,76.8,98.4,122.4,141.6,199.2,232.8,259.2,283.2,304.8,336,331.2,324,326.4,324,326.4,324,319.2,314.4,316.8,324,316.8,307.2,295.2,271.2,261.6,259.2, 
4/5/2023,259.2,247.2,256.8,249.6,252,240,237.6,228,230.4,223.2,218.4,218.4,216,216,208.8,225.6,218.4,225.6,223.2,232.8,230.4,235.2,240,242.4,256.8,268.8,271.2,240,225.6,211.2,220.8,196.8,180,168,160.8,117.6,55.2,19.2,0,0,0,0,0,0,0,0,0,0,0,0,0,0,0,0,0,0,0,0,0,0,0,0,0,0,0,0,0,0,0,0,26.4,7.2,86.4,122.4,124.8,189.6,249.6,288,312,388.8,367.2,362.4,326.4,338.4,336,331.2,316.8,319.2,307.2,312,314.4,314.4,290.4,259.2,240,228, 
4/6/2023,232.8,223.2,225.6,235.2,228,218.4,225.6,216,206.4,213.6,206.4,216,211.2,206.4,216,208.8,208.8,218.4,312,343.2,350.4,290.4,285.6,288,288,276,285.6,271.2,249.6,235.2,223.2,204,189.6,175.2,163.2,93.6,55.2,2.4,0,0,0,0,0,0,0,0,0,0,0,0,0,0,0,0,0,0,0,0,0,0,0,0,0,0,0,28.8,141.6,180,194.4,252,237.6,204,204,225.6,232.8,264,273.6,290.4,314.4,343.2,338.4,343.2,326.4,312,319.2,314.4,316.8,304.8,309.6,304.8,300,297.6,271.2,252,237.6,228, 
4/7/2023,230.4,235.2,218.4,223.2,225.6,211.2,225.6,216,206.4,216,213.6,211.2,213.6,208.8,206.4,208.8,206.4,213.6,247.2,280.8,321.6,360,321.6,333.6,288,273.6,273.6,261.6,264,216,199.2,158.4,168,175.2,146.4,115.2,139.2,120,108,26.4,38.4,4.8,0,4.8,0,0,2.4,0,0,0,0,0,2.4,4.8,9.6,21.6,2.4,0,4.8,19.2,4.8,43.2,26.4,4.8,0,50.4,91.2,12,43.2,98.4,122.4,100.8,117.6,60,108,194.4,268.8,261.6,292.8,314.4,307.2,316.8,314.4,302.4,309.6,302.4,302.4,300,304.8,304.8,297.6,309.6,273.6,256.8,252,249.6, 
4/8/2023,249.6,230.4,230.4,240,235.2,230.4,237.6,230.4,220.8,225.6,218.4,216,211.2,208.8,223.2,216,216,230.4,285.6,316.8,326.4,302.4,285.6,307.2,321.6,285.6,254.4,216,208.8,189.6,156,156,129.6,122.4,93.6,52.8,0,0,0,0,0,0,0,0,0,0,0,0,0,0,0,0,0,0,0,0,0,0,0,0,0,0,0,0,0,0,0,0,0,0,0,0,24,86.4,139.2,201.6,232.8,259.2,266.4,304.8,292.8,297.6,300,300,304.8,309.6,307.2,300,290.4,300,302.4,312,285.6,249.6,254.4,242.4, 
4/9/2023,244.8,242.4,235.2,235.2,244.8,235.2,237.6,225.6,225.6,218.4,220.8,213.6,208.8,211.2,208.8,208.8,208.8,206.4,211.2,228,218.4,220.8,230.4,223.2,242.4,232.8,228,199.2,201.6,192,172.8,153.6,132,103.2,52.8,12,0,0,0,0,0,0,0,0,0,0,0,0,0,0,0,0,0,0,0,0,0,0,0,0,0,0,0,0,0,0,0,9.6,26.4,45.6,55.2,21.6,60,110.4,196.8,254.4,268.8,309.6,278.4,316.8,336,314.4,288,283.2,292.8,271.2,268.8,280.8,271.2,268.8,268.8,259.2,240,218.4,208.8,194.4, 
4/10/2023,211.2,211.2,206.4,216,213.6,216,206.4,211.2,204,211.2,211.2,208.8,216,199.2,208.8,204,208.8,206.4,218.4,223.2,216,218.4,211.2,220.8,240,240,230.4,204,206.4,204,213.6,189.6,184.8,168,108,52.8,19.2,4.8,0,0,0,0,0,0,0,0,0,0,0,0,0,0,0,0,0,0,0,0,0,0,0,0,0,0,0,0,0,0,14.4,12,28.8,45.6,33.6,96,156,208.8,252,266.4,295.2,316.8,302.4,309.6,300,288,285.6,280.8,273.6,268.8,271.2,278.4,276,271.2,252,225.6,206.4,204, 
4/11/2023,208.8,204,204,213.6,206.4,189.6,204,189.6,180,180,182.4,182.4,194.4,187.2,194.4,184.8,192,187.2,192,199.2,184.8,201.6,206.4,208.8,230.4,244.8,244.8,247.2,218.4,184.8,168,156,177.6,129.6,184.8,129.6,108,24,26.4,100.8,112.8,12,0,0,0,2.4,0,4.8,9.6,0,0,0,0,0,0,0,0,0,0,0,0,0,0,0,0,0,0,0,0,0,0,0,0,33.6,98.4,153.6,201.6,242.4,259.2,295.2,316.8,314.4,316.8,314.4,319.2,297.6,312,302.4,295.2,295.2,288,288,261.6,237.6,232.8,216, 
4/12/2023,220.8,211.2,206.4,216,220.8,211.2,211.2,211.2,204,206.4,199.2,201.6,199.2,204,199.2,201.6,201.6,199.2,201.6,213.6,216,218.4,218.4,216,235.2,242.4,230.4,213.6,208.8,196.8,189.6,165.6,175.2,146.4,120,69.6,24,0,0,0,0,0,0,0,0,0,0,0,0,0,0,0,0,0,0,0,0,0,0,0,0,0,0,0,0,0,0,0,0,0,0,0,0,21.6,98.4,194.4,235.2,273.6,278.4,295.2,321.6,319.2,312,304.8,312,307.2,309.6,307.2,300,292.8,285.6,288,261.6,230.4,218.4,211.2, 
4/13/2023,216,201.6,208.8,216,213.6,213.6,211.2,201.6,204,196.8,199.2,201.6,192,189.6,199.2,189.6,211.2,228,216,273.6,314.4,304.8,304.8,268.8,273.6,249.6,240,211.2,204,194.4,177.6,180,177.6,160.8,120,52.8,7.2,0,0,0,0,0,0,0,0,0,0,0,0,0,0,0,0,0,0,0,0,0,0,0,0,0,0,0,0,0,0,0,0,0,0,0,4.8,21.6,88.8,146.4,220.8,244.8,266.4,297.6,321.6,312,309.6,304.8,304.8,312,300,297.6,295.2,288,302.4,295.2,271.2,242.4,230.4,204, 
4/14/2023,208.8,213.6,208.8,213.6,220.8,208.8,218.4,208.8,204,199.2,199.2,204,196.8,201.6,192,213.6,225.6,218.4,208.8,247.2,256.8,256.8,321.6,295.2,300,256.8,252,211.2,211.2,177.6,172.8,153.6,129.6,100.8,57.6,12,0,0,0,0,0,0,0,0,0,0,0,0,0,0,0,0,0,0,0,0,0,0,0,0,0,0,0,0,0,0,0,0,0,0,0,0,0,21.6,76.8,148.8,196.8,223.2,266.4,288,312,312,309.6,309.6,319.2,312,304.8,302.4,288,297.6,297.6,288,271.2,237.6,225.6,223.2, 
4/15/2023,220.8,208.8,216,211.2,218.4,206.4,204,201.6,194.4,192,194.4,201.6,194.4,192,194.4,196.8,187.2,194.4,218.4,230.4,252,297.6,297.6,271.2,314.4,276,249.6,201.6,194.4,184.8,175.2,148.8,134.4,120,105.6,86.4,52.8,28.8,4.8,0,0,0,0,0,0,0,0,0,0,0,0,0,0,0,0,0,0,0,0,0,0,0,0,0,0,0,0,0,0,0,0,0,0,7.2,60,127.2,187.2,225.6,242.4,280.8,297.6,307.2,314.4,307.2,309.6,297.6,300,302.4,295.2,285.6,297.6,295.2,273.6,247.2,228,223.2, 
4/16/2023,230.4,223.2,218.4,225.6,220.8,220.8,211.2,204,204,196.8,192,194.4,189.6,192,192,196.8,189.6,199.2,199.2,208.8,213.6,208.8,204,206.4,230.4,223.2,230.4,204,182.4,175.2,156,132,124.8,129.6,105.6,105.6,79.2,4.8,2.4,16.8,0,0,0,0,0,0,0,0,0,0,0,0,0,0,0,0,0,0,0,0,0,0,0,0,0,0,0,0,0,0,0,0,0,26.4,69.6,132,177.6,213.6,249.6,297.6,338.4,328.8,331.2,314.4,312,302.4,300,288,280.8,280.8,285.6,292.8,271.2,232.8,216,213.6, 
4/17/2023,216,211.2,211.2,220.8,208.8,218.4,211.2,204,199.2,199.2,196.8,206.4,201.6,194.4,192,189.6,189.6,196.8,196.8,211.2,213.6,206.4,206.4,216,228,225.6,223.2,201.6,168,146.4,120,108,129.6,151.2,141.6,50.4,19.2,9.6,0,0,0,0,0,0,0,0,0,0,0,0,0,0,0,0,0,0,0,0,0,0,0,0,0,0,0,0,0,40.8,69.6,16.8,0,33.6,2.4,28.8,84,151.2,199.2,244.8,256.8,285.6,304.8,304.8,302.4,302.4,295.2,290.4,292.8,288,290.4,276,276,271.2,249.6,223.2,223.2,213.6, 
4/18/2023,223.2,211.2,218.4,218.4,225.6,211.2,213.6,211.2,208.8,204,206.4,201.6,213.6,199.2,201.6,194.4,196.8,199.2,194.4,211.2,211.2,208.8,216,216,237.6,240,220.8,194.4,201.6,177.6,132,108,156,120,144,62.4,16.8,7.2,12,0,0,0,7.2,9.6,0,0,0,0,0,0,0,0,0,0,0,0,0,0,0,0,0,0,0,0,0,0,0,0,0,0,0,0,0,2.4,115.2,124.8,187.2,232.8,264,290.4,314.4,319.2,312,312,302.4,300,292.8,300,292.8,288,304.8,285.6,268.8,240,225.6,213.6, 
4/19/2023,223.2,211.2,218.4,216,211.2,213.6,206.4,208.8,194.4,206.4,192,199.2,201.6,189.6,199.2,196.8,194.4,192,196.8,201.6,204,218.4,220.8,213.6,235.2,232.8,213.6,201.6,201.6,180,180,196.8,192,189.6,146.4,100.8,43.2,57.6,7.2,28.8,0,0,0,0,0,0,0,0,0,0,0,0,0,0,0,0,0,0,0,0,0,0,0,0,0,0,0,0,0,0,0,0,12,60,136.8,199.2,242.4,228,261.6,295.2,331.2,324,331.2,319.2,319.2,316.8,307.2,297.6,304.8,297.6,290.4,283.2,261.6,247.2,228,216, 
4/20/2023,228,211.2,211.2,220.8,220.8,213.6,213.6,216,201.6,208.8,206.4,201.6,206.4,204,223.2,220.8,204,211.2,247.2,242.4,259.2,237.6,326.4,331.2,333.6,256.8,213.6,216,201.6,196.8,187.2,180,160.8,108,79.2,50.4,4.8,0,0,0,0,0,0,0,0,0,0,0,0,0,0,0,0,0,0,0,0,0,0,0,0,0,0,0,0,0,0,0,0,4.8,0,2.4,0,45.6,127.2,199.2,242.4,242.4,266.4,280.8,300,297.6,290.4,292.8,300,295.2,300,297.6,285.6,283.2,283.2,283.2,256.8,230.4,220.8,216, 
4/21/2023,225.6,206.4,211.2,211.2,213.6,206.4,201.6,204,194.4,199.2,199.2,199.2,208.8,194.4,204,196.8,194.4,204,252,264,288,312,271.2,244.8,314.4,268.8,230.4,218.4,213.6,196.8,182.4,158.4,146.4,108,84,45.6,2.4,0,0,0,0,0,0,0,0,0,0,0,0,0,0,0,0,0,0,0,0,0,0,0,0,67.2,0,0,0,2.4,9.6,98.4,79.2,105.6,117.6,117.6,129.6,206.4,189.6,278.4,379.2,350.4,381.6,386.4,362.4,372,331.2,343.2,321.6,316.8,319.2,304.8,295.2,283.2,290.4,278.4,268.8,232.8,223.2,211.2, 
4/22/2023,211.2,194.4,204,208.8,201.6,201.6,194.4,199.2,196.8,184.8,187.2,196.8,180,187.2,206.4,206.4,208.8,199.2,206.4,242.4,266.4,252,331.2,312,297.6,237.6,211.2,204,184.8,163.2,129.6,86.4,74.4,33.6,2.4,0,0,0,0,0,0,0,0,0,0,0,0,0,0,0,0,0,0,0,0,0,0,0,0,0,0,0,0,0,0,0,12,19.2,28.8,45.6,28.8,14.4,105.6,170.4,201.6,218.4,216,211.2,261.6,273.6,297.6,302.4,297.6,297.6,300,290.4,283.2,283.2,292.8,278.4,273.6,266.4,256.8,228,211.2,206.4, 
4/23/2023,201.6,199.2,196.8,206.4,208.8,206.4,192,201.6,189.6,189.6,196.8,184.8,201.6,194.4,184.8,189.6,187.2,194.4,201.6,201.6,199.2,208.8,211.2,213.6,223.2,208.8,199.2,175.2,175.2,163.2,158.4,132,165.6,165.6,108,9.6,7.2,0,0,0,0,0,0,0,0,0,0,0,0,0,0,0,0,0,0,0,0,0,0,0,0,0,0,0,0,0,0,0,0,0,0,0,0,7.2,48,122.4,165.6,189.6,213.6,244.8,307.2,297.6,283.2,261.6,259.2,264,261.6,273.6,288,278.4,280.8,290.4,256.8,240,232.8,220.8, 
4/24/2023,230.4,216,213.6,223.2,228,213.6,220.8,216,216,206.4,206.4,211.2,201.6,201.6,204,201.6,201.6,204,204,213.6,211.2,216,223.2,220.8,237.6,225.6,189.6,192,196.8,172.8,153.6,124.8,115.2,79.2,36,0,0,0,0,0,0,0,0,0,0,0,0,0,0,0,0,0,0,0,0,0,0,0,0,0,0,0,0,0,0,0,0,0,0,0,2.4,0,0,28.8,79.2,153.6,180,232.8,247.2,264,297.6,307.2,307.2,309.6,309.6,309.6,302.4,297.6,309.6,288,288,300,259.2,235.2,228,213.6, 
4/25/2023,225.6,218.4,213.6,220.8,213.6,208.8,213.6,204,196.8,201.6,211.2,199.2,199.2,208.8,199.2,199.2,206.4,194.4,196.8,208.8,208.8,220.8,216,216,232.8,228,204,204,199.2,168,112.8,4.8,57.6,74.4,21.6,0,0,0,0,0,0,0,0,0,0,0,0,0,0,0,0,0,0,0,0,0,0,0,0,0,0,0,0,0,0,4.8,81.6,122.4,112.8,98.4,115.2,117.6,144,242.4,273.6,314.4,384,381.6,410.4,446.4,386.4,422.4,379.2,357.6,376.8,331.2,309.6,314.4,295.2,295.2,288,290.4,266.4,225.6,218.4,213.6, 
4/26/2023,216,208.8,204,216,206.4,206.4,199.2,192,189.6,187.2,187.2,187.2,189.6,206.4,201.6,201.6,199.2,204,206.4,213.6,201.6,206.4,218.4,213.6,228,220.8,199.2,211.2,206.4,175.2,120,55.2,72,86.4,50.4,33.6,4.8,0,0,0,0,0,0,0,0,0,0,0,0,0,0,0,0,0,0,0,0,0,0,0,0,0,0,2.4,28.8,108,211.2,232.8,268.8,285.6,283.2,261.6,300,367.2,441.6,458.4,499.2,511.2,513.6,477.6,518.4,496.8,487.2,468,451.2,439.2,405.6,405.6,374.4,360,360,355.2,321.6,307.2,278.4,259.2, 
4/27/2023,259.2,252,283.2,273.6,278.4,249.6,232.8,218.4,220.8,204,201.6,199.2,199.2,192,189.6,187.2,252,273.6,252,271.2,268.8,247.2,252,254.4,278.4,230.4,192,192,192,175.2,141.6,141.6,153.6,40.8,48,91.2,48,26.4,0,0,0,0,0,0,0,0,0,0,0,0,0,0,0,0,0,0,0,0,0,2.4,2.4,31.2,33.6,62.4,117.6,136.8,237.6,259.2,304.8,345.6,364.8,369.6,412.8,482.4,235.2,835.2,936,861.6,765.6,770.4,739.2,765.6,727.2,676.8,621.6,631.2,564,549.6,554.4,511.2,516,504,451.2,410.4,388.8,372, 
4/28/2023,343.2,331.2,314.4,302.4,304.8,302.4,300,297.6,292.8,283.2,278.4,288,283.2,278.4,280.8,300,357.6,352.8,331.2,360,369.6,328.8,328.8,362.4,336,300,256.8,266.4,247.2,244.8,225.6,254.4,256.8,228,213.6,216,136.8,110.4,93.6,55.2,21.6,36,19.2,0,0,0,0,0,0,0,0,0,2.4,0,7.2,7.2,0,0,0,0,21.6,9.6,50.4,105.6,91.2,158.4,264,321.6,379.2,492,408,290.4,300,360,436.8,516,475.2,489.6,508.8,489.6,513.6,523.2,484.8,463.2,470.4,434.4,415.2,417.6,403.2,393.6,405.6,388.8,364.8,326.4,309.6,297.6, 
4/29/2023,288,268.8,276,276,264,266.4,266.4,252,259.2,254.4,254.4,249.6,244.8,256.8,249.6,256.8,266.4,261.6,290.4,333.6,292.8,357.6,376.8,367.2,324,259.2,225.6,228,225.6,213.6,189.6,182.4,168,172.8,134.4,110.4,74.4,43.2,0,0,0,0,0,0,0,0,0,0,0,0,0,0,0,0,0,0,0,0,0,0,0,0,2.4,7.2,14.4,62.4,9.6,28.8,160.8,206.4,156,165.6,172.8,160.8,216,261.6,297.6,326.4,345.6,309.6,345.6,331.2,350.4,328.8,321.6,326.4,309.6,300,300,290.4,292.8,295.2,271.2,249.6,228,225.6, 
4/30/2023,247.2,235.2,225.6,235.2,225.6,213.6,223.2,220.8,213.6,216,213.6,208.8,199.2,199.2,192,189.6,192,192,194.4,206.4,204,211.2,213.6,213.6,218.4,206.4,187.2,180,180,172.8,153.6,124.8,117.6,91.2,55.2,60,62.4,38.4,33.6,72,21.6,7.2,7.2,0,0,0,0,0,0,0,0,0,0,0,0,0,0,0,0,0,0,7.2,2.4,2.4,0,0,28.8,52.8,0,0,0,26.4,98.4,67.2,98.4,81.6,105.6,160.8,235.2,247.2,278.4,290.4,290.4,288,295.2,295.2,283.2,285.6,283.2,278.4,290.4,283.2,254.4,232.8,228,218.4, 
5/1/2023,223.2,213.6,213.6,225.6,220.8,211.2,204,213.6,204,196.8,201.6,201.6,201.6,201.6,211.2,201.6,196.8,208.8,213.6,211.2,218.4,213.6,213.6,235.2,242.4,242.4,228,218.4,199.2,196.8,192,196.8,225.6,235.2,201.6,208.8,158.4,175.2,254.4,201.6,134.4,45.6,110.4,67.2,4.8,7.2,0,24,14.4,50.4,0,7.2,4.8,2.4,43.2,14.4,0,0,0,0,24,16.8,9.6,12,120,288,300,259.2,259.2,242.4,158.4,148.8,180,194.4,237.6,264,254.4,230.4,254.4,268.8,316.8,321.6,319.2,312,316.8,316.8,312,302.4,297.6,300,288,295.2,268.8,237.6,235.2,220.8, 
5/2/2023,216,216,213.6,223.2,211.2,208.8,213.6,211.2,211.2,206.4,211.2,213.6,211.2,201.6,206.4,208.8,204,204,211.2,213.6,218.4,216,208.8,213.6,225.6,225.6,204,187.2,180,170.4,192,172.8,156,110.4,115.2,108,69.6,0,124.8,192,132,0,0,0,0,0,0,0,2.4,74.4,69.6,0,57.6,69.6,103.2,16.8,84,50.4,0,0,7.2,31.2,12,0,0,0,12,0,0,0,26.4,4.8,14.4,7.2,21.6,124.8,285.6,264,249.6,273.6,285.6,300,316.8,302.4,307.2,309.6,295.2,302.4,295.2,290.4,283.2,280.8,266.4,235.2,235.2,218.4, 
5/3/2023,220.8,218.4,216,220.8,220.8,216,208.8,208.8,208.8,204,211.2,208.8,211.2,208.8,204,211.2,196.8,204,216,213.6,223.2,218.4,228,228,240,247.2,213.6,208.8,218.4,158.4,160.8,180,165.6,160.8,175.2,112.8,28.8,4.8,21.6,2.4,0,14.4,2.4,14.4,28.8,4.8,0,0,0,36,100.8,110.4,31.2,2.4,0,0,0,0,0,0,0,0,0,7.2,38.4,122.4,232.8,316.8,314.4,230.4,158.4,86.4,76.8,136.8,216,254.4,290.4,309.6,314.4,319.2,338.4,362.4,350.4,343.2,348,340.8,333.6,338.4,328.8,345.6,340.8,343.2,319.2,292.8,288,278.4, 
5/4/2023,276,261.6,264,278.4,266.4,268.8,261.6,254.4,256.8,247.2,254.4,254.4,242.4,247.2,242.4,271.2,266.4,259.2,283.2,292.8,355.2,352.8,326.4,300,312,288,268.8,271.2,244.8,240,208.8,184.8,184.8,213.6,165.6,122.4,132,76.8,72,76.8,110.4,24,2.4,0,0,0,0,2.4,156,206.4,21.6,0,0,0,0,0,0,62.4,206.4,129.6,84,43.2,19.2,60,57.6,213.6,314.4,343.2,374.4,396,352.8,386.4,388.8,396,372,379.2,391.2,393.6,420,405.6,405.6,386.4,379.2,364.8,355.2,338.4,331.2,331.2,336,319.2,319.2,328.8,300,278.4,261.6,259.2, 
5/5/2023,261.6,252,249.6,264,254.4,247.2,252,244.8,252,244.8,237.6,242.4,244.8,235.2,240,232.8,228,268.8,316.8,364.8,360,321.6,345.6,328.8,307.2,264,240,237.6,230.4,225.6,220.8,213.6,237.6,208.8,170.4,153.6,96,19.2,2.4,12,0,26.4,38.4,0,2.4,14.4,4.8,12,4.8,7.2,9.6,0,28.8,86.4,151.2,81.6,187.2,86.4,48,122.4,79.2,55.2,84,7.2,117.6,244.8,288,314.4,319.2,271.2,338.4,297.6,276,316.8,352.8,328.8,307.2,324,316.8,336,350.4,350.4,355.2,343.2,348,343.2,352.8,340.8,336,336,333.6,321.6,307.2,280.8,268.8,261.6, 
5/6/2023,268.8,254.4,259.2,266.4,266.4,259.2,264,256.8,261.6,256.8,242.4,249.6,247.2,237.6,240,242.4,242.4,252,273.6,324,326.4,355.2,369.6,367.2,316.8,276,252,237.6,213.6,196.8,213.6,189.6,168,160.8,156,153.6,136.8,124.8,40.8,0,0,0,7.2,0,4.8,0,0,0,2.4,84,170.4,19.2,2.4,4.8,2.4,163.2,158.4,69.6,0,0,2.4,86.4,84,19.2,2.4,2.4,69.6,93.6,201.6,240,192,170.4,225.6,247.2,237.6,223.2,261.6,268.8,273.6,295.2,314.4,328.8,328.8,340.8,343.2,336,331.2,328.8,321.6,326.4,324,331.2,309.6,276,266.4,276, 
5/7/2023,285.6,266.4,254.4,273.6,271.2,264,259.2,261.6,242.4,247.2,249.6,244.8,240,252,244.8,249.6,252,247.2,256.8,249.6,264,259.2,268.8,276,276,261.6,237.6,211.2,180,144,115.2,88.8,98.4,28.8,26.4,38.4,9.6,0,0,0,0,0,0,0,0,19.2,0,0,0,0,0,12,28.8,0,9.6,2.4,0,4.8,0,0,0,0,0,0,0,0,0,0,2.4,0,9.6,2.4,7.2,52.8,127.2,192,208.8,261.6,290.4,312,328.8,355.2,348,343.2,345.6,336,343.2,338.4,326.4,336,321.6,321.6,300,278.4,266.4,266.4, 
5/8/2023,264,259.2,256.8,256.8,261.6,259.2,249.6,261.6,256.8,249.6,256.8,256.8,249.6,249.6,244.8,242.4,247.2,252,261.6,256.8,261.6,261.6,266.4,264,276,256.8,230.4,237.6,218.4,206.4,223.2,194.4,108,112.8,84,67.2,69.6,4.8,69.6,127.2,69.6,60,103.2,153.6,170.4,124.8,100.8,52.8,12,57.6,55.2,60,4.8,16.8,0,0,0,0,0,0,0,0,0,0,0,0,0,0,0,2.4,0,0,21.6,112.8,201.6,204,247.2,268.8,319.2,333.6,340.8,369.6,362.4,357.6,362.4,345.6,364.8,343.2,343.2,338.4,343.2,336,304.8,288,283.2,268.8, 
5/9/2023,273.6,268.8,259.2,268.8,266.4,256.8,256.8,252,242.4,249.6,259.2,254.4,259.2,259.2,254.4,259.2,254.4,256.8,264,264,266.4,261.6,259.2,259.2,271.2,254.4,240,242.4,225.6,189.6,199.2,196.8,189.6,156,72,88.8,175.2,74.4,84,45.6,40.8,103.2,36,4.8,0,0,0,0,0,0,0,0,0,0,0,0,0,0,0,0,0,0,0,0,0,0,0,0,0,0,28.8,9.6,2.4,12,108,177.6,204,256.8,304.8,319.2,333.6,372,362.4,362.4,367.2,362.4,357.6,352.8,343.2,343.2,338.4,336,316.8,288,280.8,271.2, 
5/10/2023,273.6,266.4,261.6,273.6,268.8,266.4,259.2,256.8,254.4,252,254.4,261.6,254.4,259.2,256.8,247.2,252,252,259.2,261.6,261.6,261.6,276,271.2,259.2,247.2,254.4,252,242.4,218.4,218.4,218.4,235.2,230.4,223.2,206.4,220.8,182.4,216,206.4,213.6,208.8,148.8,117.6,141.6,134.4,93.6,45.6,105.6,141.6,93.6,81.6,9.6,2.4,0,0,0,0,28.8,24,28.8,0,0,0,0,0,0,0,0,2.4,0,0,2.4,21.6,79.2,122.4,199.2,242.4,285.6,319.2,336,360,360,364.8,348,350.4,348,348,348,345.6,348,352.8,324,290.4,276,273.6, 
5/11/2023,280.8,266.4,268.8,280.8,276,271.2,264,259.2,252,259.2,256.8,264,278.4,300,256.8,259.2,247.2,276,290.4,302.4,295.2,314.4,343.2,343.2,300,300,285.6,285.6,261.6,225.6,216,235.2,249.6,225.6,208.8,201.6,180,139.2,134.4,93.6,79.2,26.4,0,0,0,0,0,0,0,0,0,0,0,0,0,0,0,0,0,0,0,0,0,0,0,0,0,2.4,14.4,9.6,4.8,0,12,52.8,127.2,187.2,240,300,340.8,336,348,372,384,357.6,364.8,372,367.2,357.6,364.8,355.2,350.4,348,326.4,295.2,278.4,283.2, 
5/12/2023,278.4,268.8,280.8,273.6,283.2,268.8,264,264,264,259.2,259.2,261.6,254.4,261.6,254.4,259.2,254.4,254.4,288,343.2,369.6,415.2,384,343.2,321.6,259.2,264,247.2,216,196.8,180,153.6,156,124.8,103.2,88.8,4.8,28.8,28.8,31.2,0,0,0,0,0,0,0,0,0,0,0,0,0,0,0,0,0,0,0,0,0,0,0,0,0,0,14.4,86.4,74.4,124.8,76.8,112.8,146.4,160.8,220.8,232.8,302.4,331.2,364.8,376.8,376.8,384,379.2,379.2,381.6,362.4,355.2,362.4,338.4,345.6,338.4,338.4,316.8,285.6,280.8,276, 
5/13/2023,264,268.8,252,261.6,264,254.4,261.6,264,249.6,252,249.6,252,252,264,264,264,237.6,252,290.4,314.4,340.8,343.2,362.4,304.8,288,235.2,216,230.4,206.4,165.6,112.8,86.4,69.6,28.8,0,2.4,0,0,0,0,0,0,0,0,0,0,0,0,0,0,0,0,0,0,0,0,0,0,0,0,12,33.6,67.2,60,74.4,136.8,319.2,398.4,388.8,367.2,355.2,336,369.6,396,458.4,520.8,564,571.2,614.4,621.6,619.2,604.8,571.2,583.2,600,532.8,554.4,544.8,520.8,506.4,499.2,499.2,458.4,427.2,412.8,393.6, 
5/14/2023,408,379.2,367.2,386.4,357.6,369.6,338.4,348,333.6,324,316.8,292.8,276,278.4,264,271.2,268.8,271.2,278.4,280.8,290.4,273.6,283.2,268.8,247.2,225.6,211.2,223.2,242.4,216,194.4,146.4,144,139.2,81.6,64.8,57.6,2.4,0,0,0,0,0,0,0,0,0,0,0,0,4.8,2.4,0,0,0,0,0,0,2.4,0,0,9.6,38.4,76.8,129.6,194.4,288,355.2,348,304.8,278.4,266.4,295.2,367.2,386.4,429.6,487.2,480,520.8,516,535.2,547.2,516,520.8,513.6,470.4,484.8,458.4,446.4,439.2,403.2,398.4,388.8,316.8,316.8,319.2, 
5/15/2023,314.4,300,302.4,314.4,307.2,288,290.4,295.2,290.4,273.6,268.8,273.6,285.6,264,268.8,295.2,271.2,276,280.8,288,290.4,292.8,297.6,285.6,292.8,285.6,280.8,288,278.4,264,240,259.2,278.4,261.6,223.2,182.4,177.6,93.6,64.8,38.4,0,0,0,0,0,0,0,0,0,0,0,0,0,0,0,0,0,2.4,0,0,2.4,24,72,72,88.8,187.2,348,352.8,336,312,297.6,254.4,268.8,348,374.4,451.2,460.8,501.6,556.8,542.4,564,544.8,564,573.6,523.2,504,494.4,475.2,463.2,484.8,453.6,451.2,429.6,410.4,367.2,350.4, 
5/16/2023,345.6,345.6,321.6,331.2,316.8,304.8,302.4,307.2,307.2,304.8,314.4,297.6,295.2,288,285.6,290.4,295.2,290.4,297.6,295.2,297.6,302.4,300,300,295.2,290.4,292.8,309.6,271.2,266.4,254.4,252,264,223.2,216,172.8,139.2,57.6,67.2,7.2,12,4.8,0,0,0,0,0,0,0,0,0,0,0,0,2.4,0,0,4.8,0,21.6,12,48,79.2,148.8,180,242.4,345.6,410.4,393.6,398.4,444,410.4,456,542.4,566.4,609.6,590.4,638.4,640.8,590.4,576,600,600,554.4,544.8,532.8,530.4,508.8,499.2,494.4,472.8,453.6,427.2,391.2,367.2,355.2, 
5/17/2023,350.4,336,331.2,338.4,331.2,331.2,312,326.4,307.2,295.2,314.4,297.6,295.2,295.2,288,271.2,288,285.6,288,295.2,288,292.8,292.8,283.2,276,268.8,278.4,309.6,300,261.6,266.4,252,278.4,240,252,177.6,124.8,96,21.6,16.8,21.6,0,0,0,0,0,0,0,0,0,0,0,0,0,0,0,0,0,0,0,9.6,0,14.4,40.8,96,168,160.8,177.6,290.4,292.8,261.6,237.6,304.8,350.4,369.6,434.4,446.4,444,513.6,506.4,511.2,508.8,484.8,477.6,465.6,480,458.4,453.6,439.2,405.6,405.6,405.6,376.8,345.6,319.2,321.6, 
5/18/2023,300,302.4,316.8,304.8,292.8,292.8,285.6,292.8,268.8,271.2,271.2,266.4,264,266.4,252,273.6,297.6,288,288,283.2,312,364.8,364.8,331.2,314.4,304.8,278.4,288,237.6,230.4,196.8,213.6,206.4,182.4,146.4,141.6,72,64.8,19.2,4.8,0,0,0,0,0,0,0,0,0,0,0,0,0,0,0,0,0,0,0,0,0,0,0,2.4,7.2,57.6,88.8,180,156,144,180,172.8,218.4,266.4,288,340.8,384,415.2,468,451.2,444,460.8,470.4,451.2,470.4,463.2,472.8,472.8,436.8,456,456,439.2,400.8,364.8,350.4,328.8, 
5/19/2023,321.6,316.8,302.4,309.6,309.6,319.2,297.6,292.8,295.2,278.4,283.2,283.2,273.6,280.8,288,268.8,314.4,307.2,309.6,340.8,381.6,405.6,434.4,357.6,297.6,283.2,271.2,249.6,220.8,213.6,189.6,206.4,194.4,216,211.2,168,146.4,67.2,0,2.4,0,0,0,0,0,0,0,0,0,0,0,0,0,0,0,0,0,0,0,0,0,0,2.4,4.8,2.4,50.4,120,232.8,266.4,225.6,177.6,163.2,211.2,271.2,304.8,336,374.4,424.8,448.8,441.6,420,439.2,465.6,456,446.4,420,448.8,427.2,408,408,391.2,384,374.4,345.6,314.4,300, 
5/20/2023,297.6,295.2,280.8,283.2,268.8,280.8,285.6,278.4,266.4,259.2,259.2,264,264,254.4,261.6,252,256.8,268.8,259.2,268.8,259.2,249.6,254.4,240,244.8,223.2,220.8,230.4,220.8,194.4,172.8,160.8,192,151.2,112.8,74.4,31.2,0,16.8,0,0,0,0,0,0,0,0,0,0,0,0,0,0,0,0,0,0,0,0,0,0,0,0,0,0,0,12,45.6,16.8,57.6,33.6,16.8,36,76.8,153.6,201.6,268.8,292.8,348,386.4,379.2,393.6,408,388.8,393.6,393.6,379.2,376.8,376.8,374.4,376.8,381.6,350.4,340.8,314.4,297.6, 
5/21/2023,304.8,283.2,290.4,285.6,283.2,278.4,268.8,283.2,264,273.6,259.2,261.6,261.6,261.6,254.4,254.4,247.2,259.2,266.4,271.2,273.6,268.8,276,256.8,264,240,223.2,228,204,192,180,163.2,156,146.4,98.4,64.8,81.6,50.4,7.2,0,0,0,0,0,0,0,0,0,0,0,0,0,0,0,0,0,0,0,0,0,0,2.4,52.8,93.6,93.6,177.6,324,374.4,316.8,290.4,268.8,208.8,266.4,273.6,345.6,357.6,429.6,492,463.2,492,472.8,506.4,528,475.2,475.2,482.4,453.6,417.6,444,412.8,408,403.2,369.6,340.8,321.6,331.2, 
5/22/2023,316.8,312,285.6,295.2,280.8,283.2,288,288,273.6,266.4,266.4,268.8,256.8,254.4,261.6,247.2,256.8,268.8,266.4,273.6,271.2,256.8,271.2,261.6,261.6,256.8,259.2,242.4,240,247.2,213.6,196.8,204,189.6,158.4,139.2,98.4,4.8,0,0,0,0,0,0,0,0,0,0,0,0,0,0,2.4,14.4,12,2.4,2.4,2.4,7.2,7.2,38.4,28.8,91.2,117.6,187.2,244.8,340.8,352.8,352.8,309.6,268.8,295.2,331.2,369.6,412.8,465.6,448.8,477.6,530.4,556.8,573.6,547.2,542.4,525.6,494.4,499.2,494.4,487.2,465.6,444,427.2,436.8,391.2,367.2,352.8,333.6, 
5/23/2023,333.6,297.6,300,295.2,297.6,276,292.8,278.4,273.6,273.6,261.6,261.6,264,259.2,268.8,256.8,256.8,266.4,268.8,278.4,276,271.2,273.6,268.8,261.6,264,252,220.8,201.6,201.6,237.6,206.4,194.4,136.8,60,69.6,60,31.2,33.6,0,2.4,0,4.8,0,0,0,0,0,0,0,0,0,0,0,0,0,0,0,0,0,0,0,0,0,0,2.4,117.6,132,148.8,153.6,146.4,199.2,213.6,228,283.2,324,357.6,398.4,415.2,422.4,424.8,441.6,448.8,436.8,434.4,424.8,424.8,398.4,398.4,396,367.2,374.4,350.4,307.2,302.4,283.2, 
5/24/2023,292.8,278.4,271.2,285.6,276,280.8,271.2,266.4,264,259.2,249.6,252,244.8,254.4,261.6,252,256.8,254.4,256.8,268.8,261.6,261.6,264,261.6,264,247.2,252,259.2,273.6,252,237.6,230.4,268.8,280.8,273.6,268.8,235.2,189.6,148.8,91.2,67.2,69.6,7.2,4.8,12,0,0,0,0,0,0,0,0,0,0,0,0,0,0,0,0,0,0,0,0,45.6,127.2,136.8,177.6,235.2,218.4,232.8,237.6,300,295.2,348,396,398.4,463.2,460.8,451.2,436.8,458.4,434.4,415.2,432,451.2,444,436.8,410.4,403.2,393.6,379.2,338.4,316.8,300, 
5/25/2023,295.2,288,283.2,278.4,283.2,280.8,268.8,278.4,266.4,261.6,268.8,264,264,254.4,259.2,252,254.4,278.4,285.6,338.4,333.6,393.6,403.2,364.8,336,283.2,290.4,280.8,283.2,249.6,237.6,228,232.8,211.2,199.2,228,189.6,199.2,156,48,0,2.4,7.2,0,2.4,0,0,0,0,2.4,7.2,4.8,0,0,0,0,0,0,0,0,0,0,0,0,2.4,50.4,139.2,175.2,165.6,177.6,124.8,136.8,160.8,232.8,280.8,324,388.8,369.6,434.4,441.6,444,444,475.2,465.6,427.2,429.6,424.8,434.4,410.4,410.4,415.2,405.6,400.8,360,340.8,326.4, 
5/26/2023,316.8,302.4,297.6,300,297.6,268.8,280.8,273.6,266.4,276,264,268.8,276,266.4,259.2,276,276,302.4,302.4,324,321.6,350.4,362.4,333.6,319.2,300,304.8,285.6,259.2,208.8,201.6,170.4,206.4,211.2,199.2,151.2,132,148.8,141.6,45.6,16.8,19.2,4.8,38.4,12,0,0,4.8,0,0,0,0,0,0,0,0,0,0,0,0,0,0,0,0,0,0,88.8,163.2,141.6,127.2,122.4,122.4,134.4,163.2,254.4,300,331.2,362.4,400.8,410.4,412.8,441.6,444,420,412.8,410.4,400.8,405.6,398.4,391.2,386.4,372,372,333.6,316.8,312, 
5/27/2023,307.2,300,295.2,295.2,292.8,290.4,276,276,273.6,268.8,266.4,268.8,264,268.8,266.4,256.8,271.2,266.4,285.6,276,285.6,292.8,285.6,268.8,273.6,235.2,242.4,240,230.4,213.6,206.4,175.2,182.4,172.8,136.8,112.8,57.6,31.2,16.8,9.6,12,4.8,0,0,0,0,0,0,0,0,0,7.2,0,0,0,0,0,0,0,0,0,0,0,0,2.4,19.2,144,204,244.8,163.2,170.4,134.4,158.4,213.6,213.6,304.8,324,302.4,345.6,381.6,403.2,410.4,420,410.4,432,403.2,403.2,388.8,381.6,386.4,384,393.6,374.4,345.6,331.2,304.8, 
5/28/2023,314.4,295.2,295.2,297.6,302.4,280.8,283.2,280.8,278.4,264,271.2,271.2,266.4,261.6,264,268.8,256.8,249.6,259.2,278.4,271.2,259.2,273.6,259.2,252,235.2,220.8,206.4,235.2,228,230.4,216,196.8,204,156,184.8,156,177.6,160.8,141.6,115.2,38.4,0,43.2,76.8,76.8,0,0,2.4,21.6,0,7.2,76.8,19.2,0,0,0,0,2.4,4.8,4.8,16.8,40.8,4.8,12,132,180,81.6,201.6,187.2,256.8,333.6,280.8,285.6,297.6,321.6,338.4,336,345.6,352.8,405.6,400.8,417.6,415.2,427.2,408,386.4,372,364.8,403.2,376.8,369.6,343.2,309.6,300,292.8, 
5/29/2023,288,273.6,283.2,283.2,283.2,283.2,268.8,268.8,268.8,276,264,266.4,268.8,271.2,273.6,259.2,256.8,268.8,278.4,280.8,278.4,278.4,278.4,256.8,242.4,240,218.4,194.4,247.2,244.8,196.8,175.2,206.4,220.8,180,134.4,48,45.6,48,26.4,0,0,4.8,0,21.6,0,0,0,0,0,0,4.8,0,0,0,0,0,0,0,7.2,105.6,194.4,129.6,2.4,180,81.6,220.8,199.2,232.8,201.6,196.8,448.8,453.6,434.4,439.2,470.4,487.2,496.8,468,484.8,482.4,465.6,487.2,496.8,470.4,470.4,489.6,446.4,451.2,422.4,424.8,420,384,343.2,328.8,343.2, 
5/30/2023,331.2,300,324,304.8,304.8,297.6,302.4,280.8,283.2,268.8,271.2,273.6,278.4,276,278.4,276,273.6,285.6,285.6,285.6,280.8,280.8,273.6,261.6,249.6,259.2,271.2,261.6,247.2,228,194.4,52.8,76.8,153.6,170.4,19.2,84,170.4,24,12,7.2,9.6,81.6,0,7.2,33.6,26.4,74.4,0,0,0,0,0,0,0,0,0,0,0,0,0,0,0,0,4.8,55.2,141.6,117.6,136.8,96,124.8,132,136.8,189.6,235.2,307.2,345.6,379.2,432,441.6,422.4,448.8,463.2,453.6,448.8,434.4,432,434.4,379.2,386.4,393.6,396,355.2,324,307.2,300, 
5/31/2023,297.6,271.2,276,288,280.8,271.2,273.6,278.4,256.8,256.8,247.2,259.2,259.2,256.8,261.6,261.6,244.8,254.4,259.2,268.8,276,266.4,276,264,254.4,254.4,240,235.2,223.2,182.4,163.2,103.2,79.2,170.4,144,55.2,55.2,26.4,7.2,14.4,26.4,48,0,0,0,0,0,0,0,0,0,0,0,0,0,0,0,0,0,0,0,0,0,0,0,12,136.8,192,165.6,177.6,141.6,117.6,124.8,165.6,237.6,280.8,312,331.2,369.6,415.2,417.6,412.8,439.2,424.8,446.4,432,412.8,410.4,393.6,391.2,381.6,391.2,374.4,333.6,319.2,309.6, 
6/1/2023,307.2,292.8,280.8,300,295.2,280.8,292.8,288,271.2,276,266.4,271.2,280.8,276,290.4,285.6,302.4,297.6,283.2,312,338.4,372,355.2,316.8,333.6,300,273.6,237.6,242.4,225.6,199.2,153.6,120,100.8,62.4,16.8,7.2,0,0,0,0,0,0,0,0,0,0,0,0,0,0,0,0,0,0,0,0,0,0,0,0,0,0,2.4,38.4,136.8,254.4,223.2,204,249.6,208.8,184.8,206.4,220.8,290.4,336,362.4,393.6,410.4,398.4,408,415.2,441.6,446.4,424.8,456,403.2,398.4,384,393.6,386.4,384,362.4,352.8,326.4,319.2, 
6/2/2023,314.4,302.4,300,302.4,295.2,290.4,285.6,285.6,273.6,273.6,273.6,276,273.6,278.4,273.6,271.2,302.4,288,307.2,340.8,355.2,372,403.2,355.2,297.6,266.4,268.8,268.8,259.2,228,180,160.8,148.8,124.8,86.4,55.2,31.2,0,0,0,0,0,0,0,0,0,0,0,0,0,0,0,0,0,0,0,0,0,0,0,0,2.4,2.4,7.2,9.6,74.4,208.8,261.6,271.2,242.4,247.2,242.4,268.8,295.2,331.2,379.2,429.6,446.4,460.8,504,487.2,463.2,480,477.6,463.2,451.2,436.8,441.6,424.8,400.8,398.4,403.2,381.6,348,331.2,302.4, 
6/3/2023,295.2,288,297.6,295.2,290.4,285.6,292.8,285.6,280.8,273.6,273.6,273.6,285.6,273.6,266.4,276,292.8,295.2,283.2,283.2,324,348,388.8,345.6,285.6,249.6,225.6,199.2,201.6,170.4,136.8,81.6,81.6,36,0,0,0,0,0,0,0,0,0,0,0,0,0,0,0,0,0,0,0,0,0,0,2.4,0,2.4,31.2,40.8,28.8,67.2,144,160.8,321.6,340.8,386.4,436.8,355.2,424.8,372,434.4,424.8,487.2,532.8,556.8,571.2,628.8,652.8,645.6,645.6,633.6,650.4,636,609.6,621.6,585.6,532.8,520.8,516,484.8,465.6,441.6,439.2,388.8, 
6/4/2023,386.4,364.8,348,343.2,338.4,350.4,340.8,328.8,314.4,312,285.6,302.4,290.4,288,292.8,280.8,276,268.8,290.4,292.8,283.2,285.6,283.2,244.8,237.6,225.6,237.6,194.4,201.6,194.4,163.2,151.2,132,98.4,100.8,64.8,40.8,50.4,2.4,0,0,2.4,0,0,0,0,0,0,2.4,0,0,0,0,9.6,12,2.4,7.2,0,14.4,14.4,43.2,57.6,55.2,148.8,189.6,297.6,352.8,379.2,364.8,324,362.4,345.6,333.6,396,472.8,518.4,554.4,604.8,590.4,628.8,604.8,619.2,626.4,621.6,580.8,578.4,520.8,496.8,463.2,460.8,446.4,446.4,412.8,348,357.6,321.6, 
6/5/2023,316.8,309.6,326.4,307.2,312,309.6,304.8,290.4,297.6,273.6,285.6,276,268.8,266.4,266.4,261.6,264,261.6,280.8,276,283.2,271.2,276,254.4,244.8,242.4,235.2,213.6,208.8,170.4,139.2,120,146.4,105.6,52.8,187.2,189.6,55.2,9.6,26.4,19.2,19.2,0,36,9.6,0,9.6,0,98.4,0,50.4,129.6,117.6,148.8,175.2,127.2,2.4,177.6,4.8,9.6,69.6,218.4,91.2,96,105.6,300,194.4,249.6,261.6,372,170.4,172.8,336,427.2,386.4,369.6,410.4,463.2,465.6,501.6,470.4,482.4,525.6,511.2,470.4,492,472.8,472.8,434.4,448.8,436.8,439.2,417.6,362.4,367.2,360, 
6/6/2023,350.4,343.2,357.6,336,316.8,319.2,314.4,312,300,302.4,304.8,283.2,295.2,288,288,292.8,295.2,288,304.8,312,295.2,302.4,302.4,288,285.6,295.2,292.8,295.2,280.8,271.2,273.6,292.8,312,276,271.2,295.2,340.8,367.2,403.2,417.6,439.2,379.2,355.2,276,165.6,182.4,120,38.4,24,33.6,64.8,0,50.4,9.6,9.6,0,0,0,0,0,0,0,0,55.2,122.4,278.4,244.8,268.8,340.8,398.4,240,288,300,393.6,511.2,477.6,453.6,439.2,460.8,489.6,472.8,499.2,494.4,501.6,463.2,456,434.4,415.2,417.6,429.6,417.6,403.2,364.8,348,326.4,319.2, 
6/7/2023,309.6,316.8,307.2,309.6,309.6,309.6,300,292.8,288,290.4,273.6,288,278.4,278.4,278.4,280.8,264,285.6,290.4,307.2,268.8,297.6,278.4,273.6,259.2,280.8,259.2,235.2,230.4,196.8,177.6,160.8,175.2,165.6,196.8,180,160.8,151.2,175.2,64.8,48,187.2,208.8,105.6,192,112.8,81.6,151.2,148.8,132,141.6,67.2,144,165.6,187.2,19.2,2.4,2.4,62.4,156,7.2,45.6,60,38.4,64.8,148.8,170.4,256.8,316.8,374.4,386.4,348,326.4,384,374.4,453.6,482.4,470.4,525.6,556.8,566.4,566.4,556.8,566.4,537.6,532.8,535.2,511.2,484.8,441.6,458.4,453.6,420,396,374.4,345.6, 
6/8/2023,350.4,345.6,340.8,328.8,324,336,321.6,319.2,307.2,300,290.4,304.8,292.8,285.6,292.8,271.2,302.4,302.4,326.4,384,381.6,410.4,427.2,379.2,300,280.8,288,297.6,276,285.6,264,225.6,235.2,225.6,192,180,120,148.8,144,64.8,86.4,33.6,21.6,7.2,0,4.8,0,0,0,2.4,0,0,0,0,0,0,0,2.4,0,2.4,0,19.2,28.8,48,165.6,232.8,297.6,343.2,324,232.8,292.8,300,307.2,333.6,352.8,420,429.6,470.4,535.2,520.8,523.2,494.4,518.4,506.4,482.4,484.8,484.8,458.4,451.2,441.6,444,429.6,415.2,388.8,362.4,338.4, 
6/9/2023,343.2,340.8,352.8,343.2,338.4,336,333.6,355.2,348,324,324,309.6,326.4,314.4,316.8,338.4,316.8,324,331.2,357.6,374.4,446.4,484.8,436.8,393.6,324,316.8,307.2,290.4,326.4,300,307.2,324,302.4,295.2,259.2,259.2,249.6,261.6,228,199.2,189.6,175.2,105.6,156,45.6,0,0,0,0,0,0,0,4.8,0,0,0,0,0,0,4.8,2.4,16.8,40.8,98.4,187.2,244.8,223.2,136.8,139.2,172.8,129.6,194.4,196.8,208.8,357.6,439.2,432,460.8,444,441.6,436.8,451.2,439.2,441.6,439.2,429.6,410.4,405.6,384,396,405.6,381.6,350.4,345.6,324, 
6/10/2023,316.8,297.6,297.6,302.4,297.6,288,283.2,295.2,268.8,278.4,268.8,268.8,266.4,271.2,276,295.2,297.6,271.2,278.4,300,340.8,340.8,364.8,336,307.2,278.4,321.6,295.2,302.4,249.6,249.6,271.2,256.8,244.8,237.6,228,199.2,165.6,163.2,108,36,9.6,26.4,2.4,0,0,0,0,0,0,0,0,0,0,0,16.8,43.2,0,0,50.4,9.6,96,208.8,163.2,144,261.6,324,314.4,252,172.8,127.2,151.2,93.6,124.8,247.2,268.8,408,376.8,396,398.4,405.6,384,396,415.2,410.4,417.6,396,410.4,379.2,374.4,372,367.2,336,321.6,321.6,304.8, 
6/11/2023,288,280.8,276,278.4,292.8,276,280.8,278.4,271.2,259.2,254.4,266.4,264,268.8,264,261.6,261.6,256.8,264,268.8,264,268.8,268.8,254.4,252,237.6,223.2,230.4,237.6,216,177.6,148.8,110.4,81.6,24,16.8,7.2,0,0,0,0,0,0,0,0,0,0,0,0,0,0,0,0,0,0,0,0,0,0,0,57.6,12,9.6,76.8,115.2,273.6,333.6,360,444,468,376.8,333.6,314.4,199.2,285.6,369.6,326.4,458.4,458.4,446.4,496.8,492,492,482.4,470.4,451.2,451.2,441.6,424.8,444,436.8,415.2,376.8,343.2,357.6,345.6, 
6/12/2023,316.8,314.4,312,285.6,314.4,304.8,292.8,285.6,280.8,273.6,266.4,302.4,307.2,309.6,314.4,312,288,271.2,288,333.6,326.4,331.2,326.4,331.2,302.4,297.6,276,256.8,276,256.8,254.4,268.8,292.8,261.6,218.4,136.8,151.2,120,81.6,24,28.8,55.2,9.6,91.2,79.2,81.6,79.2,96,0,0,0,0,0,0,14.4,0,0,4.8,2.4,19.2,4.8,60,2.4,52.8,76.8,163.2,211.2,276,292.8,544.8,448.8,316.8,432,458.4,412.8,621.6,559.2,535.2,530.4,564,580.8,554.4,571.2,561.6,580.8,566.4,544.8,508.8,489.6,470.4,472.8,465.6,427.2,405.6,408,364.8, 
6/13/2023,369.6,357.6,372,336,340.8,319.2,326.4,321.6,302.4,295.2,304.8,300,295.2,309.6,268.8,280.8,283.2,290.4,295.2,309.6,295.2,295.2,297.6,276,249.6,259.2,283.2,278.4,285.6,278.4,244.8,228,216,208.8,91.2,60,55.2,86.4,45.6,76.8,26.4,12,14.4,12,4.8,0,0,0,0,0,0,0,0,0,0,0,0,0,0,0,0,0,14.4,36,36,139.2,278.4,283.2,316.8,295.2,307.2,290.4,271.2,333.6,415.2,417.6,468,458.4,494.4,504,523.2,516,499.2,513.6,501.6,501.6,511.2,489.6,468,451.2,444,417.6,403.2,374.4,352.8,352.8, 
6/14/2023,350.4,326.4,328.8,324,319.2,328.8,333.6,326.4,307.2,309.6,304.8,302.4,314.4,290.4,295.2,290.4,283.2,307.2,290.4,314.4,309.6,314.4,319.2,307.2,302.4,285.6,300,285.6,290.4,278.4,228,264,240,232.8,223.2,213.6,278.4,110.4,48,76.8,62.4,36,14.4,7.2,21.6,31.2,4.8,2.4,0,0,0,2.4,4.8,9.6,0,33.6,50.4,76.8,50.4,52.8,98.4,136.8,168,168,196.8,283.2,458.4,350.4,388.8,408,602.4,523.2,372,295.2,386.4,484.8,463.2,499.2,511.2,597.6,585.6,559.2,573.6,578.4,588,573.6,549.6,511.2,494.4,475.2,465.6,446.4,441.6,379.2,374.4,367.2, 
6/15/2023,357.6,331.2,345.6,340.8,336,307.2,316.8,309.6,304.8,304.8,307.2,302.4,297.6,285.6,280.8,280.8,266.4,288,321.6,352.8,357.6,374.4,417.6,343.2,292.8,259.2,278.4,249.6,254.4,235.2,216,156,201.6,165.6,129.6,141.6,120,79.2,72,48,7.2,14.4,2.4,0,19.2,0,64.8,0,48,28.8,9.6,124.8,7.2,14.4,28.8,9.6,14.4,24,26.4,9.6,52.8,88.8,81.6,96,146.4,225.6,304.8,372,436.8,410.4,396,324,340.8,400.8,400.8,448.8,496.8,492,552,554.4,571.2,597.6,573.6,600,590.4,568.8,556.8,540,499.2,496.8,489.6,482.4,456,396,400.8,379.2, 
6/16/2023,360,364.8,348,352.8,345.6,321.6,321.6,319.2,316.8,300,328.8,309.6,309.6,307.2,312,297.6,328.8,321.6,307.2,333.6,369.6,391.2,405.6,357.6,312,309.6,290.4,259.2,280.8,256.8,247.2,235.2,225.6,244.8,256.8,216,247.2,151.2,129.6,201.6,64.8,33.6,7.2,26.4,12,7.2,7.2,0,4.8,7.2,7.2,2.4,0,2.4,0,0,19.2,14.4,16.8,38.4,14.4,26.4,43.2,48,134.4,220.8,297.6,297.6,357.6,364.8,403.2,297.6,314.4,405.6,405.6,456,489.6,520.8,561.6,571.2,576,537.6,537.6,592.8,537.6,528,556.8,508.8,470.4,448.8,436.8,410.4,374.4,348,348,324, 
6/17/2023,312,319.2,292.8,307.2,285.6,288,288,276,268.8,256.8,283.2,278.4,276,278.4,271.2,276,280.8,280.8,302.4,309.6,295.2,403.2,396,314.4,225.6,240,237.6,206.4,206.4,156,132,112.8,146.4,86.4,60,4.8,24,2.4,2.4,0,0,0,0,0,0,0,0,0,0,0,0,0,0,0,0,0,0,0,4.8,0,0,0,0,2.4,50.4,141.6,259.2,367.2,235.2,427.2,271.2,280.8,396,470.4,398.4,429.6,487.2,547.2,595.2,564,566.4,552,580.8,549.6,554.4,552,484.8,496.8,472.8,458.4,458.4,451.2,432,391.2,364.8,345.6, 
6/18/2023,364.8,321.6,333.6,324,314.4,307.2,300,288,273.6,252,283.2,276,259.2,232.8,268.8,252,261.6,254.4,259.2,252,259.2,242.4,266.4,220.8,208.8,228,218.4,218.4,228,218.4,194.4,165.6,151.2,144,115.2,88.8,74.4,28.8,7.2,4.8,0,0,0,0,0,0,0,0,0,0,0,0,0,0,0,0,0,0,0,0,0,0,0,0,2.4,43.2,91.2,129.6,132,146.4,144,144,153.6,204,230.4,266.4,364.8,357.6,412.8,439.2,458.4,475.2,456,436.8,417.6,424.8,441.6,403.2,400.8,369.6,350.4,350.4,331.2,290.4,283.2,271.2, 
6/19/2023,276,249.6,254.4,254.4,247.2,230.4,228,232.8,213.6,218.4,218.4,220.8,228,228,216,218.4,216,208.8,213.6,216,232.8,228,220.8,199.2,196.8,196.8,182.4,208.8,189.6,153.6,127.2,93.6,60,21.6,4.8,7.2,0,0,0,48,14.4,14.4,45.6,21.6,31.2,2.4,19.2,0,0,0,0,0,0,0,0,0,0,0,0,0,0,0,0,0,0,0,0,14.4,9.6,9.6,12,7.2,24,69.6,144,232.8,271.2,297.6,326.4,336,364.8,340.8,367.2,384,388.8,388.8,364.8,386.4,357.6,345.6,348,340.8,307.2,276,268.8,252, 
6/20/2023,261.6,252,237.6,259.2,230.4,223.2,232.8,218.4,230.4,247.2,230.4,232.8,225.6,228,223.2,228,225.6,228,228,223.2,223.2,228,223.2,208.8,196.8,199.2,211.2,201.6,201.6,158.4,136.8,115.2,98.4,72,62.4,24,0,2.4,0,0,0,0,0,0,0,0,0,0,0,0,0,0,0,0,0,0,0,0,0,0,0,0,0,0,0,40.8,110.4,129.6,168,151.2,158.4,120,141.6,165.6,211.2,247.2,295.2,324,345.6,379.2,393.6,388.8,384,427.2,412.8,391.2,393.6,388.8,376.8,357.6,374.4,352.8,331.2,295.2,288,278.4, 
6/21/2023,271.2,256.8,261.6,254.4,244.8,242.4,235.2,244.8,230.4,230.4,230.4,244.8,240,228,235.2,223.2,225.6,218.4,230.4,223.2,232.8,230.4,225.6,206.4,201.6,201.6,220.8,220.8,216,189.6,156,141.6,124.8,84,31.2,26.4,16.8,0,0,2.4,0,0,0,0,0,0,0,0,0,0,0,0,0,0,0,0,0,0,0,0,0,0,0,0,12,86.4,103.2,168,184.8,177.6,165.6,136.8,120,182.4,223.2,268.8,285.6,336,355.2,388.8,412.8,372,415.2,422.4,408,422.4,364.8,367.2,364.8,343.2,345.6,350.4,321.6,283.2,256.8,264, 
6/22/2023,252,244.8,242.4,249.6,242.4,232.8,235.2,232.8,230.4,228,232.8,242.4,237.6,220.8,223.2,220.8,218.4,242.4,254.4,295.2,312,300,328.8,324,297.6,228,220.8,208.8,242.4,247.2,249.6,264,288,218.4,182.4,168,187.2,177.6,163.2,38.4,0,129.6,33.6,0,0,0,0,0,0,0,0,0,0,7.2,0,0,0,0,0,0,0,0,0,2.4,14.4,208.8,187.2,196.8,76.8,103.2,69.6,69.6,103.2,151.2,213.6,280.8,331.2,386.4,398.4,453.6,444,441.6,446.4,465.6,460.8,444,463.2,441.6,436.8,453.6,439.2,403.2,372,355.2,328.8,307.2, 
6/23/2023,326.4,302.4,300,302.4,295.2,283.2,283.2,261.6,264,268.8,261.6,259.2,273.6,254.4,247.2,249.6,259.2,261.6,266.4,290.4,355.2,379.2,432,410.4,340.8,264,276,288,247.2,249.6,228,213.6,228,189.6,218.4,225.6,256.8,189.6,194.4,136.8,81.6,21.6,26.4,62.4,76.8,19.2,0,0,0,0,0,2.4,0,0,2.4,26.4,38.4,81.6,4.8,0,0,0,0,0,7.2,62.4,172.8,146.4,175.2,204,177.6,127.2,146.4,208.8,256.8,280.8,333.6,391.2,408,439.2,436.8,432,456,444,432,436.8,429.6,420,415.2,405.6,422.4,388.8,364.8,340.8,321.6,307.2, 
6/24/2023,321.6,288,292.8,285.6,276,271.2,259.2,256.8,252,254.4,252,261.6,240,235.2,249.6,235.2,232.8,235.2,261.6,285.6,312,367.2,403.2,379.2,316.8,240,228,242.4,232.8,206.4,235.2,184.8,196.8,206.4,184.8,168,158.4,117.6,79.2,50.4,12,0,0,0,0,0,0,0,0,0,0,0,0,0,0,0,0,0,0,0,0,0,0,0,0,9.6,26.4,67.2,146.4,117.6,96,96,74.4,127.2,184.8,237.6,312,312,331.2,393.6,405.6,391.2,410.4,405.6,403.2,379.2,400.8,403.2,405.6,398.4,376.8,374.4,350.4,314.4,297.6,292.8, 
6/25/2023,276,261.6,271.2,271.2,256.8,259.2,249.6,240,244.8,225.6,235.2,237.6,230.4,237.6,240,235.2,230.4,230.4,235.2,247.2,244.8,235.2,242.4,240,232.8,216,220.8,201.6,213.6,201.6,204,192,163.2,156,136.8,127.2,105.6,67.2,60,91.2,33.6,21.6,4.8,31.2,0,2.4,16.8,4.8,0,0,14.4,0,0,2.4,0,0,0,0,0,0,0,0,0,0,4.8,16.8,76.8,93.6,136.8,93.6,76.8,96,108,170.4,211.2,249.6,288,345.6,340.8,415.2,427.2,408,441.6,439.2,439.2,434.4,446.4,410.4,417.6,400.8,391.2,408,364.8,331.2,307.2,302.4, 
6/26/2023,300,292.8,304.8,290.4,283.2,264,259.2,237.6,235.2,244.8,252,259.2,244.8,244.8,242.4,240,228,247.2,242.4,252,259.2,242.4,232.8,242.4,244.8,237.6,235.2,228,216,213.6,187.2,168,134.4,129.6,146.4,91.2,108,180,175.2,64.8,7.2,0,0,0,0,0,0,0,0,0,0,0,0,0,0,0,0,0,0,0,0,0,0,0,33.6,57.6,43.2,103.2,156,163.2,196.8,163.2,160.8,261.6,297.6,273.6,304.8,393.6,412.8,408,408,424.8,420,432,429.6,434.4,415.2,388.8,379.2,360,364.8,372,331.2,309.6,295.2,280.8, 
6/27/2023,285.6,278.4,271.2,271.2,264,256.8,264,266.4,254.4,254.4,244.8,252,237.6,244.8,237.6,237.6,249.6,242.4,240,259.2,252,240,244.8,247.2,232.8,237.6,232.8,220.8,228,232.8,201.6,156,28.8,136.8,177.6,175.2,129.6,120,45.6,48,4.8,2.4,24,2.4,0,2.4,0,0,0,0,0,0,0,0,0,0,0,0,0,0,0,28.8,182.4,148.8,144,283.2,160.8,93.6,220.8,57.6,211.2,235.2,199.2,321.6,326.4,192,259.2,319.2,410.4,400.8,432,405.6,434.4,441.6,429.6,405.6,400.8,398.4,381.6,372,355.2,360,355.2,321.6,309.6,292.8, 
6/28/2023,264,276,261.6,266.4,276,266.4,268.8,259.2,261.6,247.2,252,249.6,244.8,244.8,256.8,244.8,242.4,249.6,259.2,247.2,268.8,249.6,261.6,252,273.6,235.2,244.8,232.8,249.6,228,223.2,144,50.4,158.4,105.6,98.4,182.4,43.2,12,16.8,2.4,0,0,0,0,0,0,0,0,0,0,0,0,0,0,0,0,0,0,0,0,0,0,0,12,64.8,86.4,156,204,196.8,165.6,158.4,168,230.4,235.2,290.4,350.4,362.4,393.6,422.4,436.8,422.4,444,429.6,432,424.8,420,379.2,381.6,384,386.4,357.6,357.6,300,283.2,268.8, 
6/29/2023,268.8,276,278.4,264,268.8,264,259.2,249.6,254.4,252,252,252,247.2,259.2,249.6,254.4,249.6,266.4,302.4,302.4,285.6,441.6,403.2,408,314.4,252,240,244.8,192,163.2,180,144,134.4,194.4,151.2,141.6,105.6,84,110.4,74.4,16.8,48,55.2,16.8,21.6,9.6,9.6,4.8,4.8,38.4,12,64.8,48,48,98.4,79.2,86.4,86.4,91.2,110.4,134.4,160.8,201.6,256.8,372,403.2,470.4,525.6,542.4,434.4,453.6,468,506.4,554.4,578.4,633.6,669.6,667.2,686.4,751.2,705.6,691.2,686.4,679.2,664.8,633.6,624,612,566.4,573.6,566.4,561.6,532.8,484.8,451.2,436.8, 
6/30/2023,405.6,417.6,384,369.6,393.6,369.6,352.8,348,364.8,333.6,345.6,331.2,314.4,336,321.6,369.6,343.2,336,333.6,367.2,369.6,386.4,420,391.2,376.8,350.4,340.8,348,362.4,319.2,333.6,312,328.8,288,319.2,252,273.6,276,230.4,256.8,237.6,216,192,187.2,168,180,148.8,165.6,189.6,196.8,189.6,199.2,213.6,220.8,225.6,220.8,244.8,264,271.2,271.2,283.2,333.6,355.2,333.6,403.2,427.2,487.2,508.8,588,626.4,616.8,604.8,609.6,612,652.8,681.6,717.6,770.4,792,796.8,813.6,806.4,799.2,835.2,772.8,744,734.4,717.6,698.4,672,672,657.6,638.4,580.8,585.6,561.6, 
7/1/2023,564,568.8,540,544.8,525.6,487.2,492,458.4,434.4,434.4,408,417.6,424.8,372,391.2,388.8,374.4,415.2,408,391.2,398.4,448.8,475.2,441.6,398.4,374.4,321.6,314.4,369.6,340.8,304.8,300,302.4,280.8,252,256.8,232.8,237.6,211.2,204,180,187.2,165.6,165.6,182.4,160.8,180,192,204,196.8,216,220.8,244.8,247.2,223.2,273.6,276,314.4,314.4,319.2,343.2,369.6,388.8,400.8,460.8,609.6,242.4,124.8,799.2,986.4,972,873.6,856.8,883.2,883.2,916.8,936,960,988.8,1012.8,496.8,820.8,1156.8,1084.8,1034.4,1010.4,962.4,950.4,960,924,945.6,933.6,885.6,854.4,782.4,804, 
7/2/2023,804,770.4,732,715.2,736.8,705.6,712.8,650.4,684,652.8,609.6,640.8,612,616.8,607.2,590.4,576,609.6,597.6,609.6,600,588,597.6,571.2,537.6,566.4,540,576,568.8,537.6,525.6,556.8,547.2,501.6,480,556.8,456,434.4,489.6,379.2,374.4,384,350.4,316.8,321.6,290.4,297.6,302.4,319.2,273.6,242.4,235.2,252,256.8,237.6,266.4,297.6,319.2,288,309.6,333.6,328.8,348,412.8,501.6,528,619.2,688.8,643.2,628.8,652.8,640.8,631.2,686.4,784.8,787.2,849.6,900,933.6,940.8,960,928.8,945.6,943.2,904.8,892.8,902.4,864,847.2,847.2,799.2,801.6,724.8,686.4,636,628.8, 
7/3/2023,626.4,604.8,588,588,559.2,556.8,549.6,542.4,540,501.6,506.4,496.8,482.4,494.4,470.4,468,494.4,458.4,463.2,470.4,456,456,432,400.8,398.4,410.4,386.4,396,429.6,408,388.8,388.8,376.8,350.4,352.8,312,290.4,268.8,280.8,297.6,247.2,216,187.2,160.8,165.6,158.4,127.2,146.4,182.4,165.6,158.4,151.2,177.6,153.6,136.8,120,120,132,139.2,148.8,160.8,168,216,228,300,362.4,386.4,417.6,482.4,472.8,496.8,508.8,499.2,544.8,554.4,597.6,595.2,660,652.8,657.6,693.6,643.2,650.4,652.8,602.4,621.6,612,573.6,583.2,566.4,552,542.4,496.8,470.4,446.4,446.4, 
7/4/2023,417.6,381.6,381.6,372,376.8,348,352.8,357.6,345.6,316.8,338.4,326.4,324,309.6,321.6,316.8,295.2,288,297.6,300,300,288,276,266.4,216,244.8,192,240,216,216,177.6,196.8,182.4,196.8,170.4,235.2,96,91.2,79.2,45.6,19.2,19.2,14.4,14.4,0,7.2,2.4,0,0,9.6,2.4,24,4.8,31.2,19.2,43.2,2.4,14.4,21.6,16.8,50.4,60,120,156,206.4,321.6,321.6,319.2,367.2,355.2,345.6,369.6,364.8,403.2,434.4,463.2,492,520.8,573.6,592.8,604.8,580.8,590.4,571.2,568.8,578.4,568.8,516,516,499.2,468,477.6,448.8,400.8,367.2,364.8, 
7/5/2023,340.8,333.6,352.8,336,304.8,302.4,292.8,300,280.8,285.6,271.2,268.8,276,283.2,259.2,252,271.2,271.2,264,271.2,266.4,256.8,259.2,244.8,235.2,235.2,240,211.2,230.4,220.8,228,194.4,187.2,156,160.8,115.2,100.8,127.2,134.4,88.8,74.4,88.8,67.2,60,38.4,19.2,36,50.4,74.4,64.8,69.6,64.8,76.8,60,43.2,52.8,57.6,50.4,57.6,86.4,88.8,96,124.8,168,252,374.4,381.6,403.2,396,391.2,415.2,432,391.2,436.8,487.2,477.6,525.6,542.4,600,604.8,602.4,585.6,576,602.4,585.6,566.4,559.2,542.4,506.4,477.6,470.4,468,446.4,408,393.6,391.2, 
7/6/2023,345.6,331.2,348,336,333.6,328.8,321.6,328.8,316.8,312,316.8,312,297.6,283.2,285.6,290.4,316.8,331.2,321.6,350.4,396,470.4,468,372,319.2,300,304.8,297.6,292.8,295.2,273.6,266.4,285.6,280.8,240,201.6,127.2,84,81.6,48,9.6,36,48,9.6,9.6,2.4,2.4,0,4.8,2.4,7.2,0,2.4,4.8,4.8,2.4,2.4,2.4,4.8,2.4,14.4,14.4,12,48,108,146.4,187.2,264,252,283.2,321.6,312,324,340.8,357.6,350.4,388.8,460.8,472.8,535.2,523.2,499.2,487.2,501.6,520.8,456,456,444,439.2,410.4,410.4,410.4,374.4,364.8,331.2,326.4, 
7/7/2023,316.8,309.6,321.6,307.2,312,338.4,295.2,297.6,290.4,300,288,278.4,276,285.6,271.2,288,280.8,264,295.2,295.2,297.6,276,300,280.8,280.8,276,283.2,278.4,254.4,225.6,211.2,168,151.2,112.8,129.6,189.6,151.2,153.6,163.2,139.2,16.8,19.2,84,0,2.4,0,0,0,0,0,0,0,0,0,0,0,0,0,0,0,0,0,0,0,2.4,100.8,158.4,232.8,192,206.4,192,194.4,218.4,211.2,292.8,340.8,396,434.4,460.8,499.2,504,458.4,484.8,484.8,465.6,444,451.2,441.6,410.4,381.6,400.8,367.2,374.4,316.8,316.8,295.2, 
7/8/2023,304.8,288,278.4,283.2,268.8,273.6,256.8,252,242.4,247.2,230.4,235.2,237.6,235.2,232.8,225.6,230.4,230.4,237.6,235.2,237.6,232.8,235.2,225.6,206.4,192,189.6,158.4,160.8,136.8,151.2,158.4,124.8,52.8,76.8,43.2,2.4,9.6,55.2,0,48,16.8,4.8,12,7.2,0,0,0,0,0,0,0,0,0,0,0,0,0,0,0,0,0,0,0,0,0,0,28.8,76.8,43.2,72,84,117.6,148.8,208.8,273.6,273.6,304.8,321.6,379.2,379.2,352.8,360,369.6,374.4,372,367.2,374.4,348,348,338.4,348,352.8,316.8,290.4,268.8, 
7/9/2023,288,249.6,259.2,254.4,256.8,242.4,244.8,242.4,230.4,230.4,218.4,220.8,220.8,211.2,220.8,218.4,220.8,211.2,218.4,216,223.2,220.8,225.6,218.4,218.4,196.8,180,189.6,151.2,148.8,124.8,124.8,72,55.2,38.4,48,21.6,38.4,52.8,64.8,28.8,0,26.4,38.4,21.6,48,0,2.4,4.8,0,0,0,0,0,0,0,0,0,0,0,0,0,0,0,0,12,48,55.2,110.4,50.4,81.6,105.6,86.4,163.2,220.8,261.6,316.8,381.6,441.6,470.4,475.2,460.8,484.8,489.6,487.2,499.2,480,470.4,477.6,434.4,480,458.4,393.6,393.6,388.8,372, 
7/10/2023,360,350.4,348,309.6,295.2,307.2,288,292.8,280.8,276,268.8,266.4,266.4,249.6,252,256.8,247.2,259.2,261.6,256.8,256.8,249.6,254.4,247.2,254.4,244.8,228,208.8,208.8,194.4,201.6,223.2,182.4,177.6,182.4,158.4,79.2,151.2,36,64.8,62.4,0,0,0,0,0,0,0,0,0,0,0,0,0,0,2.4,0,0,16.8,31.2,16.8,50.4,127.2,141.6,189.6,240,290.4,355.2,410.4,393.6,400.8,367.2,338.4,439.2,496.8,540,547.2,602.4,621.6,621.6,607.2,580.8,585.6,583.2,556.8,573.6,549.6,518.4,516,482.4,458.4,463.2,439.2,384,376.8,379.2, 
7/11/2023,345.6,319.2,357.6,333.6,321.6,312,302.4,304.8,273.6,278.4,254.4,254.4,242.4,235.2,252,252,242.4,235.2,249.6,249.6,249.6,249.6,240,235.2,218.4,204,235.2,232.8,235.2,244.8,230.4,196.8,225.6,204,232.8,151.2,165.6,148.8,156,175.2,160.8,201.6,199.2,165.6,110.4,120,110.4,112.8,105.6,129.6,144,144,122.4,163.2,165.6,148.8,168,187.2,180,184.8,199.2,235.2,259.2,338.4,369.6,489.6,496.8,496.8,508.8,544.8,573.6,530.4,516,595.2,607.2,700.8,729.6,715.2,760.8,813.6,794.4,746.4,756,748.8,686.4,688.8,660,660,607.2,578.4,590.4,547.2,518.4,465.6,424.8,422.4, 
7/12/2023,381.6,381.6,376.8,374.4,360,336,328.8,340.8,309.6,302.4,314.4,307.2,276,280.8,273.6,280.8,276,280.8,295.2,276,285.6,278.4,285.6,280.8,268.8,256.8,268.8,285.6,254.4,216,196.8,204,240,218.4,182.4,206.4,196.8,148.8,136.8,136.8,93.6,88.8,79.2,64.8,36,31.2,28.8,40.8,38.4,57.6,45.6,52.8,81.6,91.2,48,64.8,50.4,40.8,79.2,91.2,88.8,120,163.2,187.2,216,268.8,348,405.6,444,444,480,480,516,552,578.4,640.8,636,624,643.2,638.4,684,648,628.8,621.6,631.2,624,621.6,612,576,564,528,532.8,489.6,468,444,424.8, 
7/13/2023,410.4,386.4,388.8,391.2,381.6,384,340.8,357.6,355.2,340.8,333.6,340.8,316.8,309.6,326.4,285.6,302.4,309.6,312,338.4,410.4,432,420,307.2,273.6,264,276,273.6,338.4,326.4,273.6,285.6,326.4,321.6,302.4,300,288,249.6,252,271.2,249.6,189.6,182.4,148.8,156,127.2,105.6,108,153.6,124.8,120,132,172.8,158.4,129.6,153.6,160.8,180,175.2,163.2,172.8,225.6,261.6,295.2,391.2,424.8,468,477.6,516,535.2,487.2,511.2,597.6,650.4,664.8,688.8,708,727.2,765.6,808.8,813.6,772.8,760.8,777.6,741.6,744,715.2,691.2,652.8,607.2,626.4,621.6,585.6,568.8,523.2,532.8, 
7/14/2023,501.6,456,482.4,439.2,427.2,420,381.6,398.4,360,355.2,333.6,309.6,309.6,285.6,300,307.2,290.4,321.6,336,369.6,388.8,441.6,432,374.4,326.4,268.8,300,273.6,278.4,259.2,244.8,252,240,218.4,211.2,213.6,213.6,201.6,189.6,177.6,134.4,124.8,189.6,160.8,76.8,86.4,91.2,110.4,110.4,127.2,144,127.2,180,170.4,187.2,225.6,216,247.2,271.2,278.4,288,312,338.4,350.4,415.2,472.8,580.8,657.6,691.2,705.6,748.8,691.2,640.8,720,751.2,751.2,782.4,849.6,880.8,885.6,909.6,837.6,842.4,864,854.4,823.2,753.6,715.2,696,636,672,638.4,612,602.4,552,540, 
7/15/2023,513.6,475.2,489.6,477.6,456,417.6,408,393.6,348,336,340.8,338.4,328.8,319.2,319.2,319.2,304.8,297.6,326.4,316.8,292.8,292.8,312,312,276,271.2,285.6,280.8,266.4,268.8,230.4,194.4,170.4,141.6,120,127.2,139.2,134.4,88.8,62.4,50.4,60,45.6,33.6,31.2,50.4,40.8,21.6,28.8,33.6,64.8,93.6,108,84,129.6,165.6,182.4,213.6,232.8,259.2,264,283.2,304.8,333.6,352.8,396,496.8,631.2,667.2,652.8,679.2,674.4,645.6,705.6,720,760.8,842.4,835.2,900,938.4,931.2,936,945.6,928.8,909.6,861.6,847.2,837.6,842.4,784.8,729.6,727.2,643.2,660,672,614.4, 
7/16/2023,600,583.2,561.6,595.2,559.2,547.2,552,547.2,530.4,523.2,489.6,496.8,465.6,463.2,475.2,446.4,434.4,439.2,446.4,441.6,427.2,408,444,434.4,393.6,398.4,400.8,417.6,475.2,456,429.6,415.2,376.8,415.2,379.2,369.6,355.2,336,319.2,288,242.4,268.8,256.8,228,216,247.2,237.6,249.6,266.4,266.4,273.6,295.2,297.6,338.4,364.8,472.8,436.8,302.4,312,415.2,448.8,429.6,585.6,616.8,724.8,667.2,732,890.4,787.2,784.8,830.4,842.4,825.6,784.8,818.4,849.6,830.4,828,852,828,842.4,823.2,816,847.2,854.4,828,811.2,768,748.8,720,664.8,672,681.6,652.8,609.6,597.6, 
7/17/2023,592.8,604.8,600,619.2,609.6,566.4,578.4,583.2,585.6,564,532.8,556.8,535.2,520.8,501.6,508.8,506.4,528,494.4,506.4,501.6,506.4,504,463.2,470.4,492,470.4,484.8,482.4,506.4,492,489.6,492,480,468,513.6,465.6,410.4,396,369.6,391.2,403.2,285.6,206.4,465.6,204,280.8,300,283.2,292.8,283.2,300,300,266.4,302.4,307.2,326.4,388.8,364.8,379.2,410.4,441.6,444,516,547.2,621.6,650.4,691.2,657.6,708,710.4,734.4,724.8,746.4,770.4,794.4,861.6,902.4,928.8,950.4,948,955.2,924,921.6,902.4,895.2,902.4,796.8,782.4,751.2,748.8,705.6,684,636,619.2,580.8, 
7/18/2023,588,554.4,513.6,556.8,518.4,489.6,501.6,477.6,468,480,453.6,451.2,453.6,424.8,446.4,412.8,408,436.8,415.2,398.4,364.8,372,391.2,374.4,345.6,338.4,381.6,386.4,386.4,367.2,360,360,364.8,360,367.2,324,297.6,297.6,278.4,288,249.6,240,228,208.8,182.4,168,139.2,158.4,192,165.6,180,156,136.8,172.8,175.2,172.8,168,184.8,211.2,232.8,208.8,252,300,292.8,328.8,415.2,484.8,480,456,492,525.6,540,480,504,547.2,588,660,616.8,643.2,645.6,585.6,600,607.2,590.4,576,561.6,530.4,542.4,499.2,501.6,496.8,475.2,451.2,446.4,420,391.2, 
7/19/2023,374.4,384,348,355.2,343.2,345.6,321.6,321.6,331.2,316.8,297.6,324,297.6,316.8,297.6,295.2,300,321.6,304.8,312,312,321.6,312,302.4,312,307.2,302.4,297.6,283.2,268.8,232.8,249.6,288,264,285.6,252,244.8,204,211.2,189.6,175.2,132,105.6,110.4,100.8,91.2,112.8,110.4,158.4,180,165.6,153.6,165.6,160.8,136.8,96,129.6,129.6,148.8,134.4,156,170.4,182.4,156,223.2,384,412.8,492,528,528,516,513.6,468,492,566.4,626.4,662.4,684,662.4,696,708,650.4,650.4,655.2,628.8,621.6,571.2,552,535.2,518.4,499.2,506.4,482.4,427.2,417.6,381.6, 
7/20/2023,355.2,364.8,374.4,338.4,355.2,333.6,364.8,336,357.6,331.2,338.4,338.4,340.8,321.6,316.8,328.8,309.6,319.2,316.8,328.8,333.6,304.8,331.2,326.4,340.8,300,295.2,288,266.4,223.2,271.2,271.2,295.2,261.6,247.2,240,244.8,259.2,259.2,240,196.8,182.4,192,189.6,163.2,170.4,158.4,172.8,182.4,172.8,177.6,201.6,213.6,194.4,208.8,206.4,223.2,254.4,266.4,276,314.4,333.6,360,376.8,453.6,571.2,578.4,650.4,669.6,667.2,650.4,631.2,636,679.2,698.4,729.6,763.2,806.4,820.8,847.2,852,801.6,808.8,818.4,758.4,777.6,739.2,734.4,729.6,691.2,703.2,648,621.6,607.2,590.4,580.8, 
7/21/2023,561.6,540,504,475.2,434.4,424.8,422.4,379.2,386.4,379.2,352.8,350.4,369.6,348,338.4,340.8,360,338.4,338.4,384,439.2,434.4,386.4,352.8,412.8,340.8,348,328.8,357.6,367.2,362.4,391.2,391.2,379.2,379.2,348,338.4,374.4,304.8,348,297.6,271.2,232.8,242.4,223.2,175.2,216,213.6,235.2,225.6,232.8,249.6,264,249.6,273.6,244.8,247.2,256.8,271.2,285.6,307.2,343.2,386.4,350.4,408,475.2,576,624,684,684,662.4,652.8,662.4,691.2,751.2,775.2,818.4,837.6,864,897.6,900,866.4,876,859.2,837.6,806.4,772.8,768,760.8,710.4,688.8,655.2,650.4,616.8,554.4,532.8, 
7/22/2023,535.2,525.6,513.6,499.2,501.6,484.8,463.2,463.2,448.8,434.4,415.2,415.2,403.2,391.2,376.8,355.2,388.8,386.4,396,396,408,360,408,369.6,350.4,372,379.2,336,348,316.8,316.8,261.6,295.2,252,256.8,247.2,160.8,182.4,153.6,144,177.6,141.6,122.4,103.2,117.6,120,100.8,165.6,108,129.6,110.4,144,180,187.2,189.6,208.8,218.4,264,280.8,271.2,326.4,360,345.6,379.2,441.6,520.8,609.6,748.8,674.4,645.6,657.6,616.8,650.4,705.6,804,854.4,880.8,940.8,943.2,948,945.6,943.2,928.8,938.4,895.2,897.6,878.4,806.4,842.4,842.4,820.8,780,729.6,700.8,667.2,631.2, 
7/23/2023,609.6,597.6,597.6,580.8,530.4,523.2,511.2,520.8,511.2,504,484.8,499.2,475.2,468,465.6,448.8,468,460.8,451.2,465.6,448.8,475.2,439.2,453.6,458.4,434.4,434.4,434.4,408,415.2,381.6,352.8,386.4,417.6,379.2,379.2,362.4,319.2,376.8,379.2,280.8,290.4,288,369.6,410.4,410.4,328.8,268.8,218.4,237.6,384,314.4,328.8,244.8,168,223.2,196.8,232.8,232.8,228,259.2,266.4,307.2,612,628.8,475.2,549.6,544.8,724.8,624,588,607.2,595.2,619.2,638.4,705.6,734.4,751.2,768,760.8,816,813.6,756,760.8,693.6,664.8,660,624,609.6,621.6,573.6,564,542.4,489.6,499.2,475.2, 
7/24/2023,463.2,482.4,441.6,463.2,444,436.8,436.8,427.2,396,396,364.8,350.4,384,357.6,357.6,348,352.8,379.2,362.4,348,350.4,355.2,345.6,340.8,328.8,312,309.6,280.8,276,288,290.4,273.6,321.6,372,283.2,362.4,348,228,206.4,165.6,144,105.6,103.2,120,108,76.8,76.8,93.6,105.6,76.8,24,100.8,108,117.6,146.4,115.2,144,144,170.4,168,175.2,177.6,180,261.6,319.2,379.2,436.8,458.4,427.2,480,489.6,475.2,463.2,439.2,528,549.6,600,650.4,691.2,664.8,681.6,660,664.8,657.6,645.6,645.6,628.8,602.4,597.6,573.6,578.4,568.8,532.8,508.8,496.8,482.4, 
7/25/2023,470.4,436.8,432,451.2,434.4,412.8,417.6,410.4,376.8,384,396,376.8,357.6,357.6,345.6,376.8,345.6,352.8,326.4,331.2,321.6,319.2,333.6,331.2,314.4,312,319.2,326.4,360,372,304.8,165.6,292.8,393.6,374.4,324,295.2,338.4,124.8,249.6,276,259.2,223.2,232.8,160.8,189.6,170.4,139.2,177.6,170.4,184.8,184.8,199.2,199.2,208.8,192,192,228,244.8,276,295.2,292.8,350.4,367.2,398.4,516,566.4,585.6,592.8,595.2,619.2,612,604.8,626.4,686.4,712.8,753.6,782.4,849.6,847.2,818.4,830.4,828,828,840,811.2,796.8,765.6,715.2,722.4,727.2,674.4,686.4,636,609.6,595.2, 
7/26/2023,592.8,592.8,578.4,571.2,542.4,508.8,511.2,484.8,458.4,475.2,444,465.6,451.2,441.6,441.6,408,415.2,432,388.8,391.2,381.6,386.4,391.2,384,362.4,352.8,374.4,369.6,408,381.6,360,364.8,206.4,316.8,372,273.6,345.6,326.4,300,324,283.2,242.4,211.2,228,201.6,177.6,199.2,201.6,206.4,235.2,235.2,264,273.6,259.2,256.8,266.4,237.6,242.4,247.2,242.4,280.8,285.6,326.4,362.4,439.2,494.4,530.4,609.6,600,590.4,631.2,597.6,592.8,597.6,655.2,712.8,758.4,758.4,801.6,811.2,784.8,748.8,717.6,746.4,700.8,691.2,662.4,636,607.2,588,616.8,559.2,542.4,506.4,477.6,482.4, 
7/27/2023,456,448.8,432,439.2,446.4,415.2,417.6,405.6,412.8,412.8,376.8,367.2,386.4,374.4,381.6,362.4,360,374.4,376.8,444,412.8,468,444,441.6,376.8,357.6,340.8,345.6,364.8,360,319.2,220.8,333.6,415.2,328.8,324,309.6,268.8,297.6,266.4,256.8,249.6,216,184.8,165.6,172.8,158.4,139.2,134.4,160.8,144,96,139.2,156,139.2,136.8,136.8,139.2,127.2,148.8,158.4,136.8,177.6,254.4,333.6,336,345.6,350.4,398.4,410.4,441.6,410.4,408,453.6,501.6,580.8,592.8,621.6,643.2,686.4,688.8,631.2,676.8,660,621.6,619.2,600,573.6,602.4,580.8,578.4,571.2,516,506.4,470.4,458.4, 
7/28/2023,408,408,403.2,384,398.4,372,367.2,357.6,352.8,316.8,345.6,321.6,328.8,319.2,328.8,312,314.4,319.2,345.6,362.4,386.4,405.6,396,355.2,343.2,285.6,278.4,300,321.6,314.4,300,312,283.2,290.4,295.2,280.8,230.4,199.2,189.6,187.2,148.8,153.6,156,115.2,74.4,76.8,72,76.8,88.8,84,76.8,103.2,93.6,84,91.2,64.8,93.6,122.4,170.4,165.6,175.2,232.8,240,292.8,350.4,415.2,482.4,513.6,532.8,504,513.6,508.8,532.8,554.4,619.2,681.6,696,703.2,748.8,746.4,724.8,681.6,724.8,715.2,655.2,664.8,655.2,631.2,604.8,600,592.8,585.6,554.4,520.8,487.2,460.8, 
7/29/2023,441.6,412.8,405.6,432,400.8,372,388.8,384,374.4,336,343.2,348,336,326.4,326.4,348,357.6,376.8,352.8,331.2,333.6,393.6,420,326.4,312,278.4,290.4,300,302.4,292.8,244.8,252,216,213.6,177.6,139.2,144,129.6,91.2,103.2,103.2,91.2,86.4,64.8,76.8,60,31.2,21.6,52.8,45.6,62.4,72,76.8,96,88.8,93.6,117.6,110.4,156,117.6,151.2,211.2,213.6,271.2,316.8,396,434.4,412.8,472.8,480,446.4,393.6,451.2,518.4,578.4,631.2,664.8,628.8,691.2,688.8,672,660,667.2,645.6,619.2,626.4,607.2,573.6,578.4,547.2,525.6,554.4,487.2,472.8,484.8,432, 
7/30/2023,429.6,398.4,400.8,381.6,362.4,384,340.8,338.4,357.6,348,304.8,324,328.8,331.2,297.6,297.6,297.6,288,304.8,307.2,304.8,300,312,288,292.8,276,256.8,252,276,278.4,264,232.8,244.8,213.6,206.4,182.4,144,151.2,134.4,153.6,132,79.2,103.2,115.2,86.4,84,60,50.4,72,76.8,81.6,79.2,91.2,84,139.2,124.8,141.6,165.6,175.2,182.4,199.2,261.6,261.6,285.6,364.8,451.2,566.4,597.6,600,528,480,487.2,513.6,573.6,595.2,643.2,676.8,698.4,756,772.8,765.6,760.8,736.8,698.4,679.2,648,652.8,624,595.2,600,573.6,556.8,532.8,487.2,487.2,458.4, 
7/31/2023,444,417.6,393.6,439.2,396,396,376.8,374.4,369.6,379.2,328.8,360,352.8,343.2,314.4,307.2,328.8,321.6,326.4,314.4,316.8,326.4,307.2,309.6,307.2,302.4,297.6,312,316.8,297.6,302.4,307.2,338.4,345.6,324,307.2,343.2,280.8,252,249.6,249.6,230.4,187.2,172.8,158.4,189.6,134.4,139.2,151.2,134.4,141.6,139.2,177.6,156,153.6,129.6,141.6,141.6,158.4,194.4,177.6,184.8,211.2,276,328.8,338.4,475.2,660,753.6,542.4,556.8,530.4,564,547.2,580.8,616.8,645.6,631.2,660,667.2,657.6,657.6,638.4,650.4,631.2,607.2,619.2,585.6,573.6,573.6,549.6,561.6,535.2,499.2,480,463.2, 
8/1/2023,444,429.6,420,396,388.8,379.2,391.2,381.6,338.4,357.6,343.2,355.2,336,336,333.6,336,340.8,326.4,319.2,326.4,319.2,326.4,328.8,319.2,324,300,316.8,297.6,273.6,271.2,242.4,244.8,240,276,309.6,307.2,244.8,324,328.8,194.4,122.4,100.8,146.4,124.8,108,103.2,108,100.8,112.8,127.2,225.6,93.6,55.2,88.8,93.6,60,84,67.2,38.4,62.4,86.4,62.4,88.8,110.4,199.2,304.8,412.8,412.8,403.2,403.2,398.4,333.6,355.2,388.8,427.2,513.6,516,518.4,544.8,532.8,556.8,556.8,544.8,535.2,508.8,523.2,504,492,480,463.2,465.6,475.2,446.4,398.4,381.6,384, 
8/2/2023,374.4,360,355.2,384,355.2,338.4,338.4,357.6,321.6,343.2,333.6,328.8,321.6,333.6,331.2,321.6,316.8,328.8,338.4,333.6,309.6,324,314.4,324,319.2,328.8,348,304.8,304.8,295.2,276,266.4,259.2,228,266.4,204,124.8,156,146.4,117.6,74.4,48,55.2,45.6,14.4,21.6,21.6,31.2,69.6,84,74.4,108,117.6,84,60,26.4,36,14.4,33.6,43.2,36,64.8,74.4,72,122.4,276,300,345.6,340.8,324,302.4,304.8,314.4,350.4,415.2,439.2,480,484.8,540,544.8,552,554.4,556.8,559.2,537.6,552,544.8,516,528,504,504,472.8,480,417.6,403.2,355.2, 
8/3/2023,388.8,345.6,360,357.6,355.2,357.6,343.2,319.2,328.8,307.2,302.4,309.6,304.8,307.2,283.2,285.6,283.2,295.2,312,340.8,396,410.4,364.8,321.6,297.6,295.2,268.8,280.8,261.6,271.2,266.4,259.2,278.4,266.4,254.4,242.4,206.4,201.6,180,156,156,124.8,105.6,72,28.8,45.6,43.2,9.6,28.8,4.8,2.4,31.2,19.2,2.4,21.6,24,16.8,38.4,21.6,12,24,64.8,105.6,86.4,201.6,268.8,316.8,403.2,451.2,331.2,300,304.8,355.2,465.6,520.8,597.6,619.2,597.6,616.8,609.6,602.4,578.4,604.8,604.8,585.6,602.4,580.8,561.6,542.4,554.4,501.6,511.2,504,441.6,432,434.4, 
8/4/2023,408,386.4,381.6,398.4,372,391.2,357.6,362.4,336,338.4,348,343.2,307.2,312,321.6,285.6,304.8,307.2,321.6,314.4,367.2,415.2,429.6,391.2,355.2,312,268.8,307.2,261.6,252,237.6,283.2,264,268.8,288,290.4,254.4,254.4,232.8,225.6,213.6,168,206.4,196.8,141.6,146.4,165.6,120,168,182.4,144,165.6,206.4,216,247.2,228,201.6,218.4,240,208.8,242.4,283.2,321.6,295.2,324,417.6,482.4,547.2,571.2,578.4,566.4,523.2,487.2,549.6,609.6,640.8,688.8,676.8,693.6,717.6,672,688.8,684,676.8,693.6,660,638.4,640.8,628.8,578.4,568.8,576,506.4,482.4,465.6,448.8, 
8/5/2023,453.6,410.4,393.6,408,410.4,393.6,384,362.4,355.2,350.4,357.6,364.8,328.8,343.2,328.8,309.6,338.4,324,321.6,348,386.4,415.2,410.4,352.8,314.4,333.6,290.4,290.4,285.6,307.2,288,271.2,280.8,278.4,232.8,259.2,220.8,213.6,225.6,201.6,175.2,189.6,170.4,153.6,158.4,148.8,134.4,201.6,141.6,144,153.6,180,177.6,180,218.4,228,244.8,252,295.2,290.4,324,340.8,357.6,386.4,477.6,520.8,621.6,628.8,662.4,650.4,626.4,638.4,667.2,684,736.8,765.6,801.6,782.4,823.2,830.4,828,787.2,770.4,756,746.4,698.4,696,691.2,664.8,652.8,664.8,669.6,633.6,583.2,566.4,578.4, 
8/6/2023,552,564,535.2,525.6,530.4,511.2,501.6,489.6,448.8,441.6,458.4,439.2,432,444,410.4,405.6,396,396,405.6,388.8,400.8,393.6,403.2,367.2,384,398.4,340.8,355.2,367.2,384,408,379.2,420,405.6,379.2,367.2,367.2,372,355.2,321.6,314.4,295.2,273.6,273.6,256.8,259.2,278.4,278.4,292.8,271.2,316.8,328.8,321.6,307.2,350.4,319.2,345.6,400.8,400.8,412.8,441.6,475.2,487.2,487.2,597.6,679.2,691.2,698.4,691.2,712.8,741.6,777.6,765.6,844.8,883.2,933.6,950.4,1003.2,979.2,984,1017.6,981.6,962.4,931.2,924,907.2,880.8,849.6,840,820.8,847.2,796.8,772.8,744,722.4,700.8, 
8/7/2023,693.6,655.2,667.2,628.8,638.4,643.2,602.4,624,578.4,583.2,576,537.6,571.2,547.2,556.8,552,528,552,544.8,518.4,525.6,504,537.6,549.6,525.6,530.4,460.8,501.6,561.6,549.6,559.2,549.6,549.6,568.8,564,595.2,564,523.2,566.4,523.2,513.6,508.8,496.8,463.2,456,472.8,465.6,472.8,499.2,528,463.2,477.6,468,463.2,422.4,405.6,460.8,477.6,506.4,537.6,576,561.6,597.6,676.8,720,753.6,775.2,871.2,849.6,782.4,801.6,804,792,878.4,919.2,952.8,988.8,1008,1032,996,988.8,998.4,979.2,950.4,962.4,897.6,878.4,852,808.8,780,777.6,748.8,712.8,660,633.6,621.6, 
8/8/2023,609.6,595.2,561.6,552,556.8,542.4,523.2,537.6,492,456,465.6,444,468,448.8,434.4,432,424.8,427.2,403.2,422.4,403.2,424.8,403.2,388.8,388.8,391.2,357.6,367.2,391.2,367.2,376.8,417.6,398.4,396,400.8,360,393.6,355.2,338.4,348,338.4,333.6,340.8,292.8,292.8,307.2,278.4,273.6,297.6,331.2,297.6,338.4,360,357.6,352.8,319.2,343.2,331.2,312,326.4,319.2,336,432,415.2,432,506.4,528,566.4,650.4,636,595.2,619.2,648,705.6,760.8,801.6,828,852,840,871.2,844.8,789.6,832.8,772.8,756,756,724.8,734.4,691.2,662.4,660,631.2,628.8,602.4,547.2,554.4, 
8/9/2023,549.6,537.6,513.6,506.4,508.8,489.6,460.8,451.2,412.8,415.2,410.4,410.4,408,384,393.6,372,372,376.8,384,379.2,386.4,372,384,384,364.8,360,355.2,357.6,398.4,432,439.2,403.2,424.8,463.2,446.4,412.8,384,367.2,367.2,338.4,362.4,319.2,300,295.2,278.4,276,266.4,290.4,278.4,268.8,268.8,297.6,309.6,304.8,331.2,360,343.2,324,360,376.8,384,379.2,398.4,468,516,585.6,616.8,662.4,631.2,691.2,686.4,652.8,684,724.8,758.4,852,873.6,859.2,888,897.6,885.6,876,813.6,820.8,801.6,732,724.8,679.2,652.8,628.8,640.8,619.2,609.6,583.2,559.2,556.8, 
8/10/2023,513.6,480,468,468,475.2,453.6,427.2,391.2,432,405.6,398.4,398.4,388.8,386.4,369.6,374.4,379.2,386.4,463.2,494.4,468,465.6,470.4,477.6,429.6,424.8,364.8,391.2,374.4,367.2,388.8,379.2,391.2,357.6,376.8,379.2,309.6,321.6,295.2,280.8,285.6,285.6,254.4,271.2,254.4,252,244.8,273.6,290.4,276,319.2,343.2,350.4,364.8,369.6,360,345.6,367.2,367.2,374.4,386.4,396,429.6,444,513.6,535.2,556.8,691.2,763.2,727.2,729.6,696,720,724.8,796.8,828,844.8,890.4,916.8,924,912,902.4,938.4,890.4,854.4,847.2,808.8,808.8,744,763.2,736.8,712.8,703.2,662.4,607.2,600, 
8/11/2023,583.2,576,578.4,602.4,559.2,513.6,511.2,489.6,496.8,472.8,511.2,506.4,508.8,508.8,504,492,489.6,520.8,535.2,590.4,595.2,578.4,595.2,614.4,573.6,525.6,542.4,537.6,506.4,465.6,475.2,520.8,532.8,506.4,525.6,518.4,451.2,475.2,513.6,477.6,451.2,439.2,432,410.4,384,405.6,352.8,348,352.8,369.6,307.2,326.4,379.2,367.2,384,350.4,364.8,364.8,362.4,374.4,391.2,408,446.4,470.4,549.6,645.6,686.4,765.6,772.8,744,703.2,669.6,712.8,717.6,787.2,799.2,813.6,823.2,820.8,828,852,789.6,792,811.2,789.6,789.6,753.6,734.4,722.4,681.6,696,696,684,684,650.4,633.6, 
8/12/2023,636,597.6,612,595.2,556.8,571.2,554.4,554.4,549.6,544.8,535.2,511.2,537.6,504,511.2,523.2,489.6,458.4,511.2,528,489.6,607.2,626.4,657.6,602.4,525.6,460.8,456,489.6,494.4,518.4,489.6,496.8,482.4,432,446.4,415.2,408,398.4,396,364.8,355.2,360,350.4,355.2,314.4,350.4,328.8,343.2,302.4,333.6,350.4,367.2,357.6,376.8,388.8,393.6,420,420,463.2,482.4,487.2,504,576,597.6,655.2,698.4,784.8,772.8,813.6,840,837.6,840,878.4,924,969.6,986.4,1029.6,1046.4,1008,1015.2,984,936,967.2,926.4,883.2,871.2,849.6,818.4,801.6,794.4,801.6,751.2,722.4,724.8,679.2, 
8/13/2023,676.8,698.4,660,664.8,674.4,652.8,624,643.2,628.8,597.6,602.4,602.4,580.8,552,564,535.2,547.2,552,547.2,559.2,547.2,552,532.8,547.2,559.2,530.4,463.2,511.2,544.8,523.2,552,547.2,544.8,549.6,508.8,487.2,484.8,477.6,456,427.2,422.4,420,417.6,405.6,408,384,393.6,384,386.4,372,386.4,362.4,393.6,369.6,391.2,400.8,432,456,456,480,477.6,470.4,640.8,765.6,820.8,938.4,758.4,832.8,895.2,816,957.6,806.4,792,976.8,1099.2,1101.6,1048.8,1046.4,1024.8,1036.8,1063.2,1111.2,1060.8,1051.2,1044,1029.6,960,960,931.2,919.2,919.2,919.2,895.2,864,835.2,823.2, 
8/14/2023,825.6,758.4,789.6,777.6,753.6,763.2,770.4,739.2,739.2,744,736.8,712.8,736.8,729.6,703.2,693.6,712.8,681.6,672,691.2,676.8,655.2,667.2,643.2,664.8,679.2,636,624,624,614.4,597.6,621.6,645.6,660,657.6,686.4,684,660,458.4,684,727.2,674.4,679.2,715.2,640.8,621.6,602.4,657.6,676.8,633.6,573.6,552,619.2,499.2,376.8,405.6,446.4,482.4,475.2,496.8,501.6,475.2,525.6,528,621.6,686.4,669.6,736.8,864,758.4,768,792,828,883.2,847.2,952.8,1012.8,1027.2,1044,1027.2,1022.4,981.6,948,984,948,969.6,936,914.4,904.8,880.8,895.2,854.4,844.8,811.2,760.8,796.8, 
8/15/2023,777.6,732,722.4,751.2,720,693.6,691.2,674.4,672,660,648,655.2,643.2,624,636,604.8,616.8,604.8,585.6,597.6,588,580.8,592.8,580.8,588,612,616.8,588,609.6,597.6,576,578.4,595.2,614.4,592.8,566.4,544.8,554.4,676.8,549.6,511.2,482.4,460.8,432,429.6,434.4,451.2,408,460.8,475.2,444,489.6,494.4,489.6,513.6,492,506.4,528,528,537.6,564,612,669.6,619.2,700.8,770.4,830.4,847.2,832.8,806.4,840,835.2,876,924,979.2,1022.4,1032,1039.2,1053.6,1058.4,1063.2,1065.6,1039.2,1029.6,984,972,974.4,952.8,900,849.6,844.8,825.6,784.8,736.8,715.2,722.4, 
8/16/2023,700.8,688.8,700.8,691.2,679.2,650.4,657.6,643.2,636,631.2,660,624,619.2,616.8,602.4,607.2,588,600,609.6,602.4,595.2,600,585.6,609.6,621.6,619.2,609.6,595.2,636,619.2,576,573.6,607.2,621.6,662.4,628.8,607.2,595.2,544.8,549.6,549.6,542.4,540,499.2,472.8,484.8,508.8,513.6,516,523.2,494.4,513.6,530.4,571.2,559.2,549.6,544.8,535.2,556.8,542.4,580.8,600,640.8,660,734.4,777.6,943.2,820.8,828,904.8,938.4,1000.8,1008,1092,1108.8,1101.6,1116,1094.4,1101.6,1075.2,1075.2,1106.4,1101.6,1070.4,1089.6,1075.2,1039.2,1036.8,988.8,967.2,952.8,948,940.8,888,866.4,868.8, 
8/17/2023,849.6,842.4,801.6,799.2,801.6,768,763.2,782.4,739.2,720,741.6,712.8,698.4,710.4,686.4,674.4,669.6,660,684,708,792,768,748.8,674.4,688.8,619.2,636,628.8,595.2,616.8,612,607.2,609.6,595.2,612,604.8,583.2,547.2,537.6,542.4,552,523.2,518.4,487.2,465.6,458.4,477.6,446.4,451.2,472.8,456,444,518.4,494.4,482.4,458.4,398.4,420,417.6,456,487.2,494.4,525.6,576,564,592.8,660,696,782.4,787.2,768,705.6,753.6,808.8,904.8,928.8,931.2,957.6,974.4,960,957.6,933.6,924,895.2,861.6,876,844.8,816,787.2,772.8,770.4,748.8,768,746.4,734.4,679.2, 
8/18/2023,679.2,636,640.8,638.4,760.8,758.4,770.4,770.4,753.6,708,724.8,732,729.6,722.4,748.8,736.8,717.6,715.2,753.6,732,736.8,789.6,852,780,736.8,770.4,727.2,667.2,628.8,633.6,616.8,602.4,619.2,679.2,672,729.6,717.6,664.8,645.6,636,609.6,595.2,597.6,549.6,494.4,489.6,487.2,480,501.6,504,439.2,369.6,386.4,396,434.4,391.2,436.8,391.2,444,434.4,460.8,463.2,794.4,722.4,787.2,828,751.2,804,981.6,950.4,820.8,655.2,640.8,775.2,758.4,804,823.2,825.6,878.4,880.8,859.2,873.6,864,837.6,789.6,763.2,770.4,729.6,710.4,710.4,693.6,676.8,640.8,626.4,616.8,585.6, 
8/19/2023,583.2,588,561.6,549.6,547.2,552,518.4,513.6,523.2,513.6,480,470.4,496.8,472.8,456,439.2,451.2,460.8,458.4,446.4,444,465.6,501.6,499.2,472.8,494.4,460.8,415.2,439.2,432,388.8,412.8,424.8,436.8,384,357.6,328.8,343.2,326.4,324,302.4,288,290.4,268.8,261.6,247.2,268.8,247.2,237.6,220.8,254.4,252,237.6,259.2,268.8,290.4,247.2,288,292.8,328.8,307.2,333.6,386.4,393.6,487.2,535.2,590.4,648,686.4,667.2,700.8,657.6,664.8,729.6,820.8,871.2,890.4,859.2,871.2,876,871.2,873.6,816,804,772.8,765.6,760.8,763.2,732,717.6,710.4,708,662.4,621.6,607.2,592.8, 
8/20/2023,578.4,590.4,590.4,568.8,566.4,566.4,554.4,504,528,528,523.2,499.2,511.2,511.2,501.6,468,499.2,492,489.6,506.4,501.6,487.2,472.8,499.2,494.4,444,496.8,456,429.6,424.8,463.2,405.6,384,420,424.8,405.6,367.2,304.8,273.6,350.4,261.6,268.8,271.2,280.8,247.2,223.2,254.4,247.2,225.6,247.2,240,268.8,240,278.4,268.8,304.8,288,309.6,374.4,364.8,393.6,422.4,427.2,446.4,456,573.6,681.6,710.4,804,835.2,794.4,734.4,751.2,924,993.6,984,1036.8,1024.8,1072.8,1080,1101.6,1092,1058.4,1039.2,1024.8,1017.6,984,976.8,964.8,969.6,936,933.6,866.4,840,852,832.8, 
8/21/2023,825.6,825.6,832.8,813.6,804,780,763.2,741.6,739.2,739.2,720,712.8,717.6,748.8,717.6,727.2,736.8,729.6,736.8,708,736.8,708,700.8,710.4,722.4,715.2,660,638.4,679.2,710.4,708,703.2,729.6,727.2,650.4,693.6,703.2,712.8,568.8,496.8,487.2,424.8,614.4,516,602.4,643.2,676.8,710.4,746.4,736.8,765.6,734.4,693.6,705.6,724.8,688.8,576,693.6,746.4,576,626.4,698.4,758.4,741.6,796.8,837.6,756,756,861.6,847.2,864,705.6,751.2,746.4,825.6,808.8,808.8,811.2,840,847.2,842.4,840,844.8,830.4,806.4,794.4,780,784.8,770.4,715.2,729.6,736.8,715.2,674.4,643.2,636, 
8/22/2023,638.4,621.6,604.8,621.6,612,595.2,600,576,583.2,578.4,556.8,564,547.2,537.6,516,511.2,513.6,547.2,528,547.2,549.6,554.4,547.2,525.6,542.4,580.8,564,559.2,540,537.6,523.2,552,549.6,549.6,544.8,564,542.4,530.4,540,568.8,504,468,477.6,458.4,400.8,384,391.2,393.6,372,374.4,357.6,381.6,379.2,408,386.4,408,417.6,410.4,446.4,405.6,446.4,448.8,489.6,516,535.2,561.6,676.8,801.6,789.6,796.8,729.6,756,784.8,842.4,900,914.4,904.8,924,916.8,933.6,924,928.8,888,907.2,885.6,876,856.8,830.4,772.8,751.2,748.8,736.8,708,684,664.8,643.2, 
8/23/2023,628.8,631.2,636,643.2,614.4,602.4,592.8,588,576,554.4,520.8,556.8,547.2,535.2,540,518.4,516,530.4,513.6,501.6,530.4,508.8,482.4,482.4,499.2,523.2,484.8,492,499.2,523.2,518.4,556.8,573.6,580.8,600,595.2,607.2,585.6,513.6,511.2,475.2,492,410.4,415.2,420,432,400.8,410.4,436.8,439.2,477.6,434.4,448.8,511.2,477.6,511.2,552,492,535.2,544.8,568.8,585.6,590.4,681.6,741.6,734.4,787.2,868.8,904.8,885.6,936,844.8,902.4,972,979.2,1053.6,1048.8,1082.4,1075.2,1063.2,1096.8,1070.4,1068,1058.4,1046.4,1041.6,1029.6,1000.8,972,981.6,962.4,967.2,933.6,892.8,849.6,842.4, 
8/24/2023,856.8,840,820.8,799.2,808.8,816,787.2,772.8,775.2,768,734.4,734.4,746.4,746.4,720,720,739.2,720,746.4,787.2,782.4,763.2,801.6,830.4,825.6,782.4,688.8,676.8,684,724.8,700.8,710.4,715.2,698.4,727.2,691.2,691.2,676.8,624,612,571.2,556.8,525.6,556.8,516,492,480,482.4,499.2,475.2,492,480,523.2,477.6,472.8,511.2,465.6,475.2,487.2,484.8,484.8,480,499.2,549.6,636,652.8,756,780,727.2,782.4,782.4,765.6,813.6,900,940.8,960,979.2,1003.2,957.6,967.2,967.2,952.8,924,880.8,856.8,820.8,804,801.6,794.4,741.6,744,691.2,679.2,657.6,614.4,595.2, 
8/25/2023,592.8,590.4,554.4,573.6,576,544.8,547.2,554.4,561.6,528,549.6,540,554.4,542.4,552,566.4,547.2,564,588,600,669.6,700.8,765.6,691.2,672,669.6,626.4,616.8,604.8,604.8,597.6,592.8,597.6,595.2,590.4,636,655.2,650.4,616.8,592.8,600,525.6,554.4,477.6,208.8,297.6,290.4,408,216,235.2,228,228,232.8,228,225.6,242.4,223.2,247.2,261.6,235.2,256.8,300,331.2,376.8,424.8,439.2,552,597.6,607.2,655.2,664.8,662.4,669.6,715.2,794.4,804,854.4,828,796.8,772.8,780,751.2,758.4,691.2,693.6,676.8,638.4,614.4,621.6,614.4,592.8,585.6,566.4,513.6,487.2,504, 
8/26/2023,487.2,432,434.4,472.8,441.6,422.4,453.6,429.6,400.8,381.6,415.2,384,376.8,388.8,405.6,374.4,398.4,412.8,396,379.2,427.2,544.8,530.4,480,484.8,448.8,393.6,408,412.8,357.6,364.8,364.8,343.2,343.2,345.6,338.4,321.6,324,321.6,285.6,271.2,273.6,218.4,165.6,93.6,108,14.4,2.4,2.4,7.2,19.2,57.6,21.6,36,72,79.2,74.4,124.8,105.6,146.4,127.2,199.2,206.4,280.8,328.8,369.6,453.6,508.8,528,518.4,549.6,532.8,537.6,626.4,674.4,705.6,715.2,681.6,660,703.2,696,662.4,636,640.8,607.2,568.8,595.2,568.8,530.4,525.6,518.4,501.6,475.2,439.2,436.8,408, 
8/27/2023,403.2,369.6,374.4,362.4,364.8,364.8,343.2,321.6,324,316.8,302.4,312,288,290.4,292.8,271.2,300,271.2,273.6,261.6,280.8,273.6,266.4,268.8,268.8,316.8,297.6,276,271.2,261.6,218.4,206.4,199.2,175.2,158.4,175.2,139.2,117.6,100.8,91.2,64.8,64.8,100.8,105.6,86.4,62.4,50.4,64.8,48,40.8,67.2,67.2,64.8,50.4,84,124.8,100.8,120,127.2,136.8,170.4,175.2,268.8,331.2,398.4,446.4,468,542.4,549.6,561.6,518.4,561.6,607.2,693.6,772.8,804,818.4,792,758.4,770.4,732,732,722.4,712.8,664.8,640.8,667.2,650.4,616.8,621.6,607.2,568.8,559.2,518.4,477.6,446.4, 
8/28/2023,482.4,451.2,420,408,441.6,376.8,372,376.8,345.6,333.6,319.2,302.4,304.8,304.8,314.4,290.4,290.4,295.2,295.2,307.2,304.8,290.4,304.8,285.6,302.4,324,290.4,297.6,292.8,295.2,338.4,352.8,369.6,360,391.2,403.2,379.2,360,340.8,379.2,328.8,319.2,295.2,244.8,244.8,232.8,216,242.4,194.4,208.8,206.4,242.4,228,264,252,261.6,288,316.8,338.4,326.4,348,345.6,448.8,494.4,487.2,566.4,604.8,681.6,688.8,640.8,652.8,655.2,660,693.6,765.6,813.6,856.8,823.2,825.6,796.8,780,748.8,748.8,708,688.8,657.6,660,614.4,602.4,576,564,559.2,542.4,499.2,463.2,472.8, 
8/29/2023,446.4,420,405.6,429.6,386.4,374.4,372,338.4,326.4,312,328.8,314.4,300,304.8,283.2,278.4,278.4,261.6,266.4,273.6,256.8,268.8,247.2,247.2,266.4,307.2,254.4,268.8,261.6,264,120,96,266.4,338.4,340.8,312,259.2,302.4,264,100.8,177.6,206.4,237.6,218.4,204,199.2,180,160.8,144,172.8,163.2,165.6,206.4,177.6,182.4,196.8,208.8,204,213.6,211.2,273.6,254.4,288,367.2,424.8,520.8,604.8,650.4,616.8,636,633.6,636,693.6,768,806.4,852,871.2,859.2,876,847.2,868.8,840,835.2,859.2,835.2,835.2,806.4,758.4,729.6,724.8,676.8,684,633.6,576,537.6,559.2, 
8/30/2023,499.2,501.6,508.8,482.4,468,451.2,429.6,429.6,415.2,403.2,372,381.6,367.2,364.8,340.8,338.4,331.2,348,309.6,321.6,312,326.4,314.4,343.2,328.8,348,357.6,324,314.4,319.2,340.8,367.2,374.4,189.6,360,410.4,429.6,427.2,460.8,420,321.6,367.2,376.8,372,343.2,362.4,340.8,336,324,355.2,369.6,367.2,379.2,372,400.8,372,400.8,420,396,427.2,417.6,492,520.8,588,633.6,693.6,768,799.2,811.2,796.8,772.8,820.8,780,864,919.2,926.4,957.6,924,940.8,969.6,933.6,948,914.4,940.8,895.2,902.4,914.4,912,861.6,885.6,842.4,878.4,849.6,813.6,789.6,760.8, 
8/31/2023,739.2,799.2,748.8,744,746.4,681.6,626.4,609.6,612,571.2,544.8,559.2,554.4,585.6,559.2,564,552,597.6,595.2,609.6,619.2,655.2,698.4,650.4,576,561.6,525.6,501.6,501.6,489.6,480,355.2,472.8,535.2,530.4,496.8,499.2,523.2,499.2,446.4,434.4,417.6,434.4,432,400.8,369.6,312,324,290.4,328.8,326.4,300,331.2,283.2,321.6,247.2,393.6,400.8,249.6,283.2,256.8,429.6,580.8,652.8,592.8,585.6,650.4,626.4,729.6,727.2,652.8,741.6,722.4,710.4,736.8,789.6,792,816,796.8,825.6,775.2,782.4,792,739.2,756,763.2,760.8,729.6,708,679.2,679.2,624,604.8,578.4,535.2,537.6, 
9/1/2023,528,492,475.2,477.6,460.8,420,415.2,398.4,391.2,350.4,348,350.4,326.4,328.8,328.8,360,343.2,336,343.2,367.2,400.8,408,463.2,444,393.6,424.8,396,386.4,345.6,340.8,355.2,333.6,331.2,345.6,384,410.4,424.8,463.2,458.4,480,432,468,518.4,585.6,554.4,508.8,448.8,374.4,391.2,168,379.2,386.4,456,420,328.8,321.6,278.4,396,552,216,386.4,496.8,412.8,535.2,736.8,681.6,612,763.2,724.8,674.4,758.4,693.6,700.8,691.2,720,741.6,693.6,708,741.6,734.4,736.8,751.2,722.4,724.8,684,696,710.4,636,619.2,616.8,607.2,621.6,583.2,535.2,484.8,489.6, 
9/2/2023,484.8,448.8,460.8,463.2,427.2,434.4,388.8,403.2,398.4,391.2,386.4,362.4,374.4,367.2,350.4,376.8,357.6,384,374.4,410.4,441.6,441.6,451.2,444,463.2,453.6,444,412.8,350.4,338.4,304.8,355.2,374.4,364.8,432,444,422.4,458.4,427.2,403.2,427.2,360,429.6,364.8,379.2,369.6,384,468,472.8,549.6,556.8,537.6,597.6,621.6,624,489.6,453.6,535.2,604.8,633.6,626.4,585.6,660,643.2,621.6,727.2,717.6,760.8,760.8,753.6,696,628.8,638.4,712.8,717.6,703.2,715.2,681.6,669.6,686.4,679.2,674.4,652.8,645.6,633.6,631.2,597.6,621.6,616.8,633.6,614.4,592.8,576,511.2,465.6,480, 
9/3/2023,489.6,477.6,446.4,451.2,453.6,460.8,412.8,446.4,424.8,403.2,420,441.6,427.2,427.2,436.8,405.6,415.2,444,432,391.2,403.2,432,434.4,393.6,427.2,417.6,444,424.8,441.6,388.8,388.8,417.6,427.2,398.4,352.8,345.6,312,208.8,338.4,348,192,295.2,350.4,360,91.2,117.6,357.6,24,45.6,31.2,21.6,124.8,441.6,115.2,79.2,33.6,52.8,38.4,55.2,86.4,88.8,170.4,192,252,283.2,350.4,393.6,472.8,458.4,470.4,470.4,494.4,506.4,588,664.8,648,636,624,681.6,688.8,664.8,660,679.2,621.6,645.6,645.6,609.6,576,578.4,544.8,530.4,523.2,523.2,489.6,460.8,463.2, 
9/4/2023,446.4,439.2,448.8,458.4,444,422.4,415.2,398.4,384,393.6,396,376.8,338.4,362.4,367.2,348,348,333.6,350.4,367.2,362.4,386.4,367.2,384,410.4,384,405.6,403.2,362.4,331.2,326.4,316.8,307.2,309.6,321.6,309.6,247.2,232.8,350.4,314.4,168,170.4,163.2,153.6,139.2,120,86.4,62.4,64.8,98.4,81.6,67.2,79.2,67.2,84,67.2,100.8,129.6,134.4,160.8,211.2,220.8,268.8,333.6,403.2,451.2,489.6,520.8,549.6,552,576,578.4,556.8,600,674.4,650.4,705.6,688.8,640.8,693.6,669.6,648,626.4,614.4,604.8,590.4,588,588,566.4,549.6,544.8,518.4,482.4,429.6,448.8,429.6, 
9/5/2023,396,403.2,393.6,398.4,360,364.8,362.4,340.8,326.4,309.6,312,302.4,307.2,295.2,309.6,280.8,288,273.6,273.6,276,276,268.8,264,261.6,280.8,307.2,302.4,273.6,283.2,271.2,297.6,304.8,307.2,336,357.6,338.4,321.6,290.4,292.8,288,278.4,247.2,302.4,280.8,273.6,225.6,211.2,187.2,192,187.2,180,146.4,168,153.6,187.2,216,184.8,244.8,261.6,266.4,314.4,312,386.4,405.6,429.6,492,535.2,571.2,607.2,609.6,616.8,633.6,650.4,720,768,775.2,763.2,736.8,717.6,760.8,720,686.4,667.2,638.4,624,590.4,576,595.2,580.8,535.2,518.4,530.4,504,480,489.6,470.4, 
9/6/2023,446.4,460.8,408,405.6,410.4,415.2,369.6,343.2,369.6,321.6,309.6,297.6,302.4,302.4,297.6,268.8,283.2,283.2,271.2,273.6,280.8,259.2,252,261.6,280.8,292.8,292.8,276,271.2,271.2,300,288,336,343.2,326.4,307.2,316.8,259.2,232.8,232.8,240,204,213.6,172.8,168,177.6,177.6,129.6,132,160.8,165.6,196.8,189.6,153.6,192,139.2,177.6,184.8,182.4,220.8,208.8,276,276,355.2,436.8,506.4,559.2,609.6,595.2,590.4,636,640.8,676.8,710.4,775.2,772.8,763.2,727.2,705.6,722.4,669.6,638.4,645.6,628.8,580.8,580.8,588,537.6,525.6,532.8,496.8,501.6,484.8,446.4,434.4,405.6, 
9/7/2023,388.8,357.6,360,360,343.2,345.6,333.6,338.4,333.6,309.6,331.2,309.6,343.2,328.8,326.4,333.6,336,326.4,384,391.2,439.2,537.6,513.6,456,393.6,412.8,420,391.2,374.4,348,379.2,348,355.2,321.6,340.8,340.8,360,343.2,319.2,288,247.2,242.4,244.8,228,244.8,206.4,213.6,182.4,180,223.2,218.4,196.8,204,242.4,208.8,230.4,223.2,244.8,242.4,244.8,276,309.6,295.2,372,446.4,542.4,571.2,616.8,633.6,631.2,679.2,693.6,736.8,758.4,804,813.6,796.8,736.8,775.2,748.8,712.8,705.6,633.6,636,631.2,614.4,588,600,588,547.2,564,566.4,508.8,484.8,463.2,429.6, 
9/8/2023,420,420,410.4,396,379.2,355.2,360,350.4,333.6,333.6,314.4,309.6,319.2,319.2,307.2,300,302.4,295.2,321.6,324,386.4,403.2,415.2,398.4,384,343.2,336,276,290.4,283.2,307.2,333.6,381.6,360,379.2,381.6,364.8,316.8,333.6,336,307.2,309.6,307.2,292.8,285.6,230.4,208.8,223.2,228,228,235.2,242.4,259.2,273.6,244.8,297.6,297.6,319.2,345.6,357.6,386.4,427.2,499.2,525.6,552,638.4,674.4,696,722.4,744,775.2,799.2,830.4,873.6,928.8,943.2,919.2,871.2,892.8,876,840,847.2,828,811.2,799.2,789.6,712.8,703.2,669.6,652.8,636,679.2,633.6,580.8,561.6,566.4, 
9/9/2023,511.2,504,506.4,508.8,472.8,470.4,480,446.4,429.6,412.8,422.4,434.4,415.2,422.4,405.6,381.6,386.4,381.6,391.2,410.4,472.8,458.4,429.6,391.2,364.8,386.4,403.2,343.2,324,324,292.8,290.4,307.2,343.2,312,266.4,271.2,249.6,218.4,206.4,170.4,192,211.2,297.6,230.4,312,160.8,192,266.4,189.6,343.2,117.6,288,352.8,91.2,201.6,396,331.2,422.4,482.4,357.6,388.8,319.2,453.6,408,604.8,780,542.4,576,580.8,662.4,710.4,720,808.8,775.2,804,782.4,746.4,765.6,768,736.8,715.2,710.4,640.8,616.8,619.2,592.8,585.6,554.4,566.4,523.2,530.4,523.2,470.4,453.6,458.4, 
9/10/2023,405.6,369.6,376.8,362.4,355.2,350.4,314.4,324,290.4,297.6,288,290.4,288,276,264,240,240,256.8,244.8,237.6,273.6,266.4,266.4,264,247.2,278.4,271.2,271.2,297.6,249.6,242.4,225.6,225.6,206.4,196.8,187.2,148.8,100.8,76.8,60,2.4,0,4.8,2.4,19.2,2.4,7.2,19.2,7.2,28.8,16.8,28.8,48,55.2,84,45.6,112.8,84,100.8,134.4,168,208.8,237.6,328.8,489.6,501.6,552,566.4,626.4,602.4,583.2,602.4,638.4,712.8,760.8,763.2,748.8,760.8,732,708,720,676.8,628.8,590.4,604.8,595.2,566.4,564,542.4,508.8,523.2,508.8,448.8,429.6,408,388.8, 
9/11/2023,360,369.6,336,324,319.2,312,290.4,283.2,268.8,268.8,285.6,261.6,266.4,254.4,244.8,225.6,240,230.4,230.4,244.8,256.8,235.2,242.4,240,252,268.8,264,252,249.6,223.2,228,247.2,249.6,273.6,312,336,302.4,328.8,247.2,216,240,254.4,304.8,264,220.8,201.6,168,160.8,177.6,208.8,168,192,213.6,223.2,225.6,254.4,266.4,290.4,285.6,276,285.6,367.2,408,393.6,506.4,566.4,612,626.4,609.6,648,640.8,693.6,650.4,734.4,765.6,777.6,696,681.6,684,676.8,655.2,676.8,664.8,636,633.6,631.2,602.4,588,588,583.2,523.2,504,501.6,448.8,415.2,422.4, 
9/12/2023,374.4,400.8,357.6,357.6,367.2,343.2,333.6,324,312,292.8,307.2,266.4,304.8,271.2,268.8,278.4,247.2,268.8,259.2,261.6,261.6,288,280.8,256.8,276,304.8,273.6,297.6,276,276,307.2,259.2,283.2,290.4,276,247.2,247.2,254.4,228,218.4,182.4,204,160.8,151.2,206.4,170.4,148.8,148.8,136.8,187.2,235.2,206.4,208.8,225.6,208.8,204,208.8,235.2,283.2,285.6,271.2,302.4,376.8,465.6,506.4,573.6,583.2,648,621.6,607.2,638.4,650.4,669.6,686.4,696,758.4,710.4,686.4,691.2,698.4,657.6,638.4,619.2,624,614.4,590.4,590.4,544.8,537.6,535.2,508.8,513.6,513.6,434.4,415.2,408, 
9/13/2023,393.6,372,340.8,338.4,357.6,316.8,319.2,319.2,309.6,280.8,292.8,276,268.8,283.2,254.4,249.6,259.2,266.4,256.8,266.4,256.8,256.8,266.4,264,288,307.2,304.8,266.4,259.2,254.4,264,276,324,312,331.2,285.6,259.2,247.2,230.4,218.4,204,132,124.8,141.6,134.4,100.8,136.8,120,151.2,189.6,187.2,184.8,237.6,225.6,264,264,309.6,321.6,333.6,336,357.6,355.2,456,494.4,580.8,612,652.8,693.6,681.6,660,684,708,760.8,784.8,861.6,880.8,799.2,772.8,789.6,756,744,705.6,681.6,662.4,619.2,612,645.6,607.2,580.8,578.4,566.4,564,525.6,518.4,480,451.2, 
9/14/2023,460.8,403.2,408,388.8,386.4,372,376.8,324,343.2,307.2,292.8,304.8,292.8,283.2,290.4,288,268.8,276,290.4,304.8,364.8,376.8,417.6,350.4,345.6,384,336,302.4,285.6,278.4,278.4,266.4,266.4,290.4,283.2,223.2,304.8,288,242.4,220.8,192,175.2,172.8,168,146.4,160.8,148.8,165.6,160.8,189.6,216,232.8,266.4,252,264,276,309.6,326.4,314.4,348,345.6,376.8,417.6,446.4,477.6,600,633.6,628.8,688.8,722.4,727.2,708,744,746.4,799.2,782.4,722.4,734.4,696,674.4,664.8,643.2,616.8,624,583.2,559.2,585.6,549.6,530.4,530.4,554.4,525.6,487.2,494.4,441.6,429.6, 
9/15/2023,434.4,436.8,393.6,391.2,379.2,362.4,336,331.2,338.4,331.2,324,307.2,307.2,336,326.4,316.8,297.6,350.4,348,338.4,381.6,472.8,432,398.4,391.2,357.6,350.4,360,338.4,321.6,314.4,312,391.2,379.2,379.2,369.6,374.4,400.8,374.4,355.2,388.8,261.6,242.4,194.4,127.2,52.8,50.4,84,115.2,148.8,172.8,170.4,189.6,199.2,184.8,180,201.6,230.4,242.4,273.6,297.6,314.4,328.8,369.6,400.8,477.6,489.6,607.2,676.8,717.6,717.6,727.2,681.6,688.8,727.2,710.4,638.4,657.6,664.8,636,640.8,612,602.4,571.2,542.4,559.2,544.8,535.2,535.2,506.4,516,496.8,487.2,446.4,424.8,420, 
9/16/2023,400.8,386.4,379.2,388.8,376.8,381.6,398.4,369.6,328.8,350.4,369.6,343.2,357.6,331.2,376.8,331.2,360,348,321.6,352.8,357.6,374.4,328.8,350.4,369.6,364.8,338.4,379.2,400.8,360,355.2,328.8,350.4,340.8,374.4,324,340.8,367.2,367.2,345.6,357.6,340.8,360,372,357.6,340.8,292.8,321.6,333.6,314.4,333.6,304.8,175.2,31.2,242.4,38.4,67.2,168,127.2,96,117.6,156,182.4,196.8,300,357.6,412.8,436.8,494.4,547.2,566.4,559.2,520.8,571.2,614.4,573.6,552,612,602.4,566.4,592.8,559.2,532.8,556.8,542.4,506.4,494.4,494.4,492,468,465.6,477.6,444,405.6,417.6,412.8, 
9/17/2023,405.6,391.2,398.4,391.2,374.4,381.6,369.6,357.6,381.6,355.2,360,360,348,331.2,364.8,376.8,355.2,336,379.2,374.4,333.6,362.4,352.8,362.4,333.6,352.8,338.4,321.6,328.8,312,297.6,288,338.4,268.8,290.4,266.4,256.8,230.4,211.2,153.6,184.8,115.2,139.2,100.8,110.4,93.6,96,117.6,105.6,72,93.6,81.6,96,165.6,127.2,141.6,120,112.8,134.4,151.2,146.4,228,283.2,333.6,338.4,415.2,472.8,547.2,556.8,547.2,542.4,552,561.6,602.4,614.4,648,614.4,609.6,628.8,614.4,604.8,602.4,597.6,564,576,544.8,528,504,516,499.2,458.4,496.8,468,405.6,381.6,424.8, 
9/18/2023,388.8,379.2,367.2,376.8,357.6,324,319.2,328.8,316.8,312,290.4,280.8,278.4,254.4,295.2,254.4,261.6,242.4,261.6,237.6,256.8,237.6,249.6,247.2,271.2,276,283.2,271.2,268.8,249.6,271.2,297.6,316.8,290.4,324,309.6,276,273.6,235.2,237.6,206.4,180,170.4,180,151.2,127.2,110.4,69.6,67.2,122.4,136.8,136.8,187.2,165.6,192,204,228,213.6,242.4,261.6,307.2,314.4,324,405.6,484.8,513.6,549.6,592.8,638.4,612,604.8,588,614.4,667.2,660,691.2,664.8,638.4,655.2,628.8,604.8,588,612,597.6,564,547.2,540,523.2,499.2,511.2,492,477.6,439.2,415.2,367.2,357.6, 
9/19/2023,376.8,350.4,340.8,348,350.4,338.4,314.4,307.2,295.2,302.4,295.2,295.2,290.4,264,266.4,278.4,256.8,254.4,249.6,254.4,259.2,273.6,266.4,273.6,285.6,295.2,268.8,290.4,252,249.6,278.4,276,307.2,333.6,343.2,314.4,369.6,290.4,259.2,242.4,244.8,170.4,165.6,180,180,129.6,110.4,120,98.4,115.2,117.6,129.6,184.8,196.8,187.2,201.6,218.4,225.6,252,264,247.2,271.2,348,384,475.2,523.2,542.4,554.4,614.4,609.6,614.4,650.4,664.8,691.2,674.4,657.6,674.4,628.8,636,645.6,628.8,602.4,597.6,573.6,554.4,549.6,542.4,513.6,499.2,496.8,453.6,482.4,429.6,384,364.8,350.4, 
9/20/2023,321.6,343.2,340.8,319.2,326.4,319.2,273.6,304.8,280.8,295.2,264,278.4,264,261.6,256.8,247.2,249.6,256.8,266.4,261.6,244.8,264,273.6,244.8,271.2,280.8,295.2,302.4,268.8,259.2,237.6,264,280.8,302.4,307.2,297.6,273.6,235.2,252,242.4,187.2,151.2,160.8,117.6,124.8,60,74.4,76.8,141.6,153.6,144,156,192,208.8,230.4,206.4,223.2,249.6,276,266.4,276,266.4,321.6,352.8,427.2,458.4,506.4,597.6,688.8,643.2,662.4,652.8,626.4,633.6,660,609.6,585.6,583.2,604.8,576,542.4,552,535.2,516,489.6,504,465.6,460.8,424.8,415.2,396,403.2,391.2,357.6,338.4,357.6, 
9/21/2023,324,324,302.4,292.8,331.2,292.8,292.8,261.6,259.2,232.8,252,237.6,237.6,252,232.8,225.6,228,237.6,256.8,254.4,326.4,388.8,362.4,302.4,283.2,261.6,268.8,276,254.4,247.2,230.4,232.8,259.2,276,259.2,268.8,268.8,261.6,225.6,218.4,182.4,158.4,127.2,136.8,132,100.8,79.2,76.8,79.2,64.8,105.6,93.6,117.6,134.4,144,177.6,180,208.8,216,249.6,242.4,254.4,312,364.8,412.8,441.6,544.8,643.2,703.2,698.4,715.2,681.6,662.4,748.8,710.4,705.6,758.4,693.6,693.6,681.6,628.8,626.4,640.8,559.2,552,552,511.2,504,482.4,480,475.2,456,434.4,376.8,355.2,355.2, 
9/22/2023,324,326.4,292.8,324,314.4,297.6,295.2,268.8,283.2,268.8,264,256.8,237.6,244.8,242.4,242.4,252,276,268.8,324,321.6,307.2,312,321.6,316.8,295.2,285.6,273.6,240,237.6,228,228,249.6,268.8,278.4,288,249.6,268.8,223.2,177.6,141.6,160.8,124.8,64.8,72,40.8,24,24,26.4,40.8,36,52.8,100.8,98.4,91.2,108,129.6,148.8,160.8,163.2,204,247.2,252,278.4,285.6,398.4,408,468,523.2,513.6,552,535.2,511.2,540,588,573.6,552,554.4,528,559.2,496.8,496.8,492,487.2,458.4,436.8,420,400.8,405.6,396,386.4,388.8,348,319.2,280.8,290.4, 
9/23/2023,273.6,254.4,295.2,237.6,264,249.6,240,237.6,228,218.4,220.8,206.4,220.8,213.6,208.8,225.6,204,216,242.4,240,285.6,312,319.2,302.4,268.8,259.2,244.8,230.4,201.6,184.8,177.6,165.6,156,136.8,110.4,122.4,115.2,81.6,86.4,117.6,144,158.4,38.4,0,0,0,0,0,0,0,0,0,0,0,0,0,7.2,9.6,24,40.8,45.6,86.4,110.4,108,252,316.8,331.2,360,412.8,441.6,444,436.8,444,458.4,525.6,475.2,506.4,480,492,496.8,501.6,487.2,492,451.2,456,434.4,432,410.4,424.8,396,403.2,369.6,362.4,307.2,312,309.6, 
9/24/2023,307.2,280.8,278.4,271.2,290.4,276,273.6,266.4,254.4,247.2,249.6,237.6,237.6,242.4,228,213.6,240,220.8,218.4,225.6,220.8,242.4,242.4,235.2,237.6,252,235.2,232.8,252,220.8,218.4,199.2,211.2,192,192,163.2,158.4,151.2,98.4,120,19.2,43.2,79.2,0,0,0,0,0,0,0,0,0,0,0,0,24,24,50.4,50.4,60,120,136.8,182.4,268.8,326.4,355.2,444,451.2,453.6,441.6,484.8,446.4,470.4,518.4,576,547.2,501.6,518.4,506.4,472.8,504,501.6,472.8,448.8,453.6,432,446.4,439.2,417.6,396,386.4,384,355.2,309.6,295.2,295.2, 
9/25/2023,297.6,300,278.4,280.8,252,247.2,237.6,223.2,244.8,216,218.4,232.8,220.8,216,218.4,196.8,199.2,201.6,208.8,213.6,218.4,220.8,225.6,218.4,235.2,256.8,244.8,244.8,259.2,230.4,223.2,237.6,244.8,247.2,230.4,213.6,204,230.4,235.2,177.6,168,124.8,134.4,93.6,98.4,81.6,79.2,60,105.6,132,72,76.8,103.2,129.6,148.8,165.6,175.2,225.6,242.4,280.8,283.2,290.4,338.4,396,516,511.2,520.8,576,614.4,592.8,633.6,628.8,657.6,705.6,708,686.4,672,693.6,722.4,691.2,657.6,652.8,616.8,568.8,602.4,624,583.2,604.8,583.2,576,585.6,578.4,535.2,496.8,460.8,420, 
9/26/2023,398.4,379.2,362.4,352.8,336,350.4,343.2,336,340.8,324,300,309.6,328.8,295.2,295.2,326.4,304.8,304.8,333.6,314.4,307.2,328.8,350.4,319.2,328.8,384,372,381.6,393.6,355.2,345.6,343.2,374.4,386.4,381.6,403.2,424.8,427.2,355.2,321.6,408,465.6,499.2,487.2,376.8,386.4,300,328.8,163.2,232.8,230.4,201.6,208.8,237.6,228,192,223.2,249.6,223.2,242.4,285.6,331.2,357.6,424.8,561.6,559.2,561.6,619.2,600,636,664.8,652.8,693.6,705.6,700.8,710.4,676.8,693.6,669.6,679.2,628.8,648,636,626.4,612,559.2,552,544.8,496.8,520.8,499.2,508.8,480,453.6,422.4,408, 
9/27/2023,372,396,357.6,374.4,355.2,343.2,343.2,314.4,326.4,319.2,307.2,288,297.6,283.2,283.2,276,271.2,292.8,280.8,283.2,271.2,285.6,259.2,276,288,321.6,331.2,328.8,309.6,290.4,276,187.2,132,316.8,348,326.4,331.2,302.4,192,112.8,206.4,211.2,148.8,141.6,124.8,127.2,122.4,117.6,108,156,148.8,153.6,160.8,156,187.2,172.8,192,211.2,230.4,247.2,276,328.8,367.2,456,520.8,552,573.6,592.8,624,604.8,664.8,664.8,655.2,693.6,722.4,684,693.6,681.6,674.4,636,631.2,585.6,566.4,559.2,535.2,487.2,458.4,463.2,436.8,420,441.6,420,381.6,355.2,316.8,309.6, 
9/28/2023,278.4,280.8,278.4,273.6,261.6,271.2,261.6,254.4,237.6,244.8,228,228,230.4,216,216,216,223.2,235.2,264,273.6,266.4,324,300,295.2,283.2,264,324,309.6,283.2,244.8,220.8,184.8,256.8,249.6,254.4,254.4,237.6,213.6,182.4,165.6,139.2,134.4,88.8,105.6,93.6,62.4,31.2,36,45.6,76.8,98.4,100.8,141.6,136.8,170.4,172.8,177.6,182.4,208.8,211.2,240,264,336,386.4,439.2,477.6,554.4,638.4,681.6,722.4,693.6,703.2,664.8,717.6,720,614.4,626.4,595.2,616.8,612,585.6,580.8,564,530.4,518.4,506.4,494.4,456,456,422.4,422.4,415.2,417.6,398.4,362.4,338.4, 
9/29/2023,319.2,316.8,316.8,280.8,280.8,271.2,254.4,266.4,244.8,237.6,237.6,242.4,237.6,220.8,232.8,201.6,220.8,216,249.6,307.2,331.2,338.4,326.4,259.2,324,331.2,302.4,278.4,264,242.4,242.4,268.8,232.8,249.6,295.2,312,304.8,225.6,312,252,160.8,216,180,223.2,168,105.6,93.6,60,290.4,115.2,115.2,96,254.4,388.8,254.4,295.2,304.8,276,376.8,441.6,468,331.2,146.4,264,328.8,352.8,657.6,712.8,729.6,672,590.4,597.6,542.4,612,580.8,571.2,554.4,568.8,561.6,516,508.8,535.2,508.8,482.4,511.2,472.8,494.4,484.8,468,444,439.2,470.4,422.4,393.6,372,381.6, 
9/30/2023,355.2,372,364.8,343.2,348,352.8,352.8,328.8,324,314.4,271.2,285.6,278.4,285.6,252,276,252,254.4,307.2,316.8,328.8,319.2,304.8,328.8,348,336,297.6,300,278.4,268.8,252,242.4,213.6,225.6,230.4,256.8,204,144,223.2,211.2,201.6,208.8,256.8,235.2,189.6,168,170.4,127.2,213.6,230.4,230.4,235.2,211.2,196.8,211.2,180,218.4,283.2,280.8,206.4,196.8,223.2,232.8,218.4,230.4,261.6,326.4,348,259.2,331.2,374.4,319.2,381.6,369.6,432,434.4,420,403.2,386.4,393.6,384,360,369.6,357.6,352.8,388.8,336,333.6,338.4,331.2,331.2,336,326.4,288,271.2,273.6, 
10/1/2023,254.4,242.4,240,254.4,230.4,230.4,223.2,213.6,232.8,211.2,201.6,194.4,196.8,199.2,201.6,211.2,211.2,204,204,194.4,196.8,201.6,204,211.2,220.8,240,235.2,237.6,228,201.6,192,189.6,187.2,182.4,177.6,156,144,88.8,52.8,16.8,9.6,0,7.2,0,0,0,0,0,0,0,0,0,0,0,0,0,0,2.4,0,2.4,16.8,48,91.2,132,259.2,333.6,393.6,456,532.8,489.6,441.6,472.8,482.4,535.2,523.2,523.2,535.2,494.4,494.4,484.8,501.6,477.6,480,429.6,424.8,410.4,388.8,381.6,391.2,362.4,362.4,362.4,340.8,297.6,271.2,268.8, 
10/2/2023,249.6,249.6,240,235.2,252,225.6,230.4,220.8,199.2,199.2,189.6,216,194.4,206.4,189.6,182.4,184.8,192,218.4,206.4,216,204,199.2,208.8,218.4,249.6,247.2,264,256.8,235.2,223.2,225.6,194.4,96,223.2,220.8,223.2,148.8,122.4,91.2,62.4,28.8,28.8,16.8,7.2,0,0,2.4,2.4,4.8,2.4,2.4,12,14.4,12,36,62.4,50.4,88.8,141.6,127.2,153.6,240,290.4,357.6,405.6,446.4,532.8,619.2,614.4,655.2,607.2,624,640.8,645.6,648,621.6,631.2,592.8,564,564,542.4,530.4,518.4,513.6,499.2,499.2,470.4,441.6,417.6,439.2,432,427.2,364.8,360,357.6, 
10/3/2023,312,316.8,304.8,321.6,297.6,276,271.2,273.6,259.2,261.6,256.8,254.4,247.2,244.8,218.4,235.2,235.2,244.8,254.4,261.6,247.2,235.2,247.2,252,273.6,300,290.4,304.8,297.6,278.4,271.2,280.8,307.2,304.8,295.2,273.6,256.8,240,228,206.4,175.2,144,132,132,127.2,110.4,98.4,91.2,127.2,117.6,120,129.6,388.8,612,144,182.4,213.6,208.8,276,266.4,307.2,314.4,350.4,391.2,475.2,494.4,525.6,628.8,609.6,609.6,662.4,717.6,727.2,801.6,804,799.2,748.8,732,729.6,712.8,696,648,640.8,648,612,600,612,583.2,568.8,544.8,549.6,506.4,456,448.8,432,403.2, 
10/4/2023,386.4,364.8,369.6,350.4,362.4,340.8,316.8,307.2,276,273.6,278.4,271.2,252,259.2,240,249.6,240,247.2,254.4,259.2,244.8,244.8,252,230.4,261.6,261.6,285.6,295.2,285.6,254.4,264,288,350.4,364.8,384,348,355.2,333.6,350.4,314.4,331.2,336,314.4,316.8,278.4,264,266.4,266.4,319.2,326.4,312,328.8,374.4,384,448.8,429.6,482.4,468,484.8,513.6,487.2,564,576,664.8,705.6,760.8,866.4,909.6,945.6,1020,996,940.8,984,979.2,1044,998.4,1020,986.4,974.4,957.6,974.4,940.8,921.6,921.6,909.6,890.4,868.8,825.6,825.6,806.4,782.4,782.4,741.6,669.6,640.8,621.6, 
10/5/2023,590.4,559.2,547.2,571.2,552,511.2,494.4,518.4,458.4,422.4,451.2,448.8,439.2,448.8,398.4,417.6,396,408,434.4,456,480,451.2,520.8,506.4,422.4,405.6,393.6,429.6,412.8,376.8,396,415.2,492,480,506.4,468,504,489.6,501.6,489.6,441.6,446.4,444,446.4,422.4,422.4,405.6,422.4,456,446.4,484.8,475.2,501.6,518.4,513.6,561.6,559.2,573.6,607.2,624,638.4,698.4,700.8,727.2,794.4,828,866.4,940.8,960,957.6,998.4,1036.8,1128,1120.8,1130.4,1118.4,1128,1096.8,1089.6,1060.8,1034.4,1008,967.2,943.2,938.4,916.8,909.6,883.2,816,811.2,823.2,792,734.4,705.6,660,633.6, 
10/6/2023,612,643.2,583.2,597.6,564,576,520.8,516,518.4,468,475.2,468,453.6,453.6,441.6,415.2,446.4,458.4,468,460.8,496.8,508.8,487.2,468,484.8,492,489.6,518.4,434.4,360,362.4,417.6,480,480,513.6,499.2,496.8,516,516,513.6,472.8,453.6,482.4,470.4,460.8,424.8,453.6,403.2,460.8,470.4,520.8,530.4,520.8,549.6,559.2,542.4,564,566.4,547.2,595.2,592.8,624,686.4,746.4,784.8,907.2,952.8,962.4,1044,1036.8,1010.4,1039.2,1036.8,1075.2,1065.6,1024.8,1032,1008,967.2,988.8,967.2,948,916.8,909.6,904.8,895.2,852,847.2,813.6,818.4,787.2,799.2,751.2,679.2,672,688.8, 
10/7/2023,648,624,590.4,590.4,580.8,554.4,559.2,573.6,518.4,492,518.4,499.2,468,475.2,477.6,446.4,427.2,444,472.8,475.2,477.6,516,523.2,518.4,472.8,420,400.8,427.2,417.6,367.2,348,412.8,420,456,439.2,424.8,458.4,480,451.2,427.2,434.4,424.8,393.6,415.2,384,348,362.4,352.8,338.4,379.2,381.6,415.2,424.8,412.8,432,415.2,472.8,472.8,458.4,496.8,504,544.8,607.2,604.8,696,746.4,856.8,955.2,996,1003.2,1065.6,1017.6,1005.6,1051.2,1020,1008,1003.2,1017.6,991.2,967.2,933.6,933.6,962.4,931.2,909.6,902.4,907.2,876,849.6,852,816,808.8,784.8,727.2,715.2,703.2, 
10/8/2023,696,688.8,662.4,619.2,568.8,597.6,564,568.8,547.2,532.8,516,508.8,499.2,487.2,480,504,501.6,532.8,523.2,506.4,520.8,477.6,487.2,432,412.8,446.4,444,424.8,424.8,384,367.2,345.6,446.4,453.6,429.6,410.4,424.8,405.6,410.4,352.8,367.2,333.6,314.4,276,259.2,266.4,247.2,230.4,242.4,252,266.4,297.6,316.8,309.6,295.2,283.2,302.4,326.4,398.4,388.8,391.2,400.8,484.8,525.6,595.2,643.2,672,667.2,729.6,715.2,734.4,734.4,746.4,753.6,772.8,717.6,705.6,672,640.8,650.4,638.4,616.8,583.2,588,583.2,573.6,561.6,520.8,501.6,489.6,470.4,475.2,432,400.8,376.8,372, 
10/9/2023,362.4,367.2,343.2,348,360,345.6,336,331.2,328.8,338.4,312,338.4,319.2,328.8,326.4,309.6,333.6,331.2,338.4,326.4,321.6,309.6,307.2,312,331.2,345.6,345.6,357.6,340.8,355.2,333.6,302.4,328.8,333.6,367.2,362.4,379.2,336,266.4,271.2,170.4,259.2,235.2,206.4,328.8,280.8,201.6,218.4,230.4,237.6,314.4,324,372,340.8,321.6,278.4,252,120,412.8,386.4,343.2,492,403.2,566.4,576,607.2,662.4,700.8,753.6,691.2,669.6,664.8,655.2,667.2,691.2,748.8,700.8,667.2,679.2,667.2,662.4,645.6,645.6,626.4,638.4,612,619.2,595.2,588,588,583.2,590.4,559.2,571.2,499.2,477.6, 
10/10/2023,465.6,465.6,432,468,463.2,451.2,429.6,432,460.8,424.8,403.2,393.6,420,417.6,350.4,396,388.8,381.6,398.4,424.8,420,405.6,367.2,357.6,343.2,343.2,379.2,374.4,374.4,348,326.4,331.2,345.6,376.8,410.4,374.4,321.6,312,285.6,228,189.6,172.8,132,81.6,55.2,31.2,38.4,7.2,19.2,110.4,28.8,9.6,24,33.6,48,52.8,52.8,86.4,62.4,208.8,204,420,460.8,513.6,600,496.8,549.6,650.4,652.8,679.2,672,530.4,513.6,765.6,801.6,825.6,813.6,796.8,753.6,748.8,784.8,655.2,580.8,580.8,578.4,552,549.6,523.2,516,472.8,511.2,463.2,403.2,412.8,374.4,348, 
10/11/2023,336,343.2,324,304.8,300,300,285.6,314.4,266.4,273.6,256.8,271.2,280.8,259.2,264,247.2,242.4,249.6,254.4,235.2,240,235.2,240,225.6,256.8,278.4,307.2,295.2,288,247.2,237.6,240,264,285.6,300,321.6,276,254.4,261.6,230.4,182.4,134.4,93.6,43.2,16.8,4.8,0,0,0,0,0,0,9.6,0,2.4,0,0,7.2,4.8,21.6,26.4,38.4,81.6,165.6,256.8,288,355.2,405.6,388.8,420,429.6,465.6,460.8,520.8,549.6,516,477.6,477.6,453.6,444,441.6,412.8,412.8,391.2,362.4,386.4,374.4,364.8,343.2,352.8,362.4,355.2,328.8,295.2,259.2,259.2, 
10/12/2023,254.4,244.8,240,237.6,232.8,220.8,208.8,213.6,180,189.6,189.6,182.4,199.2,194.4,187.2,184.8,184.8,225.6,230.4,247.2,307.2,336,316.8,280.8,259.2,276,261.6,271.2,254.4,213.6,208.8,196.8,237.6,228,223.2,204,175.2,182.4,103.2,62.4,62.4,26.4,4.8,7.2,4.8,2.4,9.6,2.4,2.4,16.8,4.8,7.2,31.2,48,64.8,55.2,93.6,98.4,103.2,136.8,295.2,151.2,244.8,400.8,537.6,537.6,367.2,480,573.6,544.8,552,544.8,609.6,645.6,688.8,643.2,633.6,583.2,571.2,580.8,554.4,535.2,537.6,516,499.2,482.4,480,446.4,434.4,396,386.4,352.8,345.6,307.2,266.4,283.2, 
10/13/2023,252,249.6,235.2,237.6,232.8,218.4,225.6,223.2,218.4,201.6,189.6,206.4,220.8,225.6,199.2,199.2,201.6,216,232.8,230.4,256.8,266.4,319.2,300,285.6,244.8,247.2,254.4,244.8,232.8,208.8,196.8,225.6,228,216,237.6,194.4,177.6,182.4,172.8,182.4,146.4,136.8,91.2,98.4,220.8,134.4,48,86.4,72,55.2,316.8,151.2,72,134.4,100.8,237.6,16.8,103.2,194.4,225.6,218.4,321.6,316.8,424.8,624,645.6,549.6,681.6,607.2,566.4,616.8,566.4,559.2,578.4,614.4,583.2,566.4,547.2,535.2,535.2,504,501.6,484.8,475.2,475.2,482.4,444,422.4,420,415.2,432,393.6,357.6,326.4,326.4, 
10/14/2023,290.4,295.2,288,292.8,292.8,276,280.8,276,252,266.4,230.4,208.8,196.8,204,225.6,206.4,206.4,201.6,189.6,230.4,266.4,352.8,408,338.4,326.4,292.8,285.6,290.4,280.8,256.8,220.8,223.2,211.2,196.8,218.4,268.8,261.6,268.8,218.4,218.4,151.2,98.4,45.6,57.6,12,2.4,19.2,28.8,12,24,26.4,50.4,40.8,79.2,67.2,122.4,91.2,158.4,136.8,175.2,333.6,230.4,223.2,292.8,362.4,374.4,417.6,508.8,561.6,619.2,636,626.4,621.6,607.2,676.8,722.4,688.8,633.6,643.2,614.4,588,561.6,537.6,573.6,542.4,511.2,530.4,508.8,465.6,477.6,501.6,420,405.6,379.2,350.4,324, 
10/15/2023,328.8,312,312,336,333.6,319.2,314.4,338.4,300,304.8,295.2,302.4,328.8,302.4,290.4,290.4,292.8,316.8,278.4,312,295.2,312,300,278.4,276,319.2,285.6,295.2,292.8,252,235.2,223.2,208.8,201.6,206.4,228,230.4,218.4,182.4,175.2,151.2,120,129.6,129.6,120,103.2,110.4,98.4,86.4,98.4,98.4,144,148.8,153.6,151.2,194.4,201.6,237.6,249.6,278.4,309.6,312,412.8,388.8,480,554.4,585.6,681.6,724.8,720,736.8,729.6,751.2,801.6,820.8,799.2,751.2,652.8,640.8,619.2,576,568.8,597.6,542.4,540,520.8,511.2,506.4,496.8,487.2,432,439.2,412.8,352.8,338.4,348, 
10/16/2023,300,336,283.2,288,307.2,295.2,276,247.2,244.8,223.2,223.2,223.2,228,211.2,211.2,204,206.4,216,211.2,208.8,218.4,194.4,204,204,235.2,256.8,249.6,256.8,244.8,223.2,206.4,211.2,242.4,254.4,261.6,254.4,232.8,192,192,151.2,117.6,151.2,91.2,98.4,48,72,67.2,55.2,115.2,91.2,110.4,146.4,156,307.2,146.4,247.2,218.4,302.4,408,434.4,360,307.2,309.6,496.8,580.8,396,480,595.2,583.2,636,631.2,660,662.4,662.4,693.6,715.2,664.8,648,631.2,619.2,578.4,552,583.2,564,564,535.2,561.6,564,530.4,530.4,520.8,530.4,463.2,444,415.2,439.2, 
10/17/2023,417.6,372,386.4,396,367.2,367.2,348,304.8,297.6,314.4,288,261.6,259.2,240,252,237.6,266.4,254.4,256.8,312,297.6,304.8,309.6,297.6,321.6,374.4,357.6,360,360,374.4,350.4,343.2,379.2,396,400.8,398.4,405.6,374.4,393.6,379.2,331.2,333.6,362.4,300,244.8,264,91.2,45.6,72,81.6,88.8,98.4,110.4,86.4,124.8,146.4,153.6,148.8,158.4,223.2,271.2,300,345.6,436.8,492,556.8,566.4,588,592.8,631.2,640.8,633.6,686.4,696,710.4,679.2,612,655.2,614.4,604.8,556.8,566.4,559.2,532.8,489.6,528,516,480,475.2,487.2,453.6,422.4,400.8,362.4,338.4,331.2, 
10/18/2023,273.6,312,288,290.4,285.6,276,268.8,254.4,254.4,228,237.6,232.8,223.2,218.4,225.6,204,216,232.8,223.2,213.6,218.4,199.2,208.8,206.4,204,204,249.6,259.2,242.4,225.6,199.2,211.2,237.6,276,290.4,292.8,256.8,280.8,232.8,259.2,228,213.6,237.6,232.8,208.8,165.6,184.8,180,184.8,204,206.4,264,271.2,288,314.4,321.6,300,367.2,357.6,398.4,458.4,458.4,525.6,583.2,667.2,698.4,736.8,808.8,799.2,823.2,808.8,799.2,811.2,861.6,837.6,828,801.6,806.4,789.6,763.2,751.2,732,708,693.6,676.8,664.8,676.8,619.2,624,604.8,595.2,583.2,540,508.8,489.6,463.2, 
10/19/2023,439.2,403.2,432,393.6,410.4,391.2,400.8,360,357.6,340.8,328.8,333.6,326.4,319.2,312,292.8,292.8,297.6,295.2,319.2,384,460.8,448.8,328.8,300,324,340.8,343.2,324,304.8,266.4,288,328.8,348,434.4,391.2,396,348,350.4,355.2,352.8,319.2,338.4,336,350.4,312,316.8,302.4,350.4,364.8,367.2,463.2,472.8,436.8,470.4,458.4,456,484.8,496.8,542.4,540,573.6,628.8,657.6,753.6,823.2,928.8,955.2,1005.6,1032,1036.8,1029.6,986.4,1000.8,984,976.8,967.2,948,931.2,902.4,885.6,832.8,816,794.4,801.6,782.4,744,775.2,715.2,703.2,696,703.2,660,578.4,580.8,547.2, 
10/20/2023,516,525.6,535.2,516,494.4,458.4,436.8,448.8,391.2,369.6,379.2,372,345.6,336,316.8,312,319.2,309.6,348,328.8,331.2,439.2,472.8,403.2,362.4,355.2,338.4,352.8,321.6,331.2,316.8,324,340.8,374.4,350.4,340.8,304.8,259.2,266.4,235.2,228,165.6,182.4,158.4,172.8,134.4,115.2,98.4,146.4,148.8,151.2,153.6,134.4,168,153.6,124.8,136.8,170.4,194.4,180,216,242.4,280.8,321.6,379.2,463.2,501.6,480,573.6,604.8,650.4,660,648,643.2,645.6,633.6,619.2,607.2,583.2,537.6,554.4,561.6,501.6,494.4,480,470.4,484.8,453.6,448.8,439.2,446.4,453.6,434.4,393.6,367.2,372, 
10/21/2023,360,362.4,340.8,355.2,338.4,338.4,321.6,314.4,324,321.6,307.2,309.6,297.6,285.6,278.4,283.2,276,290.4,316.8,326.4,352.8,429.6,424.8,362.4,340.8,331.2,324,307.2,300,273.6,228,249.6,259.2,288,280.8,252,213.6,271.2,194.4,189.6,163.2,141.6,103.2,98.4,110.4,52.8,122.4,21.6,79.2,9.6,16.8,16.8,16.8,14.4,24,40.8,26.4,84,93.6,50.4,134.4,129.6,103.2,168,249.6,340.8,470.4,564,542.4,444,520.8,554.4,523.2,561.6,588,537.6,547.2,511.2,508.8,492,482.4,472.8,492,456,448.8,451.2,422.4,398.4,405.6,364.8,369.6,364.8,338.4,295.2,295.2,297.6, 
10/22/2023,304.8,302.4,297.6,283.2,302.4,288,273.6,290.4,276,261.6,273.6,264,280.8,259.2,261.6,276,292.8,268.8,259.2,285.6,264,261.6,283.2,264,280.8,280.8,295.2,285.6,290.4,276,242.4,225.6,237.6,235.2,266.4,280.8,273.6,288,283.2,266.4,297.6,187.2,283.2,266.4,324,184.8,290.4,369.6,331.2,280.8,278.4,256.8,295.2,350.4,400.8,264,324,420,156,52.8,69.6,182.4,103.2,350.4,458.4,446.4,487.2,648,609.6,571.2,504,470.4,451.2,511.2,525.6,506.4,482.4,520.8,472.8,487.2,528,504,484.8,453.6,470.4,444,463.2,441.6,446.4,417.6,434.4,453.6,415.2,348,336,348, 
10/23/2023,319.2,312,304.8,314.4,316.8,304.8,300,292.8,309.6,283.2,283.2,276,261.6,297.6,273.6,276,268.8,285.6,302.4,302.4,307.2,285.6,304.8,288,295.2,333.6,316.8,333.6,350.4,345.6,338.4,314.4,343.2,348,362.4,333.6,348,228,189.6,244.8,170.4,177.6,141.6,160.8,84,74.4,103.2,43.2,64.8,64.8,45.6,40.8,69.6,72,60,91.2,100.8,105.6,127.2,122.4,146.4,213.6,328.8,360,408,470.4,511.2,499.2,508.8,520.8,528,523.2,492,496.8,561.6,564,518.4,494.4,511.2,511.2,480,460.8,468,468,436.8,451.2,417.6,417.6,396,391.2,369.6,369.6,336,312,290.4,273.6, 
10/24/2023,266.4,254.4,249.6,247.2,244.8,247.2,223.2,220.8,220.8,211.2,204,218.4,206.4,196.8,196.8,187.2,187.2,201.6,206.4,211.2,211.2,204,206.4,206.4,225.6,252,259.2,345.6,400.8,340.8,319.2,268.8,76.8,240,252,290.4,316.8,292.8,273.6,264,242.4,204,189.6,187.2,88.8,24,0,0,0,0,0,0,0,2.4,2.4,0,12,31.2,43.2,57.6,55.2,144,213.6,268.8,338.4,403.2,427.2,400.8,501.6,573.6,583.2,592.8,516,468,537.6,482.4,460.8,441.6,417.6,424.8,386.4,367.2,372,369.6,350.4,352.8,338.4,321.6,312,333.6,326.4,312,309.6,256.8,254.4,242.4, 
10/25/2023,225.6,223.2,230.4,211.2,208.8,211.2,199.2,208.8,211.2,194.4,192,194.4,194.4,194.4,204,201.6,199.2,196.8,184.8,208.8,204,194.4,208.8,213.6,225.6,254.4,254.4,259.2,268.8,264,232.8,237.6,208.8,182.4,244.8,244.8,213.6,180,201.6,163.2,146.4,177.6,122.4,74.4,100.8,43.2,0,26.4,28.8,36,0,0,0,12,38.4,43.2,38.4,43.2,4.8,136.8,240,144,297.6,312,254.4,307.2,379.2,427.2,350.4,384,391.2,376.8,384,463.2,412.8,420,388.8,388.8,391.2,386.4,369.6,372,350.4,367.2,343.2,357.6,343.2,364.8,336,328.8,331.2,324,292.8,280.8,268.8,256.8, 
10/26/2023,254.4,237.6,228,230.4,220.8,220.8,218.4,213.6,211.2,196.8,201.6,196.8,201.6,199.2,199.2,211.2,201.6,208.8,237.6,268.8,285.6,254.4,278.4,278.4,295.2,259.2,259.2,280.8,280.8,249.6,228,192,232.8,280.8,280.8,244.8,228,175.2,141.6,103.2,26.4,0,0,0,0,0,0,0,0,0,0,0,0,0,0,0,0,0,0,0,0,0,12,72,148.8,165.6,266.4,307.2,374.4,374.4,393.6,376.8,355.2,388.8,391.2,412.8,362.4,355.2,352.8,340.8,336,340.8,333.6,314.4,331.2,336,331.2,331.2,319.2,302.4,300,312,290.4,244.8,240,230.4, 
10/27/2023,228,218.4,220.8,218.4,211.2,199.2,201.6,187.2,180,184.8,182.4,180,187.2,182.4,182.4,182.4,184.8,208.8,213.6,208.8,273.6,307.2,290.4,259.2,228,228,235.2,237.6,249.6,235.2,218.4,206.4,237.6,240,247.2,232.8,206.4,170.4,129.6,117.6,52.8,2.4,0,0,0,0,0,0,0,0,0,0,0,0,50.4,98.4,84,50.4,0,7.2,0,0,0,7.2,0,36,115.2,180,223.2,264,290.4,283.2,295.2,338.4,386.4,376.8,333.6,307.2,331.2,326.4,345.6,333.6,295.2,290.4,295.2,300,273.6,264,252,254.4,261.6,278.4,264,240,230.4,216, 
10/28/2023,208.8,196.8,201.6,208.8,206.4,204,184.8,189.6,182.4,175.2,180,175.2,180,175.2,180,182.4,180,180,206.4,196.8,230.4,288,302.4,256.8,256.8,232.8,230.4,225.6,228,208.8,189.6,168,189.6,175.2,158.4,136.8,105.6,76.8,43.2,4.8,0,0,0,0,0,0,0,0,0,0,0,0,0,0,0,0,0,0,0,0,0,0,0,0,0,57.6,177.6,247.2,333.6,405.6,348,316.8,290.4,288,360,348,326.4,316.8,312,309.6,307.2,312,300,300,292.8,292.8,292.8,297.6,271.2,276,283.2,271.2,249.6,213.6,218.4,204, 
10/29/2023,201.6,201.6,201.6,199.2,211.2,189.6,187.2,187.2,192,172.8,175.2,170.4,180,168,177.6,168,175.2,170.4,175.2,165.6,172.8,182.4,187.2,192,206.4,206.4,211.2,225.6,218.4,204,177.6,165.6,172.8,177.6,158.4,129.6,86.4,45.6,12,0,0,0,0,0,0,0,0,0,0,0,0,0,0,0,0,0,0,0,0,0,0,0,4.8,52.8,172.8,235.2,316.8,364.8,448.8,472.8,439.2,422.4,427.2,386.4,403.2,420,422.4,391.2,362.4,364.8,355.2,343.2,331.2,324,295.2,285.6,283.2,280.8,268.8,302.4,302.4,300,266.4,237.6,201.6,201.6, 
10/30/2023,196.8,189.6,187.2,194.4,192,187.2,192,175.2,170.4,182.4,168,170.4,175.2,165.6,160.8,175.2,165.6,168,165.6,180,175.2,182.4,182.4,184.8,194.4,223.2,218.4,232.8,247.2,235.2,211.2,225.6,254.4,254.4,268.8,240,223.2,180,122.4,64.8,12,0,0,0,0,0,0,0,0,0,0,0,0,0,0,0,0,0,4.8,7.2,40.8,43.2,141.6,180,252,348,352.8,369.6,453.6,429.6,439.2,477.6,412.8,432,470.4,489.6,460.8,415.2,420,384,379.2,362.4,355.2,328.8,326.4,316.8,326.4,316.8,314.4,300,290.4,292.8,273.6,237.6,230.4,213.6, 
10/31/2023,213.6,206.4,206.4,211.2,206.4,204,196.8,184.8,189.6,175.2,172.8,184.8,182.4,175.2,177.6,172.8,175.2,172.8,180,182.4,189.6,187.2,189.6,192,206.4,223.2,244.8,244.8,271.2,247.2,223.2,211.2,218.4,223.2,213.6,192,182.4,156,141.6,129.6,67.2,40.8,40.8,24,0,0,0,0,0,0,0,0,0,7.2,31.2,2.4,2.4,55.2,7.2,28.8,2.4,19.2,88.8,132,204,295.2,352.8,328.8,384,408,405.6,415.2,408,439.2,451.2,470.4,410.4,388.8,379.2,355.2,343.2,345.6,338.4,316.8,340.8,309.6,302.4,288,278.4,292.8,302.4,316.8,278.4,240,220.8,208.8, 
11/1/2023,196.8,204,201.6,201.6,201.6,192,196.8,189.6,170.4,170.4,175.2,175.2,177.6,172.8,172.8,170.4,184.8,182.4,172.8,180,177.6,180,184.8,199.2,187.2,208.8,230.4,237.6,249.6,249.6,223.2,213.6,218.4,242.4,232.8,213.6,201.6,163.2,124.8,91.2,55.2,16.8,0,0,0,0,0,0,0,0,0,0,2.4,7.2,0,2.4,74.4,26.4,127.2,110.4,163.2,144,283.2,381.6,420,386.4,571.2,614.4,535.2,552,561.6,484.8,448.8,523.2,504,484.8,470.4,434.4,422.4,398.4,384,376.8,369.6,374.4,348,333.6,328.8,326.4,314.4,321.6,333.6,331.2,280.8,240,232.8,232.8, 
11/2/2023,240,242.4,235.2,230.4,225.6,223.2,220.8,213.6,211.2,206.4,208.8,199.2,201.6,206.4,196.8,201.6,196.8,204,204,211.2,273.6,367.2,362.4,300,285.6,271.2,278.4,290.4,290.4,271.2,252,240,288,288,283.2,271.2,259.2,230.4,225.6,196.8,163.2,156,112.8,74.4,62.4,14.4,4.8,24,19.2,31.2,55.2,55.2,64.8,50.4,64.8,72,134.4,112.8,134.4,175.2,187.2,199.2,247.2,309.6,405.6,492,525.6,628.8,631.2,636,628.8,585.6,568.8,571.2,600,583.2,516,516,530.4,492,480,511.2,458.4,451.2,453.6,434.4,405.6,400.8,381.6,393.6,386.4,372,374.4,309.6,300,278.4, 
11/3/2023,278.4,268.8,259.2,259.2,259.2,240,230.4,240,225.6,218.4,220.8,216,216,216,208.8,216,216,218.4,216,261.6,348,391.2,379.2,321.6,302.4,309.6,300,295.2,300,302.4,285.6,271.2,290.4,304.8,300,273.6,276,249.6,249.6,240,180,139.2,127.2,127.2,91.2,91.2,72,64.8,98.4,117.6,132,127.2,168,184.8,199.2,156,153.6,278.4,220.8,230.4,266.4,333.6,300,424.8,470.4,508.8,571.2,571.2,614.4,621.6,672,669.6,664.8,657.6,684,636,624,583.2,564,580.8,544.8,547.2,508.8,518.4,518.4,487.2,492,501.6,482.4,441.6,429.6,444,398.4,333.6,324,321.6, 
11/4/2023,319.2,285.6,280.8,278.4,273.6,266.4,264,249.6,249.6,247.2,242.4,244.8,235.2,237.6,237.6,218.4,235.2,223.2,240,283.2,345.6,381.6,360,295.2,302.4,295.2,273.6,285.6,278.4,266.4,266.4,225.6,244.8,235.2,204,208.8,213.6,184.8,170.4,148.8,129.6,136.8,129.6,96,88.8,81.6,84,79.2,100.8,266.4,79.2,115.2,144,108,81.6,168,201.6,160.8,268.8,280.8,283.2,302.4,374.4,381.6,470.4,511.2,578.4,588,602.4,607.2,662.4,573.6,530.4,571.2,592.8,537.6,508.8,460.8,429.6,424.8,424.8,403.2,391.2,386.4,388.8,364.8,362.4,367.2,364.8,369.6,360,355.2,331.2,290.4,290.4,271.2, 
11/5/2023,280.8,268.8,254.4,261.6,501.6,470.4,489.6,472.8,228,228,228,220.8,232.8,230.4,232.8,235.2,240,228,218.4,242.4,232.8,240,247.2,247.2,266.4,261.6,266.4,216,211.2,199.2,182.4,177.6,194.4,151.2,122.4,144,50.4,88.8,139.2,132,31.2,156,93.6,206.4,81.6,84,33.6,26.4,223.2,163.2,148.8,160.8,76.8,110.4,105.6,278.4,206.4,237.6,290.4,384,487.2,525.6,508.8,580.8,607.2,688.8,705.6,784.8,763.2,784.8,679.2,660,655.2,616.8,667.2,602.4,614.4,624,578.4,592.8,614.4,602.4,583.2,583.2,554.4,458.4,451.2,451.2,460.8,458.4,484.8,453.6,446.4,393.6,422.4,420, 
11/6/2023,400.8,398.4,417.6,391.2,360,367.2,348,340.8,376.8,391.2,367.2,360,360,328.8,328.8,372,367.2,357.6,376.8,369.6,355.2,338.4,340.8,333.6,362.4,374.4,367.2,326.4,314.4,336,304.8,328.8,336,312,321.6,333.6,336,331.2,348,379.2,336,376.8,285.6,256.8,456,417.6,324,420,367.2,386.4,364.8,403.2,393.6,264,194.4,295.2,288,405.6,472.8,477.6,453.6,489.6,528,564,568.8,578.4,604.8,578.4,616.8,648,590.4,578.4,530.4,520.8,525.6,523.2,487.2,477.6,465.6,439.2,424.8,420,420,403.2,391.2,381.6,357.6,355.2,360,372,360,350.4,324,271.2,249.6,261.6, 
11/7/2023,244.8,247.2,235.2,232.8,223.2,228,225.6,228,220.8,216,216,208.8,206.4,204,213.6,211.2,218.4,213.6,213.6,211.2,220.8,228,228,237.6,271.2,278.4,276,259.2,252,220.8,206.4,213.6,218.4,196.8,199.2,165.6,122.4,146.4,180,124.8,98.4,213.6,24,4.8,12,19.2,0,0,0,0,0,0,2.4,0,0,0,0,0,9.6,52.8,105.6,122.4,194.4,292.8,369.6,405.6,472.8,520.8,506.4,484.8,439.2,458.4,434.4,415.2,446.4,415.2,408,398.4,396,388.8,381.6,379.2,369.6,364.8,331.2,331.2,328.8,324,321.6,333.6,333.6,338.4,302.4,268.8,252,259.2, 
11/8/2023,247.2,228,225.6,220.8,218.4,228,213.6,218.4,213.6,213.6,218.4,211.2,211.2,208.8,218.4,213.6,211.2,220.8,216,213.6,230.4,223.2,223.2,237.6,252,268.8,276,235.2,232.8,232.8,220.8,211.2,225.6,206.4,156,122.4,100.8,55.2,38.4,48,14.4,0,0,0,0,0,0,0,0,0,0,0,0,0,0,0,9.6,14.4,72,93.6,141.6,187.2,240,304.8,424.8,484.8,516,508.8,477.6,477.6,436.8,439.2,415.2,408,403.2,410.4,372,374.4,364.8,362.4,355.2,350.4,372,348,319.2,319.2,319.2,316.8,324,316.8,319.2,321.6,290.4,266.4,247.2,240, 
11/9/2023,235.2,228,225.6,218.4,218.4,213.6,208.8,208.8,201.6,206.4,201.6,208.8,201.6,199.2,208.8,206.4,204,213.6,201.6,213.6,261.6,340.8,360,328.8,302.4,307.2,297.6,237.6,228,220.8,192,177.6,211.2,228,199.2,139.2,69.6,33.6,31.2,2.4,0,38.4,50.4,0,2.4,0,0,0,0,0,0,2.4,0,4.8,21.6,117.6,189.6,199.2,223.2,252,242.4,268.8,280.8,271.2,278.4,376.8,432,475.2,458.4,472.8,424.8,424.8,398.4,391.2,388.8,362.4,386.4,379.2,352.8,343.2,360,345.6,340.8,326.4,314.4,321.6,324,319.2,326.4,321.6,319.2,314.4,302.4,254.4,249.6,252, 
11/10/2023,237.6,223.2,223.2,223.2,218.4,218.4,220.8,223.2,223.2,213.6,211.2,216,213.6,216,216,220.8,223.2,240,247.2,230.4,280.8,348,336,304.8,304.8,271.2,237.6,223.2,192,187.2,187.2,141.6,88.8,139.2,132,100.8,64.8,14.4,2.4,0,0,0,0,0,0,0,0,0,0,0,0,0,0,0,2.4,0,62.4,0,7.2,31.2,96,160.8,278.4,244.8,326.4,434.4,501.6,444,432,444,372,362.4,381.6,393.6,355.2,364.8,369.6,369.6,360,367.2,333.6,328.8,324,312,324,314.4,309.6,319.2,321.6,304.8,307.2,316.8,297.6,276,256.8,249.6, 
11/11/2023,240,240,223.2,228,228,216,216,213.6,206.4,216,208.8,204,208.8,208.8,206.4,208.8,208.8,206.4,213.6,216,271.2,360,398.4,355.2,283.2,264,228,192,184.8,187.2,170.4,163.2,153.6,141.6,120,86.4,36,2.4,4.8,7.2,12,0,0,0,0,0,0,0,0,0,0,0,0,0,0,0,0,9.6,64.8,100.8,139.2,172.8,240,242.4,343.2,393.6,410.4,448.8,520.8,523.2,477.6,444,424.8,396,400.8,379.2,345.6,333.6,345.6,338.4,319.2,314.4,314.4,321.6,309.6,292.8,290.4,309.6,300,304.8,309.6,314.4,292.8,259.2,252,247.2, 
11/12/2023,242.4,230.4,223.2,216,218.4,213.6,213.6,211.2,206.4,208.8,201.6,199.2,199.2,199.2,208.8,208.8,208.8,206.4,213.6,196.8,199.2,199.2,204,206.4,235.2,256.8,242.4,206.4,194.4,187.2,180,163.2,151.2,134.4,98.4,31.2,14.4,0,0,0,0,0,0,0,0,0,0,0,0,0,0,0,0,4.8,2.4,7.2,48,45.6,91.2,103.2,240,268.8,165.6,362.4,496.8,523.2,595.2,530.4,487.2,480,436.8,415.2,424.8,388.8,391.2,388.8,386.4,374.4,348,374.4,357.6,348,331.2,324,314.4,331.2,316.8,324,324,319.2,314.4,321.6,280.8,261.6,256.8,254.4, 
11/13/2023,244.8,232.8,225.6,220.8,242.4,232.8,235.2,216,211.2,211.2,199.2,213.6,216,213.6,211.2,216,216,204,211.2,204,218.4,218.4,223.2,240,264,266.4,264,244.8,216,184.8,136.8,134.4,103.2,105.6,163.2,177.6,139.2,86.4,88.8,43.2,31.2,7.2,24,0,0,0,0,0,0,0,0,0,0,50.4,21.6,38.4,62.4,117.6,170.4,172.8,194.4,225.6,273.6,292.8,388.8,513.6,547.2,588,602.4,576,453.6,412.8,393.6,384,396,439.2,410.4,381.6,369.6,376.8,372,364.8,364.8,343.2,331.2,321.6,324,336,328.8,338.4,324,324,283.2,264,235.2,244.8, 
11/14/2023,230.4,228,235.2,228,232.8,220.8,225.6,223.2,218.4,216,223.2,225.6,228,225.6,223.2,218.4,220.8,218.4,230.4,228,230.4,228,232.8,235.2,264,292.8,285.6,280.8,256.8,247.2,244.8,218.4,204,206.4,211.2,230.4,172.8,100.8,139.2,105.6,86.4,72,7.2,14.4,0,9.6,31.2,72,158.4,45.6,103.2,43.2,96,129.6,184.8,230.4,127.2,247.2,271.2,398.4,352.8,352.8,427.2,470.4,592.8,612,672,645.6,645.6,628.8,537.6,508.8,508.8,523.2,528,487.2,458.4,446.4,439.2,444,417.6,408,405.6,403.2,360,360,355.2,367.2,369.6,360,360,362.4,326.4,276,266.4,256.8, 
11/15/2023,261.6,264,254.4,261.6,237.6,249.6,244.8,237.6,242.4,235.2,223.2,235.2,254.4,244.8,256.8,240,237.6,244.8,235.2,235.2,242.4,256.8,249.6,252,271.2,295.2,307.2,285.6,268.8,261.6,249.6,249.6,266.4,240,187.2,165.6,216,240,309.6,360,331.2,307.2,295.2,261.6,268.8,232.8,122.4,26.4,177.6,103.2,168,206.4,328.8,122.4,160.8,43.2,86.4,386.4,396,403.2,434.4,463.2,482.4,542.4,532.8,523.2,583.2,590.4,573.6,578.4,537.6,458.4,424.8,436.8,408,410.4,398.4,374.4,388.8,372,372,362.4,350.4,350.4,350.4,345.6,336,355.2,345.6,340.8,348,340.8,328.8,278.4,261.6,271.2, 
11/16/2023,271.2,254.4,259.2,247.2,256.8,235.2,247.2,244.8,247.2,242.4,240,228,232.8,230.4,230.4,235.2,237.6,235.2,237.6,276,328.8,393.6,396,333.6,350.4,338.4,304.8,278.4,242.4,268.8,273.6,276,280.8,268.8,268.8,247.2,247.2,254.4,290.4,249.6,223.2,180,24,84,196.8,108,0,148.8,12,4.8,0,86.4,168,228,357.6,266.4,312,290.4,321.6,396,429.6,458.4,465.6,475.2,516,544.8,552,576,537.6,511.2,525.6,532.8,525.6,535.2,537.6,472.8,446.4,434.4,453.6,434.4,441.6,424.8,432,415.2,384,379.2,388.8,388.8,369.6,362.4,367.2,352.8,338.4,302.4,285.6,280.8, 
11/17/2023,278.4,276,261.6,256.8,268.8,252,259.2,264,247.2,249.6,247.2,242.4,240,259.2,256.8,261.6,252,244.8,242.4,264,316.8,432,432,352.8,314.4,333.6,324,309.6,285.6,283.2,278.4,264,264,309.6,324,273.6,189.6,177.6,156,72,232.8,175.2,223.2,261.6,175.2,201.6,254.4,247.2,348,391.2,278.4,242.4,292.8,357.6,352.8,396,446.4,374.4,388.8,367.2,362.4,374.4,446.4,446.4,532.8,566.4,583.2,573.6,554.4,487.2,460.8,444,439.2,453.6,448.8,434.4,420,400.8,405.6,403.2,400.8,422.4,405.6,405.6,405.6,381.6,410.4,415.2,386.4,393.6,403.2,396,357.6,333.6,336,319.2, 
11/18/2023,316.8,319.2,316.8,304.8,302.4,285.6,285.6,280.8,278.4,283.2,288,280.8,273.6,280.8,273.6,288,288,288,256.8,283.2,321.6,412.8,429.6,391.2,324,319.2,302.4,302.4,290.4,261.6,235.2,206.4,201.6,204,144,182.4,213.6,175.2,144,136.8,151.2,165.6,100.8,168,112.8,232.8,218.4,192,144,237.6,204,201.6,285.6,304.8,120,196.8,350.4,259.2,168,340.8,340.8,350.4,338.4,357.6,436.8,472.8,496.8,576,592.8,554.4,513.6,463.2,432,453.6,439.2,448.8,424.8,405.6,420,396,403.2,396,396,396,381.6,417.6,396,379.2,384,376.8,367.2,364.8,312,278.4,288,280.8, 
11/19/2023,278.4,276,271.2,264,249.6,249.6,242.4,252,237.6,242.4,225.6,240,235.2,232.8,230.4,247.2,244.8,228,220.8,230.4,223.2,230.4,228,232.8,242.4,271.2,254.4,237.6,201.6,208.8,196.8,189.6,172.8,151.2,129.6,96,57.6,28.8,2.4,0,0,0,0,0,0,0,0,0,0,0,0,0,0,0,0,0,0,0,0,0,21.6,43.2,129.6,242.4,297.6,386.4,429.6,506.4,489.6,468,439.2,396,360,348,364.8,369.6,367.2,331.2,336,340.8,352.8,360,338.4,314.4,309.6,300,304.8,314.4,338.4,338.4,336,338.4,304.8,261.6,254.4,249.6, 
11/20/2023,252,244.8,244.8,237.6,232.8,230.4,235.2,232.8,230.4,223.2,225.6,216,228,220.8,228,240,230.4,223.2,230.4,230.4,223.2,228,218.4,230.4,252,280.8,268.8,261.6,232.8,240,235.2,249.6,254.4,247.2,242.4,204,163.2,141.6,134.4,96,43.2,28.8,7.2,0,0,0,0,0,0,0,0,0,0,0,0,0,4.8,26.4,45.6,74.4,160.8,187.2,244.8,343.2,468,494.4,532.8,552,542.4,501.6,458.4,417.6,376.8,388.8,398.4,391.2,386.4,362.4,364.8,350.4,345.6,345.6,350.4,348,333.6,338.4,328.8,333.6,324,328.8,316.8,316.8,302.4,268.8,244.8,235.2, 
11/21/2023,230.4,218.4,228,225.6,216,213.6,208.8,201.6,206.4,201.6,211.2,201.6,201.6,208.8,201.6,211.2,218.4,218.4,216,220.8,218.4,220.8,223.2,240,259.2,273.6,268.8,304.8,288,273.6,261.6,242.4,264,256.8,211.2,182.4,177.6,204,266.4,134.4,132,98.4,2.4,12,0,26.4,19.2,4.8,9.6,43.2,74.4,108,134.4,134.4,139.2,127.2,134.4,144,177.6,216,204,230.4,240,271.2,338.4,424.8,518.4,504,518.4,496.8,441.6,376.8,362.4,374.4,391.2,388.8,362.4,352.8,345.6,345.6,348,348,340.8,336,331.2,324,324,321.6,328.8,321.6,316.8,321.6,300,254.4,249.6,237.6, 
11/22/2023,247.2,230.4,228,230.4,225.6,220.8,211.2,223.2,216,211.2,220.8,213.6,204,216,218.4,225.6,230.4,225.6,228,228,230.4,228,220.8,232.8,264,283.2,271.2,273.6,252,240,240,206.4,223.2,249.6,240,177.6,134.4,72,98.4,110.4,21.6,2.4,31.2,96,4.8,0,24,14.4,12,28.8,21.6,50.4,43.2,21.6,7.2,21.6,16.8,86.4,153.6,206.4,206.4,278.4,304.8,360,441.6,482.4,537.6,535.2,520.8,453.6,417.6,381.6,360,384,372,348,350.4,357.6,362.4,352.8,364.8,360,348,336,319.2,312,319.2,324,326.4,338.4,321.6,326.4,295.2,271.2,256.8,256.8, 
11/23/2023,252,252,235.2,232.8,218.4,230.4,237.6,230.4,230.4,223.2,223.2,220.8,223.2,223.2,225.6,235.2,230.4,225.6,225.6,237.6,328.8,436.8,384,314.4,300,285.6,261.6,244.8,220.8,211.2,218.4,196.8,206.4,177.6,168,129.6,74.4,19.2,4.8,16.8,2.4,0,0,0,0,0,0,0,0,0,0,0,0,0,0,0,0,0,9.6,60,122.4,156,211.2,261.6,333.6,391.2,429.6,482.4,472.8,494.4,422.4,412.8,350.4,360,376.8,362.4,357.6,352.8,360,336,348,333.6,336,333.6,319.2,307.2,314.4,316.8,316.8,331.2,321.6,319.2,297.6,256.8,235.2,244.8, 
11/24/2023,235.2,230.4,228,225.6,216,213.6,208.8,201.6,208.8,216,216,204,201.6,211.2,206.4,211.2,213.6,211.2,204,216,249.6,381.6,369.6,348,321.6,302.4,256.8,225.6,201.6,199.2,196.8,196.8,206.4,180,172.8,136.8,79.2,24,26.4,4.8,0,0,0,0,0,0,0,0,0,0,0,0,0,0,0,0,0,0,0,0,21.6,96,170.4,223.2,328.8,350.4,391.2,432,429.6,405.6,376.8,350.4,326.4,333.6,343.2,338.4,343.2,333.6,331.2,338.4,324,319.2,321.6,309.6,300,292.8,295.2,304.8,309.6,309.6,312,307.2,280.8,254.4,235.2,235.2, 
11/25/2023,223.2,218.4,220.8,213.6,218.4,216,225.6,218.4,220.8,218.4,213.6,211.2,213.6,213.6,211.2,216,228,218.4,208.8,242.4,340.8,410.4,355.2,264,276,276,256.8,232.8,216,213.6,201.6,199.2,189.6,165.6,127.2,110.4,72,33.6,2.4,0,0,0,0,0,0,0,0,0,0,0,0,0,0,0,0,0,0,0,0,26.4,57.6,74.4,103.2,180,314.4,340.8,405.6,420,410.4,391.2,333.6,307.2,302.4,295.2,314.4,331.2,324,309.6,314.4,307.2,304.8,302.4,312,300,297.6,302.4,297.6,300,295.2,295.2,300,300,285.6,247.2,232.8,237.6, 
11/26/2023,235.2,230.4,223.2,218.4,216,213.6,216,211.2,216,204,208.8,211.2,208.8,211.2,211.2,213.6,218.4,206.4,213.6,213.6,211.2,218.4,213.6,220.8,244.8,256.8,261.6,240,230.4,194.4,172.8,139.2,129.6,98.4,91.2,76.8,24,62.4,28.8,0,0,0,4.8,2.4,0,0,0,2.4,9.6,0,4.8,4.8,19.2,52.8,57.6,24,4.8,0,26.4,4.8,96,144,163.2,208.8,302.4,372,424.8,439.2,480,472.8,463.2,412.8,345.6,352.8,367.2,355.2,345.6,348,331.2,321.6,319.2,307.2,300,295.2,280.8,297.6,302.4,326.4,348,340.8,336,324,297.6,259.2,247.2,249.6, 
11/27/2023,244.8,242.4,237.6,247.2,232.8,228,225.6,220.8,223.2,218.4,218.4,213.6,225.6,223.2,213.6,223.2,235.2,223.2,220.8,228,228,237.6,261.6,271.2,304.8,326.4,336,316.8,307.2,290.4,268.8,244.8,264,244.8,230.4,211.2,170.4,132,91.2,48,24,0,0,0,0,0,0,0,0,0,0,0,0,0,2.4,2.4,2.4,0,24,60,105.6,141.6,208.8,302.4,391.2,439.2,456,496.8,520.8,487.2,460.8,408,367.2,379.2,410.4,396,362.4,362.4,369.6,388.8,386.4,369.6,357.6,364.8,338.4,350.4,340.8,355.2,357.6,348,348,348,324,276,252,242.4, 
11/28/2023,242.4,232.8,237.6,232.8,225.6,225.6,225.6,225.6,230.4,228,225.6,218.4,216,223.2,220.8,220.8,237.6,223.2,223.2,225.6,225.6,235.2,242.4,244.8,261.6,300,295.2,283.2,271.2,232.8,228,247.2,264,247.2,156,14.4,100.8,124.8,112.8,93.6,28.8,0,0,0,0,0,0,0,0,0,0,0,0,0,0,0,4.8,16.8,74.4,81.6,139.2,172.8,230.4,304.8,405.6,494.4,525.6,513.6,501.6,432,412.8,357.6,355.2,362.4,367.2,374.4,364.8,364.8,360,357.6,350.4,348,343.2,333.6,326.4,331.2,319.2,338.4,336,331.2,326.4,321.6,302.4,261.6,252,252, 
11/29/2023,256.8,247.2,249.6,244.8,242.4,228,230.4,232.8,220.8,230.4,235.2,225.6,228,223.2,230.4,228,235.2,228,232.8,240,242.4,232.8,225.6,244.8,259.2,268.8,278.4,280.8,273.6,237.6,232.8,230.4,228,211.2,216,196.8,122.4,139.2,141.6,91.2,141.6,12,0,2.4,0,0,0,0,0,0,0,0,0,0,0,0,2.4,28.8,60,105.6,139.2,204,300,338.4,403.2,417.6,494.4,492,477.6,441.6,398.4,360,357.6,396,384,367.2,357.6,343.2,343.2,340.8,352.8,338.4,336,338.4,324,319.2,324,324,324,319.2,321.6,326.4,314.4,276,244.8,247.2, 
11/30/2023,237.6,240,230.4,225.6,225.6,225.6,218.4,225.6,211.2,208.8,213.6,218.4,218.4,213.6,208.8,230.4,232.8,228,232.8,266.4,316.8,357.6,321.6,285.6,256.8,309.6,350.4,321.6,307.2,247.2,237.6,244.8,220.8,225.6,254.4,204,153.6,136.8,103.2,79.2,96,69.6,60,0,0,0,0,4.8,12,45.6,12,33.6,0,0,0,4.8,0,0,12,36,139.2,213.6,201.6,232.8,345.6,360,422.4,446.4,513.6,501.6,453.6,424.8,405.6,376.8,379.2,403.2,381.6,376.8,362.4,362.4,355.2,364.8,348,348,333.6,319.2,314.4,326.4,328.8,328.8,331.2,328.8,302.4,259.2,264,259.2, 
12/1/2023,252,247.2,240,225.6,232.8,228,230.4,220.8,225.6,220.8,218.4,220.8,220.8,220.8,216,223.2,232.8,230.4,223.2,223.2,249.6,360,324,292.8,292.8,316.8,297.6,276,252,220.8,218.4,184.8,208.8,208.8,223.2,204,175.2,112.8,86.4,64.8,9.6,50.4,26.4,74.4,16.8,0,36,2.4,0,0,0,16.8,2.4,0,0,0,0,0,26.4,74.4,76.8,120,156,199.2,292.8,343.2,405.6,439.2,432,429.6,417.6,379.2,424.8,412.8,412.8,400.8,427.2,374.4,369.6,360,350.4,345.6,333.6,350.4,321.6,314.4,331.2,321.6,316.8,314.4,314.4,307.2,297.6,254.4,242.4,232.8, 
12/2/2023,252,240,235.2,240,228,230.4,230.4,230.4,220.8,225.6,220.8,223.2,228,225.6,216,230.4,244.8,225.6,230.4,242.4,254.4,355.2,328.8,319.2,278.4,268.8,254.4,242.4,240,213.6,199.2,172.8,165.6,144,134.4,110.4,40.8,26.4,12,9.6,19.2,33.6,19.2,98.4,184.8,28.8,2.4,9.6,33.6,40.8,153.6,189.6,60,57.6,60,139.2,199.2,127.2,172.8,244.8,196.8,132,242.4,280.8,290.4,321.6,424.8,417.6,422.4,453.6,398.4,352.8,336,338.4,338.4,362.4,367.2,352.8,321.6,316.8,316.8,316.8,321.6,319.2,300,316.8,307.2,302.4,314.4,321.6,314.4,324,304.8,266.4,244.8,242.4, 
12/3/2023,235.2,232.8,242.4,230.4,225.6,237.6,225.6,220.8,225.6,213.6,218.4,216,218.4,218.4,213.6,218.4,216,228,228,223.2,223.2,232.8,230.4,228,244.8,254.4,266.4,264,244.8,223.2,196.8,175.2,175.2,163.2,136.8,122.4,84,33.6,4.8,0,0,0,0,0,0,0,0,0,0,0,0,9.6,12,2.4,33.6,40.8,67.2,86.4,175.2,184.8,129.6,194.4,230.4,312,384,408,436.8,453.6,458.4,417.6,384,369.6,336,324,381.6,372,360,326.4,331.2,316.8,312,312,304.8,304.8,300,307.2,302.4,309.6,307.2,312,319.2,314.4,290.4,247.2,242.4,228, 
12/4/2023,230.4,230.4,232.8,240,235.2,232.8,232.8,220.8,225.6,220.8,230.4,220.8,232.8,228,225.6,235.2,232.8,230.4,240,228,235.2,237.6,232.8,237.6,264,283.2,302.4,312,300,295.2,285.6,259.2,278.4,304.8,316.8,307.2,307.2,302.4,290.4,278.4,252,225.6,218.4,170.4,141.6,127.2,88.8,43.2,40.8,0,14.4,0,0,0,2.4,0,2.4,16.8,76.8,100.8,127.2,168,266.4,345.6,367.2,456,460.8,480,506.4,489.6,444,410.4,384,367.2,367.2,408,388.8,396,355.2,360,348,340.8,331.2,326.4,319.2,326.4,316.8,326.4,319.2,328.8,328.8,331.2,304.8,259.2,247.2,242.4, 
12/5/2023,249.6,232.8,237.6,235.2,230.4,223.2,220.8,223.2,220.8,216,220.8,228,218.4,213.6,225.6,230.4,225.6,220.8,225.6,213.6,216,220.8,220.8,232.8,261.6,278.4,276,283.2,283.2,242.4,225.6,199.2,237.6,278.4,280.8,256.8,204,170.4,180,144,108,43.2,19.2,7.2,0,0,0,0,0,0,0,12,43.2,0,4.8,0,86.4,52.8,129.6,74.4,136.8,256.8,259.2,295.2,340.8,417.6,372,460.8,439.2,398.4,388.8,388.8,379.2,372,360,364.8,362.4,352.8,348,345.6,338.4,333.6,326.4,326.4,316.8,321.6,319.2,324,319.2,328.8,324,321.6,288,266.4,244.8,242.4, 
12/6/2023,237.6,225.6,225.6,235.2,218.4,228,225.6,216,206.4,213.6,216,211.2,216,220.8,220.8,223.2,225.6,220.8,230.4,223.2,223.2,220.8,218.4,232.8,261.6,276,285.6,285.6,295.2,244.8,249.6,247.2,244.8,259.2,237.6,208.8,244.8,158.4,156,124.8,64.8,28.8,141.6,177.6,12,0,50.4,9.6,81.6,117.6,244.8,285.6,316.8,328.8,324,316.8,340.8,321.6,319.2,324,348,331.2,204,235.2,364.8,398.4,417.6,484.8,484.8,444,398.4,364.8,348,388.8,400.8,352.8,350.4,355.2,357.6,338.4,355.2,328.8,336,333.6,319.2,319.2,326.4,324,319.2,314.4,312,319.2,297.6,247.2,242.4,242.4, 
12/7/2023,232.8,237.6,235.2,232.8,228,232.8,220.8,230.4,223.2,213.6,223.2,235.2,223.2,235.2,230.4,237.6,242.4,225.6,228,225.6,280.8,374.4,384,360,314.4,283.2,304.8,290.4,276,256.8,247.2,230.4,276,259.2,252,232.8,199.2,182.4,127.2,74.4,33.6,19.2,0,31.2,0,0,7.2,40.8,21.6,57.6,134.4,158.4,177.6,170.4,184.8,252,276,273.6,271.2,232.8,256.8,292.8,295.2,340.8,379.2,412.8,424.8,465.6,458.4,424.8,400.8,379.2,400.8,415.2,408,398.4,374.4,348,345.6,336,331.2,333.6,328.8,326.4,324,319.2,307.2,312,321.6,309.6,309.6,309.6,288,244.8,228,240, 
12/8/2023,235.2,225.6,225.6,235.2,228,225.6,220.8,225.6,220.8,216,218.4,218.4,211.2,208.8,220.8,235.2,237.6,225.6,232.8,252,340.8,367.2,321.6,273.6,288,328.8,324,309.6,297.6,254.4,232.8,235.2,259.2,249.6,242.4,225.6,180,141.6,120,108,76.8,28.8,2.4,0,0,0,0,0,0,0,0,0,0,0,0,0,0,0,0,2.4,33.6,84,172.8,252,326.4,357.6,420,444,439.2,408,381.6,350.4,331.2,364.8,355.2,343.2,326.4,319.2,321.6,321.6,316.8,316.8,316.8,324,324,309.6,307.2,300,304.8,300,297.6,300,283.2,242.4,228,235.2, 
12/9/2023,230.4,235.2,223.2,225.6,216,208.8,213.6,211.2,201.6,201.6,208.8,206.4,201.6,208.8,201.6,223.2,225.6,223.2,235.2,230.4,285.6,374.4,350.4,319.2,302.4,280.8,259.2,254.4,230.4,189.6,194.4,192,201.6,180,156,132,110.4,67.2,24,7.2,2.4,0,0,0,0,0,0,0,0,0,0,0,0,0,0,0,0,0,0,0,14.4,60,88.8,156,218.4,249.6,333.6,429.6,403.2,381.6,364.8,340.8,309.6,316.8,333.6,319.2,316.8,288,295.2,288,285.6,285.6,288,292.8,290.4,288,283.2,290.4,300,292.8,297.6,297.6,283.2,242.4,244.8,242.4, 
12/10/2023,228,218.4,218.4,213.6,206.4,211.2,204,206.4,220.8,220.8,211.2,211.2,204,204,201.6,216,220.8,218.4,208.8,206.4,206.4,211.2,213.6,220.8,247.2,252,256.8,252,249.6,223.2,204,189.6,180,175.2,170.4,151.2,91.2,40.8,7.2,7.2,0,0,2.4,0,0,0,0,0,0,0,0,0,0,0,0,0,0,0,2.4,48,76.8,160.8,216,216,266.4,268.8,362.4,408,446.4,434.4,400.8,357.6,324,333.6,328.8,304.8,292.8,300,297.6,297.6,321.6,324,314.4,297.6,285.6,283.2,285.6,288,290.4,300,292.8,290.4,254.4,223.2,223.2,232.8, 
12/11/2023,230.4,225.6,230.4,213.6,213.6,216,213.6,206.4,216,211.2,206.4,208.8,208.8,213.6,216,220.8,220.8,218.4,218.4,208.8,213.6,211.2,223.2,230.4,254.4,276,276,290.4,283.2,256.8,244.8,264,259.2,247.2,237.6,223.2,194.4,158.4,141.6,117.6,72,7.2,0,0,0,0,0,0,0,0,0,0,108,9.6,7.2,0,24,2.4,26.4,50.4,141.6,163.2,235.2,266.4,309.6,372,434.4,448.8,465.6,436.8,405.6,376.8,343.2,355.2,338.4,345.6,345.6,338.4,333.6,340.8,340.8,343.2,333.6,326.4,321.6,336,316.8,316.8,300,297.6,304.8,300,292.8,244.8,232.8,235.2, 
12/12/2023,237.6,232.8,230.4,230.4,230.4,223.2,223.2,225.6,220.8,206.4,208.8,213.6,211.2,225.6,213.6,228,235.2,218.4,223.2,213.6,220.8,218.4,220.8,237.6,254.4,273.6,268.8,283.2,283.2,278.4,247.2,240,252,276,285.6,285.6,292.8,297.6,268.8,237.6,220.8,216,115.2,76.8,55.2,19.2,55.2,0,0,0,0,0,0,0,0,0,0,0,2.4,31.2,76.8,177.6,261.6,285.6,324,384,408,420,412.8,393.6,388.8,352.8,343.2,345.6,362.4,355.2,348,348,345.6,348,340.8,345.6,333.6,338.4,321.6,328.8,328.8,333.6,314.4,324,319.2,304.8,288,254.4,242.4,237.6, 
12/13/2023,247.2,230.4,235.2,228,220.8,228,220.8,218.4,220.8,218.4,211.2,220.8,218.4,218.4,220.8,228,228,228,237.6,235.2,232.8,235.2,223.2,232.8,256.8,276,283.2,290.4,285.6,278.4,244.8,228,240,237.6,276,244.8,184.8,136.8,136.8,129.6,100.8,57.6,38.4,2.4,0,0,0,0,0,0,0,0,0,0,0,26.4,24,117.6,132,165.6,194.4,232.8,235.2,268.8,333.6,405.6,422.4,516,544.8,504,427.2,391.2,362.4,379.2,422.4,343.2,345.6,345.6,355.2,345.6,340.8,336,336,328.8,324,316.8,319.2,326.4,331.2,324,316.8,302.4,297.6,254.4,244.8,249.6, 
12/14/2023,244.8,240,230.4,220.8,216,220.8,213.6,220.8,220.8,220.8,216,223.2,213.6,220.8,216,228,223.2,223.2,225.6,228,213.6,223.2,225.6,220.8,247.2,273.6,285.6,288,280.8,259.2,240,237.6,288,273.6,261.6,230.4,165.6,187.2,158.4,151.2,120,136.8,120,91.2,26.4,7.2,14.4,0,0,2.4,0,2.4,0,2.4,33.6,14.4,36,48,88.8,124.8,141.6,189.6,242.4,343.2,384,429.6,441.6,472.8,439.2,400.8,396,374.4,340.8,336,372,362.4,348,340.8,338.4,350.4,340.8,333.6,321.6,324,319.2,321.6,309.6,312,324,321.6,314.4,314.4,292.8,271.2,252,244.8, 
12/15/2023,232.8,228,228,225.6,220.8,232.8,223.2,220.8,223.2,218.4,213.6,213.6,216,211.2,216,223.2,223.2,249.6,249.6,242.4,290.4,364.8,369.6,326.4,280.8,302.4,290.4,278.4,276,256.8,232.8,223.2,247.2,232.8,230.4,213.6,172.8,141.6,187.2,163.2,110.4,52.8,36,2.4,2.4,2.4,0,0,0,0,2.4,0,4.8,2.4,31.2,2.4,31.2,19.2,110.4,100.8,79.2,180,242.4,316.8,374.4,393.6,439.2,451.2,391.2,386.4,369.6,364.8,345.6,340.8,328.8,319.2,314.4,324,333.6,324,312,319.2,307.2,309.6,309.6,307.2,300,307.2,307.2,309.6,304.8,295.2,280.8,242.4,230.4,225.6, 
12/16/2023,218.4,225.6,208.8,211.2,213.6,201.6,206.4,201.6,208.8,196.8,211.2,201.6,194.4,199.2,204,218.4,223.2,220.8,208.8,220.8,285.6,302.4,362.4,312,271.2,276,288,264,254.4,218.4,177.6,187.2,196.8,172.8,158.4,132,108,72,50.4,19.2,0,0,0,0,0,0,0,0,0,0,0,0,0,0,0,0,0,0,0,9.6,45.6,81.6,156,244.8,283.2,312,410.4,432,410.4,396,340.8,300,300,319.2,316.8,316.8,304.8,295.2,288,292.8,300,300,295.2,290.4,288,288,285.6,297.6,300,300,304.8,292.8,273.6,230.4,232.8,218.4, 
12/17/2023,218.4,216,211.2,211.2,199.2,189.6,199.2,194.4,204,204,194.4,199.2,194.4,194.4,194.4,206.4,206.4,201.6,199.2,201.6,199.2,196.8,204,206.4,216,230.4,232.8,230.4,225.6,223.2,194.4,187.2,196.8,168,156,151.2,175.2,196.8,187.2,156,213.6,213.6,213.6,115.2,91.2,115.2,175.2,172.8,177.6,158.4,170.4,211.2,240,237.6,223.2,204,122.4,91.2,81.6,28.8,72,163.2,268.8,300,312,364.8,391.2,446.4,456,432,376.8,338.4,297.6,297.6,314.4,309.6,295.2,302.4,285.6,290.4,304.8,300,300,271.2,268.8,276,280.8,283.2,304.8,304.8,285.6,304.8,285.6,237.6,237.6,237.6, 
12/18/2023,230.4,228,216,216,211.2,206.4,199.2,201.6,204,204,201.6,206.4,208.8,199.2,204,206.4,211.2,206.4,208.8,211.2,218.4,211.2,220.8,211.2,240,268.8,266.4,266.4,280.8,280.8,261.6,266.4,278.4,259.2,228,225.6,223.2,172.8,141.6,165.6,187.2,196.8,175.2,115.2,108,180,180,192,163.2,170.4,96,91.2,158.4,228,240,220.8,273.6,261.6,276,278.4,312,340.8,374.4,350.4,376.8,427.2,458.4,518.4,489.6,458.4,410.4,355.2,350.4,348,360,343.2,357.6,331.2,331.2,331.2,328.8,321.6,326.4,316.8,328.8,314.4,321.6,321.6,321.6,312,309.6,319.2,283.2,247.2,232.8,240, 
12/19/2023,228,223.2,232.8,223.2,220.8,223.2,211.2,211.2,218.4,211.2,204,206.4,199.2,213.6,218.4,220.8,213.6,216,211.2,211.2,218.4,216,220.8,228,252,273.6,297.6,304.8,290.4,288,244.8,144,76.8,240,283.2,261.6,220.8,199.2,134.4,31.2,79.2,67.2,45.6,24,189.6,134.4,194.4,146.4,235.2,204,180,247.2,225.6,247.2,189.6,55.2,108,48,12,208.8,300,314.4,268.8,302.4,278.4,369.6,372,417.6,410.4,372,362.4,352.8,336,331.2,326.4,328.8,321.6,314.4,309.6,309.6,319.2,302.4,300,304.8,292.8,304.8,297.6,302.4,307.2,307.2,304.8,307.2,280.8,244.8,230.4,230.4, 
12/20/2023,223.2,218.4,220.8,211.2,218.4,208.8,199.2,211.2,201.6,194.4,206.4,192,201.6,199.2,201.6,206.4,204,213.6,206.4,206.4,206.4,216,218.4,218.4,244.8,266.4,280.8,283.2,288,288,276,261.6,300,304.8,297.6,288,302.4,326.4,331.2,314.4,326.4,319.2,316.8,309.6,297.6,312,249.6,199.2,158.4,40.8,88.8,148.8,139.2,208.8,199.2,240,208.8,235.2,223.2,259.2,266.4,333.6,350.4,360,352.8,367.2,376.8,400.8,374.4,362.4,388.8,379.2,357.6,355.2,348,338.4,331.2,331.2,314.4,309.6,304.8,312,307.2,302.4,288,292.8,288,295.2,290.4,283.2,285.6,292.8,276,242.4,237.6,237.6, 
12/21/2023,230.4,225.6,218.4,211.2,211.2,216,213.6,208.8,201.6,204,196.8,196.8,208.8,199.2,194.4,208.8,204,213.6,223.2,220.8,244.8,338.4,376.8,340.8,295.2,283.2,278.4,295.2,271.2,261.6,230.4,196.8,220.8,276,264,240,189.6,148.8,182.4,177.6,182.4,204,194.4,153.6,40.8,33.6,93.6,79.2,93.6,132,141.6,213.6,252,244.8,252,244.8,218.4,192,168,189.6,206.4,213.6,244.8,307.2,336,374.4,448.8,439.2,420,420,388.8,350.4,338.4,328.8,319.2,309.6,312,319.2,319.2,312,302.4,295.2,290.4,295.2,288,288,285.6,285.6,285.6,307.2,309.6,302.4,285.6,259.2,235.2,235.2, 
12/22/2023,235.2,223.2,225.6,223.2,218.4,211.2,208.8,206.4,206.4,204,211.2,201.6,208.8,208.8,206.4,211.2,223.2,223.2,225.6,240,297.6,300,316.8,321.6,273.6,264,276,261.6,259.2,256.8,223.2,230.4,254.4,259.2,225.6,192,189.6,244.8,199.2,204,196.8,220.8,175.2,122.4,14.4,14.4,2.4,0,0,0,0,0,0,0,0,0,0,0,4.8,9.6,38.4,108,132,189.6,297.6,321.6,345.6,424.8,434.4,429.6,434.4,444,386.4,360,360,331.2,331.2,357.6,336,319.2,316.8,324,314.4,304.8,297.6,307.2,297.6,312,314.4,304.8,302.4,307.2,295.2,247.2,240,244.8, 
12/23/2023,213.6,206.4,208.8,208.8,206.4,216,201.6,201.6,192,192,201.6,194.4,194.4,189.6,204,201.6,199.2,204,206.4,223.2,273.6,276,266.4,280.8,297.6,264,232.8,230.4,230.4,216,192,182.4,194.4,192,160.8,139.2,112.8,86.4,50.4,12,0,0,0,0,0,0,0,0,0,0,0,0,0,0,0,0,0,0,0,0,0,14.4,60,110.4,187.2,237.6,302.4,360,374.4,340.8,381.6,364.8,367.2,360,350.4,319.2,292.8,290.4,297.6,290.4,285.6,288,280.8,280.8,273.6,266.4,273.6,280.8,292.8,288,288,285.6,264,228,230.4,220.8, 
12/24/2023,218.4,213.6,206.4,201.6,206.4,201.6,199.2,204,199.2,189.6,189.6,192,196.8,194.4,194.4,211.2,213.6,201.6,232.8,237.6,223.2,232.8,283.2,288,292.8,273.6,261.6,300,312,266.4,223.2,211.2,211.2,177.6,144,124.8,88.8,57.6,9.6,0,14.4,12,2.4,67.2,0,0,0,0,9.6,0,2.4,2.4,16.8,14.4,2.4,50.4,105.6,7.2,0,0,45.6,136.8,182.4,170.4,194.4,285.6,379.2,420,415.2,345.6,343.2,314.4,285.6,297.6,307.2,307.2,292.8,280.8,283.2,278.4,312,314.4,312,307.2,288,268.8,268.8,273.6,276,268.8,276,276,266.4,235.2,223.2,228, 
12/25/2023,230.4,213.6,211.2,208.8,218.4,211.2,208.8,211.2,201.6,208.8,206.4,196.8,208.8,199.2,208.8,208.8,218.4,211.2,208.8,213.6,208.8,206.4,213.6,218.4,237.6,237.6,244.8,240,249.6,240,220.8,213.6,220.8,187.2,172.8,156,120,84,62.4,33.6,9.6,0,0,0,0,0,0,0,0,7.2,0,0,0,0,0,0,9.6,21.6,57.6,105.6,88.8,158.4,196.8,163.2,256.8,352.8,367.2,398.4,400.8,357.6,350.4,355.2,333.6,302.4,319.2,331.2,319.2,307.2,304.8,302.4,302.4,302.4,302.4,297.6,297.6,288,295.2,292.8,304.8,300,290.4,288,283.2,232.8,230.4,225.6, 
12/26/2023,220.8,225.6,216,204,206.4,208.8,201.6,196.8,199.2,196.8,192,196.8,201.6,196.8,206.4,211.2,211.2,201.6,201.6,204,206.4,208.8,201.6,220.8,232.8,254.4,273.6,276,276,261.6,249.6,220.8,252,252,235.2,232.8,192,117.6,146.4,184.8,168,136.8,129.6,48,0,14.4,24,12,0,14.4,9.6,4.8,0,14.4,12,57.6,115.2,148.8,153.6,172.8,278.4,292.8,266.4,278.4,302.4,326.4,333.6,400.8,446.4,427.2,422.4,374.4,340.8,343.2,340.8,328.8,312,309.6,328.8,331.2,314.4,316.8,324,307.2,307.2,307.2,302.4,309.6,312,307.2,307.2,309.6,278.4,237.6,237.6,228, 
12/27/2023,223.2,228,213.6,223.2,211.2,204,206.4,204,192,208.8,206.4,196.8,208.8,192,199.2,211.2,211.2,201.6,211.2,213.6,208.8,211.2,204,218.4,223.2,249.6,252,259.2,249.6,252,237.6,220.8,242.4,240,230.4,256.8,266.4,240,225.6,237.6,204,223.2,144,96,175.2,158.4,112.8,88.8,45.6,26.4,24,129.6,156,211.2,264,278.4,252,230.4,204,201.6,266.4,249.6,300,300,345.6,384,436.8,504,494.4,472.8,456,374.4,338.4,357.6,379.2,374.4,360,340.8,350.4,348,328.8,328.8,328.8,338.4,331.2,340.8,314.4,309.6,319.2,314.4,312,324,304.8,261.6,242.4,240, 
12/28/2023,247.2,230.4,232.8,228,223.2,228,213.6,216,204,208.8,204,204,208.8,206.4,216,208.8,220.8,213.6,213.6,249.6,292.8,321.6,324,307.2,304.8,283.2,273.6,283.2,290.4,271.2,230.4,220.8,242.4,201.6,172.8,148.8,175.2,213.6,223.2,218.4,237.6,182.4,175.2,165.6,160.8,9.6,2.4,4.8,45.6,67.2,84,139.2,16.8,64.8,117.6,48,206.4,206.4,273.6,271.2,292.8,316.8,340.8,352.8,384,393.6,494.4,532.8,544.8,561.6,525.6,410.4,384,405.6,403.2,391.2,384,372,352.8,336,352.8,345.6,338.4,331.2,319.2,326.4,321.6,333.6,331.2,316.8,321.6,328.8,302.4,264,240,242.4, 
12/29/2023,235.2,261.6,249.6,228,225.6,220.8,230.4,216,213.6,208.8,211.2,213.6,237.6,218.4,213.6,220.8,220.8,220.8,230.4,244.8,324,381.6,384,314.4,312,302.4,290.4,292.8,278.4,276,259.2,237.6,261.6,283.2,309.6,283.2,295.2,297.6,288,288,280.8,292.8,206.4,165.6,148.8,129.6,105.6,88.8,151.2,134.4,79.2,148.8,117.6,103.2,129.6,136.8,228,199.2,273.6,304.8,302.4,319.2,328.8,348,364.8,362.4,429.6,568.8,530.4,489.6,444,374.4,364.8,336,364.8,410.4,403.2,396,396,388.8,388.8,379.2,374.4,369.6,364.8,374.4,367.2,367.2,362.4,357.6,364.8,360,326.4,292.8,285.6,276, 
12/30/2023,268.8,271.2,261.6,264,259.2,264,254.4,254.4,247.2,249.6,242.4,252,249.6,254.4,252,247.2,254.4,252,247.2,280.8,350.4,384,376.8,338.4,333.6,319.2,266.4,268.8,259.2,247.2,232.8,211.2,204,182.4,146.4,189.6,180,105.6,146.4,180,129.6,91.2,24,98.4,9.6,4.8,64.8,21.6,79.2,52.8,16.8,2.4,9.6,16.8,0,4.8,0,16.8,14.4,36,0,14.4,45.6,115.2,194.4,328.8,352.8,396,448.8,448.8,391.2,364.8,345.6,314.4,324,319.2,316.8,309.6,314.4,304.8,292.8,297.6,300,297.6,292.8,292.8,285.6,297.6,300,292.8,307.2,309.6,285.6,249.6,235.2,240, 
12/31/2023,230.4,225.6,211.2,223.2,218.4,213.6,208.8,211.2,201.6,194.4,204,199.2,199.2,211.2,211.2,223.2,220.8,204,201.6,228,271.2,314.4,376.8,321.6,285.6,273.6,261.6,242.4,247.2,235.2,204,175.2,170.4,165.6,153.6,189.6,172.8,158.4,146.4,127.2,120,50.4,12,40.8,21.6,0,0,0,0,0,0,12,40.8,79.2,55.2,64.8,55.2,67.2,98.4,110.4,165.6,218.4,218.4,213.6,278.4,304.8,386.4,417.6,448.8,444,388.8,343.2,348,319.2,328.8,316.8,312,290.4,300,302.4,300,309.6,300,300,312,292.8,295.2,302.4,300,307.2,307.2,297.6,280.8,254.4,240,235.2, 
1/1/2024,237.6,213.6,216,216,208.8,208.8,213.6,206.4,199.2,208.8,201.6,206.4,199.2,201.6,208.8,218.4,220.8,211.2,216,216,213.6,213.6,218.4,220.8,230.4,254.4,242.4,249.6,247.2,249.6,211.2,187.2,192,192,184.8,172.8,139.2,112.8,91.2,50.4,7.2,0,4.8,0,0,0,0,0,0,0,0,0,0,0,0,0,0,0,0,0,28.8,88.8,139.2,144,230.4,333.6,384,403.2,427.2,410.4,374.4,345.6,309.6,336,307.2,324,316.8,319.2,314.4,321.6,324,326.4,309.6,309.6,304.8,302.4,302.4,297.6,307.2,309.6,304.8,309.6,273.6,237.6,228,228, 
1/2/2024,228,216,216,213.6,216,208.8,204,208.8,204,201.6,199.2,208.8,199.2,201.6,206.4,208.8,213.6,216,211.2,211.2,216,206.4,213.6,225.6,237.6,254.4,261.6,259.2,283.2,280.8,273.6,256.8,259.2,276,249.6,242.4,225.6,124.8,127.2,72,122.4,93.6,168,220.8,170.4,129.6,55.2,69.6,100.8,129.6,43.2,19.2,112.8,127.2,12,93.6,144,206.4,252,280.8,321.6,328.8,319.2,208.8,211.2,374.4,417.6,494.4,448.8,412.8,384,364.8,360,345.6,350.4,345.6,336,333.6,369.6,388.8,384,384,374.4,362.4,362.4,369.6,360,367.2,362.4,372,367.2,369.6,345.6,319.2,295.2,295.2, 
1/3/2024,288,288,271.2,271.2,266.4,268.8,264,261.6,256.8,252,256.8,252,249.6,249.6,254.4,266.4,273.6,280.8,276,297.6,302.4,355.2,333.6,304.8,319.2,393.6,417.6,386.4,348,324,319.2,304.8,280.8,295.2,314.4,297.6,252,285.6,268.8,223.2,168,64.8,112.8,57.6,144,110.4,7.2,24,120,194.4,110.4,108,132,172.8,196.8,235.2,52.8,81.6,204,122.4,276,290.4,357.6,386.4,384,398.4,453.6,504,482.4,484.8,448.8,412.8,405.6,427.2,465.6,422.4,412.8,388.8,398.4,403.2,384,391.2,386.4,374.4,364.8,360,367.2,376.8,372,376.8,372,369.6,340.8,302.4,295.2,290.4, 
1/4/2024,297.6,285.6,285.6,280.8,261.6,271.2,268.8,266.4,266.4,268.8,268.8,268.8,261.6,271.2,259.2,278.4,280.8,285.6,278.4,292.8,304.8,376.8,424.8,381.6,348,372,362.4,355.2,331.2,321.6,300,297.6,326.4,326.4,333.6,295.2,273.6,242.4,228,172.8,139.2,69.6,43.2,14.4,0,0,0,0,0,0,0,0,0,0,0,0,0,0,9.6,7.2,52.8,96,180,242.4,352.8,398.4,415.2,489.6,506.4,513.6,475.2,422.4,405.6,429.6,451.2,429.6,415.2,391.2,398.4,396,396,400.8,396,388.8,367.2,343.2,328.8,338.4,336,331.2,336,328.8,312,273.6,268.8,259.2, 
1/5/2024,261.6,252,252,249.6,244.8,228,237.6,235.2,223.2,232.8,220.8,228,237.6,230.4,228,240,242.4,259.2,249.6,256.8,314.4,391.2,348,307.2,292.8,288,280.8,288,278.4,271.2,244.8,247.2,256.8,259.2,266.4,273.6,247.2,211.2,196.8,249.6,105.6,64.8,28.8,4.8,0,0,0,0,0,0,0,0,0,0,0,0,0,0,0,0,0,40.8,124.8,182.4,268.8,266.4,328.8,441.6,448.8,439.2,420,376.8,345.6,355.2,348,350.4,333.6,336,333.6,331.2,321.6,326.4,321.6,319.2,321.6,314.4,324,319.2,319.2,316.8,321.6,312,302.4,261.6,261.6,256.8, 
1/6/2024,264,247.2,240,254.4,244.8,235.2,232.8,232.8,230.4,232.8,225.6,225.6,223.2,220.8,218.4,225.6,240,235.2,237.6,223.2,268.8,379.2,374.4,285.6,266.4,256.8,266.4,264,266.4,254.4,235.2,211.2,211.2,204,172.8,156,139.2,134.4,124.8,141.6,129.6,108,60,43.2,9.6,0,2.4,0,12,50.4,108,115.2,132,160.8,220.8,247.2,273.6,288,290.4,285.6,300,331.2,364.8,355.2,302.4,319.2,350.4,410.4,427.2,448.8,448.8,412.8,374.4,379.2,386.4,376.8,364.8,360,364.8,360,367.2,352.8,343.2,348,352.8,352.8,345.6,357.6,367.2,352.8,364.8,364.8,333.6,290.4,290.4,285.6, 
1/7/2024,266.4,259.2,271.2,273.6,273.6,268.8,259.2,268.8,266.4,261.6,266.4,268.8,264,261.6,266.4,278.4,278.4,278.4,280.8,271.2,278.4,285.6,285.6,295.2,304.8,321.6,319.2,333.6,316.8,312,278.4,276,290.4,278.4,247.2,220.8,177.6,127.2,96,60,33.6,4.8,0,0,0,0,0,0,0,0,0,0,0,0,0,0,0,0,0,0,0,69.6,132,196.8,225.6,280.8,345.6,456,444,458.4,451.2,391.2,386.4,396,381.6,367.2,367.2,352.8,352.8,355.2,374.4,360,362.4,362.4,364.8,362.4,367.2,367.2,360,362.4,360,350.4,336,300,295.2,295.2, 
1/8/2024,290.4,290.4,290.4,292.8,283.2,276,285.6,285.6,266.4,278.4,273.6,285.6,278.4,271.2,273.6,288,288,285.6,288,288,290.4,288,295.2,302.4,324,350.4,360,343.2,343.2,336,319.2,314.4,340.8,345.6,328.8,316.8,237.6,199.2,223.2,196.8,160.8,74.4,33.6,0,0,4.8,0,0,0,0,0,0,0,0,0,0,0,0,4.8,7.2,43.2,115.2,204,230.4,271.2,338.4,372,468,472.8,470.4,470.4,432,417.6,398.4,412.8,417.6,410.4,398.4,403.2,393.6,379.2,381.6,372,376.8,379.2,381.6,369.6,367.2,367.2,357.6,367.2,367.2,357.6,324,307.2,300, 
1/9/2024,304.8,295.2,300,290.4,283.2,288,280.8,273.6,268.8,273.6,273.6,261.6,271.2,271.2,266.4,278.4,283.2,278.4,278.4,271.2,271.2,268.8,276,280.8,316.8,331.2,360,357.6,352.8,336,333.6,302.4,324,314.4,340.8,326.4,302.4,180,228,283.2,252,192,230.4,105.6,45.6,98.4,146.4,196.8,247.2,206.4,220.8,218.4,338.4,324,283.2,300,223.2,184.8,180,163.2,261.6,170.4,225.6,244.8,295.2,362.4,386.4,453.6,477.6,489.6,453.6,427.2,412.8,422.4,441.6,436.8,408,398.4,405.6,388.8,384,381.6,386.4,372,372,372,364.8,357.6,357.6,362.4,367.2,372,343.2,314.4,292.8,307.2, 
1/10/2024,302.4,297.6,283.2,283.2,280.8,280.8,280.8,276,276,283.2,276,273.6,271.2,266.4,271.2,285.6,283.2,285.6,280.8,271.2,283.2,278.4,271.2,285.6,312,331.2,343.2,345.6,340.8,328.8,348,338.4,343.2,331.2,244.8,240,228,288,309.6,304.8,307.2,254.4,256.8,232.8,230.4,240,223.2,268.8,264,213.6,292.8,280.8,271.2,295.2,300,331.2,319.2,312,331.2,326.4,336,355.2,408,388.8,398.4,436.8,441.6,499.2,518.4,508.8,484.8,451.2,396,396,398.4,427.2,441.6,412.8,405.6,405.6,386.4,386.4,405.6,384,381.6,374.4,360,364.8,374.4,369.6,376.8,367.2,355.2,328.8,316.8,309.6, 
1/11/2024,304.8,307.2,302.4,292.8,288,283.2,278.4,280.8,273.6,273.6,280.8,273.6,273.6,271.2,273.6,285.6,283.2,278.4,280.8,302.4,340.8,376.8,400.8,381.6,374.4,412.8,396,415.2,393.6,376.8,364.8,357.6,393.6,403.2,379.2,367.2,326.4,297.6,254.4,192,129.6,72,40.8,9.6,0,0,0,0,0,0,0,0,0,0,0,0,0,0,0,21.6,76.8,69.6,139.2,235.2,352.8,376.8,429.6,487.2,528,523.2,508.8,470.4,422.4,417.6,424.8,432,444,427.2,412.8,412.8,410.4,400.8,386.4,396,398.4,393.6,388.8,384,381.6,381.6,374.4,376.8,369.6,328.8,319.2,326.4, 
1/12/2024,331.2,307.2,312,300,295.2,292.8,290.4,256.8,242.4,232.8,242.4,237.6,240,244.8,247.2,249.6,273.6,285.6,283.2,266.4,309.6,324,304.8,297.6,292.8,364.8,398.4,384,367.2,321.6,271.2,256.8,252,273.6,283.2,268.8,249.6,218.4,228,192,192,187.2,139.2,7.2,0,4.8,16.8,7.2,12,43.2,127.2,172.8,105.6,136.8,45.6,0,0,9.6,19.2,0,43.2,141.6,223.2,232.8,297.6,324,362.4,410.4,417.6,429.6,396,376.8,338.4,336,340.8,328.8,369.6,331.2,314.4,316.8,312,316.8,319.2,319.2,314.4,316.8,314.4,309.6,316.8,316.8,316.8,314.4,297.6,256.8,240,252, 
1/13/2024,240,240,240,230.4,235.2,230.4,216,225.6,223.2,213.6,220.8,218.4,216,225.6,225.6,223.2,223.2,230.4,240,264,266.4,295.2,319.2,326.4,326.4,314.4,295.2,297.6,273.6,261.6,256.8,249.6,242.4,230.4,218.4,223.2,206.4,220.8,201.6,211.2,172.8,112.8,112.8,105.6,45.6,52.8,96,79.2,38.4,7.2,0,0,2.4,2.4,45.6,88.8,57.6,120,172.8,129.6,103.2,204,208.8,199.2,235.2,280.8,307.2,348,369.6,372,386.4,376.8,333.6,316.8,364.8,360,333.6,302.4,309.6,307.2,302.4,302.4,295.2,295.2,280.8,295.2,288,300,307.2,304.8,309.6,307.2,276,244.8,230.4,235.2, 
1/14/2024,230.4,237.6,235.2,223.2,220.8,223.2,206.4,208.8,206.4,206.4,206.4,204,201.6,204,201.6,208.8,211.2,206.4,206.4,213.6,204,211.2,208.8,208.8,232.8,232.8,237.6,252,249.6,235.2,232.8,189.6,196.8,189.6,141.6,146.4,124.8,88.8,112.8,33.6,69.6,9.6,0,0,2.4,2.4,0,0,0,0,0,0,0,0,0,0,0,0,0,0,16.8,86.4,177.6,163.2,170.4,201.6,266.4,345.6,343.2,348,336,304.8,326.4,331.2,336,302.4,304.8,307.2,307.2,297.6,297.6,295.2,307.2,307.2,307.2,297.6,292.8,302.4,302.4,307.2,302.4,302.4,297.6,259.2,240,249.6, 
1/15/2024,237.6,232.8,230.4,223.2,218.4,218.4,216,223.2,216,211.2,216,216,211.2,216,216,223.2,228,230.4,230.4,213.6,220.8,218.4,223.2,223.2,247.2,261.6,256.8,285.6,271.2,278.4,266.4,252,261.6,261.6,237.6,220.8,218.4,201.6,211.2,192,124.8,139.2,201.6,220.8,165.6,96,40.8,16.8,24,98.4,2.4,4.8,28.8,0,26.4,0,0,0,0,0,12,69.6,153.6,136.8,196.8,302.4,321.6,379.2,422.4,408,405.6,396,357.6,345.6,364.8,372,369.6,360,352.8,326.4,338.4,336,333.6,326.4,324,319.2,316.8,324,324,321.6,321.6,304.8,292.8,264,232.8,242.4, 
1/16/2024,240,235.2,225.6,235.2,220.8,218.4,223.2,216,216,216,225.6,211.2,216,218.4,206.4,223.2,225.6,216,220.8,225.6,230.4,232.8,235.2,232.8,261.6,285.6,290.4,283.2,297.6,302.4,307.2,285.6,309.6,328.8,312,264,211.2,228,252,261.6,223.2,165.6,43.2,79.2,31.2,69.6,2.4,0,0,0,105.6,88.8,153.6,158.4,153.6,156,177.6,216,237.6,252,271.2,314.4,283.2,302.4,300,338.4,340.8,381.6,427.2,420,412.8,396,376.8,369.6,388.8,364.8,362.4,338.4,357.6,350.4,350.4,348,338.4,345.6,352.8,328.8,324,328.8,331.2,321.6,319.2,326.4,300,276,259.2,259.2, 
1/17/2024,249.6,247.2,232.8,235.2,240,228,235.2,235.2,225.6,230.4,230.4,218.4,218.4,218.4,225.6,225.6,235.2,223.2,230.4,220.8,232.8,225.6,218.4,235.2,254.4,264,278.4,300,307.2,297.6,295.2,264,249.6,261.6,271.2,242.4,288,252,261.6,213.6,268.8,122.4,50.4,26.4,43.2,14.4,9.6,4.8,12,16.8,9.6,26.4,36,24,19.2,33.6,24,12,105.6,108,50.4,110.4,177.6,182.4,194.4,256.8,324,415.2,432,422.4,417.6,391.2,364.8,374.4,384,436.8,372,350.4,357.6,338.4,348,340.8,345.6,336,319.2,324,314.4,324,324,324,319.2,331.2,304.8,261.6,264,252, 
1/18/2024,254.4,249.6,242.4,232.8,237.6,232.8,230.4,228,228,225.6,228,228,220.8,220.8,230.4,242.4,252,249.6,254.4,276,307.2,333.6,355.2,336,345.6,312,307.2,307.2,295.2,300,278.4,256.8,292.8,276,268.8,278.4,264,213.6,146.4,187.2,96,91.2,139.2,117.6,139.2,144,129.6,124.8,67.2,4.8,28.8,100.8,110.4,132,153.6,180,120,14.4,7.2,36,12,36,148.8,247.2,218.4,235.2,312,388.8,379.2,393.6,408,372,352.8,388.8,405.6,410.4,412.8,360,360,348,336,343.2,331.2,319.2,321.6,326.4,304.8,312,307.2,312,312,316.8,295.2,261.6,252,244.8, 
1/19/2024,254.4,242.4,242.4,242.4,228,235.2,228,225.6,213.6,218.4,218.4,218.4,223.2,220.8,211.2,237.6,237.6,230.4,240,254.4,340.8,381.6,357.6,324,292.8,295.2,283.2,285.6,283.2,280.8,254.4,247.2,261.6,232.8,211.2,225.6,244.8,192,213.6,266.4,237.6,211.2,199.2,199.2,112.8,206.4,196.8,187.2,259.2,278.4,276,261.6,153.6,235.2,268.8,295.2,316.8,319.2,321.6,312,304.8,324,331.2,338.4,350.4,362.4,350.4,403.2,415.2,420,403.2,372,348,376.8,379.2,388.8,369.6,352.8,333.6,333.6,328.8,331.2,321.6,324,326.4,321.6,312,316.8,309.6,319.2,312,300,292.8,256.8,247.2,247.2, 
1/20/2024,252,249.6,242.4,237.6,228,237.6,220.8,235.2,228,223.2,220.8,216,216,216,223.2,220.8,223.2,223.2,223.2,225.6,268.8,367.2,338.4,300,290.4,266.4,276,295.2,288,254.4,232.8,211.2,223.2,235.2,237.6,204,129.6,86.4,86.4,60,57.6,40.8,52.8,26.4,36,28.8,74.4,24,16.8,88.8,228,213.6,235.2,220.8,213.6,189.6,201.6,199.2,225.6,249.6,290.4,254.4,225.6,261.6,271.2,309.6,324,362.4,367.2,410.4,393.6,388.8,372,379.2,374.4,350.4,350.4,374.4,357.6,324,324,324,319.2,316.8,314.4,309.6,326.4,324,316.8,314.4,319.2,321.6,297.6,259.2,254.4,259.2, 
1/21/2024,264,247.2,242.4,240,228,230.4,218.4,220.8,218.4,223.2,220.8,220.8,218.4,225.6,218.4,232.8,235.2,228,230.4,237.6,230.4,232.8,240,235.2,261.6,261.6,278.4,276,271.2,244.8,225.6,218.4,220.8,187.2,153.6,148.8,105.6,141.6,36,105.6,93.6,21.6,0,7.2,79.2,2.4,21.6,2.4,96,127.2,110.4,120,184.8,211.2,235.2,180,57.6,158.4,189.6,122.4,184.8,228,271.2,249.6,304.8,340.8,412.8,400.8,424.8,432,427.2,393.6,379.2,364.8,348,352.8,336,328.8,343.2,333.6,340.8,321.6,324,319.2,309.6,309.6,304.8,309.6,300,295.2,302.4,297.6,276,264,247.2,242.4, 
1/22/2024,244.8,237.6,225.6,237.6,220.8,223.2,225.6,218.4,223.2,220.8,213.6,218.4,216,208.8,220.8,213.6,230.4,220.8,225.6,232.8,223.2,220.8,232.8,235.2,266.4,278.4,288,295.2,300,285.6,290.4,292.8,333.6,338.4,348,268.8,268.8,307.2,312,254.4,189.6,228,237.6,247.2,192,280.8,235.2,122.4,45.6,31.2,0,0,62.4,67.2,196.8,148.8,67.2,112.8,256.8,168,117.6,204,283.2,292.8,331.2,340.8,372,381.6,400.8,403.2,410.4,398.4,384,372,396,400.8,374.4,357.6,360,352.8,343.2,340.8,345.6,336,340.8,316.8,328.8,321.6,316.8,326.4,314.4,314.4,290.4,264,240,252, 
1/23/2024,242.4,240,240,235.2,240,235.2,223.2,240,237.6,225.6,232.8,235.2,232.8,225.6,230.4,237.6,237.6,235.2,230.4,223.2,235.2,225.6,223.2,242.4,266.4,280.8,309.6,302.4,312,292.8,254.4,21.6,216,307.2,304.8,295.2,247.2,230.4,220.8,57.6,93.6,196.8,153.6,122.4,115.2,38.4,2.4,0,14.4,0,0,4.8,122.4,211.2,0,26.4,4.8,28.8,24,7.2,36,144,259.2,324,324,309.6,372,393.6,376.8,393.6,403.2,410.4,408,381.6,384,350.4,360,348,343.2,348,340.8,333.6,326.4,328.8,321.6,321.6,314.4,331.2,316.8,300,309.6,307.2,276,264,252,244.8, 
1/24/2024,242.4,232.8,242.4,225.6,235.2,225.6,232.8,232.8,225.6,218.4,216,218.4,220.8,220.8,220.8,230.4,228,223.2,223.2,218.4,220.8,225.6,230.4,228,273.6,312,319.2,316.8,328.8,307.2,319.2,326.4,355.2,333.6,304.8,321.6,304.8,271.2,283.2,264,235.2,204,225.6,148.8,146.4,98.4,86.4,24,7.2,33.6,2.4,40.8,148.8,141.6,170.4,201.6,230.4,240,237.6,216,165.6,163.2,276,331.2,386.4,376.8,388.8,405.6,422.4,436.8,465.6,420,386.4,379.2,386.4,381.6,386.4,376.8,376.8,376.8,369.6,376.8,374.4,360,350.4,348,336,348,343.2,348,350.4,355.2,333.6,304.8,280.8,283.2, 
1/25/2024,273.6,278.4,261.6,259.2,259.2,256.8,247.2,264,266.4,254.4,259.2,254.4,252,244.8,247.2,259.2,256.8,266.4,264,261.6,333.6,367.2,352.8,345.6,403.2,386.4,374.4,355.2,319.2,314.4,280.8,271.2,290.4,292.8,278.4,252,206.4,168,122.4,98.4,72,21.6,127.2,2.4,0,14.4,0,0,0,0,0,0,0,0,0,0,0,0,0,0,2.4,28.8,103.2,211.2,244.8,266.4,312,367.2,398.4,388.8,391.2,441.6,422.4,408,422.4,417.6,410.4,379.2,379.2,374.4,374.4,367.2,350.4,348,343.2,340.8,343.2,345.6,338.4,338.4,333.6,326.4,314.4,290.4,276,288, 
1/26/2024,290.4,276,266.4,256.8,259.2,249.6,259.2,247.2,252,244.8,242.4,249.6,242.4,249.6,247.2,254.4,264,254.4,278.4,331.2,367.2,391.2,369.6,367.2,360,321.6,321.6,312,304.8,283.2,256.8,237.6,228,252,261.6,271.2,261.6,242.4,204,199.2,206.4,199.2,129.6,31.2,96,79.2,72,146.4,96,69.6,0,43.2,98.4,160.8,184.8,204,187.2,168,151.2,170.4,230.4,261.6,256.8,266.4,266.4,292.8,278.4,338.4,357.6,376.8,408,403.2,391.2,376.8,384,420,379.2,355.2,355.2,357.6,352.8,350.4,340.8,333.6,333.6,331.2,326.4,331.2,319.2,328.8,319.2,326.4,312,264,261.6,261.6, 
1/27/2024,254.4,259.2,247.2,242.4,247.2,240,249.6,235.2,232.8,249.6,240,240,232.8,232.8,235.2,242.4,247.2,244.8,256.8,266.4,302.4,398.4,364.8,336,321.6,307.2,309.6,309.6,278.4,273.6,242.4,230.4,208.8,204,187.2,175.2,156,156,136.8,110.4,93.6,93.6,21.6,0,0,4.8,2.4,9.6,9.6,7.2,2.4,2.4,0,0,0,0,0,0,7.2,28.8,21.6,40.8,180,201.6,242.4,309.6,355.2,376.8,403.2,391.2,412.8,405.6,355.2,350.4,362.4,408,384,343.2,364.8,360,343.2,338.4,324,338.4,331.2,324,319.2,333.6,331.2,331.2,336,340.8,316.8,280.8,271.2,268.8, 
1/28/2024,273.6,271.2,271.2,271.2,256.8,264,259.2,256.8,249.6,249.6,244.8,237.6,235.2,242.4,237.6,244.8,247.2,244.8,244.8,237.6,237.6,242.4,235.2,252,273.6,285.6,280.8,283.2,268.8,254.4,232.8,232.8,232.8,194.4,127.2,64.8,74.4,124.8,69.6,91.2,50.4,21.6,12,33.6,48,48,2.4,31.2,64.8,60,64.8,48,50.4,43.2,52.8,12,2.4,0,14.4,88.8,127.2,88.8,86.4,208.8,237.6,242.4,386.4,456,460.8,458.4,439.2,456,388.8,408,391.2,386.4,352.8,348,348,355.2,355.2,357.6,360,350.4,352.8,345.6,348,345.6,333.6,328.8,331.2,328.8,304.8,266.4,256.8,256.8, 
1/29/2024,259.2,261.6,247.2,254.4,240,242.4,242.4,230.4,237.6,230.4,230.4,228,240,235.2,240,249.6,240,240,244.8,232.8,240,249.6,240,256.8,271.2,292.8,297.6,304.8,285.6,283.2,266.4,280.8,307.2,285.6,264,242.4,204,165.6,139.2,108,69.6,48,36,9.6,0,0,0,0,0,0,4.8,0,0,2.4,4.8,16.8,21.6,2.4,7.2,26.4,88.8,266.4,460.8,391.2,338.4,324,364.8,468,487.2,477.6,499.2,487.2,444,441.6,427.2,463.2,436.8,424.8,405.6,376.8,364.8,367.2,362.4,362.4,364.8,357.6,355.2,355.2,350.4,352.8,333.6,336,321.6,295.2,276,278.4, 
1/30/2024,276,271.2,254.4,244.8,237.6,244.8,242.4,237.6,242.4,225.6,237.6,230.4,235.2,235.2,242.4,252,244.8,240,244.8,247.2,266.4,249.6,259.2,259.2,292.8,321.6,316.8,324,319.2,285.6,249.6,232.8,218.4,259.2,290.4,261.6,247.2,163.2,139.2,122.4,76.8,33.6,4.8,52.8,14.4,62.4,91.2,141.6,45.6,100.8,148.8,108,52.8,43.2,38.4,45.6,103.2,127.2,139.2,237.6,163.2,91.2,187.2,278.4,333.6,357.6,412.8,463.2,444,460.8,472.8,420,403.2,408,436.8,424.8,386.4,369.6,391.2,384,381.6,374.4,367.2,350.4,333.6,336,345.6,328.8,336,333.6,324,331.2,319.2,295.2,271.2,278.4, 
1/31/2024,268.8,264,261.6,261.6,249.6,254.4,256.8,249.6,242.4,242.4,240,247.2,247.2,254.4,247.2,254.4,256.8,247.2,247.2,247.2,254.4,259.2,256.8,261.6,278.4,307.2,316.8,340.8,312,307.2,295.2,273.6,312,302.4,324,333.6,355.2,357.6,360,367.2,369.6,381.6,355.2,355.2,331.2,307.2,280.8,285.6,295.2,326.4,348,307.2,319.2,333.6,312,271.2,292.8,283.2,247.2,249.6,324,350.4,386.4,374.4,352.8,364.8,427.2,456,465.6,441.6,436.8,391.2,369.6,391.2,391.2,405.6,396,357.6,360,360,355.2,338.4,333.6,336,326.4,326.4,333.6,328.8,328.8,328.8,321.6,319.2,309.6,283.2,259.2,266.4, 
2/1/2024,266.4,259.2,264,264,259.2,256.8,252,252,240,252,247.2,242.4,247.2,240,240,247.2,252,242.4,256.8,280.8,369.6,364.8,374.4,328.8,324,340.8,355.2,328.8,309.6,292.8,240,218.4,276,268.8,228,237.6,192,261.6,362.4,336,340.8,343.2,316.8,242.4,156,136.8,91.2,67.2,0,0,0,0,0,43.2,139.2,220.8,292.8,235.2,81.6,0,9.6,2.4,237.6,345.6,336,403.2,340.8,328.8,321.6,372,408,410.4,405.6,391.2,381.6,388.8,362.4,362.4,372,360,343.2,348,350.4,348,333.6,326.4,326.4,331.2,328.8,336,331.2,343.2,326.4,276,268.8,256.8, 
2/2/2024,273.6,254.4,264,259.2,249.6,249.6,249.6,237.6,247.2,242.4,249.6,247.2,242.4,242.4,240,249.6,254.4,247.2,252,271.2,304.8,302.4,302.4,343.2,324,304.8,319.2,336,331.2,292.8,271.2,273.6,316.8,280.8,232.8,278.4,247.2,235.2,124.8,86.4,48,96,122.4,98.4,26.4,93.6,55.2,136.8,204,19.2,115.2,129.6,103.2,60,0,4.8,4.8,0,40.8,7.2,84,84,0,69.6,38.4,300,283.2,352.8,398.4,348,292.8,314.4,285.6,300,331.2,321.6,292.8,283.2,285.6,285.6,290.4,278.4,276,278.4,266.4,264,276,266.4,264,273.6,261.6,266.4,259.2,216,201.6,208.8, 
2/3/2024,201.6,204,204,192,196.8,194.4,187.2,187.2,180,177.6,180,182.4,187.2,192,184.8,189.6,194.4,182.4,189.6,196.8,199.2,288,312,312,312,297.6,242.4,216,218.4,201.6,170.4,163.2,148.8,134.4,112.8,76.8,62.4,33.6,40.8,21.6,9.6,79.2,60,36,0,0,0,0,0,0,0,0,0,0,0,0,14.4,38.4,96,136.8,139.2,184.8,206.4,211.2,199.2,201.6,285.6,369.6,374.4,369.6,357.6,319.2,280.8,300,312,314.4,304.8,288,288,288,273.6,273.6,271.2,268.8,271.2,266.4,266.4,266.4,259.2,268.8,256.8,256.8,240,216,201.6,189.6, 
2/4/2024,199.2,196.8,196.8,196.8,187.2,184.8,180,184.8,175.2,168,163.2,163.2,163.2,160.8,158.4,165.6,170.4,163.2,165.6,168,160.8,168,163.2,180,204,225.6,201.6,223.2,225.6,199.2,199.2,146.4,168,187.2,189.6,165.6,136.8,110.4,122.4,108,141.6,158.4,122.4,69.6,86.4,40.8,38.4,100.8,24,0,4.8,28.8,12,2.4,26.4,24,91.2,74.4,110.4,122.4,115.2,127.2,146.4,28.8,192,242.4,271.2,350.4,348,326.4,340.8,321.6,283.2,300,307.2,288,268.8,264,254.4,264,271.2,268.8,254.4,244.8,247.2,244.8,252,244.8,252,256.8,249.6,242.4,230.4,204,199.2,223.2, 
2/5/2024,235.2,242.4,225.6,228,220.8,218.4,223.2,225.6,211.2,220.8,213.6,211.2,211.2,213.6,225.6,218.4,228,218.4,220.8,220.8,213.6,223.2,223.2,235.2,256.8,276,278.4,285.6,280.8,273.6,278.4,276,285.6,273.6,290.4,280.8,206.4,192,199.2,184.8,120,33.6,14.4,112.8,7.2,9.6,76.8,74.4,43.2,115.2,134.4,134.4,48,2.4,81.6,165.6,153.6,230.4,276,254.4,259.2,180,249.6,220.8,206.4,307.2,345.6,412.8,396,386.4,376.8,391.2,379.2,369.6,372,357.6,326.4,309.6,297.6,290.4,285.6,278.4,276,259.2,220.8,211.2,213.6,213.6,225.6,228,223.2,232.8,204,175.2,151.2,160.8, 
2/6/2024,156,144,148.8,151.2,141.6,148.8,136.8,141.6,132,141.6,139.2,136.8,136.8,127.2,134.4,132,141.6,134.4,141.6,132,146.4,139.2,144,153.6,187.2,199.2,199.2,220.8,199.2,180,158.4,156,156,187.2,172.8,177.6,103.2,69.6,117.6,129.6,144,43.2,0,0,0,0,16.8,0,14.4,2.4,0,19.2,0,0,0,0,0,0,0,0,0,0,0,0,4.8,69.6,172.8,273.6,309.6,300,278.4,285.6,290.4,309.6,309.6,292.8,324,321.6,309.6,309.6,302.4,302.4,307.2,290.4,292.8,285.6,280.8,256.8,247.2,283.2,288,285.6,273.6,247.2,237.6,232.8, 
2/7/2024,232.8,232.8,218.4,220.8,192,177.6,165.6,177.6,175.2,180,177.6,285.6,288,216,206.4,199.2,196.8,184.8,187.2,206.4,235.2,228,218.4,240,268.8,288,283.2,288,278.4,264,244.8,230.4,240,278.4,264,259.2,237.6,184.8,220.8,276,196.8,196.8,283.2,304.8,261.6,168,180,244.8,288,297.6,271.2,235.2,225.6,230.4,208.8,192,132,12,129.6,211.2,84,4.8,93.6,158.4,204,242.4,261.6,345.6,391.2,384,348,324,340.8,352.8,350.4,374.4,328.8,302.4,302.4,304.8,292.8,288,280.8,283.2,271.2,280.8,273.6,273.6,280.8,268.8,273.6,271.2,256.8,218.4,201.6,216, 
2/8/2024,206.4,213.6,208.8,204,196.8,196.8,189.6,199.2,189.6,184.8,187.2,184.8,194.4,187.2,189.6,192,194.4,187.2,196.8,192,208.8,304.8,292.8,276,300,292.8,247.2,237.6,225.6,194.4,189.6,201.6,211.2,184.8,168,146.4,93.6,33.6,2.4,0,0,0,0,0,0,0,0,0,0,0,0,14.4,21.6,24,38.4,24,9.6,21.6,26.4,98.4,0,2.4,36,62.4,28.8,235.2,357.6,362.4,364.8,314.4,314.4,345.6,333.6,312,360,343.2,304.8,278.4,283.2,278.4,268.8,276,259.2,264,259.2,254.4,247.2,252,240,249.6,252,249.6,230.4,206.4,199.2,196.8, 
2/9/2024,199.2,192,192,184.8,187.2,172.8,170.4,182.4,180,168,170.4,170.4,163.2,165.6,168,168,177.6,170.4,170.4,168,177.6,292.8,264,271.2,307.2,266.4,247.2,213.6,208.8,182.4,172.8,168,175.2,134.4,153.6,81.6,96,96,33.6,4.8,7.2,0,0,0,0,0,0,0,0,0,0,0,0,0,0,0,0,0,0,0,0,0,2.4,28.8,86.4,79.2,129.6,240,252,230.4,237.6,276,278.4,331.2,328.8,343.2,331.2,326.4,302.4,304.8,300,292.8,297.6,288,278.4,278.4,276,278.4,278.4,276,276,280.8,261.6,249.6,228,225.6, 
2/10/2024,228,223.2,211.2,218.4,213.6,220.8,216,218.4,213.6,204,208.8,199.2,196.8,196.8,204,213.6,213.6,218.4,216,237.6,290.4,302.4,336,364.8,309.6,285.6,259.2,230.4,218.4,194.4,172.8,175.2,192,160.8,120,86.4,24,2.4,0,0,0,0,0,0,0,0,0,0,0,0,0,0,0,0,0,0,0,0,0,0,0,0,0,0,0,9.6,139.2,252,244.8,256.8,244.8,225.6,230.4,252,264,302.4,292.8,259.2,259.2,252,247.2,242.4,240,249.6,235.2,235.2,230.4,232.8,240,237.6,232.8,242.4,228,196.8,196.8,196.8, 
2/11/2024,184.8,180,180,172.8,175.2,172.8,168,175.2,175.2,156,165.6,160.8,160.8,158.4,160.8,170.4,175.2,165.6,168,165.6,156,170.4,165.6,170.4,187.2,201.6,211.2,204,189.6,151.2,139.2,115.2,124.8,84,76.8,31.2,2.4,0,0,0,0,0,0,0,0,0,0,0,0,0,0,0,0,0,0,0,0,0,0,0,0,0,0,0,0,36,76.8,220.8,256.8,302.4,249.6,266.4,292.8,288,256.8,280.8,259.2,247.2,237.6,254.4,261.6,268.8,276,249.6,240,244.8,244.8,240,230.4,232.8,228,235.2,216,180,175.2,172.8, 
2/12/2024,184.8,187.2,177.6,170.4,170.4,182.4,180,192,184.8,184.8,187.2,184.8,180,182.4,180,177.6,177.6,168,172.8,165.6,168,175.2,168,172.8,216,220.8,225.6,220.8,206.4,163.2,146.4,146.4,148.8,151.2,144,134.4,105.6,24,28.8,38.4,9.6,4.8,2.4,0,0,0,0,0,0,0,0,0,0,0,0,0,0,0,0,0,0,0,4.8,2.4,33.6,127.2,158.4,235.2,290.4,297.6,307.2,290.4,302.4,307.2,333.6,336,314.4,312,300,295.2,271.2,278.4,276,264,259.2,261.6,266.4,268.8,264,259.2,254.4,256.8,235.2,211.2,216,211.2, 
2/13/2024,194.4,196.8,182.4,211.2,187.2,182.4,177.6,182.4,189.6,184.8,177.6,177.6,168,170.4,175.2,184.8,187.2,182.4,180,177.6,182.4,180,175.2,196.8,216,223.2,237.6,244.8,252,223.2,220.8,208.8,184.8,192,189.6,160.8,117.6,50.4,16.8,4.8,0,0,0,72,26.4,0,0,0,0,0,0,0,0,0,0,0,0,2.4,9.6,12,88.8,134.4,223.2,244.8,244.8,216,249.6,343.2,350.4,355.2,336,326.4,357.6,372,388.8,372,360,348,326.4,319.2,280.8,280.8,283.2,276,256.8,261.6,261.6,259.2,276,288,280.8,278.4,276,249.6,232.8,237.6, 
2/14/2024,230.4,230.4,220.8,218.4,216,220.8,216,218.4,211.2,213.6,208.8,211.2,208.8,211.2,218.4,218.4,223.2,220.8,223.2,208.8,223.2,218.4,232.8,242.4,259.2,273.6,271.2,266.4,256.8,240,206.4,211.2,206.4,201.6,168,211.2,184.8,81.6,146.4,163.2,112.8,67.2,151.2,132,108,84,64.8,62.4,103.2,93.6,156,170.4,134.4,132,96,172.8,139.2,196.8,254.4,285.6,268.8,288,367.2,403.2,362.4,345.6,355.2,343.2,338.4,309.6,292.8,309.6,321.6,345.6,333.6,350.4,309.6,273.6,278.4,290.4,266.4,278.4,266.4,268.8,256.8,261.6,259.2,268.8,259.2,259.2,266.4,266.4,244.8,211.2,196.8,192, 
2/15/2024,194.4,187.2,187.2,187.2,192,182.4,184.8,184.8,172.8,175.2,180,170.4,182.4,172.8,192,196.8,184.8,192,201.6,192,230.4,319.2,321.6,312,285.6,247.2,237.6,237.6,242.4,211.2,175.2,158.4,163.2,180,160.8,67.2,7.2,0,0,33.6,2.4,0,0,0,0,0,0,0,2.4,0,0,0,0,0,0,0,0,0,0,0,16.8,45.6,12,88.8,110.4,268.8,338.4,331.2,350.4,331.2,338.4,343.2,352.8,352.8,350.4,369.6,304.8,280.8,288,278.4,271.2,268.8,271.2,271.2,268.8,256.8,259.2,266.4,252,259.2,249.6,247.2,218.4,182.4,184.8,180, 
2/16/2024,177.6,182.4,175.2,170.4,168,168,165.6,165.6,163.2,160.8,172.8,163.2,151.2,158.4,151.2,165.6,182.4,175.2,177.6,201.6,266.4,304.8,290.4,247.2,276,259.2,264,244.8,235.2,182.4,153.6,141.6,148.8,105.6,141.6,158.4,139.2,144,139.2,139.2,108,69.6,55.2,0,0,0,0,0,67.2,21.6,2.4,0,0,2.4,62.4,14.4,12,84,84,67.2,100.8,96,103.2,170.4,220.8,208.8,192,247.2,345.6,345.6,324,297.6,309.6,276,259.2,307.2,247.2,249.6,271.2,254.4,235.2,228,240,240,244.8,230.4,232.8,230.4,252,240,235.2,232.8,216,187.2,170.4,168, 
2/17/2024,165.6,168,160.8,158.4,160.8,156,163.2,158.4,156,153.6,153.6,153.6,158.4,151.2,141.6,153.6,168,158.4,158.4,163.2,204,273.6,297.6,326.4,307.2,276,244.8,240,204,199.2,177.6,168,199.2,216,216,216,160.8,134.4,110.4,117.6,108,48,72,129.6,132,115.2,103.2,98.4,136.8,124.8,24,21.6,93.6,45.6,0,0,16.8,129.6,103.2,93.6,132,127.2,98.4,122.4,45.6,148.8,189.6,321.6,283.2,278.4,300,312,261.6,273.6,285.6,249.6,230.4,230.4,230.4,232.8,232.8,235.2,230.4,237.6,232.8,235.2,230.4,249.6,225.6,223.2,223.2,220.8,208.8,184.8,170.4,175.2, 
2/18/2024,180,177.6,172.8,170.4,168,153.6,148.8,148.8,146.4,146.4,141.6,146.4,146.4,144,153.6,148.8,160.8,158.4,158.4,158.4,160.8,156,151.2,158.4,180,189.6,192,165.6,134.4,122.4,132,117.6,105.6,64.8,36,4.8,0,0,0,0,0,0,0,0,0,0,0,0,0,0,0,2.4,4.8,0,7.2,31.2,9.6,28.8,79.2,134.4,91.2,141.6,194.4,237.6,271.2,295.2,297.6,352.8,364.8,352.8,292.8,288,309.6,302.4,328.8,300,280.8,273.6,264,242.4,249.6,249.6,247.2,254.4,259.2,237.6,242.4,242.4,249.6,235.2,247.2,232.8,201.6,177.6,163.2,168, 
2/19/2024,175.2,160.8,160.8,151.2,144,148.8,144,144,148.8,144,139.2,144,146.4,136.8,139.2,153.6,144,158.4,146.4,170.4,163.2,153.6,156,160.8,184.8,182.4,189.6,172.8,153.6,136.8,88.8,103.2,134.4,110.4,84,124.8,158.4,148.8,136.8,117.6,79.2,57.6,26.4,76.8,69.6,57.6,117.6,86.4,52.8,57.6,72,120,160.8,110.4,2.4,26.4,16.8,2.4,0,0,4.8,50.4,48,105.6,146.4,249.6,367.2,400.8,340.8,333.6,307.2,276,276,309.6,285.6,292.8,276,268.8,273.6,266.4,261.6,252,237.6,242.4,240,228,237.6,254.4,249.6,240,237.6,244.8,204,180,170.4,177.6, 
2/20/2024,175.2,172.8,163.2,170.4,156,158.4,160.8,146.4,156,146.4,144,146.4,146.4,146.4,144,156,158.4,156,151.2,148.8,148.8,165.6,160.8,175.2,201.6,211.2,201.6,218.4,177.6,132,168,156,177.6,220.8,237.6,216,160.8,76.8,28.8,55.2,64.8,43.2,40.8,62.4,26.4,28.8,52.8,110.4,144,175.2,184.8,158.4,194.4,223.2,206.4,168,213.6,237.6,252,244.8,235.2,261.6,280.8,319.2,223.2,163.2,69.6,204,249.6,292.8,280.8,278.4,271.2,288,304.8,292.8,273.6,283.2,271.2,268.8,273.6,261.6,254.4,247.2,249.6,240,242.4,240,235.2,230.4,232.8,235.2,223.2,194.4,184.8,184.8, 
2/21/2024,180,175.2,170.4,165.6,160.8,168,163.2,168,160.8,163.2,158.4,153.6,158.4,148.8,144,156,160.8,151.2,160.8,163.2,153.6,163.2,165.6,160.8,189.6,201.6,204,211.2,175.2,139.2,132,110.4,146.4,134.4,108,64.8,26.4,0,0,0,0,0,0,0,0,0,9.6,0,0,52.8,31.2,110.4,127.2,16.8,0,0,0,0,0,0,0,0,0,86.4,168,242.4,285.6,321.6,302.4,319.2,312,261.6,268.8,302.4,290.4,302.4,300,268.8,273.6,276,261.6,264,259.2,249.6,242.4,235.2,235.2,235.2,232.8,228,220.8,225.6,208.8,175.2,163.2,165.6, 
2/22/2024,168,165.6,168,153.6,153.6,153.6,160.8,158.4,144,146.4,144,144,129.6,134.4,146.4,156,158.4,151.2,151.2,170.4,230.4,228,259.2,271.2,283.2,256.8,232.8,211.2,168,158.4,141.6,129.6,141.6,115.2,91.2,86.4,40.8,2.4,0,0,0,0,0,0,0,0,0,0,0,0,0,0,2.4,0,7.2,100.8,110.4,12,0,0,0,0,0,2.4,26.4,43.2,103.2,232.8,244.8,268.8,268.8,242.4,254.4,276,297.6,302.4,331.2,288,268.8,261.6,249.6,252,249.6,249.6,235.2,228,235.2,228,230.4,242.4,242.4,232.8,206.4,160.8,163.2,165.6, 
2/23/2024,163.2,148.8,148.8,146.4,151.2,136.8,136.8,136.8,136.8,136.8,134.4,136.8,141.6,134.4,144,139.2,139.2,144,144,182.4,211.2,295.2,228,240,240,208.8,216,206.4,144,124.8,100.8,105.6,108,110.4,108,91.2,84,55.2,31.2,24,2.4,19.2,12,7.2,43.2,0,0,0,0,0,0,0,0,0,0,0,0,0,0,0,0,0,16.8,55.2,124.8,213.6,256.8,314.4,268.8,285.6,312,256.8,220.8,261.6,264,285.6,271.2,240,225.6,225.6,240,237.6,228,223.2,206.4,199.2,211.2,211.2,211.2,206.4,192,206.4,199.2,180,175.2,165.6, 
2/24/2024,156,151.2,151.2,158.4,151.2,148.8,136.8,141.6,158.4,139.2,139.2,156,151.2,144,144,148.8,144,144,141.6,141.6,146.4,247.2,256.8,228,177.6,213.6,220.8,213.6,165.6,148.8,120,100.8,67.2,36,2.4,0,0,0,0,0,0,0,0,0,0,0,0,0,0,0,0,0,0,0,2.4,0,0,0,0,0,0,0,0,0,9.6,57.6,206.4,314.4,333.6,316.8,316.8,290.4,343.2,338.4,396,343.2,307.2,300,297.6,295.2,297.6,256.8,261.6,276,256.8,247.2,256.8,261.6,271.2,256.8,264,259.2,223.2,208.8,211.2,208.8, 
2/25/2024,201.6,196.8,199.2,189.6,182.4,187.2,180,180,182.4,184.8,175.2,170.4,175.2,168,172.8,177.6,182.4,182.4,182.4,170.4,177.6,187.2,180,187.2,201.6,211.2,204,165.6,129.6,112.8,98.4,96,72,40.8,4.8,0,0,0,0,0,0,0,0,0,0,0,0,0,0,0,0,0,0,0,0,0,0,0,0,0,0,0,0,0,9.6,50.4,98.4,213.6,268.8,283.2,259.2,247.2,252,232.8,240,247.2,228,213.6,211.2,211.2,211.2,208.8,216,204,206.4,206.4,211.2,206.4,204,213.6,220.8,218.4,199.2,158.4,144,141.6, 
2/26/2024,148.8,144,139.2,136.8,139.2,141.6,141.6,124.8,132,134.4,127.2,129.6,132,127.2,129.6,139.2,136.8,141.6,141.6,141.6,136.8,134.4,124.8,146.4,175.2,189.6,182.4,163.2,146.4,139.2,141.6,124.8,124.8,105.6,81.6,84,122.4,0,0,0,0,0,0,0,48,98.4,120,100.8,12,2.4,52.8,7.2,0,0,4.8,4.8,0,0,0,0,0,0,98.4,189.6,230.4,271.2,276,355.2,376.8,321.6,271.2,278.4,264,283.2,297.6,280.8,273.6,261.6,256.8,261.6,252,240,242.4,242.4,240,240,240,232.8,235.2,228,235.2,232.8,204,165.6,172.8,158.4, 
2/27/2024,163.2,160.8,144,148.8,144,144,146.4,156,136.8,139.2,148.8,134.4,139.2,136.8,134.4,146.4,156,151.2,148.8,146.4,144,134.4,153.6,158.4,175.2,204,192,172.8,170.4,172.8,163.2,148.8,158.4,129.6,100.8,62.4,9.6,0,0,0,0,0,0,0,0,0,0,0,0,0,0,0,0,0,0,0,0,0,0,0,0,0,0,0,0,12,60,158.4,194.4,211.2,247.2,235.2,244.8,271.2,295.2,278.4,259.2,259.2,256.8,254.4,252,252,254.4,244.8,242.4,235.2,242.4,240,235.2,242.4,235.2,228,218.4,213.6,165.6,165.6, 
2/28/2024,165.6,165.6,160.8,165.6,156,158.4,153.6,153.6,153.6,146.4,146.4,156,148.8,156,146.4,158.4,158.4,151.2,156,151.2,156,153.6,165.6,158.4,184.8,199.2,201.6,177.6,177.6,184.8,184.8,158.4,144,124.8,117.6,62.4,9.6,2.4,0,0,0,0,0,0,0,0,0,0,0,0,0,0,0,0,0,0,0,0,0,0,0,0,0,12,40.8,81.6,172.8,252,309.6,331.2,268.8,256.8,244.8,290.4,324,328.8,278.4,264,264,264,290.4,273.6,252,261.6,254.4,240,242.4,230.4,240,242.4,237.6,242.4,244.8,182.4,165.6,168, 
2/29/2024,180,177.6,160.8,175.2,158.4,156,148.8,153.6,146.4,141.6,146.4,158.4,170.4,170.4,158.4,148.8,182.4,184.8,160.8,168,182.4,273.6,290.4,288,304.8,252,230.4,235.2,182.4,158.4,127.2,103.2,144,91.2,194.4,158.4,52.8,9.6,31.2,2.4,84,156,182.4,117.6,86.4,26.4,45.6,12,36,38.4,38.4,24,0,0,0,0,0,0,0,0,0,0,0,0,0,50.4,96,153.6,256.8,319.2,328.8,302.4,290.4,307.2,345.6,304.8,273.6,218.4,168,276,271.2,261.6,273.6,268.8,261.6,244.8,256.8,254.4,249.6,252,252,254.4,232.8,192,180,180, 
3/1/2024,180,172.8,175.2,172.8,165.6,182.4,158.4,153.6,148.8,151.2,151.2,148.8,153.6,153.6,160.8,196.8,211.2,259.2,244.8,273.6,285.6,307.2,285.6,266.4,304.8,288,268.8,237.6,199.2,151.2,153.6,189.6,180,132,136.8,64.8,182.4,141.6,180,158.4,19.2,60,7.2,12,2.4,0,0,0,0,2.4,0,0,0,0,40.8,16.8,26.4,38.4,165.6,132,43.2,31.2,160.8,158.4,194.4,216,235.2,376.8,345.6,304.8,326.4,312,288,292.8,266.4,290.4,268.8,235.2,228,228,230.4,235.2,230.4,225.6,220.8,211.2,213.6,223.2,206.4,218.4,211.2,220.8,189.6,175.2,141.6,158.4, 
3/2/2024,160.8,141.6,146.4,141.6,141.6,139.2,139.2,136.8,136.8,136.8,132,122.4,151.2,139.2,144,141.6,146.4,172.8,196.8,187.2,218.4,211.2,230.4,206.4,196.8,206.4,184.8,175.2,132,115.2,105.6,98.4,74.4,88.8,0,0,0,26.4,57.6,26.4,0,112.8,146.4,74.4,0,0,0,0,7.2,26.4,0,0,0,0,0,0,14.4,7.2,2.4,4.8,0,36,110.4,120,124.8,134.4,196.8,220.8,228,230.4,225.6,237.6,218.4,244.8,254.4,249.6,237.6,240,256.8,278.4,261.6,235.2,220.8,199.2,211.2,211.2,206.4,208.8,206.4,213.6,230.4,208.8,189.6,151.2,148.8,144, 
3/3/2024,148.8,146.4,151.2,148.8,141.6,146.4,141.6,134.4,129.6,132,132,127.2,134.4,134.4,134.4,139.2,144,146.4,146.4,144,139.2,141.6,136.8,141.6,156,172.8,163.2,148.8,115.2,98.4,60,19.2,50.4,9.6,28.8,0,0,0,16.8,24,7.2,0,0,0,0,0,0,0,0,0,0,0,0,0,0,0,0,0,0,0,7.2,14.4,50.4,69.6,132,146.4,160.8,216,184.8,132,175.2,220.8,225.6,235.2,247.2,237.6,218.4,225.6,223.2,213.6,232.8,242.4,237.6,232.8,225.6,206.4,206.4,216,218.4,225.6,225.6,213.6,189.6,153.6,148.8,163.2, 
3/4/2024,160.8,148.8,146.4,148.8,151.2,139.2,146.4,146.4,144,144,144,134.4,136.8,129.6,139.2,139.2,148.8,139.2,139.2,139.2,141.6,141.6,146.4,151.2,175.2,196.8,189.6,182.4,141.6,122.4,105.6,93.6,117.6,72,38.4,4.8,0,2.4,2.4,0,0,0,0,0,0,0,0,0,7.2,2.4,0,0,0,0,0,0,0,0,0,0,0,0,33.6,26.4,16.8,112.8,172.8,273.6,254.4,223.2,213.6,211.2,225.6,256.8,261.6,259.2,252,256.8,264,264,261.6,252,254.4,237.6,230.4,230.4,232.8,230.4,225.6,223.2,211.2,216,187.2,158.4,156,156, 
3/5/2024,146.4,146.4,148.8,139.2,134.4,139.2,134.4,136.8,139.2,136.8,144,177.6,172.8,165.6,172.8,175.2,187.2,189.6,175.2,182.4,184.8,180,177.6,177.6,216,225.6,235.2,218.4,196.8,180,141.6,151.2,177.6,151.2,55.2,93.6,105.6,86.4,55.2,60,74.4,57.6,0,36,28.8,0,2.4,0,0,0,0,7.2,7.2,2.4,4.8,7.2,2.4,0,67.2,110.4,62.4,36,103.2,213.6,184.8,201.6,297.6,302.4,312,249.6,237.6,240,261.6,314.4,340.8,309.6,300,297.6,297.6,292.8,290.4,290.4,283.2,280.8,276,223.2,220.8,244.8,235.2,228,223.2,218.4,208.8,177.6,168,170.4, 
3/6/2024,172.8,158.4,160.8,158.4,156,158.4,153.6,144,148.8,144,134.4,141.6,141.6,141.6,146.4,146.4,156,148.8,148.8,144,148.8,165.6,151.2,165.6,194.4,208.8,201.6,194.4,189.6,160.8,139.2,141.6,156,103.2,76.8,96,91.2,38.4,0,0,0,0,0,0,0,0,0,0,0,0,2.4,0,0,0,0,0,0,0,0,0,0,0,0,60,115.2,153.6,259.2,307.2,249.6,170.4,184.8,225.6,232.8,285.6,357.6,302.4,261.6,256.8,259.2,278.4,261.6,264,259.2,249.6,254.4,242.4,235.2,249.6,244.8,235.2,235.2,232.8,220.8,189.6,180,168, 
3/7/2024,168,168,158.4,153.6,156,141.6,153.6,151.2,151.2,148.8,146.4,141.6,136.8,144,136.8,148.8,158.4,170.4,163.2,192,218.4,208.8,204,170.4,218.4,259.2,252,199.2,158.4,122.4,115.2,115.2,144,153.6,182.4,196.8,172.8,93.6,120,139.2,134.4,98.4,91.2,0,0,0,0,0,0,16.8,2.4,0,0,0,0,0,0,0,0,0,0,0,0,0,0,0,103.2,163.2,172.8,184.8,199.2,228,247.2,268.8,321.6,348,312,276,268.8,266.4,268.8,268.8,271.2,249.6,249.6,230.4,242.4,240,240,240,249.6,240,213.6,182.4,160.8,170.4, 
3/8/2024,163.2,160.8,165.6,160.8,153.6,153.6,148.8,151.2,148.8,146.4,158.4,151.2,148.8,148.8,148.8,153.6,163.2,158.4,158.4,172.8,216,304.8,256.8,220.8,256.8,228,175.2,151.2,151.2,136.8,110.4,96,91.2,84,43.2,2.4,0,0,0,0,0,0,0,0,0,0,0,0,0,0,0,0,0,0,0,0,0,0,0,0,0,0,0,0,24,52.8,110.4,230.4,259.2,256.8,259.2,283.2,295.2,319.2,312,300,247.2,244.8,266.4,249.6,240,237.6,235.2,228,230.4,225.6,235.2,230.4,228,228,225.6,223.2,223.2,194.4,170.4,177.6, 
3/9/2024,168,158.4,160.8,163.2,151.2,156,146.4,160.8,146.4,141.6,148.8,146.4,139.2,144,153.6,146.4,151.2,146.4,146.4,141.6,168,218.4,254.4,297.6,283.2,208.8,151.2,115.2,112.8,98.4,67.2,4.8,2.4,0,0,0,0,0,0,0,0,0,0,0,0,0,0,0,0,0,0,0,0,0,0,0,0,0,0,0,0,0,0,0,0,72,172.8,232.8,232.8,208.8,213.6,232.8,218.4,240,268.8,240,242.4,240,252,261.6,228,240,235.2,232.8,232.8,228,218.4,223.2,218.4,223.2,213.6,223.2,206.4,177.6,182.4,172.8, 
3/10/2024,170.4,168,158.4,156,146.4,141.6,134.4,139.2,139.2,144,148.8,132,124.8,139.2,132,141.6,156,151.2,146.4,156,153.6,160.8,170.4,156,182.4,180,158.4,139.2,151.2,136.8,108,81.6,67.2,7.2,0,0,0,0,2.4,0,0,0,0,2.4,0,0,0,0,0,0,0,0,0,0,7.2,7.2,2.4,0,4.8,40.8,50.4,105.6,103.2,117.6,256.8,235.2,187.2,144,112.8,177.6,194.4,196.8,201.6,216,232.8,240,235.2,249.6,235.2,240,225.6,242.4,220.8,213.6,228,237.6,232.8,228,220.8,168,156,172.8,153.6,151.2,153.6,151.2, 
3/11/2024,160.8,153.6,139.2,148.8,144,146.4,151.2,146.4,146.4,141.6,141.6,134.4,136.8,136.8,132,141.6,160.8,148.8,160.8,160.8,177.6,189.6,213.6,211.2,216,223.2,213.6,180,189.6,189.6,230.4,228,172.8,108,69.6,72,4.8,7.2,16.8,7.2,0,0,0,0,0,0,0,0,0,0,36,4.8,0,0,0,0,0,0,0,55.2,134.4,165.6,88.8,98.4,204,168,148.8,146.4,141.6,168,184.8,213.6,230.4,235.2,247.2,249.6,254.4,252,242.4,242.4,230.4,218.4,225.6,211.2,220.8,230.4,218.4,235.2,223.2,158.4,146.4,146.4,132,134.4,132,129.6, 
3/12/2024,129.6,136.8,146.4,146.4,129.6,120,124.8,134.4,117.6,120,124.8,129.6,129.6,124.8,124.8,132,136.8,127.2,136.8,132,146.4,170.4,168,201.6,206.4,216,199.2,112.8,168,175.2,189.6,180,141.6,129.6,127.2,62.4,24,9.6,7.2,0,0,0,0,38.4,4.8,0,0,0,0,0,0,0,0,0,0,0,0,0,0,2.4,0,2.4,0,0,81.6,115.2,108,96,96,112.8,132,204,206.4,252,242.4,249.6,266.4,242.4,240,228,220.8,211.2,211.2,211.2,213.6,220.8,223.2,240,216,184.8,160.8,156,151.2,136.8,136.8,132, 
3/13/2024,136.8,132,134.4,129.6,122.4,124.8,124.8,129.6,134.4,134.4,132,129.6,132,134.4,127.2,129.6,139.2,136.8,132,141.6,146.4,163.2,165.6,187.2,192,180,163.2,148.8,160.8,168,175.2,175.2,160.8,64.8,31.2,9.6,0,0,0,0,0,0,0,0,0,0,0,0,0,0,0,0,0,0,0,0,0,0,0,0,0,0,0,0,0,4.8,24,31.2,74.4,100.8,206.4,256.8,225.6,240,235.2,237.6,247.2,240,237.6,235.2,232.8,213.6,213.6,213.6,204,218.4,220.8,218.4,192,168,168,153.6,151.2,146.4,141.6,144, 
3/14/2024,158.4,129.6,127.2,132,124.8,124.8,132,129.6,112.8,120,120,112.8,136.8,132,120,132,163.2,249.6,244.8,235.2,216,172.8,170.4,204,194.4,177.6,132,148.8,172.8,175.2,153.6,136.8,93.6,45.6,4.8,0,0,0,0,0,0,0,0,0,0,0,0,0,0,0,0,0,0,0,0,0,0,0,0,0,0,0,0,0,0,4.8,74.4,117.6,84,165.6,252,288,292.8,328.8,338.4,324,309.6,309.6,288,300,283.2,280.8,276,261.6,261.6,254.4,259.2,307.2,280.8,259.2,240,240,225.6,216,220.8,235.2, 
3/15/2024,230.4,216,218.4,204,199.2,204,206.4,204,206.4,218.4,208.8,206.4,199.2,199.2,201.6,216,254.4,278.4,309.6,264,276,283.2,302.4,312,280.8,264,220.8,232.8,285.6,278.4,256.8,213.6,175.2,144,100.8,38.4,0,0,0,0,0,0,0,0,0,0,0,0,0,0,0,0,0,0,0,0,0,0,0,0,0,2.4,2.4,16.8,24,67.2,148.8,136.8,160.8,218.4,273.6,316.8,292.8,326.4,350.4,355.2,321.6,326.4,338.4,328.8,316.8,283.2,285.6,276,278.4,273.6,261.6,264,242.4,211.2,199.2,201.6,177.6,216,266.4,280.8, 
3/16/2024,273.6,278.4,266.4,276,259.2,259.2,259.2,268.8,254.4,256.8,256.8,264,264,288,271.2,328.8,326.4,355.2,348,300,292.8,297.6,307.2,304.8,304.8,285.6,242.4,235.2,254.4,254.4,232.8,189.6,139.2,91.2,31.2,0,0,0,0,0,0,0,0,0,0,0,0,0,0,0,0,0,0,0,0,0,0,0,0,0,0,0,0,24,43.2,64.8,112.8,93.6,120,192,261.6,280.8,309.6,304.8,326.4,324,302.4,312,292.8,292.8,295.2,304.8,290.4,297.6,273.6,249.6,220.8,230.4,206.4,184.8,172.8,172.8,168,168,168,165.6, 
3/17/2024,163.2,151.2,153.6,153.6,141.6,151.2,146.4,144,158.4,148.8,139.2,141.6,139.2,134.4,139.2,146.4,153.6,158.4,158.4,158.4,168,172.8,177.6,189.6,189.6,172.8,146.4,132,132,124.8,93.6,55.2,21.6,0,0,0,0,0,0,0,0,0,0,0,0,0,0,0,0,0,0,0,0,0,0,0,0,0,0,0,0,0,0,0,0,0,12,7.2,7.2,72,127.2,144,153.6,170.4,206.4,184.8,216,211.2,228,213.6,182.4,170.4,165.6,177.6,177.6,182.4,237.6,256.8,237.6,204,180,165.6,168,170.4,158.4,156, 
3/18/2024,170.4,165.6,165.6,156,151.2,151.2,151.2,153.6,160.8,156,158.4,148.8,156,165.6,163.2,168,165.6,160.8,168,168,175.2,187.2,196.8,204,213.6,194.4,170.4,168,201.6,199.2,196.8,146.4,98.4,74.4,19.2,0,0,0,0,0,0,0,0,0,0,0,0,0,0,0,0,0,0,0,0,0,0,0,0,0,0,0,0,2.4,7.2,12,48,122.4,88.8,182.4,218.4,271.2,292.8,266.4,297.6,292.8,285.6,271.2,283.2,271.2,261.6,256.8,235.2,244.8,242.4,247.2,264,242.4,225.6,199.2,189.6,172.8,153.6,158.4,141.6,136.8, 
3/19/2024,144,134.4,129.6,134.4,122.4,124.8,127.2,112.8,112.8,110.4,88.8,91.2,84,81.6,88.8,91.2,93.6,96,105.6,96,120,134.4,146.4,148.8,163.2,146.4,134.4,115.2,153.6,156,129.6,110.4,86.4,91.2,55.2,9.6,0,0,0,0,0,0,0,0,0,0,0,0,0,0,0,0,0,0,0,0,0,0,0,0,0,0,0,0,0,2.4,4.8,52.8,45.6,55.2,136.8,189.6,199.2,208.8,218.4,232.8,216,204,218.4,208.8,213.6,182.4,187.2,192,196.8,194.4,192,199.2,184.8,136.8,124.8,120,98.4,88.8,88.8,98.4, 
3/20/2024,96,98.4,98.4,86.4,81.6,84,86.4,86.4,88.8,81.6,88.8,81.6,88.8,81.6,88.8,96,96,100.8,103.2,100.8,127.2,127.2,127.2,153.6,141.6,120,110.4,122.4,146.4,132,96,76.8,57.6,4.8,0,0,0,0,0,0,0,0,0,0,0,0,0,0,0,0,0,0,0,0,0,0,0,0,0,0,0,0,0,31.2,88.8,151.2,158.4,103.2,91.2,124.8,151.2,184.8,192,211.2,220.8,213.6,218.4,218.4,208.8,204,187.2,192,194.4,194.4,177.6,187.2,192,204,158.4,134.4,112.8,117.6,100.8,105.6,93.6,105.6, 
3/21/2024,108,91.2,93.6,98.4,91.2,84,84,86.4,88.8,88.8,81.6,81.6,88.8,98.4,100.8,110.4,225.6,235.2,237.6,175.2,134.4,134.4,144,170.4,182.4,148.8,110.4,132,151.2,139.2,112.8,81.6,33.6,2.4,0,0,0,0,0,0,0,0,0,0,0,0,0,0,0,0,0,0,0,0,0,0,0,0,0,0,12,72,33.6,14.4,0,38.4,139.2,81.6,64.8,124.8,201.6,223.2,228,240,232.8,252,225.6,240,232.8,235.2,218.4,206.4,194.4,189.6,187.2,189.6,206.4,201.6,184.8,158.4,153.6,151.2,117.6,110.4,115.2,115.2, 
3/22/2024,105.6,105.6,103.2,108,100.8,100.8,98.4,88.8,88.8,81.6,84,81.6,76.8,115.2,108,136.8,216,232.8,218.4,199.2,158.4,151.2,141.6,156,163.2,132,100.8,96,88.8,57.6,55.2,84,67.2,67.2,122.4,43.2,0,0,0,0,0,0,0,0,4.8,0,9.6,14.4,0,0,0,0,0,0,0,12,100.8,33.6,86.4,211.2,100.8,110.4,136.8,220.8,254.4,237.6,237.6,216,153.6,146.4,144,168,187.2,182.4,206.4,206.4,192,194.4,196.8,189.6,194.4,187.2,177.6,196.8,204,201.6,196.8,194.4,182.4,148.8,139.2,136.8,115.2,110.4,112.8,112.8, 
3/23/2024,108,103.2,96,103.2,84,88.8,86.4,88.8,86.4,88.8,91.2,88.8,93.6,84,96,124.8,213.6,216,247.2,182.4,158.4,146.4,144,139.2,136.8,98.4,74.4,60,60,4.8,52.8,26.4,0,2.4,7.2,0,0,0,7.2,62.4,52.8,24,0,0,0,0,0,0,26.4,31.2,0,0,0,0,0,0,0,0,0,0,0,31.2,9.6,0,24,108,2.4,26.4,96,21.6,112.8,127.2,148.8,148.8,180,184.8,189.6,194.4,187.2,175.2,177.6,165.6,163.2,170.4,175.2,180,180,182.4,165.6,134.4,124.8,115.2,103.2,98.4,96,98.4, 
3/24/2024,100.8,88.8,86.4,88.8,84,88.8,79.2,81.6,81.6,84,84,84,84,98.4,96,100.8,103.2,86.4,110.4,93.6,98.4,105.6,115.2,136.8,136.8,122.4,117.6,98.4,43.2,0,2.4,2.4,14.4,67.2,72,0,2.4,0,0,0,0,0,0,0,0,0,0,0,0,0,0,0,0,0,0,0,0,0,2.4,0,0,0,7.2,2.4,0,0,2.4,12,28.8,19.2,0,62.4,103.2,139.2,168,182.4,194.4,192,204,182.4,172.8,165.6,175.2,163.2,175.2,175.2,180,182.4,165.6,122.4,122.4,120,100.8,100.8,103.2,103.2, 
3/25/2024,110.4,98.4,98.4,93.6,98.4,91.2,98.4,84,91.2,88.8,96,86.4,88.8,93.6,93.6,110.4,117.6,100.8,110.4,110.4,134.4,136.8,141.6,153.6,158.4,153.6,163.2,139.2,136.8,115.2,146.4,124.8,88.8,52.8,43.2,38.4,33.6,0,0,0,0,0,0,0,0,0,0,0,0,0,0,0,0,0,0,0,0,0,0,0,0,0,9.6,2.4,0,0,0,2.4,14.4,7.2,74.4,117.6,163.2,160.8,184.8,201.6,218.4,218.4,201.6,206.4,201.6,184.8,180,184.8,192,184.8,189.6,194.4,175.2,129.6,112.8,110.4,110.4,98.4,110.4,105.6, 
3/26/2024,105.6,98.4,100.8,91.2,81.6,93.6,86.4,91.2,96,88.8,98.4,86.4,96,103.2,98.4,103.2,110.4,103.2,100.8,105.6,127.2,134.4,144,165.6,153.6,148.8,117.6,108,62.4,57.6,129.6,122.4,91.2,88.8,84,69.6,36,0,0,0,0,0,0,0,0,0,0,0,0,0,0,0,0,0,0,0,0,0,0,0,0,0,0,0,0,0,0,0,2.4,24,81.6,120,163.2,172.8,196.8,225.6,225.6,211.2,218.4,208.8,196.8,196.8,192,196.8,196.8,187.2,180,192,175.2,144,136.8,120,117.6,122.4,110.4,112.8, 
3/27/2024,108,110.4,105.6,103.2,86.4,93.6,91.2,81.6,84,91.2,88.8,91.2,96,93.6,103.2,112.8,115.2,98.4,96,96,115.2,139.2,158.4,163.2,170.4,134.4,112.8,117.6,232.8,288,235.2,208.8,165.6,141.6,69.6,2.4,0,36,81.6,60,40.8,21.6,0,2.4,40.8,45.6,115.2,211.2,172.8,136.8,180,228,211.2,201.6,189.6,206.4,208.8,206.4,180,297.6,225.6,307.2,360,388.8,376.8,384,367.2,352.8,309.6,292.8,336,333.6,316.8,288,300,297.6,266.4,235.2,213.6,211.2,206.4,196.8,170.4,177.6,180,189.6,184.8,192,163.2,141.6,117.6,112.8,108,100.8,93.6,96, 
3/28/2024,93.6,96,84,98.4,91.2,98.4,91.2,88.8,100.8,105.6,108,115.2,110.4,110.4,122.4,165.6,216,252,228,218.4,180,184.8,187.2,163.2,172.8,146.4,124.8,120,88.8,74.4,100.8,62.4,12,9.6,136.8,204,187.2,72,0,0,0,0,0,0,0,0,0,0,0,0,0,0,0,0,0,0,0,0,0,0,0,0,2.4,19.2,72,16.8,40.8,98.4,96,120,146.4,165.6,187.2,194.4,194.4,199.2,206.4,196.8,208.8,194.4,194.4,192,180,189.6,180,187.2,201.6,189.6,175.2,139.2,124.8,124.8,122.4,117.6,112.8,117.6, 
3/29/2024,108,110.4,103.2,108,100.8,96,96,100.8,91.2,88.8,98.4,129.6,124.8,129.6,127.2,117.6,213.6,252,223.2,192,158.4,153.6,156,144,158.4,151.2,115.2,112.8,117.6,148.8,115.2,93.6,67.2,43.2,62.4,19.2,0,0,0,0,0,0,0,0,0,0,14.4,0,0,0,2.4,12,40.8,72,62.4,79.2,72,105.6,127.2,139.2,175.2,192,208.8,108,33.6,2.4,88.8,57.6,40.8,86.4,146.4,168,156,158.4,192,216,211.2,213.6,204,204,194.4,189.6,180,187.2,182.4,175.2,182.4,182.4,165.6,129.6,127.2,115.2,112.8,112.8,112.8,115.2, 
3/30/2024,110.4,108,103.2,103.2,91.2,88.8,81.6,86.4,84,86.4,93.6,86.4,98.4,124.8,136.8,100.8,122.4,199.2,218.4,153.6,120,117.6,122.4,105.6,96,93.6,60,33.6,9.6,0,0,0,0,0,0,0,0,0,0,0,0,0,0,0,0,0,0,0,0,0,0,0,0,0,0,0,0,0,0,0,7.2,43.2,127.2,98.4,67.2,187.2,105.6,74.4,88.8,112.8,165.6,156,151.2,160.8,177.6,182.4,165.6,168,165.6,158.4,163.2,156,158.4,163.2,156,160.8,156,163.2,148.8,117.6,100.8,93.6,88.8,88.8,86.4,88.8, 
3/31/2024,86.4,88.8,79.2,86.4,74.4,69.6,72,67.2,72,72,74.4,74.4,93.6,81.6,76.8,84,86.4,91.2,98.4,93.6,103.2,129.6,136.8,127.2,122.4,124.8,79.2,64.8,79.2,43.2,2.4,4.8,0,0,0,0,0,0,0,0,0,0,0,0,0,0,0,0,0,0,0,0,0,0,0,0,0,0,0,0,0,0,0,0,0,0,0,0,0,14.4,69.6,81.6,88.8,105.6,136.8,180,189.6,196.8,180,177.6,172.8,160.8,165.6,158.4,163.2,165.6,175.2,170.4,158.4,124.8,117.6,115.2,108,93.6,91.2,98.4, 
