Date,Time,Current Demand Units = kW
4/1/2023,0:00,352
4/1/2023,0:15,360
4/1/2023,0:30,344
4/1/2023,0:45,352
4/1/2023,1:00,344
4/1/2023,1:15,352
4/1/2023,1:30,344
4/1/2023,1:45,336
4/1/2023,2:00,344
4/1/2023,2:15,352
4/1/2023,2:30,360
4/1/2023,2:45,352
4/1/2023,3:00,352
4/1/2023,3:15,344
4/1/2023,3:30,352
4/1/2023,3:45,352
4/1/2023,4:00,352
4/1/2023,4:15,344
4/1/2023,4:30,344
4/1/2023,4:45,352
4/1/2023,5:00,344
4/1/2023,5:15,352
4/1/2023,5:30,352
4/1/2023,5:45,352
4/1/2023,6:00,344
4/1/2023,6:15,352
4/1/2023,6:30,352
4/1/2023,6:45,344
4/1/2023,7:00,328
4/1/2023,7:15,336
4/1/2023,7:30,336
4/1/2023,7:45,336
4/1/2023,8:00,328
4/1/2023,8:15,336
4/1/2023,8:30,336
4/1/2023,8:45,328
4/1/2023,9:00,336
4/1/2023,9:15,352
4/1/2023,9:30,360
4/1/2023,9:45,352
4/1/2023,10:00,352
4/1/2023,10:15,368
4/1/2023,10:30,376
4/1/2023,10:45,368
4/1/2023,11:00,368
4/1/2023,11:15,376
4/1/2023,11:30,400
4/1/2023,11:45,408
4/1/2023,12:00,400
4/1/2023,12:15,424
4/1/2023,12:30,416
4/1/2023,12:45,424
4/1/2023,13:00,448
4/1/2023,13:15,440
4/1/2023,13:30,448
4/1/2023,13:45,456
4/1/2023,14:00,464
4/1/2023,14:15,464
4/1/2023,14:30,464
4/1/2023,14:45,488
4/1/2023,15:00,464
4/1/2023,15:15,488
4/1/2023,15:30,464
4/1/2023,15:45,480
4/1/2023,16:00,480
4/1/2023,16:15,464
4/1/2023,16:30,472
4/1/2023,16:45,480
4/1/2023,17:00,456
4/1/2023,17:15,448
4/1/2023,17:30,456
4/1/2023,17:45,448
4/1/2023,18:00,432
4/1/2023,18:15,408
4/1/2023,18:30,400
4/1/2023,18:45,400
4/1/2023,19:00,392
4/1/2023,19:15,376
4/1/2023,19:30,368
4/1/2023,19:45,376
4/1/2023,20:00,384
4/1/2023,20:15,384
4/1/2023,20:30,360
4/1/2023,20:45,376
4/1/2023,21:00,392
4/1/2023,21:15,376
4/1/2023,21:30,368
4/1/2023,21:45,368
4/1/2023,22:00,376
4/1/2023,22:15,384
4/1/2023,22:30,368
4/1/2023,22:45,360
4/1/2023,23:00,368
4/1/2023,23:15,376
4/1/2023,23:30,368
4/1/2023,23:45,360
4/2/2023,0:00,368
4/2/2023,0:15,360
4/2/2023,0:30,368
4/2/2023,0:45,368
4/2/2023,1:00,352
4/2/2023,1:15,352
4/2/2023,1:30,360
4/2/2023,1:45,360
4/2/2023,2:00,352
4/2/2023,2:15,352
4/2/2023,2:30,360
4/2/2023,2:45,352
4/2/2023,3:00,360
4/2/2023,3:15,344
4/2/2023,3:30,352
4/2/2023,3:45,352
4/2/2023,4:00,360
4/2/2023,4:15,344
4/2/2023,4:30,352
4/2/2023,4:45,352
4/2/2023,5:00,352
4/2/2023,5:15,352
4/2/2023,5:30,344
4/2/2023,5:45,344
4/2/2023,6:00,352
4/2/2023,6:15,344
4/2/2023,6:30,352
4/2/2023,6:45,352
4/2/2023,7:00,336
4/2/2023,7:15,344
4/2/2023,7:30,344
4/2/2023,7:45,344
4/2/2023,8:00,336
4/2/2023,8:15,336
4/2/2023,8:30,336
4/2/2023,8:45,336
4/2/2023,9:00,328
4/2/2023,9:15,336
4/2/2023,9:30,328
4/2/2023,9:45,352
4/2/2023,10:00,336
4/2/2023,10:15,344
4/2/2023,10:30,352
4/2/2023,10:45,356
4/2/2023,11:00,360
4/2/2023,11:15,336
4/2/2023,11:30,320
4/2/2023,11:45,336
4/2/2023,12:00,320
4/2/2023,12:15,336
4/2/2023,12:30,328
4/2/2023,12:45,328
4/2/2023,13:00,344
4/2/2023,13:15,336
4/2/2023,13:30,368
4/2/2023,13:45,360
4/2/2023,14:00,344
4/2/2023,14:15,352
4/2/2023,14:30,344
4/2/2023,14:45,344
4/2/2023,15:00,352
4/2/2023,15:15,352
4/2/2023,15:30,360
4/2/2023,15:45,336
4/2/2023,16:00,344
4/2/2023,16:15,344
4/2/2023,16:30,328
4/2/2023,16:45,320
4/2/2023,17:00,336
4/2/2023,17:15,328
4/2/2023,17:30,344
4/2/2023,17:45,320
4/2/2023,18:00,328
4/2/2023,18:15,336
4/2/2023,18:30,336
4/2/2023,18:45,344
4/2/2023,19:00,328
4/2/2023,19:15,336
4/2/2023,19:30,344
4/2/2023,19:45,344
4/2/2023,20:00,336
4/2/2023,20:15,336
4/2/2023,20:30,336
4/2/2023,20:45,320
4/2/2023,21:00,336
4/2/2023,21:15,336
4/2/2023,21:30,344
4/2/2023,21:45,336
4/2/2023,22:00,344
4/2/2023,22:15,336
4/2/2023,22:30,336
4/2/2023,22:45,336
4/2/2023,23:00,344
4/2/2023,23:15,328
4/2/2023,23:30,336
4/2/2023,23:45,336
4/3/2023,0:00,352
4/3/2023,0:15,344
4/3/2023,0:30,336
4/3/2023,0:45,336
4/3/2023,1:00,336
4/3/2023,1:15,336
4/3/2023,1:30,336
4/3/2023,1:45,328
4/3/2023,2:00,328
4/3/2023,2:15,328
4/3/2023,2:30,328
4/3/2023,2:45,336
4/3/2023,3:00,328
4/3/2023,3:15,336
4/3/2023,3:30,336
4/3/2023,3:45,328
4/3/2023,4:00,336
4/3/2023,4:15,320
4/3/2023,4:30,336
4/3/2023,4:45,328
4/3/2023,5:00,336
4/3/2023,5:15,320
4/3/2023,5:30,328
4/3/2023,5:45,352
4/3/2023,6:00,368
4/3/2023,6:15,376
4/3/2023,6:30,368
4/3/2023,6:45,368
4/3/2023,7:00,384
4/3/2023,7:15,384
4/3/2023,7:30,392
4/3/2023,7:45,416
4/3/2023,8:00,424
4/3/2023,8:15,424
4/3/2023,8:30,432
4/3/2023,8:45,448
4/3/2023,9:00,464
4/3/2023,9:15,464
4/3/2023,9:30,456
4/3/2023,9:45,464
4/3/2023,10:00,456
4/3/2023,10:15,448
4/3/2023,10:30,440
4/3/2023,10:45,432
4/3/2023,11:00,440
4/3/2023,11:15,440
4/3/2023,11:30,456
4/3/2023,11:45,448
4/3/2023,12:00,456
4/3/2023,12:15,456
4/3/2023,12:30,456
4/3/2023,12:45,456
4/3/2023,13:00,448
4/3/2023,13:15,464
4/3/2023,13:30,464
4/3/2023,13:45,456
4/3/2023,14:00,464
4/3/2023,14:15,456
4/3/2023,14:30,448
4/3/2023,14:45,456
4/3/2023,15:00,456
4/3/2023,15:15,440
4/3/2023,15:30,424
4/3/2023,15:45,408
4/3/2023,16:00,432
4/3/2023,16:15,424
4/3/2023,16:30,416
4/3/2023,16:45,408
4/3/2023,17:00,408
4/3/2023,17:15,384
4/3/2023,17:30,400
4/3/2023,17:45,384
4/3/2023,18:00,392
4/3/2023,18:15,392
4/3/2023,18:30,376
4/3/2023,18:45,368
4/3/2023,19:00,368
4/3/2023,19:15,368
4/3/2023,19:30,368
4/3/2023,19:45,368
4/3/2023,20:00,352
4/3/2023,20:15,360
4/3/2023,20:30,360
4/3/2023,20:45,360
4/3/2023,21:00,360
4/3/2023,21:15,344
4/3/2023,21:30,344
4/3/2023,21:45,352
4/3/2023,22:00,352
4/3/2023,22:15,352
4/3/2023,22:30,352
4/3/2023,22:45,344
4/3/2023,23:00,344
4/3/2023,23:15,352
4/3/2023,23:30,352
4/3/2023,23:45,336
4/4/2023,0:00,344
4/4/2023,0:15,352
4/4/2023,0:30,352
4/4/2023,0:45,360
4/4/2023,1:00,352
4/4/2023,1:15,344
4/4/2023,1:30,352
4/4/2023,1:45,352
4/4/2023,2:00,352
4/4/2023,2:15,352
4/4/2023,2:30,344
4/4/2023,2:45,352
4/4/2023,3:00,352
4/4/2023,3:15,352
4/4/2023,3:30,352
4/4/2023,3:45,344
4/4/2023,4:00,352
4/4/2023,4:15,352
4/4/2023,4:30,344
4/4/2023,4:45,336
4/4/2023,5:00,344
4/4/2023,5:15,344
4/4/2023,5:30,344
4/4/2023,5:45,360
4/4/2023,6:00,376
4/4/2023,6:15,368
4/4/2023,6:30,376
4/4/2023,6:45,384
4/4/2023,7:00,376
4/4/2023,7:15,408
4/4/2023,7:30,416
4/4/2023,7:45,416
4/4/2023,8:00,432
4/4/2023,8:15,456
4/4/2023,8:30,456
4/4/2023,8:45,456
4/4/2023,9:00,456
4/4/2023,9:15,464
4/4/2023,9:30,472
4/4/2023,9:45,464
4/4/2023,10:00,456
4/4/2023,10:15,448
4/4/2023,10:30,464
4/4/2023,10:45,464
4/4/2023,11:00,464
4/4/2023,11:15,472
4/4/2023,11:30,464
4/4/2023,11:45,480
4/4/2023,12:00,504
4/4/2023,12:15,488
4/4/2023,12:30,496
4/4/2023,12:45,500
4/4/2023,13:00,504
4/4/2023,13:15,512
4/4/2023,13:30,488
4/4/2023,13:45,496
4/4/2023,14:00,504
4/4/2023,14:15,512
4/4/2023,14:30,488
4/4/2023,14:45,488
4/4/2023,15:00,480
4/4/2023,15:15,480
4/4/2023,15:30,488
4/4/2023,15:45,480
4/4/2023,16:00,488
4/4/2023,16:15,464
4/4/2023,16:30,480
4/4/2023,16:45,448
4/4/2023,17:00,448
4/4/2023,17:15,432
4/4/2023,17:30,432
4/4/2023,17:45,424
4/4/2023,18:00,416
4/4/2023,18:15,400
4/4/2023,18:30,384
4/4/2023,18:45,392
4/4/2023,19:00,392
4/4/2023,19:15,376
4/4/2023,19:30,384
4/4/2023,19:45,360
4/4/2023,20:00,368
4/4/2023,20:15,360
4/4/2023,20:30,384
4/4/2023,20:45,360
4/4/2023,21:00,360
4/4/2023,21:15,360
4/4/2023,21:30,360
4/4/2023,21:45,352
4/4/2023,22:00,352
4/4/2023,22:15,344
4/4/2023,22:30,352
4/4/2023,22:45,352
4/4/2023,23:00,344
4/4/2023,23:15,336
4/4/2023,23:30,344
4/4/2023,23:45,352
4/5/2023,0:00,344
4/5/2023,0:15,336
4/5/2023,0:30,344
4/5/2023,0:45,344
4/5/2023,1:00,344
4/5/2023,1:15,344
4/5/2023,1:30,336
4/5/2023,1:45,336
4/5/2023,2:00,344
4/5/2023,2:15,344
4/5/2023,2:30,352
4/5/2023,2:45,344
4/5/2023,3:00,336
4/5/2023,3:15,344
4/5/2023,3:30,344
4/5/2023,3:45,336
4/5/2023,4:00,336
4/5/2023,4:15,328
4/5/2023,4:30,344
4/5/2023,4:45,336
4/5/2023,5:00,336
4/5/2023,5:15,336
4/5/2023,5:30,336
4/5/2023,5:45,368
4/5/2023,6:00,376
4/5/2023,6:15,384
4/5/2023,6:30,384
4/5/2023,6:45,376
4/5/2023,7:00,400
4/5/2023,7:15,408
4/5/2023,7:30,424
4/5/2023,7:45,440
4/5/2023,8:00,440
4/5/2023,8:15,448
4/5/2023,8:30,448
4/5/2023,8:45,456
4/5/2023,9:00,472
4/5/2023,9:15,472
4/5/2023,9:30,480
4/5/2023,9:45,472
4/5/2023,10:00,464
4/5/2023,10:15,480
4/5/2023,10:30,488
4/5/2023,10:45,472
4/5/2023,11:00,464
4/5/2023,11:15,488
4/5/2023,11:30,512
4/5/2023,11:45,512
4/5/2023,12:00,496
4/5/2023,12:15,512
4/5/2023,12:30,544
4/5/2023,12:45,536
4/5/2023,13:00,536
4/5/2023,13:15,544
4/5/2023,13:30,560
4/5/2023,13:45,560
4/5/2023,14:00,568
4/5/2023,14:15,568
4/5/2023,14:30,576
4/5/2023,14:45,552
4/5/2023,15:00,568
4/5/2023,15:15,560
4/5/2023,15:30,544
4/5/2023,15:45,536
4/5/2023,16:00,544
4/5/2023,16:15,540
4/5/2023,16:30,536
4/5/2023,16:45,512
4/5/2023,17:00,496
4/5/2023,17:15,472
4/5/2023,17:30,448
4/5/2023,17:45,424
4/5/2023,18:00,408
4/5/2023,18:15,400
4/5/2023,18:30,392
4/5/2023,18:45,392
4/5/2023,19:00,368
4/5/2023,19:15,376
4/5/2023,19:30,376
4/5/2023,19:45,376
4/5/2023,20:00,384
4/5/2023,20:15,376
4/5/2023,20:30,368
4/5/2023,20:45,368
4/5/2023,21:00,376
4/5/2023,21:15,360
4/5/2023,21:30,352
4/5/2023,21:45,360
4/5/2023,22:00,352
4/5/2023,22:15,360
4/5/2023,22:30,360
4/5/2023,22:45,344
4/5/2023,23:00,344
4/5/2023,23:15,352
4/5/2023,23:30,352
4/5/2023,23:45,360
4/6/2023,0:00,352
4/6/2023,0:15,360
4/6/2023,0:30,352
4/6/2023,0:45,352
4/6/2023,1:00,352
4/6/2023,1:15,352
4/6/2023,1:30,360
4/6/2023,1:45,352
4/6/2023,2:00,352
4/6/2023,2:15,360
4/6/2023,2:30,352
4/6/2023,2:45,360
4/6/2023,3:00,352
4/6/2023,3:15,360
4/6/2023,3:30,352
4/6/2023,3:45,344
4/6/2023,4:00,344
4/6/2023,4:15,352
4/6/2023,4:30,352
4/6/2023,4:45,352
4/6/2023,5:00,352
4/6/2023,5:15,360
4/6/2023,5:30,352
4/6/2023,5:45,384
4/6/2023,6:00,384
4/6/2023,6:15,384
4/6/2023,6:30,392
4/6/2023,6:45,408
4/6/2023,7:00,424
4/6/2023,7:15,432
4/6/2023,7:30,440
4/6/2023,7:45,440
4/6/2023,8:00,456
4/6/2023,8:15,472
4/6/2023,8:30,480
4/6/2023,8:45,488
4/6/2023,9:00,472
4/6/2023,9:15,496
4/6/2023,9:30,496
4/6/2023,9:45,496
4/6/2023,10:00,504
4/6/2023,10:15,488
4/6/2023,10:30,528
4/6/2023,10:45,528
4/6/2023,11:00,544
4/6/2023,11:15,544
4/6/2023,11:30,568
4/6/2023,11:45,576
4/6/2023,12:00,600
4/6/2023,12:15,592
4/6/2023,12:30,608
4/6/2023,12:45,624
4/6/2023,13:00,616
4/6/2023,13:15,632
4/6/2023,13:30,624
4/6/2023,13:45,648
4/6/2023,14:00,624
4/6/2023,14:15,632
4/6/2023,14:30,616
4/6/2023,14:45,640
4/6/2023,15:00,616
4/6/2023,15:15,624
4/6/2023,15:30,560
4/6/2023,15:45,560
4/6/2023,16:00,512
4/6/2023,16:15,512
4/6/2023,16:30,512
4/6/2023,16:45,512
4/6/2023,17:00,472
4/6/2023,17:15,456
4/6/2023,17:30,424
4/6/2023,17:45,424
4/6/2023,18:00,416
4/6/2023,18:15,408
4/6/2023,18:30,400
4/6/2023,18:45,408
4/6/2023,19:00,400
4/6/2023,19:15,400
4/6/2023,19:30,392
4/6/2023,19:45,392
4/6/2023,20:00,408
4/6/2023,20:15,400
4/6/2023,20:30,408
4/6/2023,20:45,384
4/6/2023,21:00,368
4/6/2023,21:15,376
4/6/2023,21:30,376
4/6/2023,21:45,368
4/6/2023,22:00,368
4/6/2023,22:15,368
4/6/2023,22:30,376
4/6/2023,22:45,368
4/6/2023,23:00,352
4/6/2023,23:15,368
4/6/2023,23:30,352
4/6/2023,23:45,360
4/7/2023,0:00,376
4/7/2023,0:15,352
4/7/2023,0:30,360
4/7/2023,0:45,376
4/7/2023,1:00,368
4/7/2023,1:15,360
4/7/2023,1:30,368
4/7/2023,1:45,368
4/7/2023,2:00,376
4/7/2023,2:15,368
4/7/2023,2:30,360
4/7/2023,2:45,360
4/7/2023,3:00,368
4/7/2023,3:15,376
4/7/2023,3:30,360
4/7/2023,3:45,360
4/7/2023,4:00,368
4/7/2023,4:15,360
4/7/2023,4:30,360
4/7/2023,4:45,360
4/7/2023,5:00,352
4/7/2023,5:15,360
4/7/2023,5:30,360
4/7/2023,5:45,392
4/7/2023,6:00,392
4/7/2023,6:15,392
4/7/2023,6:30,408
4/7/2023,6:45,416
4/7/2023,7:00,424
4/7/2023,7:15,424
4/7/2023,7:30,448
4/7/2023,7:45,440
4/7/2023,8:00,448
4/7/2023,8:15,464
4/7/2023,8:30,464
4/7/2023,8:45,472
4/7/2023,9:00,488
4/7/2023,9:15,472
4/7/2023,9:30,480
4/7/2023,9:45,464
4/7/2023,10:00,472
4/7/2023,10:15,480
4/7/2023,10:30,480
4/7/2023,10:45,504
4/7/2023,11:00,512
4/7/2023,11:15,504
4/7/2023,11:30,520
4/7/2023,11:45,520
4/7/2023,12:00,512
4/7/2023,12:15,512
4/7/2023,12:30,528
4/7/2023,12:45,520
4/7/2023,13:00,520
4/7/2023,13:15,520
4/7/2023,13:30,520
4/7/2023,13:45,536
4/7/2023,14:00,520
4/7/2023,14:15,520
4/7/2023,14:30,512
4/7/2023,14:45,504
4/7/2023,15:00,520
4/7/2023,15:15,496
4/7/2023,15:30,496
4/7/2023,15:45,496
4/7/2023,16:00,512
4/7/2023,16:15,512
4/7/2023,16:30,520
4/7/2023,16:45,520
4/7/2023,17:00,512
4/7/2023,17:15,496
4/7/2023,17:30,488
4/7/2023,17:45,448
4/7/2023,18:00,456
4/7/2023,18:15,448
4/7/2023,18:30,416
4/7/2023,18:45,416
4/7/2023,19:00,408
4/7/2023,19:15,424
4/7/2023,19:30,416
4/7/2023,19:45,416
4/7/2023,20:00,408
4/7/2023,20:15,416
4/7/2023,20:30,432
4/7/2023,20:45,408
4/7/2023,21:00,400
4/7/2023,21:15,392
4/7/2023,21:30,408
4/7/2023,21:45,392
4/7/2023,22:00,384
4/7/2023,22:15,368
4/7/2023,22:30,368
4/7/2023,22:45,384
4/7/2023,23:00,368
4/7/2023,23:15,376
4/7/2023,23:30,376
4/7/2023,23:45,384
4/8/2023,0:00,384
4/8/2023,0:15,376
4/8/2023,0:30,368
4/8/2023,0:45,376
4/8/2023,1:00,368
4/8/2023,1:15,360
4/8/2023,1:30,368
4/8/2023,1:45,352
4/8/2023,2:00,368
4/8/2023,2:15,360
4/8/2023,2:30,368
4/8/2023,2:45,360
4/8/2023,3:00,360
4/8/2023,3:15,376
4/8/2023,3:30,368
4/8/2023,3:45,368
4/8/2023,4:00,360
4/8/2023,4:15,360
4/8/2023,4:30,376
4/8/2023,4:45,360
4/8/2023,5:00,368
4/8/2023,5:15,368
4/8/2023,5:30,360
4/8/2023,5:45,376
4/8/2023,6:00,368
4/8/2023,6:15,368
4/8/2023,6:30,360
4/8/2023,6:45,360
4/8/2023,7:00,360
4/8/2023,7:15,352
4/8/2023,7:30,360
4/8/2023,7:45,352
4/8/2023,8:00,360
4/8/2023,8:15,360
4/8/2023,8:30,352
4/8/2023,8:45,352
4/8/2023,9:00,360
4/8/2023,9:15,376
4/8/2023,9:30,376
4/8/2023,9:45,384
4/8/2023,10:00,408
4/8/2023,10:15,416
4/8/2023,10:30,448
4/8/2023,10:45,424
4/8/2023,11:00,432
4/8/2023,11:15,440
4/8/2023,11:30,456
4/8/2023,11:45,472
4/8/2023,12:00,464
4/8/2023,12:15,464
4/8/2023,12:30,480
4/8/2023,12:45,496
4/8/2023,13:00,496
4/8/2023,13:15,512
4/8/2023,13:30,504
4/8/2023,13:45,504
4/8/2023,14:00,528
4/8/2023,14:15,512
4/8/2023,14:30,512
4/8/2023,14:45,504
4/8/2023,15:00,504
4/8/2023,15:15,528
4/8/2023,15:30,536
4/8/2023,15:45,512
4/8/2023,16:00,512
4/8/2023,16:15,520
4/8/2023,16:30,536
4/8/2023,16:45,488
4/8/2023,17:00,496
4/8/2023,17:15,496
4/8/2023,17:30,480
4/8/2023,17:45,496
4/8/2023,18:00,480
4/8/2023,18:15,472
4/8/2023,18:30,480
4/8/2023,18:45,456
4/8/2023,19:00,448
4/8/2023,19:15,416
4/8/2023,19:30,416
4/8/2023,19:45,424
4/8/2023,20:00,400
4/8/2023,20:15,400
4/8/2023,20:30,400
4/8/2023,20:45,400
4/8/2023,21:00,392
4/8/2023,21:15,400
4/8/2023,21:30,376
4/8/2023,21:45,368
4/8/2023,22:00,368
4/8/2023,22:15,368
4/8/2023,22:30,368
4/8/2023,22:45,360
4/8/2023,23:00,368
4/8/2023,23:15,368
4/8/2023,23:30,376
4/8/2023,23:45,368
4/9/2023,0:00,368
4/9/2023,0:15,360
4/9/2023,0:30,368
4/9/2023,0:45,360
4/9/2023,1:00,360
4/9/2023,1:15,360
4/9/2023,1:30,352
4/9/2023,1:45,368
4/9/2023,2:00,368
4/9/2023,2:15,376
4/9/2023,2:30,360
4/9/2023,2:45,360
4/9/2023,3:00,376
4/9/2023,3:15,360
4/9/2023,3:30,352
4/9/2023,3:45,352
4/9/2023,4:00,360
4/9/2023,4:15,368
4/9/2023,4:30,360
4/9/2023,4:45,352
4/9/2023,5:00,352
4/9/2023,5:15,344
4/9/2023,5:30,352
4/9/2023,5:45,352
4/9/2023,6:00,352
4/9/2023,6:15,352
4/9/2023,6:30,352
4/9/2023,6:45,344
4/9/2023,7:00,344
4/9/2023,7:15,336
4/9/2023,7:30,352
4/9/2023,7:45,336
4/9/2023,8:00,344
4/9/2023,8:15,336
4/9/2023,8:30,352
4/9/2023,8:45,352
4/9/2023,9:00,360
4/9/2023,9:15,384
4/9/2023,9:30,376
4/9/2023,9:45,400
4/9/2023,10:00,416
4/9/2023,10:15,424
4/9/2023,10:30,424
4/9/2023,10:45,440
4/9/2023,11:00,464
4/9/2023,11:15,464
4/9/2023,11:30,472
4/9/2023,11:45,488
4/9/2023,12:00,488
4/9/2023,12:15,488
4/9/2023,12:30,536
4/9/2023,12:45,552
4/9/2023,13:00,544
4/9/2023,13:15,536
4/9/2023,13:30,544
4/9/2023,13:45,560
4/9/2023,14:00,568
4/9/2023,14:15,576
4/9/2023,14:30,552
4/9/2023,14:45,568
4/9/2023,15:00,584
4/9/2023,15:15,584
4/9/2023,15:30,592
4/9/2023,15:45,576
4/9/2023,16:00,600
4/9/2023,16:15,600
4/9/2023,16:30,584
4/9/2023,16:45,600
4/9/2023,17:00,592
4/9/2023,17:15,576
4/9/2023,17:30,552
4/9/2023,17:45,584
4/9/2023,18:00,568
4/9/2023,18:15,568
4/9/2023,18:30,552
4/9/2023,18:45,544
4/9/2023,19:00,520
4/9/2023,19:15,504
4/9/2023,19:30,496
4/9/2023,19:45,432
4/9/2023,20:00,440
4/9/2023,20:15,448
4/9/2023,20:30,424
4/9/2023,20:45,424
4/9/2023,21:00,408
4/9/2023,21:15,400
4/9/2023,21:30,400
4/9/2023,21:45,400
4/9/2023,22:00,384
4/9/2023,22:15,376
4/9/2023,22:30,376
4/9/2023,22:45,384
4/9/2023,23:00,384
4/9/2023,23:15,360
4/9/2023,23:30,376
4/9/2023,23:45,376
4/10/2023,0:00,376
4/10/2023,0:15,360
4/10/2023,0:30,368
4/10/2023,0:45,376
4/10/2023,1:00,376
4/10/2023,1:15,376
4/10/2023,1:30,384
4/10/2023,1:45,368
4/10/2023,2:00,376
4/10/2023,2:15,368
4/10/2023,2:30,368
4/10/2023,2:45,360
4/10/2023,3:00,368
4/10/2023,3:15,360
4/10/2023,3:30,368
4/10/2023,3:45,360
4/10/2023,4:00,376
4/10/2023,4:15,360
4/10/2023,4:30,360
4/10/2023,4:45,360
4/10/2023,5:00,360
4/10/2023,5:15,368
4/10/2023,5:30,368
4/10/2023,5:45,384
4/10/2023,6:00,408
4/10/2023,6:15,400
4/10/2023,6:30,408
4/10/2023,6:45,408
4/10/2023,7:00,408
4/10/2023,7:15,424
4/10/2023,7:30,432
4/10/2023,7:45,456
4/10/2023,8:00,456
4/10/2023,8:15,456
4/10/2023,8:30,480
4/10/2023,8:45,496
4/10/2023,9:00,544
4/10/2023,9:15,528
4/10/2023,9:30,560
4/10/2023,9:45,560
4/10/2023,10:00,568
4/10/2023,10:15,624
4/10/2023,10:30,608
4/10/2023,10:45,632
4/10/2023,11:00,640
4/10/2023,11:15,680
4/10/2023,11:30,664
4/10/2023,11:45,680
4/10/2023,12:00,704
4/10/2023,12:15,704
4/10/2023,12:30,728
4/10/2023,12:45,736
4/10/2023,13:00,736
4/10/2023,13:15,728
4/10/2023,13:30,752
4/10/2023,13:45,736
4/10/2023,14:00,768
4/10/2023,14:15,744
4/10/2023,14:30,752
4/10/2023,14:45,744
4/10/2023,15:00,760
4/10/2023,15:15,768
4/10/2023,15:30,736
4/10/2023,15:45,728
4/10/2023,16:00,712
4/10/2023,16:15,704
4/10/2023,16:30,640
4/10/2023,16:45,632
4/10/2023,17:00,608
4/10/2023,17:15,584
4/10/2023,17:30,600
4/10/2023,17:45,592
4/10/2023,18:00,552
4/10/2023,18:15,568
4/10/2023,18:30,544
4/10/2023,18:45,480
4/10/2023,19:00,480
4/10/2023,19:15,472
4/10/2023,19:30,440
4/10/2023,19:45,456
4/10/2023,20:00,440
4/10/2023,20:15,424
4/10/2023,20:30,416
4/10/2023,20:45,416
4/10/2023,21:00,408
4/10/2023,21:15,392
4/10/2023,21:30,392
4/10/2023,21:45,400
4/10/2023,22:00,392
4/10/2023,22:15,400
4/10/2023,22:30,392
4/10/2023,22:45,392
4/10/2023,23:00,384
4/10/2023,23:15,392
4/10/2023,23:30,400
4/10/2023,23:45,384
4/11/2023,0:00,400
4/11/2023,0:15,392
4/11/2023,0:30,384
4/11/2023,0:45,400
4/11/2023,1:00,392
4/11/2023,1:15,392
4/11/2023,1:30,400
4/11/2023,1:45,408
4/11/2023,2:00,392
4/11/2023,2:15,408
4/11/2023,2:30,392
4/11/2023,2:45,384
4/11/2023,3:00,384
4/11/2023,3:15,408
4/11/2023,3:30,392
4/11/2023,3:45,384
4/11/2023,4:00,392
4/11/2023,4:15,400
4/11/2023,4:30,400
4/11/2023,4:45,384
4/11/2023,5:00,384
4/11/2023,5:15,392
4/11/2023,5:30,392
4/11/2023,5:45,416
4/11/2023,6:00,424
4/11/2023,6:15,432
4/11/2023,6:30,432
4/11/2023,6:45,448
4/11/2023,7:00,456
4/11/2023,7:15,464
4/11/2023,7:30,472
4/11/2023,7:45,480
4/11/2023,8:00,504
4/11/2023,8:15,512
4/11/2023,8:30,520
4/11/2023,8:45,520
4/11/2023,9:00,536
4/11/2023,9:15,528
4/11/2023,9:30,560
4/11/2023,9:45,536
4/11/2023,10:00,552
4/11/2023,10:15,552
4/11/2023,10:30,536
4/11/2023,10:45,528
4/11/2023,11:00,544
4/11/2023,11:15,544
4/11/2023,11:30,584
4/11/2023,11:45,584
4/11/2023,12:00,600
4/11/2023,12:15,608
4/11/2023,12:30,616
4/11/2023,12:45,648
4/11/2023,13:00,632
4/11/2023,13:15,616
4/11/2023,13:30,664
4/11/2023,13:45,664
4/11/2023,14:00,624
4/11/2023,14:15,656
4/11/2023,14:30,648
4/11/2023,14:45,624
4/11/2023,15:00,608
4/11/2023,15:15,584
4/11/2023,15:30,592
4/11/2023,15:45,576
4/11/2023,16:00,568
4/11/2023,16:15,584
4/11/2023,16:30,544
4/11/2023,16:45,552
4/11/2023,17:00,536
4/11/2023,17:15,512
4/11/2023,17:30,488
4/11/2023,17:45,480
4/11/2023,18:00,488
4/11/2023,18:15,488
4/11/2023,18:30,448
4/11/2023,18:45,448
4/11/2023,19:00,424
4/11/2023,19:15,424
4/11/2023,19:30,424
4/11/2023,19:45,392
4/11/2023,20:00,392
4/11/2023,20:15,392
4/11/2023,20:30,392
4/11/2023,20:45,400
4/11/2023,21:00,384
4/11/2023,21:15,384
4/11/2023,21:30,392
4/11/2023,21:45,376
4/11/2023,22:00,360
4/11/2023,22:15,360
4/11/2023,22:30,368
4/11/2023,22:45,360
4/11/2023,23:00,360
4/11/2023,23:15,360
4/11/2023,23:30,360
4/11/2023,23:45,368
4/12/2023,0:00,368
4/12/2023,0:15,360
4/12/2023,0:30,360
4/12/2023,0:45,360
4/12/2023,1:00,360
4/12/2023,1:15,368
4/12/2023,1:30,360
4/12/2023,1:45,352
4/12/2023,2:00,360
4/12/2023,2:15,368
4/12/2023,2:30,360
4/12/2023,2:45,344
4/12/2023,3:00,368
4/12/2023,3:15,352
4/12/2023,3:30,352
4/12/2023,3:45,360
4/12/2023,4:00,352
4/12/2023,4:15,360
4/12/2023,4:30,352
4/12/2023,4:45,376
4/12/2023,5:00,352
4/12/2023,5:15,352
4/12/2023,5:30,352
4/12/2023,5:45,384
4/12/2023,6:00,400
4/12/2023,6:15,392
4/12/2023,6:30,400
4/12/2023,6:45,392
4/12/2023,7:00,400
4/12/2023,7:15,424
4/12/2023,7:30,424
4/12/2023,7:45,432
4/12/2023,8:00,456
4/12/2023,8:15,464
4/12/2023,8:30,480
4/12/2023,8:45,464
4/12/2023,9:00,472
4/12/2023,9:15,472
4/12/2023,9:30,480
4/12/2023,9:45,488
4/12/2023,10:00,488
4/12/2023,10:15,496
4/12/2023,10:30,496
4/12/2023,10:45,496
4/12/2023,11:00,496
4/12/2023,11:15,488
4/12/2023,11:30,496
4/12/2023,11:45,512
4/12/2023,12:00,512
4/12/2023,12:15,512
4/12/2023,12:30,520
4/12/2023,12:45,512
4/12/2023,13:00,520
4/12/2023,13:15,520
4/12/2023,13:30,520
4/12/2023,13:45,528
4/12/2023,14:00,520
4/12/2023,14:15,544
4/12/2023,14:30,536
4/12/2023,14:45,528
4/12/2023,15:00,544
4/12/2023,15:15,536
4/12/2023,15:30,528
4/12/2023,15:45,512
4/12/2023,16:00,504
4/12/2023,16:15,520
4/12/2023,16:30,496
4/12/2023,16:45,512
4/12/2023,17:00,480
4/12/2023,17:15,472
4/12/2023,17:30,480
4/12/2023,17:45,472
4/12/2023,18:00,472
4/12/2023,18:15,464
4/12/2023,18:30,432
4/12/2023,18:45,408
4/12/2023,19:00,408
4/12/2023,19:15,408
4/12/2023,19:30,408
4/12/2023,19:45,400
4/12/2023,20:00,392
4/12/2023,20:15,376
4/12/2023,20:30,392
4/12/2023,20:45,376
4/12/2023,21:00,376
4/12/2023,21:15,376
4/12/2023,21:30,368
4/12/2023,21:45,368
4/12/2023,22:00,368
4/12/2023,22:15,368
4/12/2023,22:30,360
4/12/2023,22:45,352
4/12/2023,23:00,352
4/12/2023,23:15,360
4/12/2023,23:30,368
4/12/2023,23:45,352
4/13/2023,0:00,360
4/13/2023,0:15,368
4/13/2023,0:30,360
4/13/2023,0:45,360
4/13/2023,1:00,352
4/13/2023,1:15,360
4/13/2023,1:30,368
4/13/2023,1:45,360
4/13/2023,2:00,368
4/13/2023,2:15,352
4/13/2023,2:30,360
4/13/2023,2:45,352
4/13/2023,3:00,368
4/13/2023,3:15,352
4/13/2023,3:30,352
4/13/2023,3:45,360
4/13/2023,4:00,352
4/13/2023,4:15,344
4/13/2023,4:30,360
4/13/2023,4:45,344
4/13/2023,5:00,344
4/13/2023,5:15,352
4/13/2023,5:30,352
4/13/2023,5:45,384
4/13/2023,6:00,384
4/13/2023,6:15,384
4/13/2023,6:30,392
4/13/2023,6:45,400
4/13/2023,7:00,408
4/13/2023,7:15,416
4/13/2023,7:30,416
4/13/2023,7:45,424
4/13/2023,8:00,456
4/13/2023,8:15,448
4/13/2023,8:30,464
4/13/2023,8:45,456
4/13/2023,9:00,456
4/13/2023,9:15,472
4/13/2023,9:30,472
4/13/2023,9:45,496
4/13/2023,10:00,496
4/13/2023,10:15,496
4/13/2023,10:30,504
4/13/2023,10:45,512
4/13/2023,11:00,520
4/13/2023,11:15,512
4/13/2023,11:30,512
4/13/2023,11:45,520
4/13/2023,12:00,512
4/13/2023,12:15,520
4/13/2023,12:30,496
4/13/2023,12:45,520
4/13/2023,13:00,520
4/13/2023,13:15,536
4/13/2023,13:30,552
4/13/2023,13:45,536
4/13/2023,14:00,544
4/13/2023,14:15,560
4/13/2023,14:30,552
4/13/2023,14:45,528
4/13/2023,15:00,568
4/13/2023,15:15,600
4/13/2023,15:30,592
4/13/2023,15:45,584
4/13/2023,16:00,576
4/13/2023,16:15,576
4/13/2023,16:30,576
4/13/2023,16:45,552
4/13/2023,17:00,544
4/13/2023,17:15,552
4/13/2023,17:30,520
4/13/2023,17:45,488
4/13/2023,18:00,456
4/13/2023,18:15,464
4/13/2023,18:30,432
4/13/2023,18:45,440
4/13/2023,19:00,408
4/13/2023,19:15,408
4/13/2023,19:30,416
4/13/2023,19:45,416
4/13/2023,20:00,328
4/13/2023,20:15,312
4/13/2023,20:30,392
4/13/2023,20:45,376
4/13/2023,21:00,376
4/13/2023,21:15,368
4/13/2023,21:30,368
4/13/2023,21:45,360
4/13/2023,22:00,360
4/13/2023,22:15,360
4/13/2023,22:30,360
4/13/2023,22:45,352
4/13/2023,23:00,360
4/13/2023,23:15,360
4/13/2023,23:30,352
4/13/2023,23:45,352
4/14/2023,0:00,360
4/14/2023,0:15,352
4/14/2023,0:30,360
4/14/2023,0:45,352
4/14/2023,1:00,352
4/14/2023,1:15,352
4/14/2023,1:30,360
4/14/2023,1:45,368
4/14/2023,2:00,352
4/14/2023,2:15,352
4/14/2023,2:30,360
4/14/2023,2:45,360
4/14/2023,3:00,352
4/14/2023,3:15,344
4/14/2023,3:30,352
4/14/2023,3:45,344
4/14/2023,4:00,360
4/14/2023,4:15,352
4/14/2023,4:30,352
4/14/2023,4:45,352
4/14/2023,5:00,360
4/14/2023,5:15,344
4/14/2023,5:30,352
4/14/2023,5:45,376
4/14/2023,6:00,408
4/14/2023,6:15,384
4/14/2023,6:30,400
4/14/2023,6:45,392
4/14/2023,7:00,408
4/14/2023,7:15,416
4/14/2023,7:30,432
4/14/2023,7:45,440
4/14/2023,8:00,456
4/14/2023,8:15,464
4/14/2023,8:30,464
4/14/2023,8:45,472
4/14/2023,9:00,464
4/14/2023,9:15,456
4/14/2023,9:30,464
4/14/2023,9:45,480
4/14/2023,10:00,472
4/14/2023,10:15,488
4/14/2023,10:30,480
4/14/2023,10:45,504
4/14/2023,11:00,512
4/14/2023,11:15,528
4/14/2023,11:30,504
4/14/2023,11:45,512
4/14/2023,12:00,536
4/14/2023,12:15,520
4/14/2023,12:30,536
4/14/2023,12:45,552
4/14/2023,13:00,576
4/14/2023,13:15,568
4/14/2023,13:30,600
4/14/2023,13:45,568
4/14/2023,14:00,592
4/14/2023,14:15,568
4/14/2023,14:30,584
4/14/2023,14:45,568
4/14/2023,15:00,584
4/14/2023,15:15,576
4/14/2023,15:30,568
4/14/2023,15:45,584
4/14/2023,16:00,568
4/14/2023,16:15,552
4/14/2023,16:30,568
4/14/2023,16:45,528
4/14/2023,17:00,552
4/14/2023,17:15,512
4/14/2023,17:30,512
4/14/2023,17:45,512
4/14/2023,18:00,472
4/14/2023,18:15,472
4/14/2023,18:30,448
4/14/2023,18:45,456
4/14/2023,19:00,416
4/14/2023,19:15,432
4/14/2023,19:30,440
4/14/2023,19:45,424
4/14/2023,20:00,408
4/14/2023,20:15,400
4/14/2023,20:30,408
4/14/2023,20:45,384
4/14/2023,21:00,392
4/14/2023,21:15,376
4/14/2023,21:30,376
4/14/2023,21:45,376
4/14/2023,22:00,368
4/14/2023,22:15,360
4/14/2023,22:30,368
4/14/2023,22:45,376
4/14/2023,23:00,368
4/14/2023,23:15,360
4/14/2023,23:30,368
4/14/2023,23:45,360
4/15/2023,0:00,368
4/15/2023,0:15,368
4/15/2023,0:30,368
4/15/2023,0:45,360
4/15/2023,1:00,368
4/15/2023,1:15,360
4/15/2023,1:30,376
4/15/2023,1:45,368
4/15/2023,2:00,360
4/15/2023,2:15,376
4/15/2023,2:30,360
4/15/2023,2:45,360
4/15/2023,3:00,360
4/15/2023,3:15,360
4/15/2023,3:30,368
4/15/2023,3:45,360
4/15/2023,4:00,368
4/15/2023,4:15,368
4/15/2023,4:30,368
4/15/2023,4:45,376
4/15/2023,5:00,368
4/15/2023,5:15,360
4/15/2023,5:30,360
4/15/2023,5:45,360
4/15/2023,6:00,368
4/15/2023,6:15,360
4/15/2023,6:30,360
4/15/2023,6:45,360
4/15/2023,7:00,368
4/15/2023,7:15,368
4/15/2023,7:30,368
4/15/2023,7:45,344
4/15/2023,8:00,344
4/15/2023,8:15,352
4/15/2023,8:30,360
4/15/2023,8:45,368
4/15/2023,9:00,352
4/15/2023,9:15,360
4/15/2023,9:30,376
4/15/2023,9:45,368
4/15/2023,10:00,368
4/15/2023,10:15,376
4/15/2023,10:30,368
4/15/2023,10:45,376
4/15/2023,11:00,400
4/15/2023,11:15,416
4/15/2023,11:30,408
4/15/2023,11:45,424
4/15/2023,12:00,432
4/15/2023,12:15,432
4/15/2023,12:30,448
4/15/2023,12:45,456
4/15/2023,13:00,464
4/15/2023,13:15,496
4/15/2023,13:30,488
4/15/2023,13:45,512
4/15/2023,14:00,496
4/15/2023,14:15,504
4/15/2023,14:30,496
4/15/2023,14:45,520
4/15/2023,15:00,496
4/15/2023,15:15,496
4/15/2023,15:30,488
4/15/2023,15:45,512
4/15/2023,16:00,480
4/15/2023,16:15,488
4/15/2023,16:30,488
4/15/2023,16:45,488
4/15/2023,17:00,488
4/15/2023,17:15,488
4/15/2023,17:30,488
4/15/2023,17:45,504
4/15/2023,18:00,488
4/15/2023,18:15,448
4/15/2023,18:30,440
4/15/2023,18:45,416
4/15/2023,19:00,432
4/15/2023,19:15,392
4/15/2023,19:30,376
4/15/2023,19:45,384
4/15/2023,20:00,392
4/15/2023,20:15,392
4/15/2023,20:30,376
4/15/2023,20:45,384
4/15/2023,21:00,368
4/15/2023,21:15,376
4/15/2023,21:30,384
4/15/2023,21:45,368
4/15/2023,22:00,368
4/15/2023,22:15,368
4/15/2023,22:30,376
4/15/2023,22:45,368
4/15/2023,23:00,376
4/15/2023,23:15,352
4/15/2023,23:30,368
4/15/2023,23:45,368
4/16/2023,0:00,368
4/16/2023,0:15,360
4/16/2023,0:30,368
4/16/2023,0:45,368
4/16/2023,1:00,368
4/16/2023,1:15,368
4/16/2023,1:30,360
4/16/2023,1:45,360
4/16/2023,2:00,360
4/16/2023,2:15,368
4/16/2023,2:30,360
4/16/2023,2:45,368
4/16/2023,3:00,368
4/16/2023,3:15,360
4/16/2023,3:30,368
4/16/2023,3:45,360
4/16/2023,4:00,368
4/16/2023,4:15,368
4/16/2023,4:30,368
4/16/2023,4:45,368
4/16/2023,5:00,352
4/16/2023,5:15,360
4/16/2023,5:30,368
4/16/2023,5:45,360
4/16/2023,6:00,352
4/16/2023,6:15,360
4/16/2023,6:30,360
4/16/2023,6:45,360
4/16/2023,7:00,360
4/16/2023,7:15,352
4/16/2023,7:30,344
4/16/2023,7:45,352
4/16/2023,8:00,344
4/16/2023,8:15,352
4/16/2023,8:30,344
4/16/2023,8:45,352
4/16/2023,9:00,344
4/16/2023,9:15,360
4/16/2023,9:30,344
4/16/2023,9:45,336
4/16/2023,10:00,352
4/16/2023,10:15,360
4/16/2023,10:30,352
4/16/2023,10:45,344
4/16/2023,11:00,352
4/16/2023,11:15,376
4/16/2023,11:30,384
4/16/2023,11:45,424
4/16/2023,12:00,408
4/16/2023,12:15,392
4/16/2023,12:30,416
4/16/2023,12:45,416
4/16/2023,13:00,424
4/16/2023,13:15,432
4/16/2023,13:30,424
4/16/2023,13:45,456
4/16/2023,14:00,464
4/16/2023,14:15,448
4/16/2023,14:30,456
4/16/2023,14:45,456
4/16/2023,15:00,472
4/16/2023,15:15,456
4/16/2023,15:30,472
4/16/2023,15:45,464
4/16/2023,16:00,488
4/16/2023,16:15,488
4/16/2023,16:30,480
4/16/2023,16:45,448
4/16/2023,17:00,472
4/16/2023,17:15,464
4/16/2023,17:30,448
4/16/2023,17:45,432
4/16/2023,18:00,448
4/16/2023,18:15,440
4/16/2023,18:30,424
4/16/2023,18:45,400
4/16/2023,19:00,376
4/16/2023,19:15,384
4/16/2023,19:30,384
4/16/2023,19:45,384
4/16/2023,20:00,376
4/16/2023,20:15,384
4/16/2023,20:30,384
4/16/2023,20:45,384
4/16/2023,21:00,384
4/16/2023,21:15,376
4/16/2023,21:30,376
4/16/2023,21:45,384
4/16/2023,22:00,376
4/16/2023,22:15,376
4/16/2023,22:30,384
4/16/2023,22:45,376
4/16/2023,23:00,376
4/16/2023,23:15,368
4/16/2023,23:30,368
4/16/2023,23:45,376
4/17/2023,0:00,384
4/17/2023,0:15,360
4/17/2023,0:30,368
4/17/2023,0:45,368
4/17/2023,1:00,368
4/17/2023,1:15,376
4/17/2023,1:30,376
4/17/2023,1:45,368
4/17/2023,2:00,376
4/17/2023,2:15,376
4/17/2023,2:30,376
4/17/2023,2:45,368
4/17/2023,3:00,376
4/17/2023,3:15,376
4/17/2023,3:30,368
4/17/2023,3:45,360
4/17/2023,4:00,360
4/17/2023,4:15,360
4/17/2023,4:30,376
4/17/2023,4:45,368
4/17/2023,5:00,368
4/17/2023,5:15,352
4/17/2023,5:30,376
4/17/2023,5:45,384
4/17/2023,6:00,408
4/17/2023,6:15,400
4/17/2023,6:30,392
4/17/2023,6:45,408
4/17/2023,7:00,424
4/17/2023,7:15,432
4/17/2023,7:30,432
4/17/2023,7:45,448
4/17/2023,8:00,456
4/17/2023,8:15,464
4/17/2023,8:30,472
4/17/2023,8:45,472
4/17/2023,9:00,472
4/17/2023,9:15,496
4/17/2023,9:30,480
4/17/2023,9:45,480
4/17/2023,10:00,488
4/17/2023,10:15,496
4/17/2023,10:30,520
4/17/2023,10:45,520
4/17/2023,11:00,536
4/17/2023,11:15,496
4/17/2023,11:30,496
4/17/2023,11:45,496
4/17/2023,12:00,520
4/17/2023,12:15,504
4/17/2023,12:30,496
4/17/2023,12:45,504
4/17/2023,13:00,520
4/17/2023,13:15,520
4/17/2023,13:30,528
4/17/2023,13:45,512
4/17/2023,14:00,520
4/17/2023,14:15,512
4/17/2023,14:30,512
4/17/2023,14:45,512
4/17/2023,15:00,528
4/17/2023,15:15,544
4/17/2023,15:30,512
4/17/2023,15:45,520
4/17/2023,16:00,504
4/17/2023,16:15,504
4/17/2023,16:30,512
4/17/2023,16:45,480
4/17/2023,17:00,488
4/17/2023,17:15,480
4/17/2023,17:30,472
4/17/2023,17:45,440
4/17/2023,18:00,448
4/17/2023,18:15,424
4/17/2023,18:30,432
4/17/2023,18:45,440
4/17/2023,19:00,400
4/17/2023,19:15,408
4/17/2023,19:30,400
4/17/2023,19:45,400
4/17/2023,20:00,400
4/17/2023,20:15,392
4/17/2023,20:30,376
4/17/2023,20:45,384
4/17/2023,21:00,376
4/17/2023,21:15,376
4/17/2023,21:30,368
4/17/2023,21:45,360
4/17/2023,22:00,368
4/17/2023,22:15,352
4/17/2023,22:30,352
4/17/2023,22:45,352
4/17/2023,23:00,360
4/17/2023,23:15,368
4/17/2023,23:30,360
4/17/2023,23:45,360
4/18/2023,0:00,368
4/18/2023,0:15,368
4/18/2023,0:30,360
4/18/2023,0:45,360
4/18/2023,1:00,360
4/18/2023,1:15,360
4/18/2023,1:30,360
4/18/2023,1:45,368
4/18/2023,2:00,360
4/18/2023,2:15,360
4/18/2023,2:30,360
4/18/2023,2:45,360
4/18/2023,3:00,360
4/18/2023,3:15,352
4/18/2023,3:30,352
4/18/2023,3:45,360
4/18/2023,4:00,360
4/18/2023,4:15,352
4/18/2023,4:30,360
4/18/2023,4:45,360
4/18/2023,5:00,368
4/18/2023,5:15,360
4/18/2023,5:30,368
4/18/2023,5:45,368
4/18/2023,6:00,400
4/18/2023,6:15,400
4/18/2023,6:30,408
4/18/2023,6:45,408
4/18/2023,7:00,416
4/18/2023,7:15,440
4/18/2023,7:30,440
4/18/2023,7:45,456
4/18/2023,8:00,448
4/18/2023,8:15,456
4/18/2023,8:30,496
4/18/2023,8:45,496
4/18/2023,9:00,496
4/18/2023,9:15,504
4/18/2023,9:30,496
4/18/2023,9:45,496
4/18/2023,10:00,504
4/18/2023,10:15,496
4/18/2023,10:30,496
4/18/2023,10:45,496
4/18/2023,11:00,520
4/18/2023,11:15,536
4/18/2023,11:30,520
4/18/2023,11:45,520
4/18/2023,12:00,528
4/18/2023,12:15,544
4/18/2023,12:30,544
4/18/2023,12:45,528
4/18/2023,13:00,528
4/18/2023,13:15,520
4/18/2023,13:30,536
4/18/2023,13:45,544
4/18/2023,14:00,552
4/18/2023,14:15,560
4/18/2023,14:30,544
4/18/2023,14:45,552
4/18/2023,15:00,552
4/18/2023,15:15,536
4/18/2023,15:30,528
4/18/2023,15:45,544
4/18/2023,16:00,528
4/18/2023,16:15,512
4/18/2023,16:30,520
4/18/2023,16:45,520
4/18/2023,17:00,504
4/18/2023,17:15,504
4/18/2023,17:30,464
4/18/2023,17:45,448
4/18/2023,18:00,448
4/18/2023,18:15,424
4/18/2023,18:30,424
4/18/2023,18:45,424
4/18/2023,19:00,400
4/18/2023,19:15,416
4/18/2023,19:30,400
4/18/2023,19:45,392
4/18/2023,20:00,400
4/18/2023,20:15,384
4/18/2023,20:30,400
4/18/2023,20:45,384
4/18/2023,21:00,368
4/18/2023,21:15,376
4/18/2023,21:30,360
4/18/2023,21:45,368
4/18/2023,22:00,360
4/18/2023,22:15,360
4/18/2023,22:30,360
4/18/2023,22:45,360
4/18/2023,23:00,360
4/18/2023,23:15,352
4/18/2023,23:30,360
4/18/2023,23:45,368
4/19/2023,0:00,368
4/19/2023,0:15,368
4/19/2023,0:30,352
4/19/2023,0:45,352
4/19/2023,1:00,368
4/19/2023,1:15,368
4/19/2023,1:30,352
4/19/2023,1:45,360
4/19/2023,2:00,368
4/19/2023,2:15,368
4/19/2023,2:30,368
4/19/2023,2:45,360
4/19/2023,3:00,352
4/19/2023,3:15,360
4/19/2023,3:30,360
4/19/2023,3:45,360
4/19/2023,4:00,352
4/19/2023,4:15,360
4/19/2023,4:30,360
4/19/2023,4:45,368
4/19/2023,5:00,368
4/19/2023,5:15,352
4/19/2023,5:30,360
4/19/2023,5:45,376
4/19/2023,6:00,400
4/19/2023,6:15,392
4/19/2023,6:30,408
4/19/2023,6:45,408
4/19/2023,7:00,424
4/19/2023,7:15,440
4/19/2023,7:30,440
4/19/2023,7:45,464
4/19/2023,8:00,456
4/19/2023,8:15,464
4/19/2023,8:30,480
4/19/2023,8:45,488
4/19/2023,9:00,480
4/19/2023,9:15,480
4/19/2023,9:30,488
4/19/2023,9:45,504
4/19/2023,10:00,504
4/19/2023,10:15,504
4/19/2023,10:30,496
4/19/2023,10:45,488
4/19/2023,11:00,512
4/19/2023,11:15,520
4/19/2023,11:30,504
4/19/2023,11:45,512
4/19/2023,12:00,536
4/19/2023,12:15,552
4/19/2023,12:30,536
4/19/2023,12:45,520
4/19/2023,13:00,536
4/19/2023,13:15,528
4/19/2023,13:30,544
4/19/2023,13:45,528
4/19/2023,14:00,552
4/19/2023,14:15,528
4/19/2023,14:30,536
4/19/2023,14:45,552
4/19/2023,15:00,520
4/19/2023,15:15,568
4/19/2023,15:30,536
4/19/2023,15:45,552
4/19/2023,16:00,536
4/19/2023,16:15,544
4/19/2023,16:30,536
4/19/2023,16:45,528
4/19/2023,17:00,512
4/19/2023,17:15,504
4/19/2023,17:30,496
4/19/2023,17:45,488
4/19/2023,18:00,472
4/19/2023,18:15,456
4/19/2023,18:30,448
4/19/2023,18:45,408
4/19/2023,19:00,408
4/19/2023,19:15,408
4/19/2023,19:30,392
4/19/2023,19:45,392
4/19/2023,20:00,392
4/19/2023,20:15,416
4/19/2023,20:30,400
4/19/2023,20:45,384
4/19/2023,21:00,376
4/19/2023,21:15,376
4/19/2023,21:30,368
4/19/2023,21:45,352
4/19/2023,22:00,352
4/19/2023,22:15,368
4/19/2023,22:30,368
4/19/2023,22:45,360
4/19/2023,23:00,360
4/19/2023,23:15,352
4/19/2023,23:30,360
4/19/2023,23:45,360
4/20/2023,0:00,368
4/20/2023,0:15,352
4/20/2023,0:30,352
4/20/2023,0:45,368
4/20/2023,1:00,360
4/20/2023,1:15,368
4/20/2023,1:30,352
4/20/2023,1:45,360
4/20/2023,2:00,360
4/20/2023,2:15,352
4/20/2023,2:30,352
4/20/2023,2:45,352
4/20/2023,3:00,352
4/20/2023,3:15,360
4/20/2023,3:30,368
4/20/2023,3:45,360
4/20/2023,4:00,352
4/20/2023,4:15,352
4/20/2023,4:30,360
4/20/2023,4:45,360
4/20/2023,5:00,352
4/20/2023,5:15,352
4/20/2023,5:30,360
4/20/2023,5:45,376
4/20/2023,6:00,400
4/20/2023,6:15,400
4/20/2023,6:30,392
4/20/2023,6:45,392
4/20/2023,7:00,424
4/20/2023,7:15,432
4/20/2023,7:30,432
4/20/2023,7:45,448
4/20/2023,8:00,456
4/20/2023,8:15,472
4/20/2023,8:30,480
4/20/2023,8:45,488
4/20/2023,9:00,488
4/20/2023,9:15,504
4/20/2023,9:30,488
4/20/2023,9:45,520
4/20/2023,10:00,520
4/20/2023,10:15,528
4/20/2023,10:30,536
4/20/2023,10:45,552
4/20/2023,11:00,568
4/20/2023,11:15,544
4/20/2023,11:30,560
4/20/2023,11:45,560
4/20/2023,12:00,608
4/20/2023,12:15,592
4/20/2023,12:30,592
4/20/2023,12:45,608
4/20/2023,13:00,592
4/20/2023,13:15,624
4/20/2023,13:30,624
4/20/2023,13:45,624
4/20/2023,14:00,640
4/20/2023,14:15,640
4/20/2023,14:30,624
4/20/2023,14:45,648
4/20/2023,15:00,632
4/20/2023,15:15,624
4/20/2023,15:30,656
4/20/2023,15:45,648
4/20/2023,16:00,624
4/20/2023,16:15,648
4/20/2023,16:30,608
4/20/2023,16:45,616
4/20/2023,17:00,592
4/20/2023,17:15,576
4/20/2023,17:30,528
4/20/2023,17:45,520
4/20/2023,18:00,512
4/20/2023,18:15,520
4/20/2023,18:30,488
4/20/2023,18:45,464
4/20/2023,19:00,488
4/20/2023,19:15,472
4/20/2023,19:30,432
4/20/2023,19:45,424
4/20/2023,20:00,408
4/20/2023,20:15,408
4/20/2023,20:30,416
4/20/2023,20:45,416
4/20/2023,21:00,384
4/20/2023,21:15,384
4/20/2023,21:30,384
4/20/2023,21:45,384
4/20/2023,22:00,360
4/20/2023,22:15,376
4/20/2023,22:30,368
4/20/2023,22:45,376
4/20/2023,23:00,376
4/20/2023,23:15,360
4/20/2023,23:30,368
4/20/2023,23:45,384
4/21/2023,0:00,384
4/21/2023,0:15,368
4/21/2023,0:30,368
4/21/2023,0:45,368
4/21/2023,1:00,368
4/21/2023,1:15,360
4/21/2023,1:30,368
4/21/2023,1:45,360
4/21/2023,2:00,376
4/21/2023,2:15,376
4/21/2023,2:30,368
4/21/2023,2:45,360
4/21/2023,3:00,368
4/21/2023,3:15,360
4/21/2023,3:30,368
4/21/2023,3:45,368
4/21/2023,4:00,352
4/21/2023,4:15,352
4/21/2023,4:30,360
4/21/2023,4:45,368
4/21/2023,5:00,360
4/21/2023,5:15,352
4/21/2023,5:30,360
4/21/2023,5:45,384
4/21/2023,6:00,400
4/21/2023,6:15,392
4/21/2023,6:30,392
4/21/2023,6:45,392
4/21/2023,7:00,408
4/21/2023,7:15,432
4/21/2023,7:30,424
4/21/2023,7:45,432
4/21/2023,8:00,440
4/21/2023,8:15,480
4/21/2023,8:30,504
4/21/2023,8:45,512
4/21/2023,9:00,536
4/21/2023,9:15,536
4/21/2023,9:30,552
4/21/2023,9:45,544
4/21/2023,10:00,544
4/21/2023,10:15,560
4/21/2023,10:30,584
4/21/2023,10:45,592
4/21/2023,11:00,624
4/21/2023,11:15,640
4/21/2023,11:30,632
4/21/2023,11:45,672
4/21/2023,12:00,656
4/21/2023,12:15,680
4/21/2023,12:30,688
4/21/2023,12:45,696
4/21/2023,13:00,712
4/21/2023,13:15,720
4/21/2023,13:30,704
4/21/2023,13:45,728
4/21/2023,14:00,728
4/21/2023,14:15,728
4/21/2023,14:30,736
4/21/2023,14:45,728
4/21/2023,15:00,704
4/21/2023,15:15,712
4/21/2023,15:30,720
4/21/2023,15:45,752
4/21/2023,16:00,736
4/21/2023,16:15,712
4/21/2023,16:30,720
4/21/2023,16:45,712
4/21/2023,17:00,696
4/21/2023,17:15,664
4/21/2023,17:30,672
4/21/2023,17:45,664
4/21/2023,18:00,632
4/21/2023,18:15,632
4/21/2023,18:30,592
4/21/2023,18:45,592
4/21/2023,19:00,568
4/21/2023,19:15,536
4/21/2023,19:30,536
4/21/2023,19:45,512
4/21/2023,20:00,528
4/21/2023,20:15,480
4/21/2023,20:30,480
4/21/2023,20:45,480
4/21/2023,21:00,464
4/21/2023,21:15,440
4/21/2023,21:30,424
4/21/2023,21:45,432
4/21/2023,22:00,432
4/21/2023,22:15,432
4/21/2023,22:30,416
4/21/2023,22:45,416
4/21/2023,23:00,424
4/21/2023,23:15,424
4/21/2023,23:30,392
4/21/2023,23:45,384
4/22/2023,0:00,400
4/22/2023,0:15,392
4/22/2023,0:30,400
4/22/2023,0:45,376
4/22/2023,1:00,384
4/22/2023,1:15,400
4/22/2023,1:30,392
4/22/2023,1:45,384
4/22/2023,2:00,384
4/22/2023,2:15,392
4/22/2023,2:30,384
4/22/2023,2:45,400
4/22/2023,3:00,376
4/22/2023,3:15,384
4/22/2023,3:30,392
4/22/2023,3:45,384
4/22/2023,4:00,392
4/22/2023,4:15,376
4/22/2023,4:30,376
4/22/2023,4:45,376
4/22/2023,5:00,384
4/22/2023,5:15,376
4/22/2023,5:30,368
4/22/2023,5:45,376
4/22/2023,6:00,376
4/22/2023,6:15,384
4/22/2023,6:30,352
4/22/2023,6:45,352
4/22/2023,7:00,360
4/22/2023,7:15,368
4/22/2023,7:30,360
4/22/2023,7:45,368
4/22/2023,8:00,400
4/22/2023,8:15,392
4/22/2023,8:30,432
4/22/2023,8:45,424
4/22/2023,9:00,432
4/22/2023,9:15,480
4/22/2023,9:30,472
4/22/2023,9:45,488
4/22/2023,10:00,488
4/22/2023,10:15,520
4/22/2023,10:30,512
4/22/2023,10:45,536
4/22/2023,11:00,544
4/22/2023,11:15,568
4/22/2023,11:30,560
4/22/2023,11:45,576
4/22/2023,12:00,592
4/22/2023,12:15,584
4/22/2023,12:30,616
4/22/2023,12:45,608
4/22/2023,13:00,624
4/22/2023,13:15,632
4/22/2023,13:30,656
4/22/2023,13:45,632
4/22/2023,14:00,640
4/22/2023,14:15,648
4/22/2023,14:30,672
4/22/2023,14:45,640
4/22/2023,15:00,656
4/22/2023,15:15,664
4/22/2023,15:30,640
4/22/2023,15:45,632
4/22/2023,16:00,632
4/22/2023,16:15,632
4/22/2023,16:30,616
4/22/2023,16:45,640
4/22/2023,17:00,616
4/22/2023,17:15,616
4/22/2023,17:30,616
4/22/2023,17:45,600
4/22/2023,18:00,568
4/22/2023,18:15,536
4/22/2023,18:30,504
4/22/2023,18:45,504
4/22/2023,19:00,448
4/22/2023,19:15,456
4/22/2023,19:30,448
4/22/2023,19:45,440
4/22/2023,20:00,432
4/22/2023,20:15,424
4/22/2023,20:30,432
4/22/2023,20:45,440
4/22/2023,21:00,416
4/22/2023,21:15,408
4/22/2023,21:30,408
4/22/2023,21:45,400
4/22/2023,22:00,392
4/22/2023,22:15,400
4/22/2023,22:30,384
4/22/2023,22:45,400
4/22/2023,23:00,392
4/22/2023,23:15,384
4/22/2023,23:30,392
4/22/2023,23:45,376
4/23/2023,0:00,384
4/23/2023,0:15,392
4/23/2023,0:30,376
4/23/2023,0:45,384
4/23/2023,1:00,376
4/23/2023,1:15,376
4/23/2023,1:30,376
4/23/2023,1:45,376
4/23/2023,2:00,376
4/23/2023,2:15,360
4/23/2023,2:30,368
4/23/2023,2:45,368
4/23/2023,3:00,360
4/23/2023,3:15,360
4/23/2023,3:30,360
4/23/2023,3:45,360
4/23/2023,4:00,376
4/23/2023,4:15,360
4/23/2023,4:30,368
4/23/2023,4:45,368
4/23/2023,5:00,376
4/23/2023,5:15,368
4/23/2023,5:30,360
4/23/2023,5:45,384
4/23/2023,6:00,368
4/23/2023,6:15,368
4/23/2023,6:30,360
4/23/2023,6:45,360
4/23/2023,7:00,352
4/23/2023,7:15,360
4/23/2023,7:30,352
4/23/2023,7:45,344
4/23/2023,8:00,336
4/23/2023,8:15,344
4/23/2023,8:30,352
4/23/2023,8:45,344
4/23/2023,9:00,352
4/23/2023,9:15,344
4/23/2023,9:30,376
4/23/2023,9:45,384
4/23/2023,10:00,360
4/23/2023,10:15,376
4/23/2023,10:30,408
4/23/2023,10:45,424
4/23/2023,11:00,472
4/23/2023,11:15,432
4/23/2023,11:30,496
4/23/2023,11:45,496
4/23/2023,12:00,496
4/23/2023,12:15,488
4/23/2023,12:30,504
4/23/2023,12:45,520
4/23/2023,13:00,504
4/23/2023,13:15,528
4/23/2023,13:30,536
4/23/2023,13:45,520
4/23/2023,14:00,560
4/23/2023,14:15,584
4/23/2023,14:30,576
4/23/2023,14:45,568
4/23/2023,15:00,580
4/23/2023,15:15,592
4/23/2023,15:30,568
4/23/2023,15:45,576
4/23/2023,16:00,576
4/23/2023,16:15,576
4/23/2023,16:30,560
4/23/2023,16:45,560
4/23/2023,17:00,552
4/23/2023,17:15,552
4/23/2023,17:30,536
4/23/2023,17:45,504
4/23/2023,18:00,512
4/23/2023,18:15,464
4/23/2023,18:30,440
4/23/2023,18:45,472
4/23/2023,19:00,440
4/23/2023,19:15,440
4/23/2023,19:30,424
4/23/2023,19:45,424
4/23/2023,20:00,408
4/23/2023,20:15,400
4/23/2023,20:30,400
4/23/2023,20:45,376
4/23/2023,21:00,392
4/23/2023,21:15,384
4/23/2023,21:30,400
4/23/2023,21:45,392
4/23/2023,22:00,384
4/23/2023,22:15,400
4/23/2023,22:30,400
4/23/2023,22:45,392
4/23/2023,23:00,384
4/23/2023,23:15,368
4/23/2023,23:30,368
4/23/2023,23:45,384
4/24/2023,0:00,368
4/24/2023,0:15,384
4/24/2023,0:30,368
4/24/2023,0:45,392
4/24/2023,1:00,368
4/24/2023,1:15,384
4/24/2023,1:30,368
4/24/2023,1:45,384
4/24/2023,2:00,376
4/24/2023,2:15,368
4/24/2023,2:30,376
4/24/2023,2:45,368
4/24/2023,3:00,376
4/24/2023,3:15,376
4/24/2023,3:30,376
4/24/2023,3:45,368
4/24/2023,4:00,368
4/24/2023,4:15,368
4/24/2023,4:30,368
4/24/2023,4:45,368
4/24/2023,5:00,352
4/24/2023,5:15,368
4/24/2023,5:30,376
4/24/2023,5:45,392
4/24/2023,6:00,400
4/24/2023,6:15,400
4/24/2023,6:30,408
4/24/2023,6:45,416
4/24/2023,7:00,424
4/24/2023,7:15,432
4/24/2023,7:30,440
4/24/2023,7:45,456
4/24/2023,8:00,464
4/24/2023,8:15,488
4/24/2023,8:30,480
4/24/2023,8:45,480
4/24/2023,9:00,472
4/24/2023,9:15,520
4/24/2023,9:30,536
4/24/2023,9:45,560
4/24/2023,10:00,536
4/24/2023,10:15,568
4/24/2023,10:30,576
4/24/2023,10:45,584
4/24/2023,11:00,584
4/24/2023,11:15,656
4/24/2023,11:30,656
4/24/2023,11:45,648
4/24/2023,12:00,640
4/24/2023,12:15,664
4/24/2023,12:30,664
4/24/2023,12:45,696
4/24/2023,13:00,672
4/24/2023,13:15,672
4/24/2023,13:30,688
4/24/2023,13:45,664
4/24/2023,14:00,712
4/24/2023,14:15,672
4/24/2023,14:30,696
4/24/2023,14:45,720
4/24/2023,15:00,720
4/24/2023,15:15,728
4/24/2023,15:30,720
4/24/2023,15:45,720
4/24/2023,16:00,688
4/24/2023,16:15,664
4/24/2023,16:30,672
4/24/2023,16:45,648
4/24/2023,17:00,632
4/24/2023,17:15,624
4/24/2023,17:30,576
4/24/2023,17:45,584
4/24/2023,18:00,552
4/24/2023,18:15,576
4/24/2023,18:30,520
4/24/2023,18:45,496
4/24/2023,19:00,464
4/24/2023,19:15,456
4/24/2023,19:30,440
4/24/2023,19:45,432
4/24/2023,20:00,416
4/24/2023,20:15,424
4/24/2023,20:30,408
4/24/2023,20:45,416
4/24/2023,21:00,408
4/24/2023,21:15,400
4/24/2023,21:30,408
4/24/2023,21:45,392
4/24/2023,22:00,376
4/24/2023,22:15,384
4/24/2023,22:30,376
4/24/2023,22:45,376
4/24/2023,23:00,384
4/24/2023,23:15,376
4/24/2023,23:30,376
4/24/2023,23:45,384
4/25/2023,0:00,384
4/25/2023,0:15,376
4/25/2023,0:30,368
4/25/2023,0:45,376
4/25/2023,1:00,384
4/25/2023,1:15,360
4/25/2023,1:30,368
4/25/2023,1:45,368
4/25/2023,2:00,368
4/25/2023,2:15,376
4/25/2023,2:30,368
4/25/2023,2:45,376
4/25/2023,3:00,368
4/25/2023,3:15,384
4/25/2023,3:30,368
4/25/2023,3:45,360
4/25/2023,4:00,368
4/25/2023,4:15,376
4/25/2023,4:30,376
4/25/2023,4:45,368
4/25/2023,5:00,368
4/25/2023,5:15,376
4/25/2023,5:30,360
4/25/2023,5:45,384
4/25/2023,6:00,408
4/25/2023,6:15,408
4/25/2023,6:30,408
4/25/2023,6:45,416
4/25/2023,7:00,416
4/25/2023,7:15,432
4/25/2023,7:30,424
4/25/2023,7:45,456
4/25/2023,8:00,464
4/25/2023,8:15,472
4/25/2023,8:30,480
4/25/2023,8:45,488
4/25/2023,9:00,480
4/25/2023,9:15,520
4/25/2023,9:30,552
4/25/2023,9:45,544
4/25/2023,10:00,560
4/25/2023,10:15,560
4/25/2023,10:30,576
4/25/2023,10:45,592
4/25/2023,11:00,624
4/25/2023,11:15,608
4/25/2023,11:30,656
4/25/2023,11:45,664
4/25/2023,12:00,680
4/25/2023,12:15,664
4/25/2023,12:30,672
4/25/2023,12:45,704
4/25/2023,13:00,696
4/25/2023,13:15,728
4/25/2023,13:30,736
4/25/2023,13:45,744
4/25/2023,14:00,728
4/25/2023,14:15,728
4/25/2023,14:30,744
4/25/2023,14:45,728
4/25/2023,15:00,728
4/25/2023,15:15,736
4/25/2023,15:30,728
4/25/2023,15:45,760
4/25/2023,16:00,728
4/25/2023,16:15,744
4/25/2023,16:30,728
4/25/2023,16:45,728
4/25/2023,17:00,720
4/25/2023,17:15,704
4/25/2023,17:30,688
4/25/2023,17:45,664
4/25/2023,18:00,648
4/25/2023,18:15,656
4/25/2023,18:30,656
4/25/2023,18:45,624
4/25/2023,19:00,600
4/25/2023,19:15,600
4/25/2023,19:30,568
4/25/2023,19:45,552
4/25/2023,20:00,560
4/25/2023,20:15,504
4/25/2023,20:30,496
4/25/2023,20:45,472
4/25/2023,21:00,472
4/25/2023,21:15,456
4/25/2023,21:30,456
4/25/2023,21:45,440
4/25/2023,22:00,432
4/25/2023,22:15,424
4/25/2023,22:30,408
4/25/2023,22:45,400
4/25/2023,23:00,392
4/25/2023,23:15,384
4/25/2023,23:30,384
4/25/2023,23:45,400
4/26/2023,0:00,384
4/26/2023,0:15,392
4/26/2023,0:30,400
4/26/2023,0:45,384
4/26/2023,1:00,384
4/26/2023,1:15,384
4/26/2023,1:30,384
4/26/2023,1:45,392
4/26/2023,2:00,368
4/26/2023,2:15,384
4/26/2023,2:30,376
4/26/2023,2:45,392
4/26/2023,3:00,368
4/26/2023,3:15,368
4/26/2023,3:30,376
4/26/2023,3:45,384
4/26/2023,4:00,368
4/26/2023,4:15,376
4/26/2023,4:30,376
4/26/2023,4:45,376
4/26/2023,5:00,376
4/26/2023,5:15,384
4/26/2023,5:30,368
4/26/2023,5:45,400
4/26/2023,6:00,424
4/26/2023,6:15,416
4/26/2023,6:30,416
4/26/2023,6:45,408
4/26/2023,7:00,432
4/26/2023,7:15,424
4/26/2023,7:30,464
4/26/2023,7:45,456
4/26/2023,8:00,480
4/26/2023,8:15,504
4/26/2023,8:30,528
4/26/2023,8:45,560
4/26/2023,9:00,560
4/26/2023,9:15,576
4/26/2023,9:30,592
4/26/2023,9:45,616
4/26/2023,10:00,656
4/26/2023,10:15,664
4/26/2023,10:30,672
4/26/2023,10:45,696
4/26/2023,11:00,712
4/26/2023,11:15,696
4/26/2023,11:30,704
4/26/2023,11:45,712
4/26/2023,12:00,736
4/26/2023,12:15,752
4/26/2023,12:30,784
4/26/2023,12:45,736
4/26/2023,13:00,768
4/26/2023,13:15,768
4/26/2023,13:30,776
4/26/2023,13:45,808
4/26/2023,14:00,792
4/26/2023,14:15,792
4/26/2023,14:30,784
4/26/2023,14:45,776
4/26/2023,15:00,808
4/26/2023,15:15,792
4/26/2023,15:30,792
4/26/2023,15:45,792
4/26/2023,16:00,792
4/26/2023,16:15,784
4/26/2023,16:30,784
4/26/2023,16:45,776
4/26/2023,17:00,800
4/26/2023,17:15,776
4/26/2023,17:30,760
4/26/2023,17:45,744
4/26/2023,18:00,712
4/26/2023,18:15,696
4/26/2023,18:30,696
4/26/2023,18:45,656
4/26/2023,19:00,664
4/26/2023,19:15,664
4/26/2023,19:30,624
4/26/2023,19:45,616
4/26/2023,20:00,584
4/26/2023,20:15,576
4/26/2023,20:30,576
4/26/2023,20:45,536
4/26/2023,21:00,552
4/26/2023,21:15,520
4/26/2023,21:30,496
4/26/2023,21:45,480
4/26/2023,22:00,488
4/26/2023,22:15,472
4/26/2023,22:30,464
4/26/2023,22:45,448
4/26/2023,23:00,440
4/26/2023,23:15,472
4/26/2023,23:30,456
4/26/2023,23:45,448
4/27/2023,0:00,440
4/27/2023,0:15,416
4/27/2023,0:30,440
4/27/2023,0:45,408
4/27/2023,1:00,408
4/27/2023,1:15,392
4/27/2023,1:30,416
4/27/2023,1:45,392
4/27/2023,2:00,408
4/27/2023,2:15,392
4/27/2023,2:30,392
4/27/2023,2:45,392
4/27/2023,3:00,392
4/27/2023,3:15,384
4/27/2023,3:30,376
4/27/2023,3:45,400
4/27/2023,4:00,392
4/27/2023,4:15,392
4/27/2023,4:30,384
4/27/2023,4:45,384
4/27/2023,5:00,384
4/27/2023,5:15,376
4/27/2023,5:30,384
4/27/2023,5:45,392
4/27/2023,6:00,424
4/27/2023,6:15,408
4/27/2023,6:30,400
4/27/2023,6:45,416
4/27/2023,7:00,416
4/27/2023,7:15,440
4/27/2023,7:30,456
4/27/2023,7:45,464
4/27/2023,8:00,512
4/27/2023,8:15,544
4/27/2023,8:30,544
4/27/2023,8:45,576
4/27/2023,9:00,592
4/27/2023,9:15,640
4/27/2023,9:30,648
4/27/2023,9:45,680
4/27/2023,10:00,656
4/27/2023,10:15,720
4/27/2023,10:30,688
4/27/2023,10:45,736
4/27/2023,11:00,728
4/27/2023,11:15,752
4/27/2023,11:30,760
4/27/2023,11:45,776
4/27/2023,12:00,800
4/27/2023,12:15,800
4/27/2023,12:30,800
4/27/2023,12:45,816
4/27/2023,13:00,816
4/27/2023,13:15,816
4/27/2023,13:30,848
4/27/2023,13:45,832
4/27/2023,14:00,840
4/27/2023,14:15,848
4/27/2023,14:30,880
4/27/2023,14:45,872
4/27/2023,15:00,848
4/27/2023,15:15,864
4/27/2023,15:30,816
4/27/2023,15:45,808
4/27/2023,16:00,816
4/27/2023,16:15,808
4/27/2023,16:30,824
4/27/2023,16:45,808
4/27/2023,17:00,808
4/27/2023,17:15,792
4/27/2023,17:30,744
4/27/2023,17:45,744
4/27/2023,18:00,736
4/27/2023,18:15,688
4/27/2023,18:30,704
4/27/2023,18:45,672
4/27/2023,19:00,656
4/27/2023,19:15,624
4/27/2023,19:30,624
4/27/2023,19:45,632
4/27/2023,20:00,592
4/27/2023,20:15,576
4/27/2023,20:30,536
4/27/2023,20:45,512
4/27/2023,21:00,520
4/27/2023,21:15,496
4/27/2023,21:30,472
4/27/2023,21:45,456
4/27/2023,22:00,448
4/27/2023,22:15,464
4/27/2023,22:30,448
4/27/2023,22:45,448
4/27/2023,23:00,424
4/27/2023,23:15,416
4/27/2023,23:30,408
4/27/2023,23:45,416
4/28/2023,0:00,400
4/28/2023,0:15,408
4/28/2023,0:30,408
4/28/2023,0:45,408
4/28/2023,1:00,400
4/28/2023,1:15,400
4/28/2023,1:30,400
4/28/2023,1:45,416
4/28/2023,2:00,392
4/28/2023,2:15,400
4/28/2023,2:30,392
4/28/2023,2:45,400
4/28/2023,3:00,376
4/28/2023,3:15,384
4/28/2023,3:30,384
4/28/2023,3:45,376
4/28/2023,4:00,384
4/28/2023,4:15,368
4/28/2023,4:30,368
4/28/2023,4:45,368
4/28/2023,5:00,376
4/28/2023,5:15,376
4/28/2023,5:30,368
4/28/2023,5:45,392
4/28/2023,6:00,400
4/28/2023,6:15,416
4/28/2023,6:30,416
4/28/2023,6:45,408
4/28/2023,7:00,416
4/28/2023,7:15,416
4/28/2023,7:30,416
4/28/2023,7:45,448
4/28/2023,8:00,480
4/28/2023,8:15,496
4/28/2023,8:30,520
4/28/2023,8:45,520
4/28/2023,9:00,552
4/28/2023,9:15,576
4/28/2023,9:30,632
4/28/2023,9:45,624
4/28/2023,10:00,640
4/28/2023,10:15,648
4/28/2023,10:30,656
4/28/2023,10:45,672
4/28/2023,11:00,680
4/28/2023,11:15,688
4/28/2023,11:30,688
4/28/2023,11:45,712
4/28/2023,12:00,744
4/28/2023,12:15,736
4/28/2023,12:30,728
4/28/2023,12:45,736
4/28/2023,13:00,744
4/28/2023,13:15,704
4/28/2023,13:30,736
4/28/2023,13:45,712
4/28/2023,14:00,752
4/28/2023,14:15,728
4/28/2023,14:30,736
4/28/2023,14:45,752
4/28/2023,15:00,760
4/28/2023,15:15,744
4/28/2023,15:30,736
4/28/2023,15:45,752
4/28/2023,16:00,744
4/28/2023,16:15,728
4/28/2023,16:30,752
4/28/2023,16:45,728
4/28/2023,17:00,752
4/28/2023,17:15,688
4/28/2023,17:30,664
4/28/2023,17:45,648
4/28/2023,18:00,664
4/28/2023,18:15,624
4/28/2023,18:30,624
4/28/2023,18:45,640
4/28/2023,19:00,600
4/28/2023,19:15,592
4/28/2023,19:30,560
4/28/2023,19:45,528
4/28/2023,20:00,536
4/28/2023,20:15,504
4/28/2023,20:30,520
4/28/2023,20:45,496
4/28/2023,21:00,472
4/28/2023,21:15,464
4/28/2023,21:30,456
4/28/2023,21:45,448
4/28/2023,22:00,448
4/28/2023,22:15,440
4/28/2023,22:30,432
4/28/2023,22:45,448
4/28/2023,23:00,440
4/28/2023,23:15,424
4/28/2023,23:30,408
4/28/2023,23:45,408
4/29/2023,0:00,408
4/29/2023,0:15,408
4/29/2023,0:30,400
4/29/2023,0:45,408
4/29/2023,1:00,408
4/29/2023,1:15,408
4/29/2023,1:30,400
4/29/2023,1:45,392
4/29/2023,2:00,400
4/29/2023,2:15,392
4/29/2023,2:30,384
4/29/2023,2:45,384
4/29/2023,3:00,392
4/29/2023,3:15,392
4/29/2023,3:30,392
4/29/2023,3:45,360
4/29/2023,4:00,368
4/29/2023,4:15,376
4/29/2023,4:30,376
4/29/2023,4:45,376
4/29/2023,5:00,384
4/29/2023,5:15,368
4/29/2023,5:30,384
4/29/2023,5:45,384
4/29/2023,6:00,384
4/29/2023,6:15,376
4/29/2023,6:30,384
4/29/2023,6:45,384
4/29/2023,7:00,408
4/29/2023,7:15,408
4/29/2023,7:30,392
4/29/2023,7:45,400
4/29/2023,8:00,400
4/29/2023,8:15,408
4/29/2023,8:30,408
4/29/2023,8:45,416
4/29/2023,9:00,440
4/29/2023,9:15,456
4/29/2023,9:30,448
4/29/2023,9:45,472
4/29/2023,10:00,488
4/29/2023,10:15,480
4/29/2023,10:30,504
4/29/2023,10:45,512
4/29/2023,11:00,544
4/29/2023,11:15,552
4/29/2023,11:30,552
4/29/2023,11:45,544
4/29/2023,12:00,568
4/29/2023,12:15,576
4/29/2023,12:30,600
4/29/2023,12:45,576
4/29/2023,13:00,608
4/29/2023,13:15,592
4/29/2023,13:30,624
4/29/2023,13:45,592
4/29/2023,14:00,640
4/29/2023,14:15,616
4/29/2023,14:30,632
4/29/2023,14:45,600
4/29/2023,15:00,624
4/29/2023,15:15,632
4/29/2023,15:30,648
4/29/2023,15:45,616
4/29/2023,16:00,608
4/29/2023,16:15,624
4/29/2023,16:30,608
4/29/2023,16:45,624
4/29/2023,17:00,600
4/29/2023,17:15,640
4/29/2023,17:30,608
4/29/2023,17:45,568
4/29/2023,18:00,600
4/29/2023,18:15,560
4/29/2023,18:30,560
4/29/2023,18:45,528
4/29/2023,19:00,528
4/29/2023,19:15,496
4/29/2023,19:30,496
4/29/2023,19:45,464
4/29/2023,20:00,440
4/29/2023,20:15,456
4/29/2023,20:30,432
4/29/2023,20:45,448
4/29/2023,21:00,424
4/29/2023,21:15,432
4/29/2023,21:30,416
4/29/2023,21:45,432
4/29/2023,22:00,408
4/29/2023,22:15,416
4/29/2023,22:30,392
4/29/2023,22:45,392
4/29/2023,23:00,400
4/29/2023,23:15,392
4/29/2023,23:30,384
4/29/2023,23:45,384
4/30/2023,0:00,392
4/30/2023,0:15,392
4/30/2023,0:30,368
4/30/2023,0:45,368
4/30/2023,1:00,368
4/30/2023,1:15,384
4/30/2023,1:30,368
4/30/2023,1:45,384
4/30/2023,2:00,376
4/30/2023,2:15,376
4/30/2023,2:30,376
4/30/2023,2:45,368
4/30/2023,3:00,368
4/30/2023,3:15,384
4/30/2023,3:30,368
4/30/2023,3:45,376
4/30/2023,4:00,360
4/30/2023,4:15,376
4/30/2023,4:30,376
4/30/2023,4:45,368
4/30/2023,5:00,368
4/30/2023,5:15,368
4/30/2023,5:30,368
4/30/2023,5:45,368
4/30/2023,6:00,376
4/30/2023,6:15,352
4/30/2023,6:30,360
4/30/2023,6:45,368
4/30/2023,7:00,360
4/30/2023,7:15,352
4/30/2023,7:30,344
4/30/2023,7:45,352
4/30/2023,8:00,344
4/30/2023,8:15,352
4/30/2023,8:30,336
4/30/2023,8:45,344
4/30/2023,9:00,376
4/30/2023,9:15,360
4/30/2023,9:30,368
4/30/2023,9:45,376
4/30/2023,10:00,368
4/30/2023,10:15,400
4/30/2023,10:30,432
4/30/2023,10:45,416
4/30/2023,11:00,408
4/30/2023,11:15,424
4/30/2023,11:30,424
4/30/2023,11:45,440
4/30/2023,12:00,432
4/30/2023,12:15,456
4/30/2023,12:30,448
4/30/2023,12:45,464
4/30/2023,13:00,488
4/30/2023,13:15,464
4/30/2023,13:30,480
4/30/2023,13:45,464
4/30/2023,14:00,488
4/30/2023,14:15,464
4/30/2023,14:30,488
4/30/2023,14:45,472
4/30/2023,15:00,496
4/30/2023,15:15,464
4/30/2023,15:30,504
4/30/2023,15:45,488
4/30/2023,16:00,496
4/30/2023,16:15,488
4/30/2023,16:30,472
4/30/2023,16:45,472
4/30/2023,17:00,456
4/30/2023,17:15,464
4/30/2023,17:30,456
4/30/2023,17:45,432
4/30/2023,18:00,432
4/30/2023,18:15,424
4/30/2023,18:30,416
4/30/2023,18:45,384
4/30/2023,19:00,368
4/30/2023,19:15,384
4/30/2023,19:30,384
4/30/2023,19:45,384
4/30/2023,20:00,368
4/30/2023,20:15,368
4/30/2023,20:30,376
4/30/2023,20:45,376
4/30/2023,21:00,368
4/30/2023,21:15,360
4/30/2023,21:30,360
4/30/2023,21:45,376
4/30/2023,22:00,360
4/30/2023,22:15,360
4/30/2023,22:30,376
4/30/2023,22:45,368
4/30/2023,23:00,376
4/30/2023,23:15,360
4/30/2023,23:30,360
4/30/2023,23:45,376
5/1/2023,0:00,368
5/1/2023,0:15,360
5/1/2023,0:30,360
5/1/2023,0:45,352
5/1/2023,1:00,368
5/1/2023,1:15,360
5/1/2023,1:30,368
5/1/2023,1:45,360
5/1/2023,2:00,360
5/1/2023,2:15,376
5/1/2023,2:30,360
5/1/2023,2:45,360
5/1/2023,3:00,360
5/1/2023,3:15,368
5/1/2023,3:30,376
5/1/2023,3:45,360
5/1/2023,4:00,360
5/1/2023,4:15,368
5/1/2023,4:30,360
5/1/2023,4:45,360
5/1/2023,5:00,360
5/1/2023,5:15,360
5/1/2023,5:30,360
5/1/2023,5:45,392
5/1/2023,6:00,400
5/1/2023,6:15,400
5/1/2023,6:30,416
5/1/2023,6:45,408
5/1/2023,7:00,416
5/1/2023,7:15,424
5/1/2023,7:30,424
5/1/2023,7:45,448
5/1/2023,8:00,448
5/1/2023,8:15,448
5/1/2023,8:30,448
5/1/2023,8:45,448
5/1/2023,9:00,472
5/1/2023,9:15,472
5/1/2023,9:30,472
5/1/2023,9:45,464
5/1/2023,10:00,472
5/1/2023,10:15,472
5/1/2023,10:30,464
5/1/2023,10:45,464
5/1/2023,11:00,472
5/1/2023,11:15,464
5/1/2023,11:30,472
5/1/2023,11:45,472
5/1/2023,12:00,472
5/1/2023,12:15,464
5/1/2023,12:30,496
5/1/2023,12:45,520
5/1/2023,13:00,512
5/1/2023,13:15,528
5/1/2023,13:30,512
5/1/2023,13:45,528
5/1/2023,14:00,528
5/1/2023,14:15,528
5/1/2023,14:30,528
5/1/2023,14:45,536
5/1/2023,15:00,528
5/1/2023,15:15,520
5/1/2023,15:30,488
5/1/2023,15:45,496
5/1/2023,16:00,488
5/1/2023,16:15,488
5/1/2023,16:30,464
5/1/2023,16:45,440
5/1/2023,17:00,432
5/1/2023,17:15,440
5/1/2023,17:30,416
5/1/2023,17:45,408
5/1/2023,18:00,392
5/1/2023,18:15,416
5/1/2023,18:30,400
5/1/2023,18:45,392
5/1/2023,19:00,400
5/1/2023,19:15,408
5/1/2023,19:30,376
5/1/2023,19:45,376
5/1/2023,20:00,384
5/1/2023,20:15,392
5/1/2023,20:30,400
5/1/2023,20:45,384
5/1/2023,21:00,376
5/1/2023,21:15,360
5/1/2023,21:30,368
5/1/2023,21:45,368
5/1/2023,22:00,368
5/1/2023,22:15,360
5/1/2023,22:30,360
5/1/2023,22:45,368
5/1/2023,23:00,376
5/1/2023,23:15,360
5/1/2023,23:30,352
5/1/2023,23:45,352
5/2/2023,0:00,360
5/2/2023,0:15,360
5/2/2023,0:30,360
5/2/2023,0:45,352
5/2/2023,1:00,360
5/2/2023,1:15,368
5/2/2023,1:30,368
5/2/2023,1:45,360
5/2/2023,2:00,352
5/2/2023,2:15,368
5/2/2023,2:30,352
5/2/2023,2:45,360
5/2/2023,3:00,352
5/2/2023,3:15,352
5/2/2023,3:30,368
5/2/2023,3:45,368
5/2/2023,4:00,352
5/2/2023,4:15,352
5/2/2023,4:30,352
5/2/2023,4:45,352
5/2/2023,5:00,360
5/2/2023,5:15,352
5/2/2023,5:30,360
5/2/2023,5:45,368
5/2/2023,6:00,400
5/2/2023,6:15,400
5/2/2023,6:30,400
5/2/2023,6:45,392
5/2/2023,7:00,416
5/2/2023,7:15,432
5/2/2023,7:30,432
5/2/2023,7:45,432
5/2/2023,8:00,456
5/2/2023,8:15,464
5/2/2023,8:30,472
5/2/2023,8:45,464
5/2/2023,9:00,472
5/2/2023,9:15,472
5/2/2023,9:30,472
5/2/2023,9:45,472
5/2/2023,10:00,472
5/2/2023,10:15,472
5/2/2023,10:30,472
5/2/2023,10:45,496
5/2/2023,11:00,496
5/2/2023,11:15,480
5/2/2023,11:30,480
5/2/2023,11:45,488
5/2/2023,12:00,544
5/2/2023,12:15,512
5/2/2023,12:30,528
5/2/2023,12:45,512
5/2/2023,13:00,536
5/2/2023,13:15,528
5/2/2023,13:30,536
5/2/2023,13:45,528
5/2/2023,14:00,528
5/2/2023,14:15,536
5/2/2023,14:30,520
5/2/2023,14:45,536
5/2/2023,15:00,496
5/2/2023,15:15,488
5/2/2023,15:30,504
5/2/2023,15:45,488
5/2/2023,16:00,488
5/2/2023,16:15,472
5/2/2023,16:30,496
5/2/2023,16:45,496
5/2/2023,17:00,448
5/2/2023,17:15,416
5/2/2023,17:30,408
5/2/2023,17:45,392
5/2/2023,18:00,384
5/2/2023,18:15,376
5/2/2023,18:30,376
5/2/2023,18:45,376
5/2/2023,19:00,384
5/2/2023,19:15,392
5/2/2023,19:30,392
5/2/2023,19:45,376
5/2/2023,20:00,384
5/2/2023,20:15,384
5/2/2023,20:30,384
5/2/2023,20:45,376
5/2/2023,21:00,360
5/2/2023,21:15,368
5/2/2023,21:30,368
5/2/2023,21:45,376
5/2/2023,22:00,360
5/2/2023,22:15,360
5/2/2023,22:30,360
5/2/2023,22:45,352
5/2/2023,23:00,360
5/2/2023,23:15,360
5/2/2023,23:30,344
5/2/2023,23:45,368
5/3/2023,0:00,376
5/3/2023,0:15,360
5/3/2023,0:30,360
5/3/2023,0:45,360
5/3/2023,1:00,360
5/3/2023,1:15,352
5/3/2023,1:30,368
5/3/2023,1:45,352
5/3/2023,2:00,368
5/3/2023,2:15,360
5/3/2023,2:30,360
5/3/2023,2:45,360
5/3/2023,3:00,360
5/3/2023,3:15,352
5/3/2023,3:30,368
5/3/2023,3:45,360
5/3/2023,4:00,352
5/3/2023,4:15,344
5/3/2023,4:30,360
5/3/2023,4:45,352
5/3/2023,5:00,360
5/3/2023,5:15,360
5/3/2023,5:30,352
5/3/2023,5:45,384
5/3/2023,6:00,400
5/3/2023,6:15,400
5/3/2023,6:30,392
5/3/2023,6:45,400
5/3/2023,7:00,408
5/3/2023,7:15,424
5/3/2023,7:30,448
5/3/2023,7:45,440
5/3/2023,8:00,464
5/3/2023,8:15,464
5/3/2023,8:30,480
5/3/2023,8:45,480
5/3/2023,9:00,480
5/3/2023,9:15,488
5/3/2023,9:30,504
5/3/2023,9:45,496
5/3/2023,10:00,488
5/3/2023,10:15,480
5/3/2023,10:30,496
5/3/2023,10:45,496
5/3/2023,11:00,560
5/3/2023,11:15,528
5/3/2023,11:30,512
5/3/2023,11:45,504
5/3/2023,12:00,528
5/3/2023,12:15,512
5/3/2023,12:30,488
5/3/2023,12:45,512
5/3/2023,13:00,520
5/3/2023,13:15,512
5/3/2023,13:30,496
5/3/2023,13:45,512
5/3/2023,14:00,536
5/3/2023,14:15,536
5/3/2023,14:30,536
5/3/2023,14:45,536
5/3/2023,15:00,528
5/3/2023,15:15,544
5/3/2023,15:30,520
5/3/2023,15:45,528
5/3/2023,16:00,504
5/3/2023,16:15,480
5/3/2023,16:30,480
5/3/2023,16:45,472
5/3/2023,17:00,432
5/3/2023,17:15,432
5/3/2023,17:30,432
5/3/2023,17:45,416
5/3/2023,18:00,400
5/3/2023,18:15,392
5/3/2023,18:30,376
5/3/2023,18:45,384
5/3/2023,19:00,408
5/3/2023,19:15,400
5/3/2023,19:30,400
5/3/2023,19:45,392
5/3/2023,20:00,400
5/3/2023,20:15,408
5/3/2023,20:30,408
5/3/2023,20:45,376
5/3/2023,21:00,376
5/3/2023,21:15,360
5/3/2023,21:30,376
5/3/2023,21:45,360
5/3/2023,22:00,368
5/3/2023,22:15,368
5/3/2023,22:30,376
5/3/2023,22:45,368
5/3/2023,23:00,360
5/3/2023,23:15,352
5/3/2023,23:30,376
5/3/2023,23:45,360
5/4/2023,0:00,360
5/4/2023,0:15,360
5/4/2023,0:30,352
5/4/2023,0:45,368
5/4/2023,1:00,368
5/4/2023,1:15,352
5/4/2023,1:30,352
5/4/2023,1:45,368
5/4/2023,2:00,360
5/4/2023,2:15,360
5/4/2023,2:30,368
5/4/2023,2:45,344
5/4/2023,3:00,360
5/4/2023,3:15,360
5/4/2023,3:30,360
5/4/2023,3:45,352
5/4/2023,4:00,352
5/4/2023,4:15,360
5/4/2023,4:30,360
5/4/2023,4:45,360
5/4/2023,5:00,352
5/4/2023,5:15,352
5/4/2023,5:30,360
5/4/2023,5:45,376
5/4/2023,6:00,400
5/4/2023,6:15,384
5/4/2023,6:30,400
5/4/2023,6:45,392
5/4/2023,7:00,424
5/4/2023,7:15,424
5/4/2023,7:30,424
5/4/2023,7:45,440
5/4/2023,8:00,456
5/4/2023,8:15,464
5/4/2023,8:30,480
5/4/2023,8:45,472
5/4/2023,9:00,480
5/4/2023,9:15,504
5/4/2023,9:30,520
5/4/2023,9:45,552
5/4/2023,10:00,528
5/4/2023,10:15,552
5/4/2023,10:30,544
5/4/2023,10:45,544
5/4/2023,11:00,536
5/4/2023,11:15,512
5/4/2023,11:30,520
5/4/2023,11:45,512
5/4/2023,12:00,520
5/4/2023,12:15,512
5/4/2023,12:30,496
5/4/2023,12:45,504
5/4/2023,13:00,504
5/4/2023,13:15,528
5/4/2023,13:30,512
5/4/2023,13:45,536
5/4/2023,14:00,504
5/4/2023,14:15,536
5/4/2023,14:30,520
5/4/2023,14:45,496
5/4/2023,15:00,496
5/4/2023,15:15,504
5/4/2023,15:30,520
5/4/2023,15:45,520
5/4/2023,16:00,504
5/4/2023,16:15,488
5/4/2023,16:30,488
5/4/2023,16:45,472
5/4/2023,17:00,424
5/4/2023,17:15,424
5/4/2023,17:30,408
5/4/2023,17:45,408
5/4/2023,18:00,400
5/4/2023,18:15,400
5/4/2023,18:30,392
5/4/2023,18:45,400
5/4/2023,19:00,400
5/4/2023,19:15,408
5/4/2023,19:30,400
5/4/2023,19:45,408
5/4/2023,20:00,400
5/4/2023,20:15,416
5/4/2023,20:30,408
5/4/2023,20:45,384
5/4/2023,21:00,384
5/4/2023,21:15,376
5/4/2023,21:30,368
5/4/2023,21:45,360
5/4/2023,22:00,368
5/4/2023,22:15,360
5/4/2023,22:30,376
5/4/2023,22:45,360
5/4/2023,23:00,352
5/4/2023,23:15,360
5/4/2023,23:30,360
5/4/2023,23:45,360
5/5/2023,0:00,360
5/5/2023,0:15,344
5/5/2023,0:30,368
5/5/2023,0:45,368
5/5/2023,1:00,368
5/5/2023,1:15,360
5/5/2023,1:30,352
5/5/2023,1:45,368
5/5/2023,2:00,360
5/5/2023,2:15,360
5/5/2023,2:30,352
5/5/2023,2:45,360
5/5/2023,3:00,360
5/5/2023,3:15,360
5/5/2023,3:30,376
5/5/2023,3:45,360
5/5/2023,4:00,360
5/5/2023,4:15,360
5/5/2023,4:30,360
5/5/2023,4:45,352
5/5/2023,5:00,352
5/5/2023,5:15,360
5/5/2023,5:30,360
5/5/2023,5:45,384
5/5/2023,6:00,392
5/5/2023,6:15,400
5/5/2023,6:30,400
5/5/2023,6:45,400
5/5/2023,7:00,408
5/5/2023,7:15,408
5/5/2023,7:30,424
5/5/2023,7:45,448
5/5/2023,8:00,432
5/5/2023,8:15,440
5/5/2023,8:30,448
5/5/2023,8:45,456
5/5/2023,9:00,472
5/5/2023,9:15,480
5/5/2023,9:30,512
5/5/2023,9:45,504
5/5/2023,10:00,512
5/5/2023,10:15,520
5/5/2023,10:30,544
5/5/2023,10:45,552
5/5/2023,11:00,536
5/5/2023,11:15,544
5/5/2023,11:30,536
5/5/2023,11:45,520
5/5/2023,12:00,560
5/5/2023,12:15,544
5/5/2023,12:30,560
5/5/2023,12:45,568
5/5/2023,13:00,552
5/5/2023,13:15,536
5/5/2023,13:30,560
5/5/2023,13:45,560
5/5/2023,14:00,576
5/5/2023,14:15,568
5/5/2023,14:30,528
5/5/2023,14:45,520
5/5/2023,15:00,544
5/5/2023,15:15,520
5/5/2023,15:30,536
5/5/2023,15:45,504
5/5/2023,16:00,520
5/5/2023,16:15,480
5/5/2023,16:30,456
5/5/2023,16:45,432
5/5/2023,17:00,432
5/5/2023,17:15,432
5/5/2023,17:30,416
5/5/2023,17:45,408
5/5/2023,18:00,416
5/5/2023,18:15,408
5/5/2023,18:30,400
5/5/2023,18:45,392
5/5/2023,19:00,400
5/5/2023,19:15,392
5/5/2023,19:30,408
5/5/2023,19:45,408
5/5/2023,20:00,408
5/5/2023,20:15,400
5/5/2023,20:30,416
5/5/2023,20:45,384
5/5/2023,21:00,360
5/5/2023,21:15,368
5/5/2023,21:30,352
5/5/2023,21:45,368
5/5/2023,22:00,376
5/5/2023,22:15,352
5/5/2023,22:30,368
5/5/2023,22:45,360
5/5/2023,23:00,360
5/5/2023,23:15,368
5/5/2023,23:30,360
5/5/2023,23:45,360
5/6/2023,0:00,368
5/6/2023,0:15,368
5/6/2023,0:30,376
5/6/2023,0:45,360
5/6/2023,1:00,352
5/6/2023,1:15,376
5/6/2023,1:30,376
5/6/2023,1:45,368
5/6/2023,2:00,360
5/6/2023,2:15,360
5/6/2023,2:30,360
5/6/2023,2:45,360
5/6/2023,3:00,360
5/6/2023,3:15,360
5/6/2023,3:30,360
5/6/2023,3:45,368
5/6/2023,4:00,368
5/6/2023,4:15,368
5/6/2023,4:30,352
5/6/2023,4:45,368
5/6/2023,5:00,368
5/6/2023,5:15,360
5/6/2023,5:30,352
5/6/2023,5:45,352
5/6/2023,6:00,360
5/6/2023,6:15,360
5/6/2023,6:30,352
5/6/2023,6:45,352
5/6/2023,7:00,360
5/6/2023,7:15,360
5/6/2023,7:30,368
5/6/2023,7:45,368
5/6/2023,8:00,344
5/6/2023,8:15,368
5/6/2023,8:30,368
5/6/2023,8:45,360
5/6/2023,9:00,368
5/6/2023,9:15,360
5/6/2023,9:30,360
5/6/2023,9:45,360
5/6/2023,10:00,360
5/6/2023,10:15,360
5/6/2023,10:30,352
5/6/2023,10:45,360
5/6/2023,11:00,368
5/6/2023,11:15,408
5/6/2023,11:30,432
5/6/2023,11:45,424
5/6/2023,12:00,432
5/6/2023,12:15,464
5/6/2023,12:30,464
5/6/2023,12:45,456
5/6/2023,13:00,448
5/6/2023,13:15,440
5/6/2023,13:30,448
5/6/2023,13:45,432
5/6/2023,14:00,424
5/6/2023,14:15,408
5/6/2023,14:30,440
5/6/2023,14:45,440
5/6/2023,15:00,424
5/6/2023,15:15,432
5/6/2023,15:30,440
5/6/2023,15:45,440
5/6/2023,16:00,424
5/6/2023,16:15,424
5/6/2023,16:30,416
5/6/2023,16:45,424
5/6/2023,17:00,424
5/6/2023,17:15,408
5/6/2023,17:30,416
5/6/2023,17:45,416
5/6/2023,18:00,432
5/6/2023,18:15,400
5/6/2023,18:30,384
5/6/2023,18:45,392
5/6/2023,19:00,400
5/6/2023,19:15,400
5/6/2023,19:30,392
5/6/2023,19:45,400
5/6/2023,20:00,392
5/6/2023,20:15,392
5/6/2023,20:30,408
5/6/2023,20:45,384
5/6/2023,21:00,392
5/6/2023,21:15,400
5/6/2023,21:30,392
5/6/2023,21:45,400
5/6/2023,22:00,392
5/6/2023,22:15,384
5/6/2023,22:30,392
5/6/2023,22:45,384
5/6/2023,23:00,360
5/6/2023,23:15,368
5/6/2023,23:30,360
5/6/2023,23:45,368
5/7/2023,0:00,360
5/7/2023,0:15,344
5/7/2023,0:30,360
5/7/2023,0:45,360
5/7/2023,1:00,368
5/7/2023,1:15,360
5/7/2023,1:30,352
5/7/2023,1:45,376
5/7/2023,2:00,360
5/7/2023,2:15,376
5/7/2023,2:30,352
5/7/2023,2:45,368
5/7/2023,3:00,360
5/7/2023,3:15,368
5/7/2023,3:30,360
5/7/2023,3:45,360
5/7/2023,4:00,360
5/7/2023,4:15,360
5/7/2023,4:30,368
5/7/2023,4:45,368
5/7/2023,5:00,360
5/7/2023,5:15,360
5/7/2023,5:30,368
5/7/2023,5:45,368
5/7/2023,6:00,352
5/7/2023,6:15,360
5/7/2023,6:30,360
5/7/2023,6:45,360
5/7/2023,7:00,360
5/7/2023,7:15,352
5/7/2023,7:30,344
5/7/2023,7:45,344
5/7/2023,8:00,344
5/7/2023,8:15,352
5/7/2023,8:30,344
5/7/2023,8:45,336
5/7/2023,9:00,360
5/7/2023,9:15,368
5/7/2023,9:30,376
5/7/2023,9:45,400
5/7/2023,10:00,408
5/7/2023,10:15,408
5/7/2023,10:30,408
5/7/2023,10:45,416
5/7/2023,11:00,416
5/7/2023,11:15,424
5/7/2023,11:30,448
5/7/2023,11:45,464
5/7/2023,12:00,488
5/7/2023,12:15,496
5/7/2023,12:30,496
5/7/2023,12:45,544
5/7/2023,13:00,504
5/7/2023,13:15,512
5/7/2023,13:30,504
5/7/2023,13:45,504
5/7/2023,14:00,496
5/7/2023,14:15,480
5/7/2023,14:30,536
5/7/2023,14:45,544
5/7/2023,15:00,504
5/7/2023,15:15,528
5/7/2023,15:30,536
5/7/2023,15:45,512
5/7/2023,16:00,528
5/7/2023,16:15,528
5/7/2023,16:30,520
5/7/2023,16:45,520
5/7/2023,17:00,528
5/7/2023,17:15,552
5/7/2023,17:30,528
5/7/2023,17:45,520
5/7/2023,18:00,504
5/7/2023,18:15,488
5/7/2023,18:30,480
5/7/2023,18:45,464
5/7/2023,19:00,440
5/7/2023,19:15,440
5/7/2023,19:30,408
5/7/2023,19:45,424
5/7/2023,20:00,400
5/7/2023,20:15,384
5/7/2023,20:30,392
5/7/2023,20:45,376
5/7/2023,21:00,376
5/7/2023,21:15,376
5/7/2023,21:30,376
5/7/2023,21:45,376
5/7/2023,22:00,384
5/7/2023,22:15,368
5/7/2023,22:30,376
5/7/2023,22:45,376
5/7/2023,23:00,384
5/7/2023,23:15,368
5/7/2023,23:30,368
5/7/2023,23:45,360
5/8/2023,0:00,360
5/8/2023,0:15,376
5/8/2023,0:30,352
5/8/2023,0:45,360
5/8/2023,1:00,360
5/8/2023,1:15,368
5/8/2023,1:30,376
5/8/2023,1:45,368
5/8/2023,2:00,360
5/8/2023,2:15,360
5/8/2023,2:30,368
5/8/2023,2:45,360
5/8/2023,3:00,360
5/8/2023,3:15,360
5/8/2023,3:30,360
5/8/2023,3:45,360
5/8/2023,4:00,368
5/8/2023,4:15,360
5/8/2023,4:30,344
5/8/2023,4:45,352
5/8/2023,5:00,352
5/8/2023,5:15,368
5/8/2023,5:30,352
5/8/2023,5:45,368
5/8/2023,6:00,392
5/8/2023,6:15,392
5/8/2023,6:30,392
5/8/2023,6:45,392
5/8/2023,7:00,408
5/8/2023,7:15,424
5/8/2023,7:30,432
5/8/2023,7:45,432
5/8/2023,8:00,448
5/8/2023,8:15,448
5/8/2023,8:30,464
5/8/2023,8:45,472
5/8/2023,9:00,464
5/8/2023,9:15,480
5/8/2023,9:30,472
5/8/2023,9:45,496
5/8/2023,10:00,544
5/8/2023,10:15,544
5/8/2023,10:30,552
5/8/2023,10:45,544
5/8/2023,11:00,560
5/8/2023,11:15,584
5/8/2023,11:30,584
5/8/2023,11:45,592
5/8/2023,12:00,608
5/8/2023,12:15,600
5/8/2023,12:30,600
5/8/2023,12:45,632
5/8/2023,13:00,640
5/8/2023,13:15,608
5/8/2023,13:30,616
5/8/2023,13:45,592
5/8/2023,14:00,584
5/8/2023,14:15,616
5/8/2023,14:30,624
5/8/2023,14:45,624
5/8/2023,15:00,664
5/8/2023,15:15,640
5/8/2023,15:30,600
5/8/2023,15:45,592
5/8/2023,16:00,584
5/8/2023,16:15,568
5/8/2023,16:30,568
5/8/2023,16:45,568
5/8/2023,17:00,560
5/8/2023,17:15,568
5/8/2023,17:30,544
5/8/2023,17:45,528
5/8/2023,18:00,496
5/8/2023,18:15,472
5/8/2023,18:30,472
5/8/2023,18:45,480
5/8/2023,19:00,440
5/8/2023,19:15,432
5/8/2023,19:30,424
5/8/2023,19:45,416
5/8/2023,20:00,408
5/8/2023,20:15,408
5/8/2023,20:30,416
5/8/2023,20:45,408
5/8/2023,21:00,400
5/8/2023,21:15,384
5/8/2023,21:30,392
5/8/2023,21:45,400
5/8/2023,22:00,392
5/8/2023,22:15,376
5/8/2023,22:30,392
5/8/2023,22:45,392
5/8/2023,23:00,376
5/8/2023,23:15,368
5/8/2023,23:30,360
5/8/2023,23:45,376
5/9/2023,0:00,376
5/9/2023,0:15,368
5/9/2023,0:30,368
5/9/2023,0:45,368
5/9/2023,1:00,368
5/9/2023,1:15,376
5/9/2023,1:30,360
5/9/2023,1:45,360
5/9/2023,2:00,360
5/9/2023,2:15,360
5/9/2023,2:30,376
5/9/2023,2:45,360
5/9/2023,3:00,360
5/9/2023,3:15,368
5/9/2023,3:30,376
5/9/2023,3:45,376
5/9/2023,4:00,368
5/9/2023,4:15,360
5/9/2023,4:30,368
5/9/2023,4:45,368
5/9/2023,5:00,368
5/9/2023,5:15,352
5/9/2023,5:30,368
5/9/2023,5:45,376
5/9/2023,6:00,400
5/9/2023,6:15,400
5/9/2023,6:30,392
5/9/2023,6:45,408
5/9/2023,7:00,424
5/9/2023,7:15,432
5/9/2023,7:30,432
5/9/2023,7:45,448
5/9/2023,8:00,456
5/9/2023,8:15,472
5/9/2023,8:30,472
5/9/2023,8:45,480
5/9/2023,9:00,504
5/9/2023,9:15,512
5/9/2023,9:30,544
5/9/2023,9:45,536
5/9/2023,10:00,528
5/9/2023,10:15,536
5/9/2023,10:30,576
5/9/2023,10:45,560
5/9/2023,11:00,560
5/9/2023,11:15,584
5/9/2023,11:30,576
5/9/2023,11:45,592
5/9/2023,12:00,600
5/9/2023,12:15,600
5/9/2023,12:30,608
5/9/2023,12:45,608
5/9/2023,13:00,624
5/9/2023,13:15,600
5/9/2023,13:30,640
5/9/2023,13:45,616
5/9/2023,14:00,648
5/9/2023,14:15,632
5/9/2023,14:30,640
5/9/2023,14:45,608
5/9/2023,15:00,608
5/9/2023,15:15,624
5/9/2023,15:30,640
5/9/2023,15:45,600
5/9/2023,16:00,624
5/9/2023,16:15,616
5/9/2023,16:30,600
5/9/2023,16:45,584
5/9/2023,17:00,576
5/9/2023,17:15,560
5/9/2023,17:30,544
5/9/2023,17:45,528
5/9/2023,18:00,528
5/9/2023,18:15,512
5/9/2023,18:30,480
5/9/2023,18:45,488
5/9/2023,19:00,488
5/9/2023,19:15,456
5/9/2023,19:30,440
5/9/2023,19:45,440
5/9/2023,20:00,432
5/9/2023,20:15,424
5/9/2023,20:30,416
5/9/2023,20:45,408
5/9/2023,21:00,416
5/9/2023,21:15,408
5/9/2023,21:30,408
5/9/2023,21:45,392
5/9/2023,22:00,416
5/9/2023,22:15,400
5/9/2023,22:30,392
5/9/2023,22:45,392
5/9/2023,23:00,384
5/9/2023,23:15,368
5/9/2023,23:30,384
5/9/2023,23:45,368
5/10/2023,0:00,376
5/10/2023,0:15,376
5/10/2023,0:30,384
5/10/2023,0:45,368
5/10/2023,1:00,368
5/10/2023,1:15,368
5/10/2023,1:30,376
5/10/2023,1:45,384
5/10/2023,2:00,360
5/10/2023,2:15,360
5/10/2023,2:30,368
5/10/2023,2:45,368
5/10/2023,3:00,368
5/10/2023,3:15,376
5/10/2023,3:30,376
5/10/2023,3:45,368
5/10/2023,4:00,360
5/10/2023,4:15,376
5/10/2023,4:30,360
5/10/2023,4:45,368
5/10/2023,5:00,376
5/10/2023,5:15,368
5/10/2023,5:30,384
5/10/2023,5:45,384
5/10/2023,6:00,392
5/10/2023,6:15,400
5/10/2023,6:30,416
5/10/2023,6:45,408
5/10/2023,7:00,408
5/10/2023,7:15,424
5/10/2023,7:30,456
5/10/2023,7:45,448
5/10/2023,8:00,472
5/10/2023,8:15,464
5/10/2023,8:30,480
5/10/2023,8:45,480
5/10/2023,9:00,480
5/10/2023,9:15,464
5/10/2023,9:30,488
5/10/2023,9:45,488
5/10/2023,10:00,488
5/10/2023,10:15,488
5/10/2023,10:30,488
5/10/2023,10:45,488
5/10/2023,11:00,504
5/10/2023,11:15,512
5/10/2023,11:30,512
5/10/2023,11:45,520
5/10/2023,12:00,552
5/10/2023,12:15,552
5/10/2023,12:30,552
5/10/2023,12:45,552
5/10/2023,13:00,528
5/10/2023,13:15,552
5/10/2023,13:30,584
5/10/2023,13:45,600
5/10/2023,14:00,568
5/10/2023,14:15,584
5/10/2023,14:30,600
5/10/2023,14:45,592
5/10/2023,15:00,592
5/10/2023,15:15,576
5/10/2023,15:30,600
5/10/2023,15:45,560
5/10/2023,16:00,592
5/10/2023,16:15,552
5/10/2023,16:30,552
5/10/2023,16:45,528
5/10/2023,17:00,560
5/10/2023,17:15,528
5/10/2023,17:30,520
5/10/2023,17:45,504
5/10/2023,18:00,488
5/10/2023,18:15,488
5/10/2023,18:30,464
5/10/2023,18:45,464
5/10/2023,19:00,480
5/10/2023,19:15,440
5/10/2023,19:30,440
5/10/2023,19:45,416
5/10/2023,20:00,408
5/10/2023,20:15,416
5/10/2023,20:30,424
5/10/2023,20:45,408
5/10/2023,21:00,400
5/10/2023,21:15,400
5/10/2023,21:30,392
5/10/2023,21:45,384
5/10/2023,22:00,376
5/10/2023,22:15,360
5/10/2023,22:30,384
5/10/2023,22:45,384
5/10/2023,23:00,392
5/10/2023,23:15,376
5/10/2023,23:30,376
5/10/2023,23:45,392
5/11/2023,0:00,384
5/11/2023,0:15,384
5/11/2023,0:30,376
5/11/2023,0:45,376
5/11/2023,1:00,384
5/11/2023,1:15,376
5/11/2023,1:30,360
5/11/2023,1:45,376
5/11/2023,2:00,360
5/11/2023,2:15,376
5/11/2023,2:30,368
5/11/2023,2:45,368
5/11/2023,3:00,376
5/11/2023,3:15,368
5/11/2023,3:30,376
5/11/2023,3:45,368
5/11/2023,4:00,368
5/11/2023,4:15,368
5/11/2023,4:30,368
5/11/2023,4:45,376
5/11/2023,5:00,368
5/11/2023,5:15,376
5/11/2023,5:30,376
5/11/2023,5:45,392
5/11/2023,6:00,416
5/11/2023,6:15,392
5/11/2023,6:30,408
5/11/2023,6:45,416
5/11/2023,7:00,432
5/11/2023,7:15,432
5/11/2023,7:30,448
5/11/2023,7:45,456
5/11/2023,8:00,472
5/11/2023,8:15,480
5/11/2023,8:30,480
5/11/2023,8:45,496
5/11/2023,9:00,504
5/11/2023,9:15,536
5/11/2023,9:30,544
5/11/2023,9:45,536
5/11/2023,10:00,536
5/11/2023,10:15,536
5/11/2023,10:30,552
5/11/2023,10:45,552
5/11/2023,11:00,528
5/11/2023,11:15,552
5/11/2023,11:30,568
5/11/2023,11:45,560
5/11/2023,12:00,568
5/11/2023,12:15,576
5/11/2023,12:30,584
5/11/2023,12:45,576
5/11/2023,13:00,616
5/11/2023,13:15,568
5/11/2023,13:30,592
5/11/2023,13:45,592
5/11/2023,14:00,624
5/11/2023,14:15,608
5/11/2023,14:30,624
5/11/2023,14:45,600
5/11/2023,15:00,624
5/11/2023,15:15,600
5/11/2023,15:30,624
5/11/2023,15:45,600
5/11/2023,16:00,632
5/11/2023,16:15,640
5/11/2023,16:30,600
5/11/2023,16:45,616
5/11/2023,17:00,608
5/11/2023,17:15,576
5/11/2023,17:30,600
5/11/2023,17:45,568
5/11/2023,18:00,560
5/11/2023,18:15,560
5/11/2023,18:30,544
5/11/2023,18:45,536
5/11/2023,19:00,512
5/11/2023,19:15,504
5/11/2023,19:30,488
5/11/2023,19:45,464
5/11/2023,20:00,448
5/11/2023,20:15,416
5/11/2023,20:30,320
5/11/2023,20:45,320
5/11/2023,21:00,408
5/11/2023,21:15,384
5/11/2023,21:30,384
5/11/2023,21:45,384
5/11/2023,22:00,392
5/11/2023,22:15,368
5/11/2023,22:30,376
5/11/2023,22:45,368
5/11/2023,23:00,368
5/11/2023,23:15,384
5/11/2023,23:30,360
5/11/2023,23:45,368
5/12/2023,0:00,360
5/12/2023,0:15,360
5/12/2023,0:30,360
5/12/2023,0:45,368
5/12/2023,1:00,352
5/12/2023,1:15,368
5/12/2023,1:30,360
5/12/2023,1:45,368
5/12/2023,2:00,376
5/12/2023,2:15,360
5/12/2023,2:30,368
5/12/2023,2:45,368
5/12/2023,3:00,376
5/12/2023,3:15,368
5/12/2023,3:30,368
5/12/2023,3:45,368
5/12/2023,4:00,368
5/12/2023,4:15,376
5/12/2023,4:30,384
5/12/2023,4:45,368
5/12/2023,5:00,360
5/12/2023,5:15,352
5/12/2023,5:30,368
5/12/2023,5:45,376
5/12/2023,6:00,392
5/12/2023,6:15,400
5/12/2023,6:30,408
5/12/2023,6:45,424
5/12/2023,7:00,416
5/12/2023,7:15,424
5/12/2023,7:30,440
5/12/2023,7:45,456
5/12/2023,8:00,456
5/12/2023,8:15,464
5/12/2023,8:30,472
5/12/2023,8:45,464
5/12/2023,9:00,480
5/12/2023,9:15,488
5/12/2023,9:30,488
5/12/2023,9:45,496
5/12/2023,10:00,528
5/12/2023,10:15,552
5/12/2023,10:30,576
5/12/2023,10:45,576
5/12/2023,11:00,600
5/12/2023,11:15,616
5/12/2023,11:30,632
5/12/2023,11:45,616
5/12/2023,12:00,624
5/12/2023,12:15,664
5/12/2023,12:30,648
5/12/2023,12:45,664
5/12/2023,13:00,664
5/12/2023,13:15,656
5/12/2023,13:30,688
5/12/2023,13:45,680
5/12/2023,14:00,688
5/12/2023,14:15,696
5/12/2023,14:30,688
5/12/2023,14:45,712
5/12/2023,15:00,688
5/12/2023,15:15,720
5/12/2023,15:30,688
5/12/2023,15:45,688
5/12/2023,16:00,688
5/12/2023,16:15,696
5/12/2023,16:30,680
5/12/2023,16:45,680
5/12/2023,17:00,656
5/12/2023,17:15,664
5/12/2023,17:30,648
5/12/2023,17:45,648
5/12/2023,18:00,632
5/12/2023,18:15,616
5/12/2023,18:30,600
5/12/2023,18:45,568
5/12/2023,19:00,584
5/12/2023,19:15,536
5/12/2023,19:30,520
5/12/2023,19:45,504
5/12/2023,20:00,488
5/12/2023,20:15,488
5/12/2023,20:30,480
5/12/2023,20:45,448
5/12/2023,21:00,432
5/12/2023,21:15,432
5/12/2023,21:30,424
5/12/2023,21:45,424
5/12/2023,22:00,432
5/12/2023,22:15,408
5/12/2023,22:30,408
5/12/2023,22:45,424
5/12/2023,23:00,400
5/12/2023,23:15,408
5/12/2023,23:30,408
5/12/2023,23:45,416
5/13/2023,0:00,400
5/13/2023,0:15,400
5/13/2023,0:30,400
5/13/2023,0:45,392
5/13/2023,1:00,416
5/13/2023,1:15,400
5/13/2023,1:30,392
5/13/2023,1:45,408
5/13/2023,2:00,400
5/13/2023,2:15,392
5/13/2023,2:30,384
5/13/2023,2:45,368
5/13/2023,3:00,384
5/13/2023,3:15,384
5/13/2023,3:30,376
5/13/2023,3:45,384
5/13/2023,4:00,376
5/13/2023,4:15,384
5/13/2023,4:30,384
5/13/2023,4:45,384
5/13/2023,5:00,376
5/13/2023,5:15,392
5/13/2023,5:30,376
5/13/2023,5:45,376
5/13/2023,6:00,368
5/13/2023,6:15,368
5/13/2023,6:30,360
5/13/2023,6:45,368
5/13/2023,7:00,376
5/13/2023,7:15,384
5/13/2023,7:30,384
5/13/2023,7:45,392
5/13/2023,8:00,400
5/13/2023,8:15,432
5/13/2023,8:30,432
5/13/2023,8:45,432
5/13/2023,9:00,472
5/13/2023,9:15,488
5/13/2023,9:30,512
5/13/2023,9:45,520
5/13/2023,10:00,560
5/13/2023,10:15,528
5/13/2023,10:30,560
5/13/2023,10:45,560
5/13/2023,11:00,560
5/13/2023,11:15,592
5/13/2023,11:30,584
5/13/2023,11:45,632
5/13/2023,12:00,600
5/13/2023,12:15,632
5/13/2023,12:30,632
5/13/2023,12:45,640
5/13/2023,13:00,640
5/13/2023,13:15,656
5/13/2023,13:30,648
5/13/2023,13:45,696
5/13/2023,14:00,680
5/13/2023,14:15,720
5/13/2023,14:30,704
5/13/2023,14:45,688
5/13/2023,15:00,720
5/13/2023,15:15,744
5/13/2023,15:30,728
5/13/2023,15:45,736
5/13/2023,16:00,728
5/13/2023,16:15,712
5/13/2023,16:30,736
5/13/2023,16:45,712
5/13/2023,17:00,712
5/13/2023,17:15,712
5/13/2023,17:30,688
5/13/2023,17:45,688
5/13/2023,18:00,688
5/13/2023,18:15,680
5/13/2023,18:30,664
5/13/2023,18:45,640
5/13/2023,19:00,624
5/13/2023,19:15,624
5/13/2023,19:30,624
5/13/2023,19:45,608
5/13/2023,20:00,576
5/13/2023,20:15,544
5/13/2023,20:30,536
5/13/2023,20:45,560
5/13/2023,21:00,528
5/13/2023,21:15,544
5/13/2023,21:30,528
5/13/2023,21:45,504
5/13/2023,22:00,544
5/13/2023,22:15,496
5/13/2023,22:30,504
5/13/2023,22:45,488
5/13/2023,23:00,488
5/13/2023,23:15,480
5/13/2023,23:30,480
5/13/2023,23:45,464
5/14/2023,0:00,480
5/14/2023,0:15,464
5/14/2023,0:30,488
5/14/2023,0:45,472
5/14/2023,1:00,440
5/14/2023,1:15,456
5/14/2023,1:30,432
5/14/2023,1:45,448
5/14/2023,2:00,432
5/14/2023,2:15,448
5/14/2023,2:30,456
5/14/2023,2:45,456
5/14/2023,3:00,440
5/14/2023,3:15,408
5/14/2023,3:30,416
5/14/2023,3:45,408
5/14/2023,4:00,424
5/14/2023,4:15,408
5/14/2023,4:30,416
5/14/2023,4:45,416
5/14/2023,5:00,400
5/14/2023,5:15,408
5/14/2023,5:30,408
5/14/2023,5:45,384
5/14/2023,6:00,408
5/14/2023,6:15,392
5/14/2023,6:30,384
5/14/2023,6:45,408
5/14/2023,7:00,392
5/14/2023,7:15,392
5/14/2023,7:30,400
5/14/2023,7:45,392
5/14/2023,8:00,400
5/14/2023,8:15,416
5/14/2023,8:30,400
5/14/2023,8:45,424
5/14/2023,9:00,432
5/14/2023,9:15,440
5/14/2023,9:30,480
5/14/2023,9:45,512
5/14/2023,10:00,528
5/14/2023,10:15,544
5/14/2023,10:30,528
5/14/2023,10:45,536
5/14/2023,11:00,552
5/14/2023,11:15,552
5/14/2023,11:30,576
5/14/2023,11:45,584
5/14/2023,12:00,568
5/14/2023,12:15,600
5/14/2023,12:30,608
5/14/2023,12:45,608
5/14/2023,13:00,608
5/14/2023,13:15,624
5/14/2023,13:30,608
5/14/2023,13:45,648
5/14/2023,14:00,632
5/14/2023,14:15,640
5/14/2023,14:30,664
5/14/2023,14:45,656
5/14/2023,15:00,672
5/14/2023,15:15,680
5/14/2023,15:30,648
5/14/2023,15:45,680
5/14/2023,16:00,656
5/14/2023,16:15,672
5/14/2023,16:30,640
5/14/2023,16:45,648
5/14/2023,17:00,656
5/14/2023,17:15,640
5/14/2023,17:30,624
5/14/2023,17:45,632
5/14/2023,18:00,616
5/14/2023,18:15,616
5/14/2023,18:30,608
5/14/2023,18:45,592
5/14/2023,19:00,576
5/14/2023,19:15,528
5/14/2023,19:30,544
5/14/2023,19:45,512
5/14/2023,20:00,504
5/14/2023,20:15,472
5/14/2023,20:30,480
5/14/2023,20:45,464
5/14/2023,21:00,456
5/14/2023,21:15,440
5/14/2023,21:30,424
5/14/2023,21:45,440
5/14/2023,22:00,424
5/14/2023,22:15,408
5/14/2023,22:30,400
5/14/2023,22:45,400
5/14/2023,23:00,408
5/14/2023,23:15,400
5/14/2023,23:30,400
5/14/2023,23:45,400
5/15/2023,0:00,408
5/15/2023,0:15,392
5/15/2023,0:30,408
5/15/2023,0:45,392
5/15/2023,1:00,392
5/15/2023,1:15,400
5/15/2023,1:30,376
5/15/2023,1:45,376
5/15/2023,2:00,392
5/15/2023,2:15,384
5/15/2023,2:30,368
5/15/2023,2:45,376
5/15/2023,3:00,376
5/15/2023,3:15,384
5/15/2023,3:30,376
5/15/2023,3:45,376
5/15/2023,4:00,384
5/15/2023,4:15,392
5/15/2023,4:30,384
5/15/2023,4:45,392
5/15/2023,5:00,368
5/15/2023,5:15,376
5/15/2023,5:30,384
5/15/2023,5:45,392
5/15/2023,6:00,400
5/15/2023,6:15,416
5/15/2023,6:30,416
5/15/2023,6:45,440
5/15/2023,7:00,448
5/15/2023,7:15,432
5/15/2023,7:30,456
5/15/2023,7:45,456
5/15/2023,8:00,480
5/15/2023,8:15,480
5/15/2023,8:30,496
5/15/2023,8:45,512
5/15/2023,9:00,504
5/15/2023,9:15,528
5/15/2023,9:30,528
5/15/2023,9:45,552
5/15/2023,10:00,616
5/15/2023,10:15,608
5/15/2023,10:30,640
5/15/2023,10:45,672
5/15/2023,11:00,656
5/15/2023,11:15,664
5/15/2023,11:30,672
5/15/2023,11:45,664
5/15/2023,12:00,688
5/15/2023,12:15,704
5/15/2023,12:30,720
5/15/2023,12:45,712
5/15/2023,13:00,744
5/15/2023,13:15,760
5/15/2023,13:30,728
5/15/2023,13:45,768
5/15/2023,14:00,752
5/15/2023,14:15,752
5/15/2023,14:30,752
5/15/2023,14:45,744
5/15/2023,15:00,744
5/15/2023,15:15,728
5/15/2023,15:30,728
5/15/2023,15:45,736
5/15/2023,16:00,704
5/15/2023,16:15,712
5/15/2023,16:30,696
5/15/2023,16:45,688
5/15/2023,17:00,688
5/15/2023,17:15,656
5/15/2023,17:30,656
5/15/2023,17:45,640
5/15/2023,18:00,600
5/15/2023,18:15,616
5/15/2023,18:30,600
5/15/2023,18:45,576
5/15/2023,19:00,560
5/15/2023,19:15,536
5/15/2023,19:30,552
5/15/2023,19:45,512
5/15/2023,20:00,488
5/15/2023,20:15,496
5/15/2023,20:30,496
5/15/2023,20:45,488
5/15/2023,21:00,432
5/15/2023,21:15,456
5/15/2023,21:30,432
5/15/2023,21:45,448
5/15/2023,22:00,432
5/15/2023,22:15,432
5/15/2023,22:30,408
5/15/2023,22:45,408
5/15/2023,23:00,408
5/15/2023,23:15,392
5/15/2023,23:30,416
5/15/2023,23:45,392
5/16/2023,0:00,408
5/16/2023,0:15,392
5/16/2023,0:30,408
5/16/2023,0:45,416
5/16/2023,1:00,408
5/16/2023,1:15,392
5/16/2023,1:30,408
5/16/2023,1:45,384
5/16/2023,2:00,408
5/16/2023,2:15,400
5/16/2023,2:30,392
5/16/2023,2:45,392
5/16/2023,3:00,408
5/16/2023,3:15,392
5/16/2023,3:30,408
5/16/2023,3:45,392
5/16/2023,4:00,392
5/16/2023,4:15,408
5/16/2023,4:30,368
5/16/2023,4:45,384
5/16/2023,5:00,384
5/16/2023,5:15,376
5/16/2023,5:30,392
5/16/2023,5:45,384
5/16/2023,6:00,400
5/16/2023,6:15,416
5/16/2023,6:30,424
5/16/2023,6:45,424
5/16/2023,7:00,424
5/16/2023,7:15,456
5/16/2023,7:30,456
5/16/2023,7:45,464
5/16/2023,8:00,480
5/16/2023,8:15,472
5/16/2023,8:30,520
5/16/2023,8:45,528
5/16/2023,9:00,536
5/16/2023,9:15,576
5/16/2023,9:30,584
5/16/2023,9:45,592
5/16/2023,10:00,608
5/16/2023,10:15,648
5/16/2023,10:30,632
5/16/2023,10:45,632
5/16/2023,11:00,672
5/16/2023,11:15,688
5/16/2023,11:30,688
5/16/2023,11:45,712
5/16/2023,12:00,688
5/16/2023,12:15,712
5/16/2023,12:30,728
5/16/2023,12:45,720
5/16/2023,13:00,736
5/16/2023,13:15,744
5/16/2023,13:30,720
5/16/2023,13:45,736
5/16/2023,14:00,752
5/16/2023,14:15,752
5/16/2023,14:30,752
5/16/2023,14:45,752
5/16/2023,15:00,776
5/16/2023,15:15,768
5/16/2023,15:30,768
5/16/2023,15:45,792
5/16/2023,16:00,760
5/16/2023,16:15,736
5/16/2023,16:30,768
5/16/2023,16:45,728
5/16/2023,17:00,752
5/16/2023,17:15,736
5/16/2023,17:30,704
5/16/2023,17:45,696
5/16/2023,18:00,712
5/16/2023,18:15,680
5/16/2023,18:30,648
5/16/2023,18:45,664
5/16/2023,19:00,632
5/16/2023,19:15,640
5/16/2023,19:30,648
5/16/2023,19:45,576
5/16/2023,20:00,552
5/16/2023,20:15,560
5/16/2023,20:30,536
5/16/2023,20:45,568
5/16/2023,21:00,512
5/16/2023,21:15,488
5/16/2023,21:30,480
5/16/2023,21:45,472
5/16/2023,22:00,456
5/16/2023,22:15,448
5/16/2023,22:30,456
5/16/2023,22:45,432
5/16/2023,23:00,456
5/16/2023,23:15,448
5/16/2023,23:30,440
5/16/2023,23:45,424
5/17/2023,0:00,440
5/17/2023,0:15,432
5/17/2023,0:30,424
5/17/2023,0:45,424
5/17/2023,1:00,432
5/17/2023,1:15,424
5/17/2023,1:30,424
5/17/2023,1:45,424
5/17/2023,2:00,408
5/17/2023,2:15,416
5/17/2023,2:30,408
5/17/2023,2:45,400
5/17/2023,3:00,392
5/17/2023,3:15,408
5/17/2023,3:30,416
5/17/2023,3:45,408
5/17/2023,4:00,408
5/17/2023,4:15,400
5/17/2023,4:30,424
5/17/2023,4:45,400
5/17/2023,5:00,408
5/17/2023,5:15,424
5/17/2023,5:30,416
5/17/2023,5:45,432
5/17/2023,6:00,464
5/17/2023,6:15,456
5/17/2023,6:30,480
5/17/2023,6:45,456
5/17/2023,7:00,456
5/17/2023,7:15,504
5/17/2023,7:30,488
5/17/2023,7:45,504
5/17/2023,8:00,528
5/17/2023,8:15,528
5/17/2023,8:30,544
5/17/2023,8:45,560
5/17/2023,9:00,568
5/17/2023,9:15,584
5/17/2023,9:30,568
5/17/2023,9:45,592
5/17/2023,10:00,656
5/17/2023,10:15,648
5/17/2023,10:30,648
5/17/2023,10:45,664
5/17/2023,11:00,656
5/17/2023,11:15,672
5/17/2023,11:30,680
5/17/2023,11:45,672
5/17/2023,12:00,712
5/17/2023,12:15,704
5/17/2023,12:30,704
5/17/2023,12:45,760
5/17/2023,13:00,728
5/17/2023,13:15,744
5/17/2023,13:30,744
5/17/2023,13:45,760
5/17/2023,14:00,760
5/17/2023,14:15,760
5/17/2023,14:30,728
5/17/2023,14:45,752
5/17/2023,15:00,760
5/17/2023,15:15,744
5/17/2023,15:30,768
5/17/2023,15:45,776
5/17/2023,16:00,744
5/17/2023,16:15,728
5/17/2023,16:30,712
5/17/2023,16:45,728
5/17/2023,17:00,712
5/17/2023,17:15,704
5/17/2023,17:30,672
5/17/2023,17:45,632
5/17/2023,18:00,640
5/17/2023,18:15,624
5/17/2023,18:30,624
5/17/2023,18:45,576
5/17/2023,19:00,576
5/17/2023,19:15,544
5/17/2023,19:30,504
5/17/2023,19:45,528
5/17/2023,20:00,488
5/17/2023,20:15,456
5/17/2023,20:30,456
5/17/2023,20:45,456
5/17/2023,21:00,440
5/17/2023,21:15,432
5/17/2023,21:30,424
5/17/2023,21:45,416
5/17/2023,22:00,432
5/17/2023,22:15,416
5/17/2023,22:30,416
5/17/2023,22:45,408
5/17/2023,23:00,408
5/17/2023,23:15,400
5/17/2023,23:30,408
5/17/2023,23:45,408
5/18/2023,0:00,408
5/18/2023,0:15,424
5/18/2023,0:30,400
5/18/2023,0:45,400
5/18/2023,1:00,408
5/18/2023,1:15,400
5/18/2023,1:30,392
5/18/2023,1:45,392
5/18/2023,2:00,384
5/18/2023,2:15,392
5/18/2023,2:30,392
5/18/2023,2:45,392
5/18/2023,3:00,392
5/18/2023,3:15,384
5/18/2023,3:30,392
5/18/2023,3:45,384
5/18/2023,4:00,376
5/18/2023,4:15,384
5/18/2023,4:30,384
5/18/2023,4:45,376
5/18/2023,5:00,392
5/18/2023,5:15,392
5/18/2023,5:30,384
5/18/2023,5:45,416
5/18/2023,6:00,416
5/18/2023,6:15,408
5/18/2023,6:30,424
5/18/2023,6:45,432
5/18/2023,7:00,440
5/18/2023,7:15,456
5/18/2023,7:30,464
5/18/2023,7:45,480
5/18/2023,8:00,496
5/18/2023,8:15,496
5/18/2023,8:30,504
5/18/2023,8:45,536
5/18/2023,9:00,552
5/18/2023,9:15,568
5/18/2023,9:30,560
5/18/2023,9:45,576
5/18/2023,10:00,568
5/18/2023,10:15,608
5/18/2023,10:30,648
5/18/2023,10:45,656
5/18/2023,11:00,656
5/18/2023,11:15,664
5/18/2023,11:30,664
5/18/2023,11:45,664
5/18/2023,12:00,696
5/18/2023,12:15,648
5/18/2023,12:30,696
5/18/2023,12:45,672
5/18/2023,13:00,680
5/18/2023,13:15,672
5/18/2023,13:30,680
5/18/2023,13:45,696
5/18/2023,14:00,712
5/18/2023,14:15,720
5/18/2023,14:30,704
5/18/2023,14:45,704
5/18/2023,15:00,736
5/18/2023,15:15,696
5/18/2023,15:30,720
5/18/2023,15:45,704
5/18/2023,16:00,680
5/18/2023,16:15,688
5/18/2023,16:30,688
5/18/2023,16:45,664
5/18/2023,17:00,664
5/18/2023,17:15,648
5/18/2023,17:30,608
5/18/2023,17:45,640
5/18/2023,18:00,616
5/18/2023,18:15,584
5/18/2023,18:30,616
5/18/2023,18:45,584
5/18/2023,19:00,576
5/18/2023,19:15,544
5/18/2023,19:30,552
5/18/2023,19:45,528
5/18/2023,20:00,496
5/18/2023,20:15,488
5/18/2023,20:30,488
5/18/2023,20:45,472
5/18/2023,21:00,464
5/18/2023,21:15,456
5/18/2023,21:30,448
5/18/2023,21:45,440
5/18/2023,22:00,424
5/18/2023,22:15,440
5/18/2023,22:30,424
5/18/2023,22:45,432
5/18/2023,23:00,432
5/18/2023,23:15,408
5/18/2023,23:30,424
5/18/2023,23:45,416
5/19/2023,0:00,392
5/19/2023,0:15,416
5/19/2023,0:30,408
5/19/2023,0:45,408
5/19/2023,1:00,408
5/19/2023,1:15,408
5/19/2023,1:30,400
5/19/2023,1:45,408
5/19/2023,2:00,408
5/19/2023,2:15,400
5/19/2023,2:30,384
5/19/2023,2:45,368
5/19/2023,3:00,392
5/19/2023,3:15,384
5/19/2023,3:30,384
5/19/2023,3:45,376
5/19/2023,4:00,376
5/19/2023,4:15,384
5/19/2023,4:30,384
5/19/2023,4:45,376
5/19/2023,5:00,376
5/19/2023,5:15,376
5/19/2023,5:30,368
5/19/2023,5:45,384
5/19/2023,6:00,400
5/19/2023,6:15,400
5/19/2023,6:30,408
5/19/2023,6:45,400
5/19/2023,7:00,408
5/19/2023,7:15,416
5/19/2023,7:30,448
5/19/2023,7:45,448
5/19/2023,8:00,464
5/19/2023,8:15,488
5/19/2023,8:30,496
5/19/2023,8:45,496
5/19/2023,9:00,520
5/19/2023,9:15,520
5/19/2023,9:30,536
5/19/2023,9:45,568
5/19/2023,10:00,544
5/19/2023,10:15,560
5/19/2023,10:30,600
5/19/2023,10:45,600
5/19/2023,11:00,624
5/19/2023,11:15,600
5/19/2023,11:30,640
5/19/2023,11:45,608
5/19/2023,12:00,632
5/19/2023,12:15,648
5/19/2023,12:30,656
5/19/2023,12:45,648
5/19/2023,13:00,640
5/19/2023,13:15,656
5/19/2023,13:30,680
5/19/2023,13:45,672
5/19/2023,14:00,648
5/19/2023,14:15,640
5/19/2023,14:30,656
5/19/2023,14:45,640
5/19/2023,15:00,648
5/19/2023,15:15,640
5/19/2023,15:30,640
5/19/2023,15:45,656
5/19/2023,16:00,648
5/19/2023,16:15,656
5/19/2023,16:30,632
5/19/2023,16:45,656
5/19/2023,17:00,616
5/19/2023,17:15,632
5/19/2023,17:30,632
5/19/2023,17:45,592
5/19/2023,18:00,584
5/19/2023,18:15,552
5/19/2023,18:30,536
5/19/2023,18:45,552
5/19/2023,19:00,536
5/19/2023,19:15,496
5/19/2023,19:30,488
5/19/2023,19:45,488
5/19/2023,20:00,456
5/19/2023,20:15,424
5/19/2023,20:30,416
5/19/2023,20:45,424
5/19/2023,21:00,424
5/19/2023,21:15,400
5/19/2023,21:30,408
5/19/2023,21:45,392
5/19/2023,22:00,392
5/19/2023,22:15,400
5/19/2023,22:30,376
5/19/2023,22:45,384
5/19/2023,23:00,376
5/19/2023,23:15,376
5/19/2023,23:30,368
5/19/2023,23:45,384
5/20/2023,0:00,368
5/20/2023,0:15,360
5/20/2023,0:30,384
5/20/2023,0:45,376
5/20/2023,1:00,352
5/20/2023,1:15,352
5/20/2023,1:30,352
5/20/2023,1:45,344
5/20/2023,2:00,344
5/20/2023,2:15,336
5/20/2023,2:30,360
5/20/2023,2:45,344
5/20/2023,3:00,352
5/20/2023,3:15,352
5/20/2023,3:30,344
5/20/2023,3:45,360
5/20/2023,4:00,344
5/20/2023,4:15,344
5/20/2023,4:30,352
5/20/2023,4:45,344
5/20/2023,5:00,352
5/20/2023,5:15,336
5/20/2023,5:30,344
5/20/2023,5:45,360
5/20/2023,6:00,344
5/20/2023,6:15,352
5/20/2023,6:30,344
5/20/2023,6:45,328
5/20/2023,7:00,336
5/20/2023,7:15,344
5/20/2023,7:30,328
5/20/2023,7:45,328
5/20/2023,8:00,336
5/20/2023,8:15,344
5/20/2023,8:30,344
5/20/2023,8:45,344
5/20/2023,9:00,352
5/20/2023,9:15,368
5/20/2023,9:30,400
5/20/2023,9:45,392
5/20/2023,10:00,416
5/20/2023,10:15,432
5/20/2023,10:30,472
5/20/2023,10:45,472
5/20/2023,11:00,464
5/20/2023,11:15,488
5/20/2023,11:30,472
5/20/2023,11:45,488
5/20/2023,12:00,488
5/20/2023,12:15,472
5/20/2023,12:30,504
5/20/2023,12:45,488
5/20/2023,13:00,512
5/20/2023,13:15,488
5/20/2023,13:30,504
5/20/2023,13:45,512
5/20/2023,14:00,504
5/20/2023,14:15,512
5/20/2023,14:30,504
5/20/2023,14:45,512
5/20/2023,15:00,520
5/20/2023,15:15,504
5/20/2023,15:30,520
5/20/2023,15:45,512
5/20/2023,16:00,504
5/20/2023,16:15,512
5/20/2023,16:30,520
5/20/2023,16:45,512
5/20/2023,17:00,512
5/20/2023,17:15,496
5/20/2023,17:30,496
5/20/2023,17:45,496
5/20/2023,18:00,496
5/20/2023,18:15,488
5/20/2023,18:30,472
5/20/2023,18:45,456
5/20/2023,19:00,464
5/20/2023,19:15,456
5/20/2023,19:30,416
5/20/2023,19:45,392
5/20/2023,20:00,392
5/20/2023,20:15,392
5/20/2023,20:30,400
5/20/2023,20:45,376
5/20/2023,21:00,384
5/20/2023,21:15,376
5/20/2023,21:30,384
5/20/2023,21:45,368
5/20/2023,22:00,376
5/20/2023,22:15,376
5/20/2023,22:30,376
5/20/2023,22:45,368
5/20/2023,23:00,368
5/20/2023,23:15,368
5/20/2023,23:30,376
5/20/2023,23:45,384
5/21/2023,0:00,376
5/21/2023,0:15,368
5/21/2023,0:30,368
5/21/2023,0:45,376
5/21/2023,1:00,376
5/21/2023,1:15,368
5/21/2023,1:30,376
5/21/2023,1:45,384
5/21/2023,2:00,368
5/21/2023,2:15,360
5/21/2023,2:30,368
5/21/2023,2:45,368
5/21/2023,3:00,376
5/21/2023,3:15,360
5/21/2023,3:30,368
5/21/2023,3:45,376
5/21/2023,4:00,376
5/21/2023,4:15,368
5/21/2023,4:30,352
5/21/2023,4:45,344
5/21/2023,5:00,368
5/21/2023,5:15,352
5/21/2023,5:30,360
5/21/2023,5:45,352
5/21/2023,6:00,344
5/21/2023,6:15,352
5/21/2023,6:30,344
5/21/2023,6:45,352
5/21/2023,7:00,336
5/21/2023,7:15,352
5/21/2023,7:30,336
5/21/2023,7:45,344
5/21/2023,8:00,368
5/21/2023,8:15,352
5/21/2023,8:30,360
5/21/2023,8:45,376
5/21/2023,9:00,392
5/21/2023,9:15,392
5/21/2023,9:30,400
5/21/2023,9:45,408
5/21/2023,10:00,400
5/21/2023,10:15,440
5/21/2023,10:30,480
5/21/2023,10:45,488
5/21/2023,11:00,480
5/21/2023,11:15,496
5/21/2023,11:30,496
5/21/2023,11:45,496
5/21/2023,12:00,520
5/21/2023,12:15,520
5/21/2023,12:30,520
5/21/2023,12:45,520
5/21/2023,13:00,552
5/21/2023,13:15,528
5/21/2023,13:30,552
5/21/2023,13:45,552
5/21/2023,14:00,560
5/21/2023,14:15,592
5/21/2023,14:30,576
5/21/2023,14:45,576
5/21/2023,15:00,592
5/21/2023,15:15,600
5/21/2023,15:30,624
5/21/2023,15:45,616
5/21/2023,16:00,648
5/21/2023,16:15,608
5/21/2023,16:30,632
5/21/2023,16:45,632
5/21/2023,17:00,640
5/21/2023,17:15,640
5/21/2023,17:30,616
5/21/2023,17:45,608
5/21/2023,18:00,568
5/21/2023,18:15,576
5/21/2023,18:30,552
5/21/2023,18:45,536
5/21/2023,19:00,528
5/21/2023,19:15,512
5/21/2023,19:30,512
5/21/2023,19:45,480
5/21/2023,20:00,472
5/21/2023,20:15,464
5/21/2023,20:30,440
5/21/2023,20:45,456
5/21/2023,21:00,440
5/21/2023,21:15,440
5/21/2023,21:30,416
5/21/2023,21:45,400
5/21/2023,22:00,408
5/21/2023,22:15,400
5/21/2023,22:30,400
5/21/2023,22:45,384
5/21/2023,23:00,392
5/21/2023,23:15,376
5/21/2023,23:30,376
5/21/2023,23:45,376
5/22/2023,0:00,376
5/22/2023,0:15,360
5/22/2023,0:30,384
5/22/2023,0:45,368
5/22/2023,1:00,352
5/22/2023,1:15,360
5/22/2023,1:30,344
5/22/2023,1:45,352
5/22/2023,2:00,344
5/22/2023,2:15,344
5/22/2023,2:30,344
5/22/2023,2:45,352
5/22/2023,3:00,352
5/22/2023,3:15,336
5/22/2023,3:30,352
5/22/2023,3:45,344
5/22/2023,4:00,352
5/22/2023,4:15,344
5/22/2023,4:30,336
5/22/2023,4:45,360
5/22/2023,5:00,344
5/22/2023,5:15,344
5/22/2023,5:30,336
5/22/2023,5:45,360
5/22/2023,6:00,368
5/22/2023,6:15,384
5/22/2023,6:30,376
5/22/2023,6:45,392
5/22/2023,7:00,408
5/22/2023,7:15,408
5/22/2023,7:30,408
5/22/2023,7:45,416
5/22/2023,8:00,440
5/22/2023,8:15,456
5/22/2023,8:30,448
5/22/2023,8:45,456
5/22/2023,9:00,464
5/22/2023,9:15,472
5/22/2023,9:30,504
5/22/2023,9:45,520
5/22/2023,10:00,520
5/22/2023,10:15,512
5/22/2023,10:30,568
5/22/2023,10:45,576
5/22/2023,11:00,600
5/22/2023,11:15,616
5/22/2023,11:30,624
5/22/2023,11:45,616
5/22/2023,12:00,632
5/22/2023,12:15,624
5/22/2023,12:30,656
5/22/2023,12:45,640
5/22/2023,13:00,688
5/22/2023,13:15,664
5/22/2023,13:30,696
5/22/2023,13:45,704
5/22/2023,14:00,696
5/22/2023,14:15,752
5/22/2023,14:30,752
5/22/2023,14:45,760
5/22/2023,15:00,768
5/22/2023,15:15,760
5/22/2023,15:30,784
5/22/2023,15:45,760
5/22/2023,16:00,736
5/22/2023,16:15,744
5/22/2023,16:30,728
5/22/2023,16:45,704
5/22/2023,17:00,720
5/22/2023,17:15,688
5/22/2023,17:30,664
5/22/2023,17:45,664
5/22/2023,18:00,632
5/22/2023,18:15,616
5/22/2023,18:30,600
5/22/2023,18:45,576
5/22/2023,19:00,576
5/22/2023,19:15,536
5/22/2023,19:30,528
5/22/2023,19:45,520
5/22/2023,20:00,504
5/22/2023,20:15,472
5/22/2023,20:30,440
5/22/2023,20:45,432
5/22/2023,21:00,400
5/22/2023,21:15,392
5/22/2023,21:30,384
5/22/2023,21:45,376
5/22/2023,22:00,384
5/22/2023,22:15,360
5/22/2023,22:30,360
5/22/2023,22:45,360
5/22/2023,23:00,352
5/22/2023,23:15,344
5/22/2023,23:30,352
5/22/2023,23:45,344
5/23/2023,0:00,360
5/23/2023,0:15,352
5/23/2023,0:30,344
5/23/2023,0:45,352
5/23/2023,1:00,344
5/23/2023,1:15,360
5/23/2023,1:30,344
5/23/2023,1:45,352
5/23/2023,2:00,336
5/23/2023,2:15,352
5/23/2023,2:30,344
5/23/2023,2:45,352
5/23/2023,3:00,352
5/23/2023,3:15,352
5/23/2023,3:30,352
5/23/2023,3:45,344
5/23/2023,4:00,344
5/23/2023,4:15,360
5/23/2023,4:30,352
5/23/2023,4:45,352
5/23/2023,5:00,336
5/23/2023,5:15,352
5/23/2023,5:30,344
5/23/2023,5:45,360
5/23/2023,6:00,376
5/23/2023,6:15,384
5/23/2023,6:30,400
5/23/2023,6:45,400
5/23/2023,7:00,384
5/23/2023,7:15,400
5/23/2023,7:30,416
5/23/2023,7:45,424
5/23/2023,8:00,440
5/23/2023,8:15,432
5/23/2023,8:30,440
5/23/2023,8:45,448
5/23/2023,9:00,440
5/23/2023,9:15,456
5/23/2023,9:30,504
5/23/2023,9:45,512
5/23/2023,10:00,520
5/23/2023,10:15,536
5/23/2023,10:30,512
5/23/2023,10:45,512
5/23/2023,11:00,528
5/23/2023,11:15,528
5/23/2023,11:30,520
5/23/2023,11:45,528
5/23/2023,12:00,536
5/23/2023,12:15,552
5/23/2023,12:30,560
5/23/2023,12:45,536
5/23/2023,13:00,544
5/23/2023,13:15,536
5/23/2023,13:30,576
5/23/2023,13:45,568
5/23/2023,14:00,568
5/23/2023,14:15,560
5/23/2023,14:30,576
5/23/2023,14:45,576
5/23/2023,15:00,592
5/23/2023,15:15,608
5/23/2023,15:30,600
5/23/2023,15:45,584
5/23/2023,16:00,584
5/23/2023,16:15,568
5/23/2023,16:30,560
5/23/2023,16:45,552
5/23/2023,17:00,544
5/23/2023,17:15,536
5/23/2023,17:30,520
5/23/2023,17:45,496
5/23/2023,18:00,488
5/23/2023,18:15,480
5/23/2023,18:30,464
5/23/2023,18:45,456
5/23/2023,19:00,440
5/23/2023,19:15,400
5/23/2023,19:30,408
5/23/2023,19:45,384
5/23/2023,20:00,400
5/23/2023,20:15,400
5/23/2023,20:30,384
5/23/2023,20:45,376
5/23/2023,21:00,376
5/23/2023,21:15,368
5/23/2023,21:30,368
5/23/2023,21:45,352
5/23/2023,22:00,360
5/23/2023,22:15,368
5/23/2023,22:30,352
5/23/2023,22:45,344
5/23/2023,23:00,344
5/23/2023,23:15,344
5/23/2023,23:30,352
5/23/2023,23:45,344
5/24/2023,0:00,352
5/24/2023,0:15,352
5/24/2023,0:30,352
5/24/2023,0:45,352
5/24/2023,1:00,344
5/24/2023,1:15,336
5/24/2023,1:30,352
5/24/2023,1:45,344
5/24/2023,2:00,336
5/24/2023,2:15,336
5/24/2023,2:30,352
5/24/2023,2:45,352
5/24/2023,3:00,360
5/24/2023,3:15,344
5/24/2023,3:30,336
5/24/2023,3:45,352
5/24/2023,4:00,344
5/24/2023,4:15,344
5/24/2023,4:30,344
5/24/2023,4:45,344
5/24/2023,5:00,352
5/24/2023,5:15,344
5/24/2023,5:30,344
5/24/2023,5:45,360
5/24/2023,6:00,376
5/24/2023,6:15,384
5/24/2023,6:30,376
5/24/2023,6:45,392
5/24/2023,7:00,400
5/24/2023,7:15,408
5/24/2023,7:30,424
5/24/2023,7:45,424
5/24/2023,8:00,440
5/24/2023,8:15,440
5/24/2023,8:30,464
5/24/2023,8:45,456
5/24/2023,9:00,448
5/24/2023,9:15,440
5/24/2023,9:30,448
5/24/2023,9:45,456
5/24/2023,10:00,472
5/24/2023,10:15,472
5/24/2023,10:30,488
5/24/2023,10:45,512
5/24/2023,11:00,536
5/24/2023,11:15,520
5/24/2023,11:30,528
5/24/2023,11:45,528
5/24/2023,12:00,528
5/24/2023,12:15,536
5/24/2023,12:30,504
5/24/2023,12:45,544
5/24/2023,13:00,536
5/24/2023,13:15,568
5/24/2023,13:30,560
5/24/2023,13:45,552
5/24/2023,14:00,568
5/24/2023,14:15,576
5/24/2023,14:30,568
5/24/2023,14:45,568
5/24/2023,15:00,576
5/24/2023,15:15,624
5/24/2023,15:30,608
5/24/2023,15:45,592
5/24/2023,16:00,600
5/24/2023,16:15,568
5/24/2023,16:30,600
5/24/2023,16:45,576
5/24/2023,17:00,552
5/24/2023,17:15,568
5/24/2023,17:30,552
5/24/2023,17:45,536
5/24/2023,18:00,520
5/24/2023,18:15,496
5/24/2023,18:30,488
5/24/2023,18:45,496
5/24/2023,19:00,456
5/24/2023,19:15,448
5/24/2023,19:30,432
5/24/2023,19:45,416
5/24/2023,20:00,408
5/24/2023,20:15,392
5/24/2023,20:30,384
5/24/2023,20:45,384
5/24/2023,21:00,368
5/24/2023,21:15,360
5/24/2023,21:30,344
5/24/2023,21:45,352
5/24/2023,22:00,352
5/24/2023,22:15,360
5/24/2023,22:30,336
5/24/2023,22:45,344
5/24/2023,23:00,336
5/24/2023,23:15,352
5/24/2023,23:30,344
5/24/2023,23:45,336
5/25/2023,0:00,336
5/25/2023,0:15,352
5/25/2023,0:30,344
5/25/2023,0:45,344
5/25/2023,1:00,344
5/25/2023,1:15,344
5/25/2023,1:30,344
5/25/2023,1:45,336
5/25/2023,2:00,328
5/25/2023,2:15,344
5/25/2023,2:30,344
5/25/2023,2:45,336
5/25/2023,3:00,336
5/25/2023,3:15,344
5/25/2023,3:30,344
5/25/2023,3:45,344
5/25/2023,4:00,344
5/25/2023,4:15,344
5/25/2023,4:30,336
5/25/2023,4:45,336
5/25/2023,5:00,344
5/25/2023,5:15,336
5/25/2023,5:30,336
5/25/2023,5:45,352
5/25/2023,6:00,376
5/25/2023,6:15,384
5/25/2023,6:30,376
5/25/2023,6:45,376
5/25/2023,7:00,384
5/25/2023,7:15,416
5/25/2023,7:30,416
5/25/2023,7:45,408
5/25/2023,8:00,440
5/25/2023,8:15,440
5/25/2023,8:30,440
5/25/2023,8:45,448
5/25/2023,9:00,440
5/25/2023,9:15,448
5/25/2023,9:30,456
5/25/2023,9:45,448
5/25/2023,10:00,440
5/25/2023,10:15,456
5/25/2023,10:30,456
5/25/2023,10:45,472
5/25/2023,11:00,504
5/25/2023,11:15,512
5/25/2023,11:30,528
5/25/2023,11:45,544
5/25/2023,12:00,552
5/25/2023,12:15,560
5/25/2023,12:30,560
5/25/2023,12:45,544
5/25/2023,13:00,568
5/25/2023,13:15,552
5/25/2023,13:30,560
5/25/2023,13:45,560
5/25/2023,14:00,576
5/25/2023,14:15,584
5/25/2023,14:30,576
5/25/2023,14:45,600
5/25/2023,15:00,616
5/25/2023,15:15,616
5/25/2023,15:30,592
5/25/2023,15:45,592
5/25/2023,16:00,584
5/25/2023,16:15,584
5/25/2023,16:30,592
5/25/2023,16:45,560
5/25/2023,17:00,544
5/25/2023,17:15,552
5/25/2023,17:30,552
5/25/2023,17:45,512
5/25/2023,18:00,496
5/25/2023,18:15,504
5/25/2023,18:30,488
5/25/2023,18:45,488
5/25/2023,19:00,448
5/25/2023,19:15,432
5/25/2023,19:30,424
5/25/2023,19:45,416
5/25/2023,20:00,408
5/25/2023,20:15,384
5/25/2023,20:30,400
5/25/2023,20:45,376
5/25/2023,21:00,376
5/25/2023,21:15,360
5/25/2023,21:30,368
5/25/2023,21:45,368
5/25/2023,22:00,352
5/25/2023,22:15,352
5/25/2023,22:30,352
5/25/2023,22:45,352
5/25/2023,23:00,344
5/25/2023,23:15,344
5/25/2023,23:30,352
5/25/2023,23:45,352
5/26/2023,0:00,336
5/26/2023,0:15,360
5/26/2023,0:30,344
5/26/2023,0:45,328
5/26/2023,1:00,352
5/26/2023,1:15,328
5/26/2023,1:30,344
5/26/2023,1:45,336
5/26/2023,2:00,344
5/26/2023,2:15,336
5/26/2023,2:30,344
5/26/2023,2:45,360
5/26/2023,3:00,336
5/26/2023,3:15,336
5/26/2023,3:30,344
5/26/2023,3:45,344
5/26/2023,4:00,344
5/26/2023,4:15,336
5/26/2023,4:30,336
5/26/2023,4:45,344
5/26/2023,5:00,344
5/26/2023,5:15,344
5/26/2023,5:30,344
5/26/2023,5:45,352
5/26/2023,6:00,384
5/26/2023,6:15,376
5/26/2023,6:30,360
5/26/2023,6:45,360
5/26/2023,7:00,384
5/26/2023,7:15,400
5/26/2023,7:30,408
5/26/2023,7:45,408
5/26/2023,8:00,432
5/26/2023,8:15,448
5/26/2023,8:30,464
5/26/2023,8:45,456
5/26/2023,9:00,456
5/26/2023,9:15,464
5/26/2023,9:30,464
5/26/2023,9:45,488
5/26/2023,10:00,520
5/26/2023,10:15,504
5/26/2023,10:30,520
5/26/2023,10:45,528
5/26/2023,11:00,544
5/26/2023,11:15,552
5/26/2023,11:30,552
5/26/2023,11:45,584
5/26/2023,12:00,592
5/26/2023,12:15,576
5/26/2023,12:30,592
5/26/2023,12:45,576
5/26/2023,13:00,600
5/26/2023,13:15,616
5/26/2023,13:30,608
5/26/2023,13:45,600
5/26/2023,14:00,600
5/26/2023,14:15,616
5/26/2023,14:30,624
5/26/2023,14:45,608
5/26/2023,15:00,632
5/26/2023,15:15,624
5/26/2023,15:30,616
5/26/2023,15:45,608
5/26/2023,16:00,632
5/26/2023,16:15,576
5/26/2023,16:30,576
5/26/2023,16:45,576
5/26/2023,17:00,552
5/26/2023,17:15,560
5/26/2023,17:30,552
5/26/2023,17:45,528
5/26/2023,18:00,536
5/26/2023,18:15,512
5/26/2023,18:30,496
5/26/2023,18:45,496
5/26/2023,19:00,472
5/26/2023,19:15,464
5/26/2023,19:30,440
5/26/2023,19:45,424
5/26/2023,20:00,400
5/26/2023,20:15,400
5/26/2023,20:30,408
5/26/2023,20:45,392
5/26/2023,21:00,384
5/26/2023,21:15,384
5/26/2023,21:30,368
5/26/2023,21:45,384
5/26/2023,22:00,376
5/26/2023,22:15,360
5/26/2023,22:30,376
5/26/2023,22:45,368
5/26/2023,23:00,344
5/26/2023,23:15,344
5/26/2023,23:30,344
5/26/2023,23:45,352
5/27/2023,0:00,360
5/27/2023,0:15,352
5/27/2023,0:30,344
5/27/2023,0:45,368
5/27/2023,1:00,368
5/27/2023,1:15,360
5/27/2023,1:30,352
5/27/2023,1:45,336
5/27/2023,2:00,360
5/27/2023,2:15,376
5/27/2023,2:30,336
5/27/2023,2:45,352
5/27/2023,3:00,368
5/27/2023,3:15,360
5/27/2023,3:30,368
5/27/2023,3:45,352
5/27/2023,4:00,344
5/27/2023,4:15,368
5/27/2023,4:30,360
5/27/2023,4:45,352
5/27/2023,5:00,352
5/27/2023,5:15,360
5/27/2023,5:30,352
5/27/2023,5:45,360
5/27/2023,6:00,344
5/27/2023,6:15,352
5/27/2023,6:30,344
5/27/2023,6:45,360
5/27/2023,7:00,344
5/27/2023,7:15,344
5/27/2023,7:30,344
5/27/2023,7:45,344
5/27/2023,8:00,344
5/27/2023,8:15,352
5/27/2023,8:30,344
5/27/2023,8:45,360
5/27/2023,9:00,352
5/27/2023,9:15,352
5/27/2023,9:30,384
5/27/2023,9:45,400
5/27/2023,10:00,400
5/27/2023,10:15,400
5/27/2023,10:30,400
5/27/2023,10:45,416
5/27/2023,11:00,464
5/27/2023,11:15,472
5/27/2023,11:30,480
5/27/2023,11:45,472
5/27/2023,12:00,496
5/27/2023,12:15,504
5/27/2023,12:30,504
5/27/2023,12:45,512
5/27/2023,13:00,528
5/27/2023,13:15,536
5/27/2023,13:30,520
5/27/2023,13:45,520
5/27/2023,14:00,536
5/27/2023,14:15,544
5/27/2023,14:30,568
5/27/2023,14:45,576
5/27/2023,15:00,560
5/27/2023,15:15,544
5/27/2023,15:30,544
5/27/2023,15:45,544
5/27/2023,16:00,560
5/27/2023,16:15,536
5/27/2023,16:30,536
5/27/2023,16:45,552
5/27/2023,17:00,544
5/27/2023,17:15,568
5/27/2023,17:30,544
5/27/2023,17:45,520
5/27/2023,18:00,528
5/27/2023,18:15,496
5/27/2023,18:30,520
5/27/2023,18:45,488
5/27/2023,19:00,472
5/27/2023,19:15,480
5/27/2023,19:30,440
5/27/2023,19:45,424
5/27/2023,20:00,400
5/27/2023,20:15,376
5/27/2023,20:30,392
5/27/2023,20:45,392
5/27/2023,21:00,376
5/27/2023,21:15,368
5/27/2023,21:30,376
5/27/2023,21:45,360
5/27/2023,22:00,376
5/27/2023,22:15,368
5/27/2023,22:30,360
5/27/2023,22:45,360
5/27/2023,23:00,376
5/27/2023,23:15,376
5/27/2023,23:30,368
5/27/2023,23:45,368
5/28/2023,0:00,368
5/28/2023,0:15,376
5/28/2023,0:30,376
5/28/2023,0:45,376
5/28/2023,1:00,368
5/28/2023,1:15,360
5/28/2023,1:30,376
5/28/2023,1:45,360
5/28/2023,2:00,376
5/28/2023,2:15,384
5/28/2023,2:30,384
5/28/2023,2:45,384
5/28/2023,3:00,376
5/28/2023,3:15,368
5/28/2023,3:30,376
5/28/2023,3:45,360
5/28/2023,4:00,352
5/28/2023,4:15,344
5/28/2023,4:30,352
5/28/2023,4:45,360
5/28/2023,5:00,344
5/28/2023,5:15,352
5/28/2023,5:30,360
5/28/2023,5:45,352
5/28/2023,6:00,352
5/28/2023,6:15,344
5/28/2023,6:30,336
5/28/2023,6:45,344
5/28/2023,7:00,336
5/28/2023,7:15,328
5/28/2023,7:30,336
5/28/2023,7:45,344
5/28/2023,8:00,344
5/28/2023,8:15,336
5/28/2023,8:30,336
5/28/2023,8:45,336
5/28/2023,9:00,344
5/28/2023,9:15,352
5/28/2023,9:30,352
5/28/2023,9:45,360
5/28/2023,10:00,368
5/28/2023,10:15,408
5/28/2023,10:30,384
5/28/2023,10:45,400
5/28/2023,11:00,392
5/28/2023,11:15,416
5/28/2023,11:30,392
5/28/2023,11:45,432
5/28/2023,12:00,416
5/28/2023,12:15,432
5/28/2023,12:30,440
5/28/2023,12:45,440
5/28/2023,13:00,432
5/28/2023,13:15,432
5/28/2023,13:30,440
5/28/2023,13:45,432
5/28/2023,14:00,480
5/28/2023,14:15,480
5/28/2023,14:30,464
5/28/2023,14:45,504
5/28/2023,15:00,512
5/28/2023,15:15,504
5/28/2023,15:30,504
5/28/2023,15:45,496
5/28/2023,16:00,520
5/28/2023,16:15,512
5/28/2023,16:30,496
5/28/2023,16:45,496
5/28/2023,17:00,504
5/28/2023,17:15,488
5/28/2023,17:30,488
5/28/2023,17:45,496
5/28/2023,18:00,496
5/28/2023,18:15,480
5/28/2023,18:30,456
5/28/2023,18:45,456
5/28/2023,19:00,416
5/28/2023,19:15,408
5/28/2023,19:30,392
5/28/2023,19:45,384
5/28/2023,20:00,368
5/28/2023,20:15,376
5/28/2023,20:30,384
5/28/2023,20:45,376
5/28/2023,21:00,368
5/28/2023,21:15,368
5/28/2023,21:30,368
5/28/2023,21:45,368
5/28/2023,22:00,368
5/28/2023,22:15,360
5/28/2023,22:30,368
5/28/2023,22:45,368
5/28/2023,23:00,368
5/28/2023,23:15,376
5/28/2023,23:30,360
5/28/2023,23:45,368
5/29/2023,0:00,360
5/29/2023,0:15,368
5/29/2023,0:30,376
5/29/2023,0:45,368
5/29/2023,1:00,376
5/29/2023,1:15,360
5/29/2023,1:30,352
5/29/2023,1:45,352
5/29/2023,2:00,352
5/29/2023,2:15,352
5/29/2023,2:30,352
5/29/2023,2:45,344
5/29/2023,3:00,344
5/29/2023,3:15,336
5/29/2023,3:30,360
5/29/2023,3:45,352
5/29/2023,4:00,344
5/29/2023,4:15,352
5/29/2023,4:30,360
5/29/2023,4:45,352
5/29/2023,5:00,344
5/29/2023,5:15,344
5/29/2023,5:30,344
5/29/2023,5:45,352
5/29/2023,6:00,336
5/29/2023,6:15,320
5/29/2023,6:30,328
5/29/2023,6:45,336
5/29/2023,7:00,336
5/29/2023,7:15,328
5/29/2023,7:30,320
5/29/2023,7:45,336
5/29/2023,8:00,336
5/29/2023,8:15,336
5/29/2023,8:30,336
5/29/2023,8:45,336
5/29/2023,9:00,352
5/29/2023,9:15,368
5/29/2023,9:30,384
5/29/2023,9:45,400
5/29/2023,10:00,416
5/29/2023,10:15,440
5/29/2023,10:30,432
5/29/2023,10:45,480
5/29/2023,11:00,456
5/29/2023,11:15,464
5/29/2023,11:30,464
5/29/2023,11:45,496
5/29/2023,12:00,472
5/29/2023,12:15,464
5/29/2023,12:30,512
5/29/2023,12:45,472
5/29/2023,13:00,488
5/29/2023,13:15,480
5/29/2023,13:30,488
5/29/2023,13:45,504
5/29/2023,14:00,480
5/29/2023,14:15,504
5/29/2023,14:30,496
5/29/2023,14:45,512
5/29/2023,15:00,512
5/29/2023,15:15,512
5/29/2023,15:30,504
5/29/2023,15:45,496
5/29/2023,16:00,480
5/29/2023,16:15,496
5/29/2023,16:30,496
5/29/2023,16:45,480
5/29/2023,17:00,488
5/29/2023,17:15,472
5/29/2023,17:30,480
5/29/2023,17:45,496
5/29/2023,18:00,480
5/29/2023,18:15,488
5/29/2023,18:30,496
5/29/2023,18:45,472
5/29/2023,19:00,456
5/29/2023,19:15,448
5/29/2023,19:30,416
5/29/2023,19:45,408
5/29/2023,20:00,400
5/29/2023,20:15,392
5/29/2023,20:30,384
5/29/2023,20:45,384
5/29/2023,21:00,392
5/29/2023,21:15,360
5/29/2023,21:30,384
5/29/2023,21:45,376
5/29/2023,22:00,368
5/29/2023,22:15,368
5/29/2023,22:30,368
5/29/2023,22:45,360
5/29/2023,23:00,368
5/29/2023,23:15,368
5/29/2023,23:30,352
5/29/2023,23:45,336
5/30/2023,0:00,352
5/30/2023,0:15,344
5/30/2023,0:30,352
5/30/2023,0:45,336
5/30/2023,1:00,360
5/30/2023,1:15,352
5/30/2023,1:30,344
5/30/2023,1:45,344
5/30/2023,2:00,344
5/30/2023,2:15,344
5/30/2023,2:30,336
5/30/2023,2:45,328
5/30/2023,3:00,344
5/30/2023,3:15,336
5/30/2023,3:30,344
5/30/2023,3:45,328
5/30/2023,4:00,336
5/30/2023,4:15,328
5/30/2023,4:30,344
5/30/2023,4:45,336
5/30/2023,5:00,328
5/30/2023,5:15,336
5/30/2023,5:30,336
5/30/2023,5:45,360
5/30/2023,6:00,360
5/30/2023,6:15,368
5/30/2023,6:30,384
5/30/2023,6:45,384
5/30/2023,7:00,376
5/30/2023,7:15,376
5/30/2023,7:30,392
5/30/2023,7:45,416
5/30/2023,8:00,432
5/30/2023,8:15,448
5/30/2023,8:30,488
5/30/2023,8:45,480
5/30/2023,9:00,496
5/30/2023,9:15,496
5/30/2023,9:30,520
5/30/2023,9:45,536
5/30/2023,10:00,544
5/30/2023,10:15,584
5/30/2023,10:30,568
5/30/2023,10:45,592
5/30/2023,11:00,576
5/30/2023,11:15,576
5/30/2023,11:30,616
5/30/2023,11:45,584
5/30/2023,12:00,600
5/30/2023,12:15,584
5/30/2023,12:30,616
5/30/2023,12:45,616
5/30/2023,13:00,600
5/30/2023,13:15,624
5/30/2023,13:30,632
5/30/2023,13:45,632
5/30/2023,14:00,640
5/30/2023,14:15,624
5/30/2023,14:30,632
5/30/2023,14:45,624
5/30/2023,15:00,616
5/30/2023,15:15,640
5/30/2023,15:30,600
5/30/2023,15:45,608
5/30/2023,16:00,592
5/30/2023,16:15,600
5/30/2023,16:30,632
5/30/2023,16:45,576
5/30/2023,17:00,568
5/30/2023,17:15,584
5/30/2023,17:30,560
5/30/2023,17:45,552
5/30/2023,18:00,520
5/30/2023,18:15,520
5/30/2023,18:30,504
5/30/2023,18:45,496
5/30/2023,19:00,504
5/30/2023,19:15,480
5/30/2023,19:30,424
5/30/2023,19:45,400
5/30/2023,20:00,416
5/30/2023,20:15,384
5/30/2023,20:30,400
5/30/2023,20:45,392
5/30/2023,21:00,384
5/30/2023,21:15,384
5/30/2023,21:30,360
5/30/2023,21:45,336
5/30/2023,22:00,344
5/30/2023,22:15,352
5/30/2023,22:30,344
5/30/2023,22:45,344
5/30/2023,23:00,336
5/30/2023,23:15,344
5/30/2023,23:30,352
5/30/2023,23:45,344
5/31/2023,0:00,344
5/31/2023,0:15,336
5/31/2023,0:30,352
5/31/2023,0:45,336
5/31/2023,1:00,336
5/31/2023,1:15,328
5/31/2023,1:30,344
5/31/2023,1:45,344
5/31/2023,2:00,336
5/31/2023,2:15,336
5/31/2023,2:30,352
5/31/2023,2:45,344
5/31/2023,3:00,336
5/31/2023,3:15,344
5/31/2023,3:30,336
5/31/2023,3:45,344
5/31/2023,4:00,344
5/31/2023,4:15,336
5/31/2023,4:30,344
5/31/2023,4:45,336
5/31/2023,5:00,344
5/31/2023,5:15,336
5/31/2023,5:30,328
5/31/2023,5:45,352
5/31/2023,6:00,368
5/31/2023,6:15,384
5/31/2023,6:30,376
5/31/2023,6:45,384
5/31/2023,7:00,392
5/31/2023,7:15,400
5/31/2023,7:30,416
5/31/2023,7:45,408
5/31/2023,8:00,448
5/31/2023,8:15,448
5/31/2023,8:30,464
5/31/2023,8:45,488
5/31/2023,9:00,496
5/31/2023,9:15,496
5/31/2023,9:30,512
5/31/2023,9:45,504
5/31/2023,10:00,504
5/31/2023,10:15,544
5/31/2023,10:30,528
5/31/2023,10:45,568
5/31/2023,11:00,560
5/31/2023,11:15,560
5/31/2023,11:30,600
5/31/2023,11:45,592
5/31/2023,12:00,624
5/31/2023,12:15,600
5/31/2023,12:30,640
5/31/2023,12:45,608
5/31/2023,13:00,624
5/31/2023,13:15,640
5/31/2023,13:30,664
5/31/2023,13:45,632
5/31/2023,14:00,664
5/31/2023,14:15,664
5/31/2023,14:30,672
5/31/2023,14:45,640
5/31/2023,15:00,664
5/31/2023,15:15,640
5/31/2023,15:30,632
5/31/2023,15:45,648
5/31/2023,16:00,632
5/31/2023,16:15,632
5/31/2023,16:30,608
5/31/2023,16:45,616
5/31/2023,17:00,600
5/31/2023,17:15,576
5/31/2023,17:30,568
5/31/2023,17:45,552
5/31/2023,18:00,536
5/31/2023,18:15,504
5/31/2023,18:30,488
5/31/2023,18:45,480
5/31/2023,19:00,472
5/31/2023,19:15,432
5/31/2023,19:30,424
5/31/2023,19:45,392
5/31/2023,20:00,392
5/31/2023,20:15,392
5/31/2023,20:30,368
5/31/2023,20:45,384
5/31/2023,21:00,352
5/31/2023,21:15,344
5/31/2023,21:30,352
5/31/2023,21:45,352
5/31/2023,22:00,344
5/31/2023,22:15,336
5/31/2023,22:30,344
5/31/2023,22:45,344
5/31/2023,23:00,344
5/31/2023,23:15,344
5/31/2023,23:30,336
5/31/2023,23:45,344
6/1/2023,0:00,344
6/1/2023,0:15,344
6/1/2023,0:30,328
6/1/2023,0:45,336
6/1/2023,1:00,328
6/1/2023,1:15,336
6/1/2023,1:30,328
6/1/2023,1:45,336
6/1/2023,2:00,328
6/1/2023,2:15,336
6/1/2023,2:30,336
6/1/2023,2:45,328
6/1/2023,3:00,336
6/1/2023,3:15,328
6/1/2023,3:30,344
6/1/2023,3:45,328
6/1/2023,4:00,328
6/1/2023,4:15,336
6/1/2023,4:30,336
6/1/2023,4:45,328
6/1/2023,5:00,320
6/1/2023,5:15,328
6/1/2023,5:30,328
6/1/2023,5:45,352
6/1/2023,6:00,352
6/1/2023,6:15,376
6/1/2023,6:30,376
6/1/2023,6:45,368
6/1/2023,7:00,400
6/1/2023,7:15,392
6/1/2023,7:30,408
6/1/2023,7:45,416
6/1/2023,8:00,416
6/1/2023,8:15,416
6/1/2023,8:30,424
6/1/2023,8:45,448
6/1/2023,9:00,456
6/1/2023,9:15,464
6/1/2023,9:30,456
6/1/2023,9:45,496
6/1/2023,10:00,504
6/1/2023,10:15,520
6/1/2023,10:30,504
6/1/2023,10:45,496
6/1/2023,11:00,496
6/1/2023,11:15,512
6/1/2023,11:30,512
6/1/2023,11:45,536
6/1/2023,12:00,536
6/1/2023,12:15,536
6/1/2023,12:30,576
6/1/2023,12:45,560
6/1/2023,13:00,544
6/1/2023,13:15,576
6/1/2023,13:30,592
6/1/2023,13:45,664
6/1/2023,14:00,640
6/1/2023,14:15,656
6/1/2023,14:30,632
6/1/2023,14:45,696
6/1/2023,15:00,680
6/1/2023,15:15,704
6/1/2023,15:30,688
6/1/2023,15:45,704
6/1/2023,16:00,664
6/1/2023,16:15,696
6/1/2023,16:30,696
6/1/2023,16:45,656
6/1/2023,17:00,664
6/1/2023,17:15,664
6/1/2023,17:30,608
6/1/2023,17:45,616
6/1/2023,18:00,560
6/1/2023,18:15,568
6/1/2023,18:30,536
6/1/2023,18:45,520
6/1/2023,19:00,512
6/1/2023,19:15,480
6/1/2023,19:30,488
6/1/2023,19:45,464
6/1/2023,20:00,440
6/1/2023,20:15,424
6/1/2023,20:30,400
6/1/2023,20:45,408
6/1/2023,21:00,392
6/1/2023,21:15,376
6/1/2023,21:30,360
6/1/2023,21:45,376
6/1/2023,22:00,360
6/1/2023,22:15,368
6/1/2023,22:30,368
6/1/2023,22:45,352
6/1/2023,23:00,360
6/1/2023,23:15,360
6/1/2023,23:30,352
6/1/2023,23:45,352
6/2/2023,0:00,360
6/2/2023,0:15,360
6/2/2023,0:30,360
6/2/2023,0:45,360
6/2/2023,1:00,360
6/2/2023,1:15,368
6/2/2023,1:30,344
6/2/2023,1:45,352
6/2/2023,2:00,352
6/2/2023,2:15,360
6/2/2023,2:30,352
6/2/2023,2:45,360
6/2/2023,3:00,344
6/2/2023,3:15,360
6/2/2023,3:30,360
6/2/2023,3:45,352
6/2/2023,4:00,344
6/2/2023,4:15,360
6/2/2023,4:30,360
6/2/2023,4:45,360
6/2/2023,5:00,344
6/2/2023,5:15,336
6/2/2023,5:30,360
6/2/2023,5:45,368
6/2/2023,6:00,384
6/2/2023,6:15,392
6/2/2023,6:30,392
6/2/2023,6:45,392
6/2/2023,7:00,408
6/2/2023,7:15,400
6/2/2023,7:30,424
6/2/2023,7:45,440
6/2/2023,8:00,448
6/2/2023,8:15,456
6/2/2023,8:30,456
6/2/2023,8:45,472
6/2/2023,9:00,480
6/2/2023,9:15,488
6/2/2023,9:30,504
6/2/2023,9:45,512
6/2/2023,10:00,520
6/2/2023,10:15,504
6/2/2023,10:30,544
6/2/2023,10:45,552
6/2/2023,11:00,560
6/2/2023,11:15,624
6/2/2023,11:30,600
6/2/2023,11:45,608
6/2/2023,12:00,648
6/2/2023,12:15,624
6/2/2023,12:30,680
6/2/2023,12:45,672
6/2/2023,13:00,648
6/2/2023,13:15,688
6/2/2023,13:30,680
6/2/2023,13:45,696
6/2/2023,14:00,720
6/2/2023,14:15,720
6/2/2023,14:30,728
6/2/2023,14:45,736
6/2/2023,15:00,736
6/2/2023,15:15,744
6/2/2023,15:30,736
6/2/2023,15:45,712
6/2/2023,16:00,736
6/2/2023,16:15,720
6/2/2023,16:30,704
6/2/2023,16:45,720
6/2/2023,17:00,704
6/2/2023,17:15,696
6/2/2023,17:30,664
6/2/2023,17:45,640
6/2/2023,18:00,648
6/2/2023,18:15,632
6/2/2023,18:30,584
6/2/2023,18:45,608
6/2/2023,19:00,552
6/2/2023,19:15,552
6/2/2023,19:30,512
6/2/2023,19:45,496
6/2/2023,20:00,472
6/2/2023,20:15,440
6/2/2023,20:30,440
6/2/2023,20:45,440
6/2/2023,21:00,432
6/2/2023,21:15,408
6/2/2023,21:30,400
6/2/2023,21:45,392
6/2/2023,22:00,376
6/2/2023,22:15,360
6/2/2023,22:30,376
6/2/2023,22:45,368
6/2/2023,23:00,368
6/2/2023,23:15,352
6/2/2023,23:30,368
6/2/2023,23:45,368
6/3/2023,0:00,360
6/3/2023,0:15,376
6/3/2023,0:30,368
6/3/2023,0:45,360
6/3/2023,1:00,368
6/3/2023,1:15,344
6/3/2023,1:30,352
6/3/2023,1:45,344
6/3/2023,2:00,360
6/3/2023,2:15,344
6/3/2023,2:30,360
6/3/2023,2:45,352
6/3/2023,3:00,368
6/3/2023,3:15,368
6/3/2023,3:30,360
6/3/2023,3:45,360
6/3/2023,4:00,360
6/3/2023,4:15,360
6/3/2023,4:30,352
6/3/2023,4:45,360
6/3/2023,5:00,352
6/3/2023,5:15,368
6/3/2023,5:30,344
6/3/2023,5:45,344
6/3/2023,6:00,344
6/3/2023,6:15,360
6/3/2023,6:30,344
6/3/2023,6:45,344
6/3/2023,7:00,336
6/3/2023,7:15,352
6/3/2023,7:30,344
6/3/2023,7:45,360
6/3/2023,8:00,336
6/3/2023,8:15,360
6/3/2023,8:30,352
6/3/2023,8:45,368
6/3/2023,9:00,368
6/3/2023,9:15,384
6/3/2023,9:30,400
6/3/2023,9:45,392
6/3/2023,10:00,424
6/3/2023,10:15,480
6/3/2023,10:30,480
6/3/2023,10:45,504
6/3/2023,11:00,520
6/3/2023,11:15,560
6/3/2023,11:30,560
6/3/2023,11:45,568
6/3/2023,12:00,584
6/3/2023,12:15,616
6/3/2023,12:30,616
6/3/2023,12:45,616
6/3/2023,13:00,632
6/3/2023,13:15,656
6/3/2023,13:30,672
6/3/2023,13:45,688
6/3/2023,14:00,688
6/3/2023,14:15,680
6/3/2023,14:30,704
6/3/2023,14:45,720
6/3/2023,15:00,728
6/3/2023,15:15,728
6/3/2023,15:30,696
6/3/2023,15:45,712
6/3/2023,16:00,712
6/3/2023,16:15,688
6/3/2023,16:30,696
6/3/2023,16:45,712
6/3/2023,17:00,704
6/3/2023,17:15,688
6/3/2023,17:30,688
6/3/2023,17:45,712
6/3/2023,18:00,656
6/3/2023,18:15,664
6/3/2023,18:30,656
6/3/2023,18:45,640
6/3/2023,19:00,632
6/3/2023,19:15,592
6/3/2023,19:30,616
6/3/2023,19:45,552
6/3/2023,20:00,560
6/3/2023,20:15,544
6/3/2023,20:30,528
6/3/2023,20:45,504
6/3/2023,21:00,488
6/3/2023,21:15,480
6/3/2023,21:30,480
6/3/2023,21:45,456
6/3/2023,22:00,440
6/3/2023,22:15,408
6/3/2023,22:30,376
6/3/2023,22:45,392
6/3/2023,23:00,392
6/3/2023,23:15,376
6/3/2023,23:30,360
6/3/2023,23:45,360
6/4/2023,0:00,368
6/4/2023,0:15,376
6/4/2023,0:30,360
6/4/2023,0:45,360
6/4/2023,1:00,376
6/4/2023,1:15,360
6/4/2023,1:30,376
6/4/2023,1:45,352
6/4/2023,2:00,360
6/4/2023,2:15,360
6/4/2023,2:30,344
6/4/2023,2:45,344
6/4/2023,3:00,352
6/4/2023,3:15,360
6/4/2023,3:30,360
6/4/2023,3:45,344
6/4/2023,4:00,352
6/4/2023,4:15,360
6/4/2023,4:30,360
6/4/2023,4:45,344
6/4/2023,5:00,352
6/4/2023,5:15,344
6/4/2023,5:30,360
6/4/2023,5:45,352
6/4/2023,6:00,352
6/4/2023,6:15,352
6/4/2023,6:30,352
6/4/2023,6:45,344
6/4/2023,7:00,336
6/4/2023,7:15,328
6/4/2023,7:30,344
6/4/2023,7:45,328
6/4/2023,8:00,344
6/4/2023,8:15,344
6/4/2023,8:30,360
6/4/2023,8:45,384
6/4/2023,9:00,376
6/4/2023,9:15,384
6/4/2023,9:30,384
6/4/2023,9:45,424
6/4/2023,10:00,464
6/4/2023,10:15,488
6/4/2023,10:30,480
6/4/2023,10:45,536
6/4/2023,11:00,560
6/4/2023,11:15,544
6/4/2023,11:30,568
6/4/2023,11:45,568
6/4/2023,12:00,600
6/4/2023,12:15,616
6/4/2023,12:30,608
6/4/2023,12:45,656
6/4/2023,13:00,648
6/4/2023,13:15,688
6/4/2023,13:30,696
6/4/2023,13:45,728
6/4/2023,14:00,712
6/4/2023,14:15,720
6/4/2023,14:30,744
6/4/2023,14:45,720
6/4/2023,15:00,728
6/4/2023,15:15,744
6/4/2023,15:30,720
6/4/2023,15:45,728
6/4/2023,16:00,736
6/4/2023,16:15,728
6/4/2023,16:30,736
6/4/2023,16:45,704
6/4/2023,17:00,720
6/4/2023,17:15,704
6/4/2023,17:30,680
6/4/2023,17:45,704
6/4/2023,18:00,688
6/4/2023,18:15,656
6/4/2023,18:30,696
6/4/2023,18:45,672
6/4/2023,19:00,608
6/4/2023,19:15,560
6/4/2023,19:30,504
6/4/2023,19:45,488
6/4/2023,20:00,464
6/4/2023,20:15,432
6/4/2023,20:30,440
6/4/2023,20:45,400
6/4/2023,21:00,392
6/4/2023,21:15,360
6/4/2023,21:30,368
6/4/2023,21:45,352
6/4/2023,22:00,384
6/4/2023,22:15,360
6/4/2023,22:30,368
6/4/2023,22:45,368
6/4/2023,23:00,368
6/4/2023,23:15,376
6/4/2023,23:30,360
6/4/2023,23:45,352
6/5/2023,0:00,376
6/5/2023,0:15,344
6/5/2023,0:30,360
6/5/2023,0:45,344
6/5/2023,1:00,344
6/5/2023,1:15,368
6/5/2023,1:30,352
6/5/2023,1:45,360
6/5/2023,2:00,360
6/5/2023,2:15,360
6/5/2023,2:30,376
6/5/2023,2:45,352
6/5/2023,3:00,352
6/5/2023,3:15,352
6/5/2023,3:30,360
6/5/2023,3:45,344
6/5/2023,4:00,360
6/5/2023,4:15,344
6/5/2023,4:30,360
6/5/2023,4:45,360
6/5/2023,5:00,352
6/5/2023,5:15,352
6/5/2023,5:30,352
6/5/2023,5:45,376
6/5/2023,6:00,376
6/5/2023,6:15,384
6/5/2023,6:30,400
6/5/2023,6:45,376
6/5/2023,7:00,400
6/5/2023,7:15,416
6/5/2023,7:30,408
6/5/2023,7:45,440
6/5/2023,8:00,456
6/5/2023,8:15,448
6/5/2023,8:30,456
6/5/2023,8:45,504
6/5/2023,9:00,504
6/5/2023,9:15,504
6/5/2023,9:30,512
6/5/2023,9:45,520
6/5/2023,10:00,552
6/5/2023,10:15,600
6/5/2023,10:30,568
6/5/2023,10:45,576
6/5/2023,11:00,608
6/5/2023,11:15,560
6/5/2023,11:30,592
6/5/2023,11:45,592
6/5/2023,12:00,584
6/5/2023,12:15,608
6/5/2023,12:30,616
6/5/2023,12:45,632
6/5/2023,13:00,640
6/5/2023,13:15,664
6/5/2023,13:30,696
6/5/2023,13:45,720
6/5/2023,14:00,712
6/5/2023,14:15,712
6/5/2023,14:30,688
6/5/2023,14:45,704
6/5/2023,15:00,704
6/5/2023,15:15,736
6/5/2023,15:30,712
6/5/2023,15:45,712
6/5/2023,16:00,680
6/5/2023,16:15,680
6/5/2023,16:30,616
6/5/2023,16:45,624
6/5/2023,17:00,592
6/5/2023,17:15,640
6/5/2023,17:30,576
6/5/2023,17:45,592
6/5/2023,18:00,544
6/5/2023,18:15,496
6/5/2023,18:30,528
6/5/2023,18:45,496
6/5/2023,19:00,480
6/5/2023,19:15,488
6/5/2023,19:30,464
6/5/2023,19:45,464
6/5/2023,20:00,456
6/5/2023,20:15,456
6/5/2023,20:30,448
6/5/2023,20:45,440
6/5/2023,21:00,424
6/5/2023,21:15,424
6/5/2023,21:30,400
6/5/2023,21:45,400
6/5/2023,22:00,408
6/5/2023,22:15,392
6/5/2023,22:30,392
6/5/2023,22:45,392
6/5/2023,23:00,368
6/5/2023,23:15,384
6/5/2023,23:30,368
6/5/2023,23:45,384
6/6/2023,0:00,376
6/6/2023,0:15,384
6/6/2023,0:30,368
6/6/2023,0:45,368
6/6/2023,1:00,368
6/6/2023,1:15,360
6/6/2023,1:30,368
6/6/2023,1:45,360
6/6/2023,2:00,376
6/6/2023,2:15,360
6/6/2023,2:30,376
6/6/2023,2:45,352
6/6/2023,3:00,376
6/6/2023,3:15,368
6/6/2023,3:30,376
6/6/2023,3:45,368
6/6/2023,4:00,368
6/6/2023,4:15,352
6/6/2023,4:30,368
6/6/2023,4:45,360
6/6/2023,5:00,352
6/6/2023,5:15,360
6/6/2023,5:30,368
6/6/2023,5:45,384
6/6/2023,6:00,408
6/6/2023,6:15,400
6/6/2023,6:30,416
6/6/2023,6:45,416
6/6/2023,7:00,424
6/6/2023,7:15,432
6/6/2023,7:30,440
6/6/2023,7:45,456
6/6/2023,8:00,480
6/6/2023,8:15,480
6/6/2023,8:30,496
6/6/2023,8:45,504
6/6/2023,9:00,528
6/6/2023,9:15,520
6/6/2023,9:30,504
6/6/2023,9:45,480
6/6/2023,10:00,480
6/6/2023,10:15,496
6/6/2023,10:30,504
6/6/2023,10:45,496
6/6/2023,11:00,528
6/6/2023,11:15,528
6/6/2023,11:30,568
6/6/2023,11:45,576
6/6/2023,12:00,576
6/6/2023,12:15,576
6/6/2023,12:30,624
6/6/2023,12:45,584
6/6/2023,13:00,600
6/6/2023,13:15,600
6/6/2023,13:30,624
6/6/2023,13:45,624
6/6/2023,14:00,608
6/6/2023,14:15,632
6/6/2023,14:30,632
6/6/2023,14:45,624
6/6/2023,15:00,632
6/6/2023,15:15,632
6/6/2023,15:30,648
6/6/2023,15:45,648
6/6/2023,16:00,648
6/6/2023,16:15,664
6/6/2023,16:30,640
6/6/2023,16:45,632
6/6/2023,17:00,616
6/6/2023,17:15,616
6/6/2023,17:30,592
6/6/2023,17:45,592
6/6/2023,18:00,584
6/6/2023,18:15,576
6/6/2023,18:30,544
6/6/2023,18:45,496
6/6/2023,19:00,512
6/6/2023,19:15,472
6/6/2023,19:30,480
6/6/2023,19:45,472
6/6/2023,20:00,424
6/6/2023,20:15,448
6/6/2023,20:30,456
6/6/2023,20:45,440
6/6/2023,21:00,432
6/6/2023,21:15,416
6/6/2023,21:30,424
6/6/2023,21:45,440
6/6/2023,22:00,416
6/6/2023,22:15,400
6/6/2023,22:30,408
6/6/2023,22:45,400
6/6/2023,23:00,408
6/6/2023,23:15,408
6/6/2023,23:30,400
6/6/2023,23:45,368
6/7/2023,0:00,400
6/7/2023,0:15,376
6/7/2023,0:30,392
6/7/2023,0:45,400
6/7/2023,1:00,400
6/7/2023,1:15,408
6/7/2023,1:30,408
6/7/2023,1:45,400
6/7/2023,2:00,416
6/7/2023,2:15,408
6/7/2023,2:30,408
6/7/2023,2:45,384
6/7/2023,3:00,392
6/7/2023,3:15,376
6/7/2023,3:30,384
6/7/2023,3:45,376
6/7/2023,4:00,368
6/7/2023,4:15,392
6/7/2023,4:30,384
6/7/2023,4:45,384
6/7/2023,5:00,368
6/7/2023,5:15,368
6/7/2023,5:30,368
6/7/2023,5:45,384
6/7/2023,6:00,392
6/7/2023,6:15,400
6/7/2023,6:30,424
6/7/2023,6:45,424
6/7/2023,7:00,440
6/7/2023,7:15,464
6/7/2023,7:30,472
6/7/2023,7:45,488
6/7/2023,8:00,504
6/7/2023,8:15,504
6/7/2023,8:30,528
6/7/2023,8:45,536
6/7/2023,9:00,552
6/7/2023,9:15,544
6/7/2023,9:30,552
6/7/2023,9:45,576
6/7/2023,10:00,584
6/7/2023,10:15,616
6/7/2023,10:30,616
6/7/2023,10:45,616
6/7/2023,11:00,624
6/7/2023,11:15,624
6/7/2023,11:30,632
6/7/2023,11:45,608
6/7/2023,12:00,640
6/7/2023,12:15,624
6/7/2023,12:30,624
6/7/2023,12:45,632
6/7/2023,13:00,600
6/7/2023,13:15,608
6/7/2023,13:30,640
6/7/2023,13:45,640
6/7/2023,14:00,648
6/7/2023,14:15,656
6/7/2023,14:30,704
6/7/2023,14:45,712
6/7/2023,15:00,704
6/7/2023,15:15,720
6/7/2023,15:30,704
6/7/2023,15:45,720
6/7/2023,16:00,688
6/7/2023,16:15,688
6/7/2023,16:30,680
6/7/2023,16:45,640
6/7/2023,17:00,656
6/7/2023,17:15,640
6/7/2023,17:30,624
6/7/2023,17:45,624
6/7/2023,18:00,560
6/7/2023,18:15,560
6/7/2023,18:30,552
6/7/2023,18:45,544
6/7/2023,19:00,496
6/7/2023,19:15,512
6/7/2023,19:30,488
6/7/2023,19:45,480
6/7/2023,20:00,480
6/7/2023,20:15,448
6/7/2023,20:30,448
6/7/2023,20:45,448
6/7/2023,21:00,432
6/7/2023,21:15,432
6/7/2023,21:30,408
6/7/2023,21:45,416
6/7/2023,22:00,432
6/7/2023,22:15,440
6/7/2023,22:30,424
6/7/2023,22:45,408
6/7/2023,23:00,424
6/7/2023,23:15,408
6/7/2023,23:30,424
6/7/2023,23:45,416
6/8/2023,0:00,400
6/8/2023,0:15,424
6/8/2023,0:30,424
6/8/2023,0:45,400
6/8/2023,1:00,408
6/8/2023,1:15,400
6/8/2023,1:30,384
6/8/2023,1:45,384
6/8/2023,2:00,384
6/8/2023,2:15,376
6/8/2023,2:30,376
6/8/2023,2:45,376
6/8/2023,3:00,368
6/8/2023,3:15,376
6/8/2023,3:30,368
6/8/2023,3:45,376
6/8/2023,4:00,360
6/8/2023,4:15,360
6/8/2023,4:30,368
6/8/2023,4:45,352
6/8/2023,5:00,368
6/8/2023,5:15,352
6/8/2023,5:30,368
6/8/2023,5:45,376
6/8/2023,6:00,400
6/8/2023,6:15,392
6/8/2023,6:30,400
6/8/2023,6:45,408
6/8/2023,7:00,456
6/8/2023,7:15,464
6/8/2023,7:30,496
6/8/2023,7:45,480
6/8/2023,8:00,512
6/8/2023,8:15,512
6/8/2023,8:30,536
6/8/2023,8:45,552
6/8/2023,9:00,552
6/8/2023,9:15,576
6/8/2023,9:30,616
6/8/2023,9:45,624
6/8/2023,10:00,608
6/8/2023,10:15,640
6/8/2023,10:30,688
6/8/2023,10:45,672
6/8/2023,11:00,664
6/8/2023,11:15,696
6/8/2023,11:30,656
6/8/2023,11:45,704
6/8/2023,12:00,696
6/8/2023,12:15,680
6/8/2023,12:30,680
6/8/2023,12:45,696
6/8/2023,13:00,688
6/8/2023,13:15,720
6/8/2023,13:30,736
6/8/2023,13:45,736
6/8/2023,14:00,712
6/8/2023,14:15,712
6/8/2023,14:30,752
6/8/2023,14:45,720
6/8/2023,15:00,744
6/8/2023,15:15,736
6/8/2023,15:30,712
6/8/2023,15:45,712
6/8/2023,16:00,720
6/8/2023,16:15,696
6/8/2023,16:30,720
6/8/2023,16:45,696
6/8/2023,17:00,696
6/8/2023,17:15,656
6/8/2023,17:30,680
6/8/2023,17:45,648
6/8/2023,18:00,632
6/8/2023,18:15,608
6/8/2023,18:30,616
6/8/2023,18:45,544
6/8/2023,19:00,560
6/8/2023,19:15,536
6/8/2023,19:30,504
6/8/2023,19:45,464
6/8/2023,20:00,456
6/8/2023,20:15,448
6/8/2023,20:30,416
6/8/2023,20:45,424
6/8/2023,21:00,392
6/8/2023,21:15,384
6/8/2023,21:30,384
6/8/2023,21:45,392
6/8/2023,22:00,400
6/8/2023,22:15,400
6/8/2023,22:30,400
6/8/2023,22:45,392
6/8/2023,23:00,384
6/8/2023,23:15,368
6/8/2023,23:30,384
6/8/2023,23:45,376
6/9/2023,0:00,392
6/9/2023,0:15,384
6/9/2023,0:30,376
6/9/2023,0:45,376
6/9/2023,1:00,384
6/9/2023,1:15,384
6/9/2023,1:30,368
6/9/2023,1:45,384
6/9/2023,2:00,368
6/9/2023,2:15,392
6/9/2023,2:30,376
6/9/2023,2:45,368
6/9/2023,3:00,376
6/9/2023,3:15,384
6/9/2023,3:30,368
6/9/2023,3:45,376
6/9/2023,4:00,392
6/9/2023,4:15,384
6/9/2023,4:30,384
6/9/2023,4:45,360
6/9/2023,5:00,376
6/9/2023,5:15,368
6/9/2023,5:30,392
6/9/2023,5:45,400
6/9/2023,6:00,408
6/9/2023,6:15,400
6/9/2023,6:30,432
6/9/2023,6:45,416
6/9/2023,7:00,464
6/9/2023,7:15,456
6/9/2023,7:30,480
6/9/2023,7:45,480
6/9/2023,8:00,496
6/9/2023,8:15,480
6/9/2023,8:30,472
6/9/2023,8:45,496
6/9/2023,9:00,496
6/9/2023,9:15,504
6/9/2023,9:30,488
6/9/2023,9:45,520
6/9/2023,10:00,536
6/9/2023,10:15,568
6/9/2023,10:30,584
6/9/2023,10:45,608
6/9/2023,11:00,640
6/9/2023,11:15,640
6/9/2023,11:30,656
6/9/2023,11:45,672
6/9/2023,12:00,632
6/9/2023,12:15,680
6/9/2023,12:30,648
6/9/2023,12:45,672
6/9/2023,13:00,680
6/9/2023,13:15,704
6/9/2023,13:30,704
6/9/2023,13:45,696
6/9/2023,14:00,720
6/9/2023,14:15,704
6/9/2023,14:30,712
6/9/2023,14:45,704
6/9/2023,15:00,696
6/9/2023,15:15,696
6/9/2023,15:30,680
6/9/2023,15:45,672
6/9/2023,16:00,688
6/9/2023,16:15,680
6/9/2023,16:30,672
6/9/2023,16:45,624
6/9/2023,17:00,624
6/9/2023,17:15,608
6/9/2023,17:30,600
6/9/2023,17:45,568
6/9/2023,18:00,576
6/9/2023,18:15,552
6/9/2023,18:30,576
6/9/2023,18:45,544
6/9/2023,19:00,520
6/9/2023,19:15,520
6/9/2023,19:30,496
6/9/2023,19:45,480
6/9/2023,20:00,448
6/9/2023,20:15,440
6/9/2023,20:30,432
6/9/2023,20:45,432
6/9/2023,21:00,416
6/9/2023,21:15,416
6/9/2023,21:30,400
6/9/2023,21:45,400
6/9/2023,22:00,392
6/9/2023,22:15,408
6/9/2023,22:30,400
6/9/2023,22:45,392
6/9/2023,23:00,408
6/9/2023,23:15,416
6/9/2023,23:30,392
6/9/2023,23:45,408
6/10/2023,0:00,392
6/10/2023,0:15,400
6/10/2023,0:30,408
6/10/2023,0:45,416
6/10/2023,1:00,392
6/10/2023,1:15,400
6/10/2023,1:30,384
6/10/2023,1:45,384
6/10/2023,2:00,384
6/10/2023,2:15,392
6/10/2023,2:30,384
6/10/2023,2:45,400
6/10/2023,3:00,376
6/10/2023,3:15,408
6/10/2023,3:30,400
6/10/2023,3:45,408
6/10/2023,4:00,392
6/10/2023,4:15,392
6/10/2023,4:30,400
6/10/2023,4:45,400
6/10/2023,5:00,368
6/10/2023,5:15,392
6/10/2023,5:30,384
6/10/2023,5:45,384
6/10/2023,6:00,384
6/10/2023,6:15,368
6/10/2023,6:30,376
6/10/2023,6:45,376
6/10/2023,7:00,392
6/10/2023,7:15,400
6/10/2023,7:30,392
6/10/2023,7:45,416
6/10/2023,8:00,424
6/10/2023,8:15,392
6/10/2023,8:30,400
6/10/2023,8:45,384
6/10/2023,9:00,400
6/10/2023,9:15,408
6/10/2023,9:30,408
6/10/2023,9:45,416
6/10/2023,10:00,416
6/10/2023,10:15,416
6/10/2023,10:30,424
6/10/2023,10:45,440
6/10/2023,11:00,440
6/10/2023,11:15,456
6/10/2023,11:30,480
6/10/2023,11:45,512
6/10/2023,12:00,504
6/10/2023,12:15,536
6/10/2023,12:30,504
6/10/2023,12:45,520
6/10/2023,13:00,528
6/10/2023,13:15,536
6/10/2023,13:30,512
6/10/2023,13:45,544
6/10/2023,14:00,576
6/10/2023,14:15,568
6/10/2023,14:30,544
6/10/2023,14:45,528
6/10/2023,15:00,552
6/10/2023,15:15,536
6/10/2023,15:30,528
6/10/2023,15:45,552
6/10/2023,16:00,552
6/10/2023,16:15,560
6/10/2023,16:30,528
6/10/2023,16:45,512
6/10/2023,17:00,512
6/10/2023,17:15,536
6/10/2023,17:30,552
6/10/2023,17:45,520
6/10/2023,18:00,592
6/10/2023,18:15,544
6/10/2023,18:30,560
6/10/2023,18:45,536
6/10/2023,19:00,504
6/10/2023,19:15,488
6/10/2023,19:30,456
6/10/2023,19:45,424
6/10/2023,20:00,400
6/10/2023,20:15,392
6/10/2023,20:30,392
6/10/2023,20:45,384
6/10/2023,21:00,408
6/10/2023,21:15,392
6/10/2023,21:30,392
6/10/2023,21:45,376
6/10/2023,22:00,400
6/10/2023,22:15,376
6/10/2023,22:30,384
6/10/2023,22:45,376
6/10/2023,23:00,392
6/10/2023,23:15,392
6/10/2023,23:30,384
6/10/2023,23:45,376
6/11/2023,0:00,368
6/11/2023,0:15,384
6/11/2023,0:30,360
6/11/2023,0:45,360
6/11/2023,1:00,352
6/11/2023,1:15,376
6/11/2023,1:30,360
6/11/2023,1:45,360
6/11/2023,2:00,360
6/11/2023,2:15,360
6/11/2023,2:30,360
6/11/2023,2:45,352
6/11/2023,3:00,368
6/11/2023,3:15,360
6/11/2023,3:30,360
6/11/2023,3:45,360
6/11/2023,4:00,352
6/11/2023,4:15,360
6/11/2023,4:30,368
6/11/2023,4:45,368
6/11/2023,5:00,352
6/11/2023,5:15,360
6/11/2023,5:30,368
6/11/2023,5:45,352
6/11/2023,6:00,360
6/11/2023,6:15,352
6/11/2023,6:30,352
6/11/2023,6:45,352
6/11/2023,7:00,360
6/11/2023,7:15,360
6/11/2023,7:30,344
6/11/2023,7:45,352
6/11/2023,8:00,344
6/11/2023,8:15,352
6/11/2023,8:30,352
6/11/2023,8:45,336
6/11/2023,9:00,368
6/11/2023,9:15,392
6/11/2023,9:30,408
6/11/2023,9:45,392
6/11/2023,10:00,416
6/11/2023,10:15,448
6/11/2023,10:30,424
6/11/2023,10:45,456
6/11/2023,11:00,448
6/11/2023,11:15,464
6/11/2023,11:30,480
6/11/2023,11:45,488
6/11/2023,12:00,520
6/11/2023,12:15,504
6/11/2023,12:30,536
6/11/2023,12:45,528
6/11/2023,13:00,528
6/11/2023,13:15,552
6/11/2023,13:30,536
6/11/2023,13:45,560
6/11/2023,14:00,568
6/11/2023,14:15,560
6/11/2023,14:30,560
6/11/2023,14:45,576
6/11/2023,15:00,576
6/11/2023,15:15,576
6/11/2023,15:30,600
6/11/2023,15:45,584
6/11/2023,16:00,576
6/11/2023,16:15,544
6/11/2023,16:30,552
6/11/2023,16:45,544
6/11/2023,17:00,512
6/11/2023,17:15,528
6/11/2023,17:30,520
6/11/2023,17:45,488
6/11/2023,18:00,504
6/11/2023,18:15,520
6/11/2023,18:30,512
6/11/2023,18:45,480
6/11/2023,19:00,496
6/11/2023,19:15,464
6/11/2023,19:30,448
6/11/2023,19:45,440
6/11/2023,20:00,416
6/11/2023,20:15,416
6/11/2023,20:30,408
6/11/2023,20:45,384
6/11/2023,21:00,400
6/11/2023,21:15,392
6/11/2023,21:30,384
6/11/2023,21:45,400
6/11/2023,22:00,392
6/11/2023,22:15,392
6/11/2023,22:30,392
6/11/2023,22:45,392
6/11/2023,23:00,384
6/11/2023,23:15,392
6/11/2023,23:30,376
6/11/2023,23:45,384
6/12/2023,0:00,392
6/12/2023,0:15,392
6/12/2023,0:30,360
6/12/2023,0:45,376
6/12/2023,1:00,376
6/12/2023,1:15,376
6/12/2023,1:30,360
6/12/2023,1:45,368
6/12/2023,2:00,368
6/12/2023,2:15,376
6/12/2023,2:30,368
6/12/2023,2:45,376
6/12/2023,3:00,368
6/12/2023,3:15,368
6/12/2023,3:30,376
6/12/2023,3:45,368
6/12/2023,4:00,360
6/12/2023,4:15,368
6/12/2023,4:30,376
6/12/2023,4:45,352
6/12/2023,5:00,360
6/12/2023,5:15,376
6/12/2023,5:30,368
6/12/2023,5:45,376
6/12/2023,6:00,392
6/12/2023,6:15,400
6/12/2023,6:30,408
6/12/2023,6:45,424
6/12/2023,7:00,424
6/12/2023,7:15,424
6/12/2023,7:30,440
6/12/2023,7:45,464
6/12/2023,8:00,472
6/12/2023,8:15,496
6/12/2023,8:30,504
6/12/2023,8:45,536
6/12/2023,9:00,536
6/12/2023,9:15,552
6/12/2023,9:30,560
6/12/2023,9:45,568
6/12/2023,10:00,568
6/12/2023,10:15,576
6/12/2023,10:30,648
6/12/2023,10:45,624
6/12/2023,11:00,648
6/12/2023,11:15,656
6/12/2023,11:30,648
6/12/2023,11:45,672
6/12/2023,12:00,656
6/12/2023,12:15,672
6/12/2023,12:30,664
6/12/2023,12:45,680
6/12/2023,13:00,656
6/12/2023,13:15,672
6/12/2023,13:30,688
6/12/2023,13:45,736
6/12/2023,14:00,712
6/12/2023,14:15,728
6/12/2023,14:30,704
6/12/2023,14:45,728
6/12/2023,15:00,728
6/12/2023,15:15,728
6/12/2023,15:30,728
6/12/2023,15:45,728
6/12/2023,16:00,712
6/12/2023,16:15,720
6/12/2023,16:30,744
6/12/2023,16:45,704
6/12/2023,17:00,704
6/12/2023,17:15,688
6/12/2023,17:30,680
6/12/2023,17:45,624
6/12/2023,18:00,608
6/12/2023,18:15,568
6/12/2023,18:30,544
6/12/2023,18:45,544
6/12/2023,19:00,536
6/12/2023,19:15,536
6/12/2023,19:30,536
6/12/2023,19:45,504
6/12/2023,20:00,536
6/12/2023,20:15,480
6/12/2023,20:30,432
6/12/2023,20:45,448
6/12/2023,21:00,440
6/12/2023,21:15,440
6/12/2023,21:30,448
6/12/2023,21:45,424
6/12/2023,22:00,424
6/12/2023,22:15,432
6/12/2023,22:30,392
6/12/2023,22:45,408
6/12/2023,23:00,400
6/12/2023,23:15,400
6/12/2023,23:30,416
6/12/2023,23:45,392
6/13/2023,0:00,400
6/13/2023,0:15,392
6/13/2023,0:30,400
6/13/2023,0:45,392
6/13/2023,1:00,400
6/13/2023,1:15,376
6/13/2023,1:30,400
6/13/2023,1:45,384
6/13/2023,2:00,376
6/13/2023,2:15,376
6/13/2023,2:30,400
6/13/2023,2:45,384
6/13/2023,3:00,392
6/13/2023,3:15,368
6/13/2023,3:30,384
6/13/2023,3:45,368
6/13/2023,4:00,376
6/13/2023,4:15,368
6/13/2023,4:30,360
6/13/2023,4:45,384
6/13/2023,5:00,376
6/13/2023,5:15,376
6/13/2023,5:30,368
6/13/2023,5:45,400
6/13/2023,6:00,400
6/13/2023,6:15,400
6/13/2023,6:30,416
6/13/2023,6:45,416
6/13/2023,7:00,424
6/13/2023,7:15,448
6/13/2023,7:30,456
6/13/2023,7:45,480
6/13/2023,8:00,496
6/13/2023,8:15,512
6/13/2023,8:30,504
6/13/2023,8:45,520
6/13/2023,9:00,536
6/13/2023,9:15,552
6/13/2023,9:30,576
6/13/2023,9:45,592
6/13/2023,10:00,640
6/13/2023,10:15,656
6/13/2023,10:30,648
6/13/2023,10:45,656
6/13/2023,11:00,648
6/13/2023,11:15,672
6/13/2023,11:30,664
6/13/2023,11:45,672
6/13/2023,12:00,712
6/13/2023,12:15,680
6/13/2023,12:30,712
6/13/2023,12:45,728
6/13/2023,13:00,704
6/13/2023,13:15,728
6/13/2023,13:30,704
6/13/2023,13:45,728
6/13/2023,14:00,744
6/13/2023,14:15,752
6/13/2023,14:30,744
6/13/2023,14:45,704
6/13/2023,15:00,752
6/13/2023,15:15,728
6/13/2023,15:30,720
6/13/2023,15:45,728
6/13/2023,16:00,728
6/13/2023,16:15,696
6/13/2023,16:30,704
6/13/2023,16:45,704
6/13/2023,17:00,704
6/13/2023,17:15,648
6/13/2023,17:30,664
6/13/2023,17:45,664
6/13/2023,18:00,648
6/13/2023,18:15,624
6/13/2023,18:30,624
6/13/2023,18:45,616
6/13/2023,19:00,576
6/13/2023,19:15,552
6/13/2023,19:30,552
6/13/2023,19:45,536
6/13/2023,20:00,544
6/13/2023,20:15,488
6/13/2023,20:30,480
6/13/2023,20:45,456
6/13/2023,21:00,432
6/13/2023,21:15,416
6/13/2023,21:30,416
6/13/2023,21:45,432
6/13/2023,22:00,408
6/13/2023,22:15,408
6/13/2023,22:30,416
6/13/2023,22:45,424
6/13/2023,23:00,400
6/13/2023,23:15,416
6/13/2023,23:30,400
6/13/2023,23:45,408
6/14/2023,0:00,424
6/14/2023,0:15,400
6/14/2023,0:30,400
6/14/2023,0:45,408
6/14/2023,1:00,408
6/14/2023,1:15,400
6/14/2023,1:30,384
6/14/2023,1:45,392
6/14/2023,2:00,384
6/14/2023,2:15,400
6/14/2023,2:30,384
6/14/2023,2:45,392
6/14/2023,3:00,392
6/14/2023,3:15,408
6/14/2023,3:30,392
6/14/2023,3:45,392
6/14/2023,4:00,392
6/14/2023,4:15,408
6/14/2023,4:30,384
6/14/2023,4:45,392
6/14/2023,5:00,392
6/14/2023,5:15,400
6/14/2023,5:30,408
6/14/2023,5:45,416
6/14/2023,6:00,432
6/14/2023,6:15,432
6/14/2023,6:30,440
6/14/2023,6:45,448
6/14/2023,7:00,456
6/14/2023,7:15,472
6/14/2023,7:30,496
6/14/2023,7:45,496
6/14/2023,8:00,504
6/14/2023,8:15,512
6/14/2023,8:30,520
6/14/2023,8:45,544
6/14/2023,9:00,552
6/14/2023,9:15,608
6/14/2023,9:30,584
6/14/2023,9:45,640
6/14/2023,10:00,664
6/14/2023,10:15,664
6/14/2023,10:30,680
6/14/2023,10:45,672
6/14/2023,11:00,704
6/14/2023,11:15,712
6/14/2023,11:30,712
6/14/2023,11:45,696
6/14/2023,12:00,712
6/14/2023,12:15,728
6/14/2023,12:30,744
6/14/2023,12:45,744
6/14/2023,13:00,752
6/14/2023,13:15,768
6/14/2023,13:30,792
6/14/2023,13:45,792
6/14/2023,14:00,816
6/14/2023,14:15,824
6/14/2023,14:30,824
6/14/2023,14:45,808
6/14/2023,15:00,824
6/14/2023,15:15,840
6/14/2023,15:30,816
6/14/2023,15:45,800
6/14/2023,16:00,808
6/14/2023,16:15,800
6/14/2023,16:30,784
6/14/2023,16:45,800
6/14/2023,17:00,768
6/14/2023,17:15,760
6/14/2023,17:30,752
6/14/2023,17:45,736
6/14/2023,18:00,712
6/14/2023,18:15,688
6/14/2023,18:30,648
6/14/2023,18:45,608
6/14/2023,19:00,640
6/14/2023,19:15,552
6/14/2023,19:30,552
6/14/2023,19:45,544
6/14/2023,20:00,520
6/14/2023,20:15,544
6/14/2023,20:30,520
6/14/2023,20:45,472
6/14/2023,21:00,472
6/14/2023,21:15,456
6/14/2023,21:30,432
6/14/2023,21:45,440
6/14/2023,22:00,416
6/14/2023,22:15,408
6/14/2023,22:30,408
6/14/2023,22:45,416
6/14/2023,23:00,424
6/14/2023,23:15,392
6/14/2023,23:30,384
6/14/2023,23:45,384
6/15/2023,0:00,400
6/15/2023,0:15,376
6/15/2023,0:30,376
6/15/2023,0:45,368
6/15/2023,1:00,384
6/15/2023,1:15,376
6/15/2023,1:30,384
6/15/2023,1:45,368
6/15/2023,2:00,384
6/15/2023,2:15,368
6/15/2023,2:30,368
6/15/2023,2:45,368
6/15/2023,3:00,368
6/15/2023,3:15,376
6/15/2023,3:30,368
6/15/2023,3:45,376
6/15/2023,4:00,384
6/15/2023,4:15,376
6/15/2023,4:30,368
6/15/2023,4:45,368
6/15/2023,5:00,368
6/15/2023,5:15,376
6/15/2023,5:30,368
6/15/2023,5:45,392
6/15/2023,6:00,408
6/15/2023,6:15,408
6/15/2023,6:30,424
6/15/2023,6:45,408
6/15/2023,7:00,424
6/15/2023,7:15,440
6/15/2023,7:30,456
6/15/2023,7:45,480
6/15/2023,8:00,488
6/15/2023,8:15,504
6/15/2023,8:30,520
6/15/2023,8:45,552
6/15/2023,9:00,544
6/15/2023,9:15,576
6/15/2023,9:30,576
6/15/2023,9:45,592
6/15/2023,10:00,656
6/15/2023,10:15,640
6/15/2023,10:30,656
6/15/2023,10:45,680
6/15/2023,11:00,664
6/15/2023,11:15,672
6/15/2023,11:30,688
6/15/2023,11:45,704
6/15/2023,12:00,720
6/15/2023,12:15,696
6/15/2023,12:30,720
6/15/2023,12:45,744
6/15/2023,13:00,736
6/15/2023,13:15,728
6/15/2023,13:30,744
6/15/2023,13:45,752
6/15/2023,14:00,768
6/15/2023,14:15,776
6/15/2023,14:30,792
6/15/2023,14:45,800
6/15/2023,15:00,816
6/15/2023,15:15,768
6/15/2023,15:30,776
6/15/2023,15:45,768
6/15/2023,16:00,792
6/15/2023,16:15,784
6/15/2023,16:30,760
6/15/2023,16:45,744
6/15/2023,17:00,712
6/15/2023,17:15,736
6/15/2023,17:30,712
6/15/2023,17:45,704
6/15/2023,18:00,648
6/15/2023,18:15,648
6/15/2023,18:30,624
6/15/2023,18:45,624
6/15/2023,19:00,608
6/15/2023,19:15,568
6/15/2023,19:30,552
6/15/2023,19:45,536
6/15/2023,20:00,536
6/15/2023,20:15,520
6/15/2023,20:30,400
6/15/2023,20:45,336
6/15/2023,21:00,384
6/15/2023,21:15,464
6/15/2023,21:30,440
6/15/2023,21:45,456
6/15/2023,22:00,456
6/15/2023,22:15,448
6/15/2023,22:30,440
6/15/2023,22:45,416
6/15/2023,23:00,424
6/15/2023,23:15,424
6/15/2023,23:30,416
6/15/2023,23:45,432
6/16/2023,0:00,424
6/16/2023,0:15,416
6/16/2023,0:30,408
6/16/2023,0:45,416
6/16/2023,1:00,408
6/16/2023,1:15,400
6/16/2023,1:30,392
6/16/2023,1:45,400
6/16/2023,2:00,384
6/16/2023,2:15,400
6/16/2023,2:30,392
6/16/2023,2:45,400
6/16/2023,3:00,384
6/16/2023,3:15,400
6/16/2023,3:30,392
6/16/2023,3:45,392
6/16/2023,4:00,392
6/16/2023,4:15,400
6/16/2023,4:30,408
6/16/2023,4:45,408
6/16/2023,5:00,392
6/16/2023,5:15,408
6/16/2023,5:30,408
6/16/2023,5:45,416
6/16/2023,6:00,440
6/16/2023,6:15,432
6/16/2023,6:30,456
6/16/2023,6:45,456
6/16/2023,7:00,448
6/16/2023,7:15,480
6/16/2023,7:30,488
6/16/2023,7:45,496
6/16/2023,8:00,496
6/16/2023,8:15,512
6/16/2023,8:30,528
6/16/2023,8:45,560
6/16/2023,9:00,568
6/16/2023,9:15,600
6/16/2023,9:30,616
6/16/2023,9:45,624
6/16/2023,10:00,672
6/16/2023,10:15,648
6/16/2023,10:30,696
6/16/2023,10:45,664
6/16/2023,11:00,672
6/16/2023,11:15,696
6/16/2023,11:30,672
6/16/2023,11:45,704
6/16/2023,12:00,728
6/16/2023,12:15,712
6/16/2023,12:30,720
6/16/2023,12:45,712
6/16/2023,13:00,760
6/16/2023,13:15,736
6/16/2023,13:30,768
6/16/2023,13:45,784
6/16/2023,14:00,792
6/16/2023,14:15,776
6/16/2023,14:30,808
6/16/2023,14:45,776
6/16/2023,15:00,808
6/16/2023,15:15,800
6/16/2023,15:30,792
6/16/2023,15:45,784
6/16/2023,16:00,760
6/16/2023,16:15,768
6/16/2023,16:30,760
6/16/2023,16:45,744
6/16/2023,17:00,736
6/16/2023,17:15,720
6/16/2023,17:30,728
6/16/2023,17:45,680
6/16/2023,18:00,664
6/16/2023,18:15,688
6/16/2023,18:30,656
6/16/2023,18:45,648
6/16/2023,19:00,600
6/16/2023,19:15,608
6/16/2023,19:30,576
6/16/2023,19:45,576
6/16/2023,20:00,528
6/16/2023,20:15,544
6/16/2023,20:30,536
6/16/2023,20:45,512
6/16/2023,21:00,488
6/16/2023,21:15,488
6/16/2023,21:30,472
6/16/2023,21:45,464
6/16/2023,22:00,456
6/16/2023,22:15,448
6/16/2023,22:30,432
6/16/2023,22:45,440
6/16/2023,23:00,440
6/16/2023,23:15,440
6/16/2023,23:30,440
6/16/2023,23:45,424
6/17/2023,0:00,440
6/17/2023,0:15,400
6/17/2023,0:30,416
6/17/2023,0:45,408
6/17/2023,1:00,408
6/17/2023,1:15,408
6/17/2023,1:30,400
6/17/2023,1:45,392
6/17/2023,2:00,400
6/17/2023,2:15,384
6/17/2023,2:30,408
6/17/2023,2:45,384
6/17/2023,3:00,400
6/17/2023,3:15,384
6/17/2023,3:30,392
6/17/2023,3:45,400
6/17/2023,4:00,392
6/17/2023,4:15,384
6/17/2023,4:30,384
6/17/2023,4:45,384
6/17/2023,5:00,376
6/17/2023,5:15,368
6/17/2023,5:30,376
6/17/2023,5:45,368
6/17/2023,6:00,376
6/17/2023,6:15,360
6/17/2023,6:30,368
6/17/2023,6:45,360
6/17/2023,7:00,368
6/17/2023,7:15,384
6/17/2023,7:30,368
6/17/2023,7:45,376
6/17/2023,8:00,384
6/17/2023,8:15,408
6/17/2023,8:30,400
6/17/2023,8:45,400
6/17/2023,9:00,416
6/17/2023,9:15,440
6/17/2023,9:30,464
6/17/2023,9:45,472
6/17/2023,10:00,456
6/17/2023,10:15,536
6/17/2023,10:30,552
6/17/2023,10:45,544
6/17/2023,11:00,584
6/17/2023,11:15,568
6/17/2023,11:30,616
6/17/2023,11:45,616
6/17/2023,12:00,632
6/17/2023,12:15,616
6/17/2023,12:30,640
6/17/2023,12:45,648
6/17/2023,13:00,672
6/17/2023,13:15,672
6/17/2023,13:30,704
6/17/2023,13:45,672
6/17/2023,14:00,712
6/17/2023,14:15,728
6/17/2023,14:30,744
6/17/2023,14:45,752
6/17/2023,15:00,704
6/17/2023,15:15,720
6/17/2023,15:30,712
6/17/2023,15:45,664
6/17/2023,16:00,672
6/17/2023,16:15,688
6/17/2023,16:30,672
6/17/2023,16:45,672
6/17/2023,17:00,680
6/17/2023,17:15,632
6/17/2023,17:30,672
6/17/2023,17:45,648
6/17/2023,18:00,624
6/17/2023,18:15,672
6/17/2023,18:30,640
6/17/2023,18:45,616
6/17/2023,19:00,640
6/17/2023,19:15,624
6/17/2023,19:30,584
6/17/2023,19:45,568
6/17/2023,20:00,544
6/17/2023,20:15,512
6/17/2023,20:30,512
6/17/2023,20:45,504
6/17/2023,21:00,480
6/17/2023,21:15,480
6/17/2023,21:30,480
6/17/2023,21:45,488
6/17/2023,22:00,464
6/17/2023,22:15,448
6/17/2023,22:30,440
6/17/2023,22:45,440
6/17/2023,23:00,432
6/17/2023,23:15,424
6/17/2023,23:30,424
6/17/2023,23:45,440
6/18/2023,0:00,424
6/18/2023,0:15,416
6/18/2023,0:30,416
6/18/2023,0:45,416
6/18/2023,1:00,416
6/18/2023,1:15,408
6/18/2023,1:30,408
6/18/2023,1:45,408
6/18/2023,2:00,400
6/18/2023,2:15,392
6/18/2023,2:30,392
6/18/2023,2:45,384
6/18/2023,3:00,376
6/18/2023,3:15,392
6/18/2023,3:30,368
6/18/2023,3:45,376
6/18/2023,4:00,368
6/18/2023,4:15,392
6/18/2023,4:30,368
6/18/2023,4:45,384
6/18/2023,5:00,368
6/18/2023,5:15,384
6/18/2023,5:30,368
6/18/2023,5:45,360
6/18/2023,6:00,360
6/18/2023,6:15,352
6/18/2023,6:30,376
6/18/2023,6:45,368
6/18/2023,7:00,384
6/18/2023,7:15,376
6/18/2023,7:30,384
6/18/2023,7:45,408
6/18/2023,8:00,408
6/18/2023,8:15,408
6/18/2023,8:30,408
6/18/2023,8:45,464
6/18/2023,9:00,464
6/18/2023,9:15,496
6/18/2023,9:30,520
6/18/2023,9:45,520
6/18/2023,10:00,544
6/18/2023,10:15,536
6/18/2023,10:30,536
6/18/2023,10:45,568
6/18/2023,11:00,568
6/18/2023,11:15,584
6/18/2023,11:30,592
6/18/2023,11:45,568
6/18/2023,12:00,592
6/18/2023,12:15,600
6/18/2023,12:30,616
6/18/2023,12:45,592
6/18/2023,13:00,608
6/18/2023,13:15,592
6/18/2023,13:30,624
6/18/2023,13:45,648
6/18/2023,14:00,616
6/18/2023,14:15,616
6/18/2023,14:30,616
6/18/2023,14:45,600
6/18/2023,15:00,624
6/18/2023,15:15,616
6/18/2023,15:30,624
6/18/2023,15:45,584
6/18/2023,16:00,616
6/18/2023,16:15,584
6/18/2023,16:30,616
6/18/2023,16:45,600
6/18/2023,17:00,608
6/18/2023,17:15,600
6/18/2023,17:30,576
6/18/2023,17:45,584
6/18/2023,18:00,576
6/18/2023,18:15,552
6/18/2023,18:30,560
6/18/2023,18:45,544
6/18/2023,19:00,536
6/18/2023,19:15,512
6/18/2023,19:30,512
6/18/2023,19:45,472
6/18/2023,20:00,456
6/18/2023,20:15,448
6/18/2023,20:30,440
6/18/2023,20:45,424
6/18/2023,21:00,432
6/18/2023,21:15,408
6/18/2023,21:30,400
6/18/2023,21:45,400
6/18/2023,22:00,392
6/18/2023,22:15,392
6/18/2023,22:30,408
6/18/2023,22:45,392
6/18/2023,23:00,384
6/18/2023,23:15,392
6/18/2023,23:30,384
6/18/2023,23:45,392
6/19/2023,0:00,392
6/19/2023,0:15,392
6/19/2023,0:30,392
6/19/2023,0:45,384
6/19/2023,1:00,368
6/19/2023,1:15,384
6/19/2023,1:30,368
6/19/2023,1:45,376
6/19/2023,2:00,360
6/19/2023,2:15,360
6/19/2023,2:30,376
6/19/2023,2:45,376
6/19/2023,3:00,376
6/19/2023,3:15,368
6/19/2023,3:30,384
6/19/2023,3:45,368
6/19/2023,4:00,360
6/19/2023,4:15,360
6/19/2023,4:30,360
6/19/2023,4:45,368
6/19/2023,5:00,360
6/19/2023,5:15,360
6/19/2023,5:30,352
6/19/2023,5:45,360
6/19/2023,6:00,368
6/19/2023,6:15,352
6/19/2023,6:30,352
6/19/2023,6:45,344
6/19/2023,7:00,352
6/19/2023,7:15,352
6/19/2023,7:30,344
6/19/2023,7:45,352
6/19/2023,8:00,352
6/19/2023,8:15,384
6/19/2023,8:30,360
6/19/2023,8:45,368
6/19/2023,9:00,416
6/19/2023,9:15,392
6/19/2023,9:30,416
6/19/2023,9:45,424
6/19/2023,10:00,432
6/19/2023,10:15,424
6/19/2023,10:30,456
6/19/2023,10:45,448
6/19/2023,11:00,472
6/19/2023,11:15,472
6/19/2023,11:30,464
6/19/2023,11:45,496
6/19/2023,12:00,464
6/19/2023,12:15,480
6/19/2023,12:30,480
6/19/2023,12:45,496
6/19/2023,13:00,496
6/19/2023,13:15,488
6/19/2023,13:30,488
6/19/2023,13:45,488
6/19/2023,14:00,496
6/19/2023,14:15,496
6/19/2023,14:30,496
6/19/2023,14:45,504
6/19/2023,15:00,504
6/19/2023,15:15,512
6/19/2023,15:30,504
6/19/2023,15:45,504
6/19/2023,16:00,512
6/19/2023,16:15,496
6/19/2023,16:30,512
6/19/2023,16:45,528
6/19/2023,17:00,496
6/19/2023,17:15,512
6/19/2023,17:30,504
6/19/2023,17:45,488
6/19/2023,18:00,504
6/19/2023,18:15,504
6/19/2023,18:30,464
6/19/2023,18:45,464
6/19/2023,19:00,464
6/19/2023,19:15,440
6/19/2023,19:30,448
6/19/2023,19:45,424
6/19/2023,20:00,408
6/19/2023,20:15,392
6/19/2023,20:30,392
6/19/2023,20:45,392
6/19/2023,21:00,376
6/19/2023,21:15,384
6/19/2023,21:30,392
6/19/2023,21:45,376
6/19/2023,22:00,384
6/19/2023,22:15,392
6/19/2023,22:30,376
6/19/2023,22:45,360
6/19/2023,23:00,368
6/19/2023,23:15,360
6/19/2023,23:30,368
6/19/2023,23:45,368
6/20/2023,0:00,368
6/20/2023,0:15,368
6/20/2023,0:30,368
6/20/2023,0:45,376
6/20/2023,1:00,368
6/20/2023,1:15,368
6/20/2023,1:30,360
6/20/2023,1:45,360
6/20/2023,2:00,368
6/20/2023,2:15,352
6/20/2023,2:30,360
6/20/2023,2:45,360
6/20/2023,3:00,368
6/20/2023,3:15,368
6/20/2023,3:30,360
6/20/2023,3:45,360
6/20/2023,4:00,360
6/20/2023,4:15,368
6/20/2023,4:30,360
6/20/2023,4:45,352
6/20/2023,5:00,360
6/20/2023,5:15,368
6/20/2023,5:30,352
6/20/2023,5:45,368
6/20/2023,6:00,384
6/20/2023,6:15,400
6/20/2023,6:30,400
6/20/2023,6:45,392
6/20/2023,7:00,408
6/20/2023,7:15,432
6/20/2023,7:30,432
6/20/2023,7:45,448
6/20/2023,8:00,448
6/20/2023,8:15,456
6/20/2023,8:30,488
6/20/2023,8:45,504
6/20/2023,9:00,528
6/20/2023,9:15,544
6/20/2023,9:30,536
6/20/2023,9:45,544
6/20/2023,10:00,544
6/20/2023,10:15,560
6/20/2023,10:30,584
6/20/2023,10:45,608
6/20/2023,11:00,624
6/20/2023,11:15,632
6/20/2023,11:30,648
6/20/2023,11:45,640
6/20/2023,12:00,640
6/20/2023,12:15,656
6/20/2023,12:30,656
6/20/2023,12:45,680
6/20/2023,13:00,640
6/20/2023,13:15,672
6/20/2023,13:30,672
6/20/2023,13:45,672
6/20/2023,14:00,672
6/20/2023,14:15,664
6/20/2023,14:30,696
6/20/2023,14:45,680
6/20/2023,15:00,712
6/20/2023,15:15,704
6/20/2023,15:30,704
6/20/2023,15:45,688
6/20/2023,16:00,688
6/20/2023,16:15,688
6/20/2023,16:30,664
6/20/2023,16:45,656
6/20/2023,17:00,648
6/20/2023,17:15,632
6/20/2023,17:30,616
6/20/2023,17:45,592
6/20/2023,18:00,576
6/20/2023,18:15,552
6/20/2023,18:30,560
6/20/2023,18:45,544
6/20/2023,19:00,536
6/20/2023,19:15,504
6/20/2023,19:30,472
6/20/2023,19:45,448
6/20/2023,20:00,432
6/20/2023,20:15,408
6/20/2023,20:30,400
6/20/2023,20:45,408
6/20/2023,21:00,392
6/20/2023,21:15,384
6/20/2023,21:30,384
6/20/2023,21:45,368
6/20/2023,22:00,400
6/20/2023,22:15,392
6/20/2023,22:30,376
6/20/2023,22:45,360
6/20/2023,23:00,360
6/20/2023,23:15,368
6/20/2023,23:30,376
6/20/2023,23:45,360
6/21/2023,0:00,368
6/21/2023,0:15,376
6/21/2023,0:30,376
6/21/2023,0:45,360
6/21/2023,1:00,352
6/21/2023,1:15,360
6/21/2023,1:30,360
6/21/2023,1:45,360
6/21/2023,2:00,360
6/21/2023,2:15,360
6/21/2023,2:30,368
6/21/2023,2:45,368
6/21/2023,3:00,368
6/21/2023,3:15,352
6/21/2023,3:30,360
6/21/2023,3:45,368
6/21/2023,4:00,360
6/21/2023,4:15,352
6/21/2023,4:30,352
6/21/2023,4:45,360
6/21/2023,5:00,368
6/21/2023,5:15,352
6/21/2023,5:30,352
6/21/2023,5:45,368
6/21/2023,6:00,392
6/21/2023,6:15,392
6/21/2023,6:30,392
6/21/2023,6:45,384
6/21/2023,7:00,416
6/21/2023,7:15,416
6/21/2023,7:30,424
6/21/2023,7:45,440
6/21/2023,8:00,440
6/21/2023,8:15,456
6/21/2023,8:30,472
6/21/2023,8:45,504
6/21/2023,9:00,520
6/21/2023,9:15,536
6/21/2023,9:30,552
6/21/2023,9:45,560
6/21/2023,10:00,568
6/21/2023,10:15,608
6/21/2023,10:30,624
6/21/2023,10:45,632
6/21/2023,11:00,656
6/21/2023,11:15,640
6/21/2023,11:30,656
6/21/2023,11:45,664
6/21/2023,12:00,680
6/21/2023,12:15,688
6/21/2023,12:30,672
6/21/2023,12:45,672
6/21/2023,13:00,680
6/21/2023,13:15,704
6/21/2023,13:30,720
6/21/2023,13:45,704
6/21/2023,14:00,720
6/21/2023,14:15,712
6/21/2023,14:30,720
6/21/2023,14:45,720
6/21/2023,15:00,728
6/21/2023,15:15,720
6/21/2023,15:30,728
6/21/2023,15:45,712
6/21/2023,16:00,704
6/21/2023,16:15,704
6/21/2023,16:30,704
6/21/2023,16:45,656
6/21/2023,17:00,648
6/21/2023,17:15,648
6/21/2023,17:30,640
6/21/2023,17:45,592
6/21/2023,18:00,576
6/21/2023,18:15,552
6/21/2023,18:30,560
6/21/2023,18:45,552
6/21/2023,19:00,536
6/21/2023,19:15,504
6/21/2023,19:30,488
6/21/2023,19:45,472
6/21/2023,20:00,456
6/21/2023,20:15,448
6/21/2023,20:30,448
6/21/2023,20:45,432
6/21/2023,21:00,400
6/21/2023,21:15,384
6/21/2023,21:30,368
6/21/2023,21:45,360
6/21/2023,22:00,384
6/21/2023,22:15,360
6/21/2023,22:30,368
6/21/2023,22:45,352
6/21/2023,23:00,376
6/21/2023,23:15,360
6/21/2023,23:30,384
6/21/2023,23:45,360
6/22/2023,0:00,368
6/22/2023,0:15,376
6/22/2023,0:30,360
6/22/2023,0:45,352
6/22/2023,1:00,360
6/22/2023,1:15,368
6/22/2023,1:30,360
6/22/2023,1:45,368
6/22/2023,2:00,360
6/22/2023,2:15,384
6/22/2023,2:30,360
6/22/2023,2:45,368
6/22/2023,3:00,360
6/22/2023,3:15,368
6/22/2023,3:30,360
6/22/2023,3:45,368
6/22/2023,4:00,360
6/22/2023,4:15,368
6/22/2023,4:30,360
6/22/2023,4:45,368
6/22/2023,5:00,352
6/22/2023,5:15,352
6/22/2023,5:30,360
6/22/2023,5:45,376
6/22/2023,6:00,400
6/22/2023,6:15,400
6/22/2023,6:30,408
6/22/2023,6:45,416
6/22/2023,7:00,432
6/22/2023,7:15,432
6/22/2023,7:30,456
6/22/2023,7:45,448
6/22/2023,8:00,480
6/22/2023,8:15,472
6/22/2023,8:30,480
6/22/2023,8:45,480
6/22/2023,9:00,480
6/22/2023,9:15,496
6/22/2023,9:30,512
6/22/2023,9:45,520
6/22/2023,10:00,544
6/22/2023,10:15,544
6/22/2023,10:30,608
6/22/2023,10:45,584
6/22/2023,11:00,624
6/22/2023,11:15,632
6/22/2023,11:30,632
6/22/2023,11:45,664
6/22/2023,12:00,640
6/22/2023,12:15,648
6/22/2023,12:30,648
6/22/2023,12:45,656
6/22/2023,13:00,648
6/22/2023,13:15,680
6/22/2023,13:30,656
6/22/2023,13:45,672
6/22/2023,14:00,672
6/22/2023,14:15,696
6/22/2023,14:30,688
6/22/2023,14:45,664
6/22/2023,15:00,696
6/22/2023,15:15,672
6/22/2023,15:30,688
6/22/2023,15:45,648
6/22/2023,16:00,632
6/22/2023,16:15,632
6/22/2023,16:30,616
6/22/2023,16:45,608
6/22/2023,17:00,584
6/22/2023,17:15,592
6/22/2023,17:30,584
6/22/2023,17:45,608
6/22/2023,18:00,544
6/22/2023,18:15,552
6/22/2023,18:30,576
6/22/2023,18:45,544
6/22/2023,19:00,544
6/22/2023,19:15,536
6/22/2023,19:30,512
6/22/2023,19:45,488
6/22/2023,20:00,472
6/22/2023,20:15,472
6/22/2023,20:30,456
6/22/2023,20:45,440
6/22/2023,21:00,424
6/22/2023,21:15,400
6/22/2023,21:30,400
6/22/2023,21:45,408
6/22/2023,22:00,400
6/22/2023,22:15,400
6/22/2023,22:30,408
6/22/2023,22:45,408
6/22/2023,23:00,384
6/22/2023,23:15,400
6/22/2023,23:30,400
6/22/2023,23:45,392
6/23/2023,0:00,392
6/23/2023,0:15,400
6/23/2023,0:30,392
6/23/2023,0:45,384
6/23/2023,1:00,392
6/23/2023,1:15,376
6/23/2023,1:30,392
6/23/2023,1:45,392
6/23/2023,2:00,384
6/23/2023,2:15,384
6/23/2023,2:30,392
6/23/2023,2:45,392
6/23/2023,3:00,384
6/23/2023,3:15,392
6/23/2023,3:30,384
6/23/2023,3:45,384
6/23/2023,4:00,392
6/23/2023,4:15,376
6/23/2023,4:30,376
6/23/2023,4:45,384
6/23/2023,5:00,400
6/23/2023,5:15,376
6/23/2023,5:30,392
6/23/2023,5:45,400
6/23/2023,6:00,424
6/23/2023,6:15,424
6/23/2023,6:30,424
6/23/2023,6:45,424
6/23/2023,7:00,440
6/23/2023,7:15,464
6/23/2023,7:30,472
6/23/2023,7:45,488
6/23/2023,8:00,488
6/23/2023,8:15,496
6/23/2023,8:30,520
6/23/2023,8:45,512
6/23/2023,9:00,560
6/23/2023,9:15,544
6/23/2023,9:30,552
6/23/2023,9:45,568
6/23/2023,10:00,560
6/23/2023,10:15,552
6/23/2023,10:30,576
6/23/2023,10:45,576
6/23/2023,11:00,608
6/23/2023,11:15,592
6/23/2023,11:30,608
6/23/2023,11:45,624
6/23/2023,12:00,624
6/23/2023,12:15,640
6/23/2023,12:30,640
6/23/2023,12:45,648
6/23/2023,13:00,648
6/23/2023,13:15,688
6/23/2023,13:30,656
6/23/2023,13:45,672
6/23/2023,14:00,680
6/23/2023,14:15,696
6/23/2023,14:30,704
6/23/2023,14:45,688
6/23/2023,15:00,704
6/23/2023,15:15,696
6/23/2023,15:30,680
6/23/2023,15:45,720
6/23/2023,16:00,688
6/23/2023,16:15,680
6/23/2023,16:30,672
6/23/2023,16:45,664
6/23/2023,17:00,664
6/23/2023,17:15,656
6/23/2023,17:30,616
6/23/2023,17:45,624
6/23/2023,18:00,568
6/23/2023,18:15,592
6/23/2023,18:30,536
6/23/2023,18:45,536
6/23/2023,19:00,528
6/23/2023,19:15,520
6/23/2023,19:30,496
6/23/2023,19:45,456
6/23/2023,20:00,432
6/23/2023,20:15,432
6/23/2023,20:30,448
6/23/2023,20:45,408
6/23/2023,21:00,392
6/23/2023,21:15,384
6/23/2023,21:30,384
6/23/2023,21:45,376
6/23/2023,22:00,376
6/23/2023,22:15,368
6/23/2023,22:30,384
6/23/2023,22:45,384
6/23/2023,23:00,392
6/23/2023,23:15,384
6/23/2023,23:30,368
6/23/2023,23:45,384
6/24/2023,0:00,408
6/24/2023,0:15,368
6/24/2023,0:30,384
6/24/2023,0:45,392
6/24/2023,1:00,392
6/24/2023,1:15,392
6/24/2023,1:30,384
6/24/2023,1:45,368
6/24/2023,2:00,392
6/24/2023,2:15,376
6/24/2023,2:30,376
6/24/2023,2:45,376
6/24/2023,3:00,376
6/24/2023,3:15,384
6/24/2023,3:30,384
6/24/2023,3:45,368
6/24/2023,4:00,368
6/24/2023,4:15,392
6/24/2023,4:30,360
6/24/2023,4:45,376
6/24/2023,5:00,368
6/24/2023,5:15,376
6/24/2023,5:30,392
6/24/2023,5:45,392
6/24/2023,6:00,352
6/24/2023,6:15,384
6/24/2023,6:30,368
6/24/2023,6:45,368
6/24/2023,7:00,368
6/24/2023,7:15,392
6/24/2023,7:30,368
6/24/2023,7:45,376
6/24/2023,8:00,384
6/24/2023,8:15,384
6/24/2023,8:30,384
6/24/2023,8:45,408
6/24/2023,9:00,400
6/24/2023,9:15,408
6/24/2023,9:30,432
6/24/2023,9:45,440
6/24/2023,10:00,480
6/24/2023,10:15,464
6/24/2023,10:30,488
6/24/2023,10:45,488
6/24/2023,11:00,520
6/24/2023,11:15,528
6/24/2023,11:30,536
6/24/2023,11:45,552
6/24/2023,12:00,576
6/24/2023,12:15,560
6/24/2023,12:30,560
6/24/2023,12:45,576
6/24/2023,13:00,560
6/24/2023,13:15,584
6/24/2023,13:30,584
6/24/2023,13:45,592
6/24/2023,14:00,568
6/24/2023,14:15,600
6/24/2023,14:30,584
6/24/2023,14:45,584
6/24/2023,15:00,584
6/24/2023,15:15,608
6/24/2023,15:30,576
6/24/2023,15:45,576
6/24/2023,16:00,568
6/24/2023,16:15,608
6/24/2023,16:30,592
6/24/2023,16:45,560
6/24/2023,17:00,576
6/24/2023,17:15,560
6/24/2023,17:30,568
6/24/2023,17:45,528
6/24/2023,18:00,520
6/24/2023,18:15,528
6/24/2023,18:30,520
6/24/2023,18:45,512
6/24/2023,19:00,480
6/24/2023,19:15,464
6/24/2023,19:30,416
6/24/2023,19:45,424
6/24/2023,20:00,408
6/24/2023,20:15,400
6/24/2023,20:30,400
6/24/2023,20:45,400
6/24/2023,21:00,408
6/24/2023,21:15,416
6/24/2023,21:30,392
6/24/2023,21:45,392
6/24/2023,22:00,392
6/24/2023,22:15,392
6/24/2023,22:30,368
6/24/2023,22:45,392
6/24/2023,23:00,368
6/24/2023,23:15,376
6/24/2023,23:30,368
6/24/2023,23:45,368
6/25/2023,0:00,360
6/25/2023,0:15,392
6/25/2023,0:30,368
6/25/2023,0:45,368
6/25/2023,1:00,376
6/25/2023,1:15,376
6/25/2023,1:30,368
6/25/2023,1:45,376
6/25/2023,2:00,368
6/25/2023,2:15,384
6/25/2023,2:30,392
6/25/2023,2:45,368
6/25/2023,3:00,368
6/25/2023,3:15,376
6/25/2023,3:30,384
6/25/2023,3:45,360
6/25/2023,4:00,368
6/25/2023,4:15,368
6/25/2023,4:30,376
6/25/2023,4:45,368
6/25/2023,5:00,368
6/25/2023,5:15,368
6/25/2023,5:30,368
6/25/2023,5:45,368
6/25/2023,6:00,368
6/25/2023,6:15,352
6/25/2023,6:30,368
6/25/2023,6:45,352
6/25/2023,7:00,376
6/25/2023,7:15,368
6/25/2023,7:30,360
6/25/2023,7:45,360
6/25/2023,8:00,376
6/25/2023,8:15,368
6/25/2023,8:30,360
6/25/2023,8:45,360
6/25/2023,9:00,376
6/25/2023,9:15,384
6/25/2023,9:30,384
6/25/2023,9:45,392
6/25/2023,10:00,400
6/25/2023,10:15,416
6/25/2023,10:30,440
6/25/2023,10:45,432
6/25/2023,11:00,456
6/25/2023,11:15,472
6/25/2023,11:30,472
6/25/2023,11:45,504
6/25/2023,12:00,536
6/25/2023,12:15,528
6/25/2023,12:30,544
6/25/2023,12:45,528
6/25/2023,13:00,560
6/25/2023,13:15,528
6/25/2023,13:30,552
6/25/2023,13:45,544
6/25/2023,14:00,560
6/25/2023,14:15,544
6/25/2023,14:30,552
6/25/2023,14:45,552
6/25/2023,15:00,576
6/25/2023,15:15,592
6/25/2023,15:30,568
6/25/2023,15:45,576
6/25/2023,16:00,568
6/25/2023,16:15,568
6/25/2023,16:30,584
6/25/2023,16:45,568
6/25/2023,17:00,576
6/25/2023,17:15,552
6/25/2023,17:30,584
6/25/2023,17:45,544
6/25/2023,18:00,544
6/25/2023,18:15,520
6/25/2023,18:30,504
6/25/2023,18:45,536
6/25/2023,19:00,496
6/25/2023,19:15,480
6/25/2023,19:30,456
6/25/2023,19:45,432
6/25/2023,20:00,432
6/25/2023,20:15,408
6/25/2023,20:30,400
6/25/2023,20:45,400
6/25/2023,21:00,408
6/25/2023,21:15,408
6/25/2023,21:30,392
6/25/2023,21:45,408
6/25/2023,22:00,400
6/25/2023,22:15,400
6/25/2023,22:30,400
6/25/2023,22:45,408
6/25/2023,23:00,400
6/25/2023,23:15,392
6/25/2023,23:30,400
6/25/2023,23:45,384
6/26/2023,0:00,392
6/26/2023,0:15,392
6/26/2023,0:30,392
6/26/2023,0:45,384
6/26/2023,1:00,400
6/26/2023,1:15,384
6/26/2023,1:30,400
6/26/2023,1:45,400
6/26/2023,2:00,384
6/26/2023,2:15,392
6/26/2023,2:30,400
6/26/2023,2:45,384
6/26/2023,3:00,384
6/26/2023,3:15,360
6/26/2023,3:30,360
6/26/2023,3:45,376
6/26/2023,4:00,376
6/26/2023,4:15,352
6/26/2023,4:30,368
6/26/2023,4:45,360
6/26/2023,5:00,384
6/26/2023,5:15,376
6/26/2023,5:30,376
6/26/2023,5:45,376
6/26/2023,6:00,416
6/26/2023,6:15,392
6/26/2023,6:30,416
6/26/2023,6:45,400
6/26/2023,7:00,416
6/26/2023,7:15,432
6/26/2023,7:30,464
6/26/2023,7:45,432
6/26/2023,8:00,448
6/26/2023,8:15,472
6/26/2023,8:30,472
6/26/2023,8:45,496
6/26/2023,9:00,488
6/26/2023,9:15,512
6/26/2023,9:30,520
6/26/2023,9:45,544
6/26/2023,10:00,536
6/26/2023,10:15,560
6/26/2023,10:30,576
6/26/2023,10:45,592
6/26/2023,11:00,656
6/26/2023,11:15,640
6/26/2023,11:30,640
6/26/2023,11:45,616
6/26/2023,12:00,640
6/26/2023,12:15,624
6/26/2023,12:30,648
6/26/2023,12:45,656
6/26/2023,13:00,664
6/26/2023,13:15,672
6/26/2023,13:30,680
6/26/2023,13:45,696
6/26/2023,14:00,672
6/26/2023,14:15,688
6/26/2023,14:30,736
6/26/2023,14:45,712
6/26/2023,15:00,704
6/26/2023,15:15,704
6/26/2023,15:30,688
6/26/2023,15:45,680
6/26/2023,16:00,648
6/26/2023,16:15,688
6/26/2023,16:30,672
6/26/2023,16:45,640
6/26/2023,17:00,624
6/26/2023,17:15,632
6/26/2023,17:30,592
6/26/2023,17:45,584
6/26/2023,18:00,552
6/26/2023,18:15,528
6/26/2023,18:30,552
6/26/2023,18:45,512
6/26/2023,19:00,504
6/26/2023,19:15,488
6/26/2023,19:30,464
6/26/2023,19:45,440
6/26/2023,20:00,424
6/26/2023,20:15,432
6/26/2023,20:30,440
6/26/2023,20:45,432
6/26/2023,21:00,408
6/26/2023,21:15,400
6/26/2023,21:30,384
6/26/2023,21:45,384
6/26/2023,22:00,392
6/26/2023,22:15,376
6/26/2023,22:30,392
6/26/2023,22:45,384
6/26/2023,23:00,408
6/26/2023,23:15,368
6/26/2023,23:30,384
6/26/2023,23:45,360
6/27/2023,0:00,408
6/27/2023,0:15,384
6/27/2023,0:30,392
6/27/2023,0:45,392
6/27/2023,1:00,392
6/27/2023,1:15,392
6/27/2023,1:30,384
6/27/2023,1:45,376
6/27/2023,2:00,384
6/27/2023,2:15,392
6/27/2023,2:30,368
6/27/2023,2:45,368
6/27/2023,3:00,376
6/27/2023,3:15,360
6/27/2023,3:30,368
6/27/2023,3:45,360
6/27/2023,4:00,352
6/27/2023,4:15,360
6/27/2023,4:30,360
6/27/2023,4:45,360
6/27/2023,5:00,360
6/27/2023,5:15,360
6/27/2023,5:30,376
6/27/2023,5:45,400
6/27/2023,6:00,392
6/27/2023,6:15,416
6/27/2023,6:30,408
6/27/2023,6:45,400
6/27/2023,7:00,416
6/27/2023,7:15,416
6/27/2023,7:30,432
6/27/2023,7:45,456
6/27/2023,8:00,480
6/27/2023,8:15,472
6/27/2023,8:30,504
6/27/2023,8:45,536
6/27/2023,9:00,544
6/27/2023,9:15,544
6/27/2023,9:30,568
6/27/2023,9:45,576
6/27/2023,10:00,616
6/27/2023,10:15,600
6/27/2023,10:30,640
6/27/2023,10:45,640
6/27/2023,11:00,640
6/27/2023,11:15,672
6/27/2023,11:30,624
6/27/2023,11:45,664
6/27/2023,12:00,648
6/27/2023,12:15,664
6/27/2023,12:30,680
6/27/2023,12:45,696
6/27/2023,13:00,712
6/27/2023,13:15,680
6/27/2023,13:30,728
6/27/2023,13:45,712
6/27/2023,14:00,712
6/27/2023,14:15,728
6/27/2023,14:30,720
6/27/2023,14:45,712
6/27/2023,15:00,680
6/27/2023,15:15,704
6/27/2023,15:30,696
6/27/2023,15:45,648
6/27/2023,16:00,680
6/27/2023,16:15,640
6/27/2023,16:30,592
6/27/2023,16:45,616
6/27/2023,17:00,624
6/27/2023,17:15,584
6/27/2023,17:30,584
6/27/2023,17:45,616
6/27/2023,18:00,584
6/27/2023,18:15,560
6/27/2023,18:30,536
6/27/2023,18:45,512
6/27/2023,19:00,512
6/27/2023,19:15,488
6/27/2023,19:30,496
6/27/2023,19:45,472
6/27/2023,20:00,440
6/27/2023,20:15,432
6/27/2023,20:30,424
6/27/2023,20:45,400
6/27/2023,21:00,400
6/27/2023,21:15,392
6/27/2023,21:30,392
6/27/2023,21:45,392
6/27/2023,22:00,384
6/27/2023,22:15,384
6/27/2023,22:30,392
6/27/2023,22:45,376
6/27/2023,23:00,376
6/27/2023,23:15,368
6/27/2023,23:30,360
6/27/2023,23:45,368
6/28/2023,0:00,360
6/28/2023,0:15,368
6/28/2023,0:30,360
6/28/2023,0:45,360
6/28/2023,1:00,368
6/28/2023,1:15,360
6/28/2023,1:30,352
6/28/2023,1:45,384
6/28/2023,2:00,376
6/28/2023,2:15,368
6/28/2023,2:30,376
6/28/2023,2:45,384
6/28/2023,3:00,368
6/28/2023,3:15,376
6/28/2023,3:30,344
6/28/2023,3:45,376
6/28/2023,4:00,360
6/28/2023,4:15,360
6/28/2023,4:30,352
6/28/2023,4:45,352
6/28/2023,5:00,360
6/28/2023,5:15,376
6/28/2023,5:30,352
6/28/2023,5:45,376
6/28/2023,6:00,384
6/28/2023,6:15,408
6/28/2023,6:30,424
6/28/2023,6:45,416
6/28/2023,7:00,432
6/28/2023,7:15,448
6/28/2023,7:30,456
6/28/2023,7:45,472
6/28/2023,8:00,456
6/28/2023,8:15,480
6/28/2023,8:30,480
6/28/2023,8:45,496
6/28/2023,9:00,496
6/28/2023,9:15,528
6/28/2023,9:30,536
6/28/2023,9:45,560
6/28/2023,10:00,568
6/28/2023,10:15,608
6/28/2023,10:30,640
6/28/2023,10:45,648
6/28/2023,11:00,640
6/28/2023,11:15,656
6/28/2023,11:30,656
6/28/2023,11:45,648
6/28/2023,12:00,672
6/28/2023,12:15,672
6/28/2023,12:30,656
6/28/2023,12:45,704
6/28/2023,13:00,680
6/28/2023,13:15,688
6/28/2023,13:30,696
6/28/2023,13:45,696
6/28/2023,14:00,688
6/28/2023,14:15,688
6/28/2023,14:30,704
6/28/2023,14:45,680
6/28/2023,15:00,696
6/28/2023,15:15,696
6/28/2023,15:30,672
6/28/2023,15:45,680
6/28/2023,16:00,704
6/28/2023,16:15,704
6/28/2023,16:30,656
6/28/2023,16:45,672
6/28/2023,17:00,672
6/28/2023,17:15,656
6/28/2023,17:30,664
6/28/2023,17:45,648
6/28/2023,18:00,624
6/28/2023,18:15,640
6/28/2023,18:30,576
6/28/2023,18:45,608
6/28/2023,19:00,560
6/28/2023,19:15,520
6/28/2023,19:30,528
6/28/2023,19:45,512
6/28/2023,20:00,480
6/28/2023,20:15,448
6/28/2023,20:30,440
6/28/2023,20:45,440
6/28/2023,21:00,424
6/28/2023,21:15,408
6/28/2023,21:30,408
6/28/2023,21:45,392
6/28/2023,22:00,408
6/28/2023,22:15,392
6/28/2023,22:30,392
6/28/2023,22:45,400
6/28/2023,23:00,392
6/28/2023,23:15,384
6/28/2023,23:30,400
6/28/2023,23:45,384
6/29/2023,0:00,376
6/29/2023,0:15,392
6/29/2023,0:30,384
6/29/2023,0:45,368
6/29/2023,1:00,368
6/29/2023,1:15,360
6/29/2023,1:30,368
6/29/2023,1:45,376
6/29/2023,2:00,368
6/29/2023,2:15,360
6/29/2023,2:30,376
6/29/2023,2:45,368
6/29/2023,3:00,376
6/29/2023,3:15,376
6/29/2023,3:30,376
6/29/2023,3:45,376
6/29/2023,4:00,384
6/29/2023,4:15,360
6/29/2023,4:30,384
6/29/2023,4:45,376
6/29/2023,5:00,368
6/29/2023,5:15,384
6/29/2023,5:30,368
6/29/2023,5:45,384
6/29/2023,6:00,400
6/29/2023,6:15,408
6/29/2023,6:30,400
6/29/2023,6:45,416
6/29/2023,7:00,424
6/29/2023,7:15,448
6/29/2023,7:30,472
6/29/2023,7:45,464
6/29/2023,8:00,504
6/29/2023,8:15,512
6/29/2023,8:30,544
6/29/2023,8:45,568
6/29/2023,9:00,560
6/29/2023,9:15,640
6/29/2023,9:30,656
6/29/2023,9:45,656
6/29/2023,10:00,656
6/29/2023,10:15,656
6/29/2023,10:30,672
6/29/2023,10:45,696
6/29/2023,11:00,712
6/29/2023,11:15,720
6/29/2023,11:30,736
6/29/2023,11:45,760
6/29/2023,12:00,752
6/29/2023,12:15,760
6/29/2023,12:30,744
6/29/2023,12:45,784
6/29/2023,13:00,792
6/29/2023,13:15,792
6/29/2023,13:30,800
6/29/2023,13:45,824
6/29/2023,14:00,816
6/29/2023,14:15,824
6/29/2023,14:30,816
6/29/2023,14:45,832
6/29/2023,15:00,848
6/29/2023,15:15,872
6/29/2023,15:30,840
6/29/2023,15:45,864
6/29/2023,16:00,840
6/29/2023,16:15,808
6/29/2023,16:30,824
6/29/2023,16:45,800
6/29/2023,17:00,800
6/29/2023,17:15,776
6/29/2023,17:30,784
6/29/2023,17:45,752
6/29/2023,18:00,744
6/29/2023,18:15,720
6/29/2023,18:30,744
6/29/2023,18:45,744
6/29/2023,19:00,696
6/29/2023,19:15,704
6/29/2023,19:30,680
6/29/2023,19:45,640
6/29/2023,20:00,624
6/29/2023,20:15,584
6/29/2023,20:30,560
6/29/2023,20:45,560
6/29/2023,21:00,536
6/29/2023,21:15,528
6/29/2023,21:30,504
6/29/2023,21:45,496
6/29/2023,22:00,504
6/29/2023,22:15,480
6/29/2023,22:30,464
6/29/2023,22:45,440
6/29/2023,23:00,424
6/29/2023,23:15,448
6/29/2023,23:30,424
6/29/2023,23:45,464
6/30/2023,0:00,416
6/30/2023,0:15,424
6/30/2023,0:30,424
6/30/2023,0:45,408
6/30/2023,1:00,408
6/30/2023,1:15,416
6/30/2023,1:30,416
6/30/2023,1:45,408
6/30/2023,2:00,424
6/30/2023,2:15,408
6/30/2023,2:30,408
6/30/2023,2:45,408
6/30/2023,3:00,400
6/30/2023,3:15,400
6/30/2023,3:30,384
6/30/2023,3:45,400
6/30/2023,4:00,400
6/30/2023,4:15,400
6/30/2023,4:30,392
6/30/2023,4:45,392
6/30/2023,5:00,400
6/30/2023,5:15,400
6/30/2023,5:30,392
6/30/2023,5:45,408
6/30/2023,6:00,432
6/30/2023,6:15,432
6/30/2023,6:30,432
6/30/2023,6:45,440
6/30/2023,7:00,464
6/30/2023,7:15,480
6/30/2023,7:30,512
6/30/2023,7:45,520
6/30/2023,8:00,568
6/30/2023,8:15,576
6/30/2023,8:30,624
6/30/2023,8:45,648
6/30/2023,9:00,648
6/30/2023,9:15,704
6/30/2023,9:30,688
6/30/2023,9:45,720
6/30/2023,10:00,752
6/30/2023,10:15,784
6/30/2023,10:30,760
6/30/2023,10:45,768
6/30/2023,11:00,808
6/30/2023,11:15,824
6/30/2023,11:30,848
6/30/2023,11:45,848
6/30/2023,12:00,848
6/30/2023,12:15,880
6/30/2023,12:30,896
6/30/2023,12:45,896
6/30/2023,13:00,944
6/30/2023,13:15,936
6/30/2023,13:30,928
6/30/2023,13:45,944
6/30/2023,14:00,928
6/30/2023,14:15,936
6/30/2023,14:30,936
6/30/2023,14:45,928
6/30/2023,15:00,920
6/30/2023,15:15,936
6/30/2023,15:30,928
6/30/2023,15:45,936
6/30/2023,16:00,928
6/30/2023,16:15,928
6/30/2023,16:30,920
6/30/2023,16:45,880
6/30/2023,17:00,904
6/30/2023,17:15,888
6/30/2023,17:30,856
6/30/2023,17:45,864
6/30/2023,18:00,816
6/30/2023,18:15,824
6/30/2023,18:30,808
6/30/2023,18:45,768
6/30/2023,19:00,768
6/30/2023,19:15,760
6/30/2023,19:30,728
6/30/2023,19:45,736
6/30/2023,20:00,688
6/30/2023,20:15,688
6/30/2023,20:30,648
6/30/2023,20:45,656
6/30/2023,21:00,608
6/30/2023,21:15,608
6/30/2023,21:30,584
6/30/2023,21:45,544
6/30/2023,22:00,552
6/30/2023,22:15,568
6/30/2023,22:30,520
6/30/2023,22:45,552
6/30/2023,23:00,536
6/30/2023,23:15,544
6/30/2023,23:30,528
6/30/2023,23:45,544
7/1/2023,0:00,512
7/1/2023,0:15,512
7/1/2023,0:30,472
7/1/2023,0:45,480
7/1/2023,1:00,472
7/1/2023,1:15,456
7/1/2023,1:30,472
7/1/2023,1:45,472
7/1/2023,2:00,456
7/1/2023,2:15,464
7/1/2023,2:30,456
7/1/2023,2:45,440
7/1/2023,3:00,456
7/1/2023,3:15,440
7/1/2023,3:30,432
7/1/2023,3:45,440
7/1/2023,4:00,424
7/1/2023,4:15,432
7/1/2023,4:30,416
7/1/2023,4:45,440
7/1/2023,5:00,432
7/1/2023,5:15,416
7/1/2023,5:30,416
7/1/2023,5:45,408
7/1/2023,6:00,408
7/1/2023,6:15,416
7/1/2023,6:30,408
7/1/2023,6:45,432
7/1/2023,7:00,448
7/1/2023,7:15,472
7/1/2023,7:30,472
7/1/2023,7:45,504
7/1/2023,8:00,496
7/1/2023,8:15,528
7/1/2023,8:30,544
7/1/2023,8:45,560
7/1/2023,9:00,576
7/1/2023,9:15,608
7/1/2023,9:30,608
7/1/2023,9:45,664
7/1/2023,10:00,672
7/1/2023,10:15,672
7/1/2023,10:30,696
7/1/2023,10:45,688
7/1/2023,11:00,696
7/1/2023,11:15,744
7/1/2023,11:30,776
7/1/2023,11:45,792
7/1/2023,12:00,776
7/1/2023,12:15,832
7/1/2023,12:30,816
7/1/2023,12:45,800
7/1/2023,13:00,848
7/1/2023,13:15,872
7/1/2023,13:30,848
7/1/2023,13:45,896
7/1/2023,14:00,896
7/1/2023,14:15,864
7/1/2023,14:30,888
7/1/2023,14:45,888
7/1/2023,15:00,904
7/1/2023,15:15,896
7/1/2023,15:30,888
7/1/2023,15:45,880
7/1/2023,16:00,888
7/1/2023,16:15,888
7/1/2023,16:30,896
7/1/2023,16:45,888
7/1/2023,17:00,888
7/1/2023,17:15,872
7/1/2023,17:30,872
7/1/2023,17:45,872
7/1/2023,18:00,840
7/1/2023,18:15,856
7/1/2023,18:30,832
7/1/2023,18:45,832
7/1/2023,19:00,824
7/1/2023,19:15,768
7/1/2023,19:30,800
7/1/2023,19:45,728
7/1/2023,20:00,688
7/1/2023,20:15,696
7/1/2023,20:30,664
7/1/2023,20:45,680
7/1/2023,21:00,664
7/1/2023,21:15,640
7/1/2023,21:30,648
7/1/2023,21:45,656
7/1/2023,22:00,624
7/1/2023,22:15,600
7/1/2023,22:30,608
7/1/2023,22:45,592
7/1/2023,23:00,560
7/1/2023,23:15,592
7/1/2023,23:30,560
7/1/2023,23:45,560
7/2/2023,0:00,544
7/2/2023,0:15,536
7/2/2023,0:30,544
7/2/2023,0:45,536
7/2/2023,1:00,544
7/2/2023,1:15,520
7/2/2023,1:30,528
7/2/2023,1:45,536
7/2/2023,2:00,528
7/2/2023,2:15,520
7/2/2023,2:30,520
7/2/2023,2:45,528
7/2/2023,3:00,512
7/2/2023,3:15,512
7/2/2023,3:30,504
7/2/2023,3:45,480
7/2/2023,4:00,496
7/2/2023,4:15,472
7/2/2023,4:30,488
7/2/2023,4:45,480
7/2/2023,5:00,464
7/2/2023,5:15,480
7/2/2023,5:30,464
7/2/2023,5:45,440
7/2/2023,6:00,440
7/2/2023,6:15,440
7/2/2023,6:30,440
7/2/2023,6:45,480
7/2/2023,7:00,480
7/2/2023,7:15,496
7/2/2023,7:30,496
7/2/2023,7:45,504
7/2/2023,8:00,536
7/2/2023,8:15,536
7/2/2023,8:30,576
7/2/2023,8:45,592
7/2/2023,9:00,600
7/2/2023,9:15,632
7/2/2023,9:30,632
7/2/2023,9:45,656
7/2/2023,10:00,648
7/2/2023,10:15,672
7/2/2023,10:30,672
7/2/2023,10:45,704
7/2/2023,11:00,728
7/2/2023,11:15,744
7/2/2023,11:30,800
7/2/2023,11:45,792
7/2/2023,12:00,776
7/2/2023,12:15,824
7/2/2023,12:30,792
7/2/2023,12:45,792
7/2/2023,13:00,808
7/2/2023,13:15,792
7/2/2023,13:30,824
7/2/2023,13:45,792
7/2/2023,14:00,784
7/2/2023,14:15,808
7/2/2023,14:30,784
7/2/2023,14:45,824
7/2/2023,15:00,808
7/2/2023,15:15,800
7/2/2023,15:30,832
7/2/2023,15:45,824
7/2/2023,16:00,824
7/2/2023,16:15,816
7/2/2023,16:30,808
7/2/2023,16:45,808
7/2/2023,17:00,824
7/2/2023,17:15,792
7/2/2023,17:30,824
7/2/2023,17:45,784
7/2/2023,18:00,792
7/2/2023,18:15,792
7/2/2023,18:30,752
7/2/2023,18:45,776
7/2/2023,19:00,720
7/2/2023,19:15,712
7/2/2023,19:30,688
7/2/2023,19:45,680
7/2/2023,20:00,664
7/2/2023,20:15,656
7/2/2023,20:30,672
7/2/2023,20:45,664
7/2/2023,21:00,624
7/2/2023,21:15,616
7/2/2023,21:30,624
7/2/2023,21:45,568
7/2/2023,22:00,560
7/2/2023,22:15,544
7/2/2023,22:30,544
7/2/2023,22:45,544
7/2/2023,23:00,536
7/2/2023,23:15,528
7/2/2023,23:30,512
7/2/2023,23:45,512
7/3/2023,0:00,512
7/3/2023,0:15,496
7/3/2023,0:30,440
7/3/2023,0:45,480
7/3/2023,1:00,456
7/3/2023,1:15,440
7/3/2023,1:30,464
7/3/2023,1:45,432
7/3/2023,2:00,440
7/3/2023,2:15,424
7/3/2023,2:30,400
7/3/2023,2:45,408
7/3/2023,3:00,400
7/3/2023,3:15,424
7/3/2023,3:30,400
7/3/2023,3:45,392
7/3/2023,4:00,400
7/3/2023,4:15,384
7/3/2023,4:30,384
7/3/2023,4:45,384
7/3/2023,5:00,360
7/3/2023,5:15,376
7/3/2023,5:30,360
7/3/2023,5:45,384
7/3/2023,6:00,384
7/3/2023,6:15,392
7/3/2023,6:30,392
7/3/2023,6:45,400
7/3/2023,7:00,424
7/3/2023,7:15,456
7/3/2023,7:30,448
7/3/2023,7:45,472
7/3/2023,8:00,504
7/3/2023,8:15,536
7/3/2023,8:30,568
7/3/2023,8:45,616
7/3/2023,9:00,648
7/3/2023,9:15,616
7/3/2023,9:30,680
7/3/2023,9:45,664
7/3/2023,10:00,696
7/3/2023,10:15,720
7/3/2023,10:30,728
7/3/2023,10:45,704
7/3/2023,11:00,760
7/3/2023,11:15,760
7/3/2023,11:30,752
7/3/2023,11:45,776
7/3/2023,12:00,752
7/3/2023,12:15,784
7/3/2023,12:30,808
7/3/2023,12:45,824
7/3/2023,13:00,832
7/3/2023,13:15,856
7/3/2023,13:30,848
7/3/2023,13:45,872
7/3/2023,14:00,880
7/3/2023,14:15,856
7/3/2023,14:30,848
7/3/2023,14:45,864
7/3/2023,15:00,824
7/3/2023,15:15,824
7/3/2023,15:30,832
7/3/2023,15:45,824
7/3/2023,16:00,776
7/3/2023,16:15,784
7/3/2023,16:30,776
7/3/2023,16:45,760
7/3/2023,17:00,768
7/3/2023,17:15,784
7/3/2023,17:30,760
7/3/2023,17:45,744
7/3/2023,18:00,728
7/3/2023,18:15,736
7/3/2023,18:30,696
7/3/2023,18:45,696
7/3/2023,19:00,680
7/3/2023,19:15,632
7/3/2023,19:30,640
7/3/2023,19:45,608
7/3/2023,20:00,576
7/3/2023,20:15,568
7/3/2023,20:30,552
7/3/2023,20:45,520
7/3/2023,21:00,536
7/3/2023,21:15,488
7/3/2023,21:30,480
7/3/2023,21:45,488
7/3/2023,22:00,440
7/3/2023,22:15,424
7/3/2023,22:30,416
7/3/2023,22:45,416
7/3/2023,23:00,424
7/3/2023,23:15,408
7/3/2023,23:30,400
7/3/2023,23:45,408
7/4/2023,0:00,392
7/4/2023,0:15,400
7/4/2023,0:30,368
7/4/2023,0:45,392
7/4/2023,1:00,392
7/4/2023,1:15,384
7/4/2023,1:30,384
7/4/2023,1:45,376
7/4/2023,2:00,360
7/4/2023,2:15,376
7/4/2023,2:30,360
7/4/2023,2:45,376
7/4/2023,3:00,360
7/4/2023,3:15,360
7/4/2023,3:30,360
7/4/2023,3:45,360
7/4/2023,4:00,368
7/4/2023,4:15,360
7/4/2023,4:30,352
7/4/2023,4:45,360
7/4/2023,5:00,360
7/4/2023,5:15,368
7/4/2023,5:30,360
7/4/2023,5:45,344
7/4/2023,6:00,360
7/4/2023,6:15,360
7/4/2023,6:30,344
7/4/2023,6:45,352
7/4/2023,7:00,344
7/4/2023,7:15,344
7/4/2023,7:30,368
7/4/2023,7:45,360
7/4/2023,8:00,368
7/4/2023,8:15,392
7/4/2023,8:30,408
7/4/2023,8:45,432
7/4/2023,9:00,424
7/4/2023,9:15,416
7/4/2023,9:30,464
7/4/2023,9:45,480
7/4/2023,10:00,512
7/4/2023,10:15,528
7/4/2023,10:30,544
7/4/2023,10:45,536
7/4/2023,11:00,568
7/4/2023,11:15,568
7/4/2023,11:30,584
7/4/2023,11:45,576
7/4/2023,12:00,592
7/4/2023,12:15,616
7/4/2023,12:30,608
7/4/2023,12:45,624
7/4/2023,13:00,640
7/4/2023,13:15,656
7/4/2023,13:30,680
7/4/2023,13:45,672
7/4/2023,14:00,688
7/4/2023,14:15,712
7/4/2023,14:30,720
7/4/2023,14:45,736
7/4/2023,15:00,720
7/4/2023,15:15,688
7/4/2023,15:30,712
7/4/2023,15:45,704
7/4/2023,16:00,696
7/4/2023,16:15,688
7/4/2023,16:30,704
7/4/2023,16:45,688
7/4/2023,17:00,672
7/4/2023,17:15,712
7/4/2023,17:30,648
7/4/2023,17:45,672
7/4/2023,18:00,656
7/4/2023,18:15,656
7/4/2023,18:30,640
7/4/2023,18:45,616
7/4/2023,19:00,600
7/4/2023,19:15,576
7/4/2023,19:30,560
7/4/2023,19:45,536
7/4/2023,20:00,528
7/4/2023,20:15,504
7/4/2023,20:30,520
7/4/2023,20:45,504
7/4/2023,21:00,464
7/4/2023,21:15,488
7/4/2023,21:30,432
7/4/2023,21:45,456
7/4/2023,22:00,440
7/4/2023,22:15,424
7/4/2023,22:30,424
7/4/2023,22:45,392
7/4/2023,23:00,408
7/4/2023,23:15,392
7/4/2023,23:30,400
7/4/2023,23:45,384
7/5/2023,0:00,392
7/5/2023,0:15,384
7/5/2023,0:30,392
7/5/2023,0:45,384
7/5/2023,1:00,392
7/5/2023,1:15,368
7/5/2023,1:30,360
7/5/2023,1:45,360
7/5/2023,2:00,368
7/5/2023,2:15,368
7/5/2023,2:30,376
7/5/2023,2:45,352
7/5/2023,3:00,360
7/5/2023,3:15,368
7/5/2023,3:30,376
7/5/2023,3:45,360
7/5/2023,4:00,344
7/5/2023,4:15,368
7/5/2023,4:30,368
7/5/2023,4:45,352
7/5/2023,5:00,360
7/5/2023,5:15,360
7/5/2023,5:30,360
7/5/2023,5:45,368
7/5/2023,6:00,384
7/5/2023,6:15,392
7/5/2023,6:30,384
7/5/2023,6:45,384
7/5/2023,7:00,408
7/5/2023,7:15,408
7/5/2023,7:30,424
7/5/2023,7:45,448
7/5/2023,8:00,448
7/5/2023,8:15,464
7/5/2023,8:30,456
7/5/2023,8:45,480
7/5/2023,9:00,528
7/5/2023,9:15,504
7/5/2023,9:30,528
7/5/2023,9:45,552
7/5/2023,10:00,600
7/5/2023,10:15,632
7/5/2023,10:30,640
7/5/2023,10:45,648
7/5/2023,11:00,664
7/5/2023,11:15,648
7/5/2023,11:30,664
7/5/2023,11:45,680
7/5/2023,12:00,688
7/5/2023,12:15,688
7/5/2023,12:30,720
7/5/2023,12:45,696
7/5/2023,13:00,752
7/5/2023,13:15,712
7/5/2023,13:30,760
7/5/2023,13:45,736
7/5/2023,14:00,776
7/5/2023,14:15,784
7/5/2023,14:30,808
7/5/2023,14:45,784
7/5/2023,15:00,800
7/5/2023,15:15,792
7/5/2023,15:30,776
7/5/2023,15:45,776
7/5/2023,16:00,768
7/5/2023,16:15,744
7/5/2023,16:30,768
7/5/2023,16:45,744
7/5/2023,17:00,720
7/5/2023,17:15,720
7/5/2023,17:30,704
7/5/2023,17:45,672
7/5/2023,18:00,656
7/5/2023,18:15,672
7/5/2023,18:30,664
7/5/2023,18:45,640
7/5/2023,19:00,592
7/5/2023,19:15,600
7/5/2023,19:30,592
7/5/2023,19:45,536
7/5/2023,20:00,528
7/5/2023,20:15,520
7/5/2023,20:30,480
7/5/2023,20:45,480
7/5/2023,21:00,464
7/5/2023,21:15,440
7/5/2023,21:30,448
7/5/2023,21:45,416
7/5/2023,22:00,416
7/5/2023,22:15,400
7/5/2023,22:30,408
7/5/2023,22:45,400
7/5/2023,23:00,400
7/5/2023,23:15,408
7/5/2023,23:30,392
7/5/2023,23:45,384
7/6/2023,0:00,376
7/6/2023,0:15,376
7/6/2023,0:30,360
7/6/2023,0:45,368
7/6/2023,1:00,360
7/6/2023,1:15,368
7/6/2023,1:30,376
7/6/2023,1:45,368
7/6/2023,2:00,368
7/6/2023,2:15,384
7/6/2023,2:30,368
7/6/2023,2:45,368
7/6/2023,3:00,368
7/6/2023,3:15,376
7/6/2023,3:30,384
7/6/2023,3:45,376
7/6/2023,4:00,376
7/6/2023,4:15,384
7/6/2023,4:30,384
7/6/2023,4:45,384
7/6/2023,5:00,376
7/6/2023,5:15,368
7/6/2023,5:30,384
7/6/2023,5:45,384
7/6/2023,6:00,400
7/6/2023,6:15,400
7/6/2023,6:30,424
7/6/2023,6:45,408
7/6/2023,7:00,448
7/6/2023,7:15,432
7/6/2023,7:30,464
7/6/2023,7:45,472
7/6/2023,8:00,480
7/6/2023,8:15,488
7/6/2023,8:30,496
7/6/2023,8:45,520
7/6/2023,9:00,520
7/6/2023,9:15,568
7/6/2023,9:30,560
7/6/2023,9:45,576
7/6/2023,10:00,600
7/6/2023,10:15,624
7/6/2023,10:30,648
7/6/2023,10:45,648
7/6/2023,11:00,664
7/6/2023,11:15,656
7/6/2023,11:30,664
7/6/2023,11:45,664
7/6/2023,12:00,680
7/6/2023,12:15,704
7/6/2023,12:30,696
7/6/2023,12:45,704
7/6/2023,13:00,712
7/6/2023,13:15,744
7/6/2023,13:30,752
7/6/2023,13:45,752
7/6/2023,14:00,776
7/6/2023,14:15,768
7/6/2023,14:30,784
7/6/2023,14:45,728
7/6/2023,15:00,752
7/6/2023,15:15,744
7/6/2023,15:30,728
7/6/2023,15:45,712
7/6/2023,16:00,712
7/6/2023,16:15,696
7/6/2023,16:30,696
7/6/2023,16:45,712
7/6/2023,17:00,656
7/6/2023,17:15,648
7/6/2023,17:30,648
7/6/2023,17:45,640
7/6/2023,18:00,648
7/6/2023,18:15,608
7/6/2023,18:30,616
7/6/2023,18:45,592
7/6/2023,19:00,552
7/6/2023,19:15,544
7/6/2023,19:30,520
7/6/2023,19:45,496
7/6/2023,20:00,480
7/6/2023,20:15,472
7/6/2023,20:30,448
7/6/2023,20:45,440
7/6/2023,21:00,432
7/6/2023,21:15,416
7/6/2023,21:30,408
7/6/2023,21:45,400
7/6/2023,22:00,400
7/6/2023,22:15,392
7/6/2023,22:30,392
7/6/2023,22:45,400
7/6/2023,23:00,416
7/6/2023,23:15,408
7/6/2023,23:30,416
7/6/2023,23:45,416
7/7/2023,0:00,416
7/7/2023,0:15,400
7/7/2023,0:30,400
7/7/2023,0:45,400
7/7/2023,1:00,400
7/7/2023,1:15,400
7/7/2023,1:30,400
7/7/2023,1:45,392
7/7/2023,2:00,400
7/7/2023,2:15,408
7/7/2023,2:30,408
7/7/2023,2:45,392
7/7/2023,3:00,408
7/7/2023,3:15,392
7/7/2023,3:30,400
7/7/2023,3:45,408
7/7/2023,4:00,384
7/7/2023,4:15,400
7/7/2023,4:30,408
7/7/2023,4:45,400
7/7/2023,5:00,384
7/7/2023,5:15,392
7/7/2023,5:30,400
7/7/2023,5:45,424
7/7/2023,6:00,416
7/7/2023,6:15,440
7/7/2023,6:30,432
7/7/2023,6:45,432
7/7/2023,7:00,456
7/7/2023,7:15,464
7/7/2023,7:30,480
7/7/2023,7:45,504
7/7/2023,8:00,528
7/7/2023,8:15,536
7/7/2023,8:30,544
7/7/2023,8:45,568
7/7/2023,9:00,552
7/7/2023,9:15,544
7/7/2023,9:30,544
7/7/2023,9:45,576
7/7/2023,10:00,592
7/7/2023,10:15,624
7/7/2023,10:30,600
7/7/2023,10:45,616
7/7/2023,11:00,640
7/7/2023,11:15,624
7/7/2023,11:30,656
7/7/2023,11:45,640
7/7/2023,12:00,656
7/7/2023,12:15,656
7/7/2023,12:30,672
7/7/2023,12:45,688
7/7/2023,13:00,672
7/7/2023,13:15,680
7/7/2023,13:30,680
7/7/2023,13:45,704
7/7/2023,14:00,712
7/7/2023,14:15,696
7/7/2023,14:30,680
7/7/2023,14:45,704
7/7/2023,15:00,680
7/7/2023,15:15,696
7/7/2023,15:30,696
7/7/2023,15:45,672
7/7/2023,16:00,664
7/7/2023,16:15,656
7/7/2023,16:30,648
7/7/2023,16:45,632
7/7/2023,17:00,648
7/7/2023,17:15,592
7/7/2023,17:30,584
7/7/2023,17:45,592
7/7/2023,18:00,560
7/7/2023,18:15,576
7/7/2023,18:30,568
7/7/2023,18:45,520
7/7/2023,19:00,544
7/7/2023,19:15,544
7/7/2023,19:30,512
7/7/2023,19:45,504
7/7/2023,20:00,488
7/7/2023,20:15,472
7/7/2023,20:30,472
7/7/2023,20:45,456
7/7/2023,21:00,448
7/7/2023,21:15,432
7/7/2023,21:30,432
7/7/2023,21:45,424
7/7/2023,22:00,416
7/7/2023,22:15,408
7/7/2023,22:30,416
7/7/2023,22:45,392
7/7/2023,23:00,376
7/7/2023,23:15,392
7/7/2023,23:30,384
7/7/2023,23:45,392
7/8/2023,0:00,376
7/8/2023,0:15,376
7/8/2023,0:30,368
7/8/2023,0:45,384
7/8/2023,1:00,344
7/8/2023,1:15,360
7/8/2023,1:30,360
7/8/2023,1:45,376
7/8/2023,2:00,360
7/8/2023,2:15,360
7/8/2023,2:30,360
7/8/2023,2:45,384
7/8/2023,3:00,360
7/8/2023,3:15,360
7/8/2023,3:30,352
7/8/2023,3:45,352
7/8/2023,4:00,360
7/8/2023,4:15,352
7/8/2023,4:30,352
7/8/2023,4:45,344
7/8/2023,5:00,368
7/8/2023,5:15,368
7/8/2023,5:30,352
7/8/2023,5:45,360
7/8/2023,6:00,352
7/8/2023,6:15,352
7/8/2023,6:30,344
7/8/2023,6:45,352
7/8/2023,7:00,344
7/8/2023,7:15,352
7/8/2023,7:30,376
7/8/2023,7:45,360
7/8/2023,8:00,360
7/8/2023,8:15,360
7/8/2023,8:30,384
7/8/2023,8:45,384
7/8/2023,9:00,400
7/8/2023,9:15,416
7/8/2023,9:30,432
7/8/2023,9:45,456
7/8/2023,10:00,448
7/8/2023,10:15,464
7/8/2023,10:30,456
7/8/2023,10:45,488
7/8/2023,11:00,488
7/8/2023,11:15,496
7/8/2023,11:30,504
7/8/2023,11:45,496
7/8/2023,12:00,528
7/8/2023,12:15,512
7/8/2023,12:30,512
7/8/2023,12:45,544
7/8/2023,13:00,528
7/8/2023,13:15,576
7/8/2023,13:30,536
7/8/2023,13:45,560
7/8/2023,14:00,536
7/8/2023,14:15,568
7/8/2023,14:30,576
7/8/2023,14:45,568
7/8/2023,15:00,552
7/8/2023,15:15,568
7/8/2023,15:30,560
7/8/2023,15:45,568
7/8/2023,16:00,576
7/8/2023,16:15,536
7/8/2023,16:30,576
7/8/2023,16:45,536
7/8/2023,17:00,592
7/8/2023,17:15,576
7/8/2023,17:30,528
7/8/2023,17:45,568
7/8/2023,18:00,528
7/8/2023,18:15,544
7/8/2023,18:30,520
7/8/2023,18:45,496
7/8/2023,19:00,480
7/8/2023,19:15,472
7/8/2023,19:30,448
7/8/2023,19:45,448
7/8/2023,20:00,416
7/8/2023,20:15,400
7/8/2023,20:30,416
7/8/2023,20:45,400
7/8/2023,21:00,384
7/8/2023,21:15,384
7/8/2023,21:30,376
7/8/2023,21:45,392
7/8/2023,22:00,376
7/8/2023,22:15,376
7/8/2023,22:30,360
7/8/2023,22:45,384
7/8/2023,23:00,368
7/8/2023,23:15,376
7/8/2023,23:30,360
7/8/2023,23:45,376
7/9/2023,0:00,384
7/9/2023,0:15,376
7/9/2023,0:30,376
7/9/2023,0:45,376
7/9/2023,1:00,376
7/9/2023,1:15,384
7/9/2023,1:30,368
7/9/2023,1:45,360
7/9/2023,2:00,376
7/9/2023,2:15,360
7/9/2023,2:30,368
7/9/2023,2:45,360
7/9/2023,3:00,376
7/9/2023,3:15,368
7/9/2023,3:30,376
7/9/2023,3:45,360
7/9/2023,4:00,384
7/9/2023,4:15,368
7/9/2023,4:30,376
7/9/2023,4:45,360
7/9/2023,5:00,376
7/9/2023,5:15,368
7/9/2023,5:30,384
7/9/2023,5:45,360
7/9/2023,6:00,360
7/9/2023,6:15,360
7/9/2023,6:30,376
7/9/2023,6:45,368
7/9/2023,7:00,376
7/9/2023,7:15,352
7/9/2023,7:30,344
7/9/2023,7:45,376
7/9/2023,8:00,368
7/9/2023,8:15,368
7/9/2023,8:30,376
7/9/2023,8:45,376
7/9/2023,9:00,400
7/9/2023,9:15,408
7/9/2023,9:30,392
7/9/2023,9:45,408
7/9/2023,10:00,440
7/9/2023,10:15,440
7/9/2023,10:30,440
7/9/2023,10:45,464
7/9/2023,11:00,464
7/9/2023,11:15,488
7/9/2023,11:30,488
7/9/2023,11:45,504
7/9/2023,12:00,512
7/9/2023,12:15,536
7/9/2023,12:30,512
7/9/2023,12:45,536
7/9/2023,13:00,520
7/9/2023,13:15,520
7/9/2023,13:30,528
7/9/2023,13:45,544
7/9/2023,14:00,536
7/9/2023,14:15,536
7/9/2023,14:30,528
7/9/2023,14:45,552
7/9/2023,15:00,552
7/9/2023,15:15,568
7/9/2023,15:30,560
7/9/2023,15:45,560
7/9/2023,16:00,560
7/9/2023,16:15,568
7/9/2023,16:30,576
7/9/2023,16:45,568
7/9/2023,17:00,560
7/9/2023,17:15,576
7/9/2023,17:30,536
7/9/2023,17:45,568
7/9/2023,18:00,520
7/9/2023,18:15,528
7/9/2023,18:30,528
7/9/2023,18:45,552
7/9/2023,19:00,496
7/9/2023,19:15,496
7/9/2023,19:30,488
7/9/2023,19:45,472
7/9/2023,20:00,464
7/9/2023,20:15,432
7/9/2023,20:30,416
7/9/2023,20:45,448
7/9/2023,21:00,432
7/9/2023,21:15,424
7/9/2023,21:30,432
7/9/2023,21:45,400
7/9/2023,22:00,424
7/9/2023,22:15,424
7/9/2023,22:30,416
7/9/2023,22:45,408
7/9/2023,23:00,424
7/9/2023,23:15,408
7/9/2023,23:30,408
7/9/2023,23:45,400
7/10/2023,0:00,392
7/10/2023,0:15,408
7/10/2023,0:30,408
7/10/2023,0:45,392
7/10/2023,1:00,408
7/10/2023,1:15,400
7/10/2023,1:30,400
7/10/2023,1:45,400
7/10/2023,2:00,400
7/10/2023,2:15,400
7/10/2023,2:30,400
7/10/2023,2:45,408
7/10/2023,3:00,392
7/10/2023,3:15,408
7/10/2023,3:30,408
7/10/2023,3:45,408
7/10/2023,4:00,408
7/10/2023,4:15,384
7/10/2023,4:30,392
7/10/2023,4:45,408
7/10/2023,5:00,392
7/10/2023,5:15,392
7/10/2023,5:30,408
7/10/2023,5:45,400
7/10/2023,6:00,432
7/10/2023,6:15,424
7/10/2023,6:30,432
7/10/2023,6:45,424
7/10/2023,7:00,464
7/10/2023,7:15,440
7/10/2023,7:30,472
7/10/2023,7:45,480
7/10/2023,8:00,488
7/10/2023,8:15,512
7/10/2023,8:30,496
7/10/2023,8:45,520
7/10/2023,9:00,512
7/10/2023,9:15,544
7/10/2023,9:30,568
7/10/2023,9:45,600
7/10/2023,10:00,632
7/10/2023,10:15,640
7/10/2023,10:30,648
7/10/2023,10:45,640
7/10/2023,11:00,672
7/10/2023,11:15,680
7/10/2023,11:30,680
7/10/2023,11:45,680
7/10/2023,12:00,672
7/10/2023,12:15,688
7/10/2023,12:30,696
7/10/2023,12:45,696
7/10/2023,13:00,696
7/10/2023,13:15,704
7/10/2023,13:30,720
7/10/2023,13:45,760
7/10/2023,14:00,728
7/10/2023,14:15,760
7/10/2023,14:30,728
7/10/2023,14:45,752
7/10/2023,15:00,752
7/10/2023,15:15,752
7/10/2023,15:30,744
7/10/2023,15:45,768
7/10/2023,16:00,736
7/10/2023,16:15,736
7/10/2023,16:30,736
7/10/2023,16:45,728
7/10/2023,17:00,736
7/10/2023,17:15,712
7/10/2023,17:30,712
7/10/2023,17:45,696
7/10/2023,18:00,688
7/10/2023,18:15,664
7/10/2023,18:30,656
7/10/2023,18:45,648
7/10/2023,19:00,632
7/10/2023,19:15,608
7/10/2023,19:30,584
7/10/2023,19:45,576
7/10/2023,20:00,560
7/10/2023,20:15,536
7/10/2023,20:30,536
7/10/2023,20:45,496
7/10/2023,21:00,496
7/10/2023,21:15,480
7/10/2023,21:30,472
7/10/2023,21:45,456
7/10/2023,22:00,448
7/10/2023,22:15,432
7/10/2023,22:30,440
7/10/2023,22:45,432
7/10/2023,23:00,432
7/10/2023,23:15,424
7/10/2023,23:30,432
7/10/2023,23:45,416
7/11/2023,0:00,408
7/11/2023,0:15,416
7/11/2023,0:30,400
7/11/2023,0:45,408
7/11/2023,1:00,392
7/11/2023,1:15,416
7/11/2023,1:30,400
7/11/2023,1:45,408
7/11/2023,2:00,384
7/11/2023,2:15,392
7/11/2023,2:30,392
7/11/2023,2:45,376
7/11/2023,3:00,368
7/11/2023,3:15,376
7/11/2023,3:30,384
7/11/2023,3:45,384
7/11/2023,4:00,360
7/11/2023,4:15,368
7/11/2023,4:30,360
7/11/2023,4:45,368
7/11/2023,5:00,360
7/11/2023,5:15,360
7/11/2023,5:30,368
7/11/2023,5:45,392
7/11/2023,6:00,408
7/11/2023,6:15,392
7/11/2023,6:30,400
7/11/2023,6:45,400
7/11/2023,7:00,416
7/11/2023,7:15,448
7/11/2023,7:30,456
7/11/2023,7:45,480
7/11/2023,8:00,512
7/11/2023,8:15,544
7/11/2023,8:30,552
7/11/2023,8:45,584
7/11/2023,9:00,656
7/11/2023,9:15,664
7/11/2023,9:30,664
7/11/2023,9:45,688
7/11/2023,10:00,712
7/11/2023,10:15,712
7/11/2023,10:30,752
7/11/2023,10:45,752
7/11/2023,11:00,784
7/11/2023,11:15,776
7/11/2023,11:30,768
7/11/2023,11:45,800
7/11/2023,12:00,808
7/11/2023,12:15,808
7/11/2023,12:30,848
7/11/2023,12:45,848
7/11/2023,13:00,848
7/11/2023,13:15,872
7/11/2023,13:30,888
7/11/2023,13:45,888
7/11/2023,14:00,864
7/11/2023,14:15,864
7/11/2023,14:30,912
7/11/2023,14:45,888
7/11/2023,15:00,904
7/11/2023,15:15,936
7/11/2023,15:30,912
7/11/2023,15:45,928
7/11/2023,16:00,912
7/11/2023,16:15,872
7/11/2023,16:30,888
7/11/2023,16:45,872
7/11/2023,17:00,848
7/11/2023,17:15,864
7/11/2023,17:30,816
7/11/2023,17:45,792
7/11/2023,18:00,768
7/11/2023,18:15,760
7/11/2023,18:30,768
7/11/2023,18:45,752
7/11/2023,19:00,744
7/11/2023,19:15,736
7/11/2023,19:30,672
7/11/2023,19:45,672
7/11/2023,20:00,608
7/11/2023,20:15,600
7/11/2023,20:30,568
7/11/2023,20:45,584
7/11/2023,21:00,544
7/11/2023,21:15,552
7/11/2023,21:30,544
7/11/2023,21:45,544
7/11/2023,22:00,512
7/11/2023,22:15,512
7/11/2023,22:30,472
7/11/2023,22:45,464
7/11/2023,23:00,464
7/11/2023,23:15,424
7/11/2023,23:30,432
7/11/2023,23:45,424
7/12/2023,0:00,416
7/12/2023,0:15,424
7/12/2023,0:30,400
7/12/2023,0:45,408
7/12/2023,1:00,392
7/12/2023,1:15,400
7/12/2023,1:30,392
7/12/2023,1:45,392
7/12/2023,2:00,384
7/12/2023,2:15,384
7/12/2023,2:30,376
7/12/2023,2:45,376
7/12/2023,3:00,376
7/12/2023,3:15,384
7/12/2023,3:30,376
7/12/2023,3:45,360
7/12/2023,4:00,352
7/12/2023,4:15,368
7/12/2023,4:30,368
7/12/2023,4:45,344
7/12/2023,5:00,360
7/12/2023,5:15,352
7/12/2023,5:30,368
7/12/2023,5:45,360
7/12/2023,6:00,392
7/12/2023,6:15,392
7/12/2023,6:30,392
7/12/2023,6:45,400
7/12/2023,7:00,424
7/12/2023,7:15,416
7/12/2023,7:30,440
7/12/2023,7:45,456
7/12/2023,8:00,472
7/12/2023,8:15,488
7/12/2023,8:30,544
7/12/2023,8:45,560
7/12/2023,9:00,576
7/12/2023,9:15,600
7/12/2023,9:30,648
7/12/2023,9:45,672
7/12/2023,10:00,680
7/12/2023,10:15,680
7/12/2023,10:30,688
7/12/2023,10:45,688
7/12/2023,11:00,704
7/12/2023,11:15,728
7/12/2023,11:30,728
7/12/2023,11:45,760
7/12/2023,12:00,760
7/12/2023,12:15,760
7/12/2023,12:30,776
7/12/2023,12:45,784
7/12/2023,13:00,824
7/12/2023,13:15,816
7/12/2023,13:30,832
7/12/2023,13:45,816
7/12/2023,14:00,840
7/12/2023,14:15,832
7/12/2023,14:30,824
7/12/2023,14:45,824
7/12/2023,15:00,848
7/12/2023,15:15,832
7/12/2023,15:30,824
7/12/2023,15:45,800
7/12/2023,16:00,792
7/12/2023,16:15,792
7/12/2023,16:30,784
7/12/2023,16:45,760
7/12/2023,17:00,768
7/12/2023,17:15,776
7/12/2023,17:30,752
7/12/2023,17:45,744
7/12/2023,18:00,712
7/12/2023,18:15,704
7/12/2023,18:30,680
7/12/2023,18:45,672
7/12/2023,19:00,640
7/12/2023,19:15,632
7/12/2023,19:30,600
7/12/2023,19:45,592
7/12/2023,20:00,552
7/12/2023,20:15,552
7/12/2023,20:30,560
7/12/2023,20:45,536
7/12/2023,21:00,520
7/12/2023,21:15,528
7/12/2023,21:30,480
7/12/2023,21:45,440
7/12/2023,22:00,472
7/12/2023,22:15,432
7/12/2023,22:30,440
7/12/2023,22:45,448
7/12/2023,23:00,432
7/12/2023,23:15,416
7/12/2023,23:30,424
7/12/2023,23:45,432
7/13/2023,0:00,400
7/13/2023,0:15,424
7/13/2023,0:30,408
7/13/2023,0:45,400
7/13/2023,1:00,400
7/13/2023,1:15,400
7/13/2023,1:30,392
7/13/2023,1:45,408
7/13/2023,2:00,400
7/13/2023,2:15,384
7/13/2023,2:30,392
7/13/2023,2:45,384
7/13/2023,3:00,384
7/13/2023,3:15,392
7/13/2023,3:30,368
7/13/2023,3:45,392
7/13/2023,4:00,368
7/13/2023,4:15,384
7/13/2023,4:30,368
7/13/2023,4:45,360
7/13/2023,5:00,376
7/13/2023,5:15,360
7/13/2023,5:30,368
7/13/2023,5:45,368
7/13/2023,6:00,400
7/13/2023,6:15,400
7/13/2023,6:30,408
7/13/2023,6:45,416
7/13/2023,7:00,424
7/13/2023,7:15,456
7/13/2023,7:30,480
7/13/2023,7:45,536
7/13/2023,8:00,552
7/13/2023,8:15,584
7/13/2023,8:30,608
7/13/2023,8:45,672
7/13/2023,9:00,648
7/13/2023,9:15,696
7/13/2023,9:30,656
7/13/2023,9:45,696
7/13/2023,10:00,728
7/13/2023,10:15,720
7/13/2023,10:30,728
7/13/2023,10:45,760
7/13/2023,11:00,760
7/13/2023,11:15,768
7/13/2023,11:30,776
7/13/2023,11:45,776
7/13/2023,12:00,760
7/13/2023,12:15,776
7/13/2023,12:30,824
7/13/2023,12:45,848
7/13/2023,13:00,840
7/13/2023,13:15,832
7/13/2023,13:30,840
7/13/2023,13:45,832
7/13/2023,14:00,840
7/13/2023,14:15,856
7/13/2023,14:30,848
7/13/2023,14:45,832
7/13/2023,15:00,840
7/13/2023,15:15,848
7/13/2023,15:30,840
7/13/2023,15:45,848
7/13/2023,16:00,824
7/13/2023,16:15,832
7/13/2023,16:30,832
7/13/2023,16:45,840
7/13/2023,17:00,784
7/13/2023,17:15,768
7/13/2023,17:30,760
7/13/2023,17:45,768
7/13/2023,18:00,752
7/13/2023,18:15,720
7/13/2023,18:30,720
7/13/2023,18:45,712
7/13/2023,19:00,680
7/13/2023,19:15,664
7/13/2023,19:30,648
7/13/2023,19:45,648
7/13/2023,20:00,600
7/13/2023,20:15,576
7/13/2023,20:30,576
7/13/2023,20:45,592
7/13/2023,21:00,568
7/13/2023,21:15,560
7/13/2023,21:30,552
7/13/2023,21:45,544
7/13/2023,22:00,544
7/13/2023,22:15,536
7/13/2023,22:30,496
7/13/2023,22:45,504
7/13/2023,23:00,504
7/13/2023,23:15,504
7/13/2023,23:30,480
7/13/2023,23:45,448
7/14/2023,0:00,472
7/14/2023,0:15,448
7/14/2023,0:30,464
7/14/2023,0:45,448
7/14/2023,1:00,408
7/14/2023,1:15,440
7/14/2023,1:30,440
7/14/2023,1:45,432
7/14/2023,2:00,424
7/14/2023,2:15,424
7/14/2023,2:30,440
7/14/2023,2:45,408
7/14/2023,3:00,400
7/14/2023,3:15,400
7/14/2023,3:30,392
7/14/2023,3:45,392
7/14/2023,4:00,400
7/14/2023,4:15,408
7/14/2023,4:30,400
7/14/2023,4:45,416
7/14/2023,5:00,408
7/14/2023,5:15,400
7/14/2023,5:30,408
7/14/2023,5:45,424
7/14/2023,6:00,440
7/14/2023,6:15,440
7/14/2023,6:30,440
7/14/2023,6:45,432
7/14/2023,7:00,456
7/14/2023,7:15,472
7/14/2023,7:30,472
7/14/2023,7:45,480
7/14/2023,8:00,520
7/14/2023,8:15,560
7/14/2023,8:30,552
7/14/2023,8:45,592
7/14/2023,9:00,600
7/14/2023,9:15,640
7/14/2023,9:30,648
7/14/2023,9:45,664
7/14/2023,10:00,664
7/14/2023,10:15,696
7/14/2023,10:30,696
7/14/2023,10:45,712
7/14/2023,11:00,728
7/14/2023,11:15,752
7/14/2023,11:30,760
7/14/2023,11:45,800
7/14/2023,12:00,800
7/14/2023,12:15,800
7/14/2023,12:30,816
7/14/2023,12:45,824
7/14/2023,13:00,864
7/14/2023,13:15,880
7/14/2023,13:30,872
7/14/2023,13:45,872
7/14/2023,14:00,880
7/14/2023,14:15,920
7/14/2023,14:30,928
7/14/2023,14:45,920
7/14/2023,15:00,944
7/14/2023,15:15,912
7/14/2023,15:30,920
7/14/2023,15:45,912
7/14/2023,16:00,896
7/14/2023,16:15,904
7/14/2023,16:30,896
7/14/2023,16:45,896
7/14/2023,17:00,872
7/14/2023,17:15,880
7/14/2023,17:30,864
7/14/2023,17:45,824
7/14/2023,18:00,864
7/14/2023,18:15,832
7/14/2023,18:30,816
7/14/2023,18:45,816
7/14/2023,19:00,776
7/14/2023,19:15,752
7/14/2023,19:30,736
7/14/2023,19:45,672
7/14/2023,20:00,672
7/14/2023,20:15,648
7/14/2023,20:30,632
7/14/2023,20:45,616
7/14/2023,21:00,584
7/14/2023,21:15,576
7/14/2023,21:30,576
7/14/2023,21:45,544
7/14/2023,22:00,544
7/14/2023,22:15,544
7/14/2023,22:30,528
7/14/2023,22:45,552
7/14/2023,23:00,520
7/14/2023,23:15,512
7/14/2023,23:30,496
7/14/2023,23:45,480
7/15/2023,0:00,496
7/15/2023,0:15,520
7/15/2023,0:30,472
7/15/2023,0:45,440
7/15/2023,1:00,456
7/15/2023,1:15,440
7/15/2023,1:30,464
7/15/2023,1:45,424
7/15/2023,2:00,408
7/15/2023,2:15,456
7/15/2023,2:30,448
7/15/2023,2:45,440
7/15/2023,3:00,408
7/15/2023,3:15,432
7/15/2023,3:30,416
7/15/2023,3:45,416
7/15/2023,4:00,416
7/15/2023,4:15,408
7/15/2023,4:30,400
7/15/2023,4:45,416
7/15/2023,5:00,392
7/15/2023,5:15,384
7/15/2023,5:30,400
7/15/2023,5:45,384
7/15/2023,6:00,400
7/15/2023,6:15,384
7/15/2023,6:30,392
7/15/2023,6:45,400
7/15/2023,7:00,440
7/15/2023,7:15,424
7/15/2023,7:30,424
7/15/2023,7:45,448
7/15/2023,8:00,464
7/15/2023,8:15,456
7/15/2023,8:30,488
7/15/2023,8:45,504
7/15/2023,9:00,536
7/15/2023,9:15,560
7/15/2023,9:30,584
7/15/2023,9:45,592
7/15/2023,10:00,576
7/15/2023,10:15,616
7/15/2023,10:30,608
7/15/2023,10:45,624
7/15/2023,11:00,640
7/15/2023,11:15,656
7/15/2023,11:30,688
7/15/2023,11:45,672
7/15/2023,12:00,688
7/15/2023,12:15,712
7/15/2023,12:30,704
7/15/2023,12:45,744
7/15/2023,13:00,768
7/15/2023,13:15,800
7/15/2023,13:30,792
7/15/2023,13:45,776
7/15/2023,14:00,824
7/15/2023,14:15,832
7/15/2023,14:30,848
7/15/2023,14:45,888
7/15/2023,15:00,896
7/15/2023,15:15,888
7/15/2023,15:30,880
7/15/2023,15:45,872
7/15/2023,16:00,880
7/15/2023,16:15,872
7/15/2023,16:30,872
7/15/2023,16:45,880
7/15/2023,17:00,872
7/15/2023,17:15,880
7/15/2023,17:30,872
7/15/2023,17:45,864
7/15/2023,18:00,864
7/15/2023,18:15,856
7/15/2023,18:30,816
7/15/2023,18:45,832
7/15/2023,19:00,792
7/15/2023,19:15,776
7/15/2023,19:30,752
7/15/2023,19:45,728
7/15/2023,20:00,704
7/15/2023,20:15,648
7/15/2023,20:30,656
7/15/2023,20:45,656
7/15/2023,21:00,648
7/15/2023,21:15,608
7/15/2023,21:30,592
7/15/2023,21:45,592
7/15/2023,22:00,584
7/15/2023,22:15,584
7/15/2023,22:30,544
7/15/2023,22:45,568
7/15/2023,23:00,576
7/15/2023,23:15,560
7/15/2023,23:30,560
7/15/2023,23:45,528
7/16/2023,0:00,536
7/16/2023,0:15,552
7/16/2023,0:30,520
7/16/2023,0:45,536
7/16/2023,1:00,528
7/16/2023,1:15,512
7/16/2023,1:30,504
7/16/2023,1:45,528
7/16/2023,2:00,528
7/16/2023,2:15,504
7/16/2023,2:30,504
7/16/2023,2:45,472
7/16/2023,3:00,456
7/16/2023,3:15,472
7/16/2023,3:30,472
7/16/2023,3:45,472
7/16/2023,4:00,456
7/16/2023,4:15,448
7/16/2023,4:30,456
7/16/2023,4:45,440
7/16/2023,5:00,448
7/16/2023,5:15,432
7/16/2023,5:30,456
7/16/2023,5:45,432
7/16/2023,6:00,464
7/16/2023,6:15,440
7/16/2023,6:30,440
7/16/2023,6:45,472
7/16/2023,7:00,472
7/16/2023,7:15,480
7/16/2023,7:30,488
7/16/2023,7:45,520
7/16/2023,8:00,536
7/16/2023,8:15,552
7/16/2023,8:30,592
7/16/2023,8:45,592
7/16/2023,9:00,608
7/16/2023,9:15,624
7/16/2023,9:30,616
7/16/2023,9:45,648
7/16/2023,10:00,664
7/16/2023,10:15,696
7/16/2023,10:30,696
7/16/2023,10:45,736
7/16/2023,11:00,752
7/16/2023,11:15,752
7/16/2023,11:30,800
7/16/2023,11:45,776
7/16/2023,12:00,792
7/16/2023,12:15,824
7/16/2023,12:30,848
7/16/2023,12:45,872
7/16/2023,13:00,896
7/16/2023,13:15,912
7/16/2023,13:30,920
7/16/2023,13:45,936
7/16/2023,14:00,936
7/16/2023,14:15,944
7/16/2023,14:30,928
7/16/2023,14:45,936
7/16/2023,15:00,936
7/16/2023,15:15,944
7/16/2023,15:30,944
7/16/2023,15:45,928
7/16/2023,16:00,920
7/16/2023,16:15,920
7/16/2023,16:30,896
7/16/2023,16:45,864
7/16/2023,17:00,880
7/16/2023,17:15,888
7/16/2023,17:30,864
7/16/2023,17:45,840
7/16/2023,18:00,808
7/16/2023,18:15,792
7/16/2023,18:30,772
7/16/2023,18:45,752
7/16/2023,19:00,752
7/16/2023,19:15,680
7/16/2023,19:30,664
7/16/2023,19:45,656
7/16/2023,20:00,640
7/16/2023,20:15,624
7/16/2023,20:30,608
7/16/2023,20:45,608
7/16/2023,21:00,584
7/16/2023,21:15,584
7/16/2023,21:30,568
7/16/2023,21:45,552
7/16/2023,22:00,552
7/16/2023,22:15,544
7/16/2023,22:30,552
7/16/2023,22:45,544
7/16/2023,23:00,544
7/16/2023,23:15,528
7/16/2023,23:30,520
7/16/2023,23:45,544
7/17/2023,0:00,512
7/17/2023,0:15,528
7/17/2023,0:30,496
7/17/2023,0:45,504
7/17/2023,1:00,536
7/17/2023,1:15,480
7/17/2023,1:30,448
7/17/2023,1:45,504
7/17/2023,2:00,472
7/17/2023,2:15,472
7/17/2023,2:30,456
7/17/2023,2:45,440
7/17/2023,3:00,464
7/17/2023,3:15,464
7/17/2023,3:30,464
7/17/2023,3:45,440
7/17/2023,4:00,440
7/17/2023,4:15,464
7/17/2023,4:30,456
7/17/2023,4:45,440
7/17/2023,5:00,432
7/17/2023,5:15,448
7/17/2023,5:30,456
7/17/2023,5:45,448
7/17/2023,6:00,472
7/17/2023,6:15,480
7/17/2023,6:30,488
7/17/2023,6:45,488
7/17/2023,7:00,512
7/17/2023,7:15,528
7/17/2023,7:30,576
7/17/2023,7:45,576
7/17/2023,8:00,600
7/17/2023,8:15,608
7/17/2023,8:30,640
7/17/2023,8:45,664
7/17/2023,9:00,664
7/17/2023,9:15,696
7/17/2023,9:30,720
7/17/2023,9:45,736
7/17/2023,10:00,744
7/17/2023,10:15,744
7/17/2023,10:30,768
7/17/2023,10:45,792
7/17/2023,11:00,824
7/17/2023,11:15,848
7/17/2023,11:30,880
7/17/2023,11:45,896
7/17/2023,12:00,920
7/17/2023,12:15,912
7/17/2023,12:30,928
7/17/2023,12:45,944
7/17/2023,13:00,936
7/17/2023,13:15,960
7/17/2023,13:30,968
7/17/2023,13:45,992
7/17/2023,14:00,1008
7/17/2023,14:15,1024
7/17/2023,14:30,1024
7/17/2023,14:45,1040
7/17/2023,15:00,1032
7/17/2023,15:15,1032
7/17/2023,15:30,1032
7/17/2023,15:45,1016
7/17/2023,16:00,1040
7/17/2023,16:15,1032
7/17/2023,16:30,1024
7/17/2023,16:45,992
7/17/2023,17:00,960
7/17/2023,17:15,960
7/17/2023,17:30,952
7/17/2023,17:45,920
7/17/2023,18:00,904
7/17/2023,18:15,856
7/17/2023,18:30,832
7/17/2023,18:45,808
7/17/2023,19:00,792
7/17/2023,19:15,776
7/17/2023,19:30,768
7/17/2023,19:45,728
7/17/2023,20:00,672
7/17/2023,20:15,664
7/17/2023,20:30,488
7/17/2023,20:45,488
7/17/2023,21:00,568
7/17/2023,21:15,600
7/17/2023,21:30,600
7/17/2023,21:45,552
7/17/2023,22:00,552
7/17/2023,22:15,560
7/17/2023,22:30,528
7/17/2023,22:45,536
7/17/2023,23:00,536
7/17/2023,23:15,520
7/17/2023,23:30,520
7/17/2023,23:45,520
7/18/2023,0:00,512
7/18/2023,0:15,504
7/18/2023,0:30,472
7/18/2023,0:45,496
7/18/2023,1:00,456
7/18/2023,1:15,472
7/18/2023,1:30,448
7/18/2023,1:45,472
7/18/2023,2:00,456
7/18/2023,2:15,456
7/18/2023,2:30,448
7/18/2023,2:45,440
7/18/2023,3:00,456
7/18/2023,3:15,416
7/18/2023,3:30,440
7/18/2023,3:45,408
7/18/2023,4:00,416
7/18/2023,4:15,408
7/18/2023,4:30,408
7/18/2023,4:45,400
7/18/2023,5:00,424
7/18/2023,5:15,416
7/18/2023,5:30,416
7/18/2023,5:45,424
7/18/2023,6:00,448
7/18/2023,6:15,432
7/18/2023,6:30,448
7/18/2023,6:45,464
7/18/2023,7:00,472
7/18/2023,7:15,520
7/18/2023,7:30,528
7/18/2023,7:45,592
7/18/2023,8:00,608
7/18/2023,8:15,616
7/18/2023,8:30,648
7/18/2023,8:45,696
7/18/2023,9:00,688
7/18/2023,9:15,688
7/18/2023,9:30,720
7/18/2023,9:45,712
7/18/2023,10:00,728
7/18/2023,10:15,728
7/18/2023,10:30,728
7/18/2023,10:45,760
7/18/2023,11:00,760
7/18/2023,11:15,792
7/18/2023,11:30,816
7/18/2023,11:45,816
7/18/2023,12:00,848
7/18/2023,12:15,864
7/18/2023,12:30,864
7/18/2023,12:45,880
7/18/2023,13:00,912
7/18/2023,13:15,888
7/18/2023,13:30,880
7/18/2023,13:45,872
7/18/2023,14:00,864
7/18/2023,14:15,856
7/18/2023,14:30,880
7/18/2023,14:45,880
7/18/2023,15:00,888
7/18/2023,15:15,864
7/18/2023,15:30,864
7/18/2023,15:45,888
7/18/2023,16:00,864
7/18/2023,16:15,864
7/18/2023,16:30,848
7/18/2023,16:45,816
7/18/2023,17:00,800
7/18/2023,17:15,800
7/18/2023,17:30,768
7/18/2023,17:45,728
7/18/2023,18:00,728
7/18/2023,18:15,712
7/18/2023,18:30,696
7/18/2023,18:45,664
7/18/2023,19:00,648
7/18/2023,19:15,624
7/18/2023,19:30,608
7/18/2023,19:45,592
7/18/2023,20:00,568
7/18/2023,20:15,544
7/18/2023,20:30,552
7/18/2023,20:45,568
7/18/2023,21:00,512
7/18/2023,21:15,512
7/18/2023,21:30,488
7/18/2023,21:45,480
7/18/2023,22:00,464
7/18/2023,22:15,456
7/18/2023,22:30,480
7/18/2023,22:45,448
7/18/2023,23:00,424
7/18/2023,23:15,464
7/18/2023,23:30,448
7/18/2023,23:45,440
7/19/2023,0:00,440
7/19/2023,0:15,440
7/19/2023,0:30,448
7/19/2023,0:45,408
7/19/2023,1:00,432
7/19/2023,1:15,416
7/19/2023,1:30,424
7/19/2023,1:45,424
7/19/2023,2:00,432
7/19/2023,2:15,416
7/19/2023,2:30,416
7/19/2023,2:45,400
7/19/2023,3:00,400
7/19/2023,3:15,400
7/19/2023,3:30,384
7/19/2023,3:45,400
7/19/2023,4:00,408
7/19/2023,4:15,408
7/19/2023,4:30,408
7/19/2023,4:45,412
7/19/2023,5:00,416
7/19/2023,5:15,432
7/19/2023,5:30,400
7/19/2023,5:45,424
7/19/2023,6:00,432
7/19/2023,6:15,464
7/19/2023,6:30,448
7/19/2023,6:45,448
7/19/2023,7:00,456
7/19/2023,7:15,448
7/19/2023,7:30,472
7/19/2023,7:45,488
7/19/2023,8:00,480
7/19/2023,8:15,496
7/19/2023,8:30,528
7/19/2023,8:45,544
7/19/2023,9:00,560
7/19/2023,9:15,576
7/19/2023,9:30,584
7/19/2023,9:45,608
7/19/2023,10:00,656
7/19/2023,10:15,648
7/19/2023,10:30,688
7/19/2023,10:45,680
7/19/2023,11:00,704
7/19/2023,11:15,688
7/19/2023,11:30,720
7/19/2023,11:45,704
7/19/2023,12:00,720
7/19/2023,12:15,720
7/19/2023,12:30,736
7/19/2023,12:45,760
7/19/2023,13:00,776
7/19/2023,13:15,776
7/19/2023,13:30,832
7/19/2023,13:45,840
7/19/2023,14:00,864
7/19/2023,14:15,864
7/19/2023,14:30,888
7/19/2023,14:45,896
7/19/2023,15:00,864
7/19/2023,15:15,848
7/19/2023,15:30,848
7/19/2023,15:45,880
7/19/2023,16:00,848
7/19/2023,16:15,816
7/19/2023,16:30,808
7/19/2023,16:45,792
7/19/2023,17:00,768
7/19/2023,17:15,768
7/19/2023,17:30,760
7/19/2023,17:45,736
7/19/2023,18:00,720
7/19/2023,18:15,728
7/19/2023,18:30,712
7/19/2023,18:45,688
7/19/2023,19:00,672
7/19/2023,19:15,656
7/19/2023,19:30,624
7/19/2023,19:45,616
7/19/2023,20:00,584
7/19/2023,20:15,568
7/19/2023,20:30,552
7/19/2023,20:45,544
7/19/2023,21:00,536
7/19/2023,21:15,512
7/19/2023,21:30,496
7/19/2023,21:45,496
7/19/2023,22:00,496
7/19/2023,22:15,472
7/19/2023,22:30,424
7/19/2023,22:45,440
7/19/2023,23:00,440
7/19/2023,23:15,400
7/19/2023,23:30,400
7/19/2023,23:45,392
7/20/2023,0:00,392
7/20/2023,0:15,384
7/20/2023,0:30,392
7/20/2023,0:45,392
7/20/2023,1:00,392
7/20/2023,1:15,384
7/20/2023,1:30,384
7/20/2023,1:45,392
7/20/2023,2:00,392
7/20/2023,2:15,384
7/20/2023,2:30,384
7/20/2023,2:45,392
7/20/2023,3:00,376
7/20/2023,3:15,368
7/20/2023,3:30,360
7/20/2023,3:45,352
7/20/2023,4:00,360
7/20/2023,4:15,352
7/20/2023,4:30,376
7/20/2023,4:45,360
7/20/2023,5:00,352
7/20/2023,5:15,360
7/20/2023,5:30,368
7/20/2023,5:45,376
7/20/2023,6:00,392
7/20/2023,6:15,384
7/20/2023,6:30,392
7/20/2023,6:45,408
7/20/2023,7:00,416
7/20/2023,7:15,432
7/20/2023,7:30,432
7/20/2023,7:45,432
7/20/2023,8:00,448
7/20/2023,8:15,464
7/20/2023,8:30,464
7/20/2023,8:45,516
7/20/2023,9:00,568
7/20/2023,9:15,552
7/20/2023,9:30,600
7/20/2023,9:45,648
7/20/2023,10:00,648
7/20/2023,10:15,680
7/20/2023,10:30,688
7/20/2023,10:45,688
7/20/2023,11:00,696
7/20/2023,11:15,728
7/20/2023,11:30,720
7/20/2023,11:45,752
7/20/2023,12:00,768
7/20/2023,12:15,768
7/20/2023,12:30,824
7/20/2023,12:45,816
7/20/2023,13:00,800
7/20/2023,13:15,824
7/20/2023,13:30,840
7/20/2023,13:45,872
7/20/2023,14:00,880
7/20/2023,14:15,896
7/20/2023,14:30,888
7/20/2023,14:45,904
7/20/2023,15:00,872
7/20/2023,15:15,888
7/20/2023,15:30,904
7/20/2023,15:45,912
7/20/2023,16:00,888
7/20/2023,16:15,888
7/20/2023,16:30,872
7/20/2023,16:45,880
7/20/2023,17:00,832
7/20/2023,17:15,816
7/20/2023,17:30,832
7/20/2023,17:45,784
7/20/2023,18:00,784
7/20/2023,18:15,792
7/20/2023,18:30,752
7/20/2023,18:45,736
7/20/2023,19:00,720
7/20/2023,19:15,688
7/20/2023,19:30,656
7/20/2023,19:45,648
7/20/2023,20:00,616
7/20/2023,20:15,592
7/20/2023,20:30,560
7/20/2023,20:45,568
7/20/2023,21:00,560
7/20/2023,21:15,536
7/20/2023,21:30,528
7/20/2023,21:45,520
7/20/2023,22:00,512
7/20/2023,22:15,528
7/20/2023,22:30,496
7/20/2023,22:45,496
7/20/2023,23:00,504
7/20/2023,23:15,480
7/20/2023,23:30,464
7/20/2023,23:45,456
7/21/2023,0:00,456
7/21/2023,0:15,440
7/21/2023,0:30,424
7/21/2023,0:45,432
7/21/2023,1:00,416
7/21/2023,1:15,424
7/21/2023,1:30,432
7/21/2023,1:45,424
7/21/2023,2:00,416
7/21/2023,2:15,416
7/21/2023,2:30,432
7/21/2023,2:45,392
7/21/2023,3:00,408
7/21/2023,3:15,384
7/21/2023,3:30,384
7/21/2023,3:45,384
7/21/2023,4:00,392
7/21/2023,4:15,384
7/21/2023,4:30,392
7/21/2023,4:45,384
7/21/2023,5:00,392
7/21/2023,5:15,392
7/21/2023,5:30,376
7/21/2023,5:45,416
7/21/2023,6:00,416
7/21/2023,6:15,432
7/21/2023,6:30,424
7/21/2023,6:45,432
7/21/2023,7:00,440
7/21/2023,7:15,496
7/21/2023,7:30,512
7/21/2023,7:45,552
7/21/2023,8:00,568
7/21/2023,8:15,600
7/21/2023,8:30,608
7/21/2023,8:45,648
7/21/2023,9:00,648
7/21/2023,9:15,688
7/21/2023,9:30,696
7/21/2023,9:45,704
7/21/2023,10:00,720
7/21/2023,10:15,712
7/21/2023,10:30,728
7/21/2023,10:45,760
7/21/2023,11:00,784
7/21/2023,11:15,800
7/21/2023,11:30,808
7/21/2023,11:45,824
7/21/2023,12:00,792
7/21/2023,12:15,832
7/21/2023,12:30,840
7/21/2023,12:45,848
7/21/2023,13:00,880
7/21/2023,13:15,888
7/21/2023,13:30,864
7/21/2023,13:45,888
7/21/2023,14:00,912
7/21/2023,14:15,896
7/21/2023,14:30,896
7/21/2023,14:45,888
7/21/2023,15:00,880
7/21/2023,15:15,904
7/21/2023,15:30,888
7/21/2023,15:45,880
7/21/2023,16:00,896
7/21/2023,16:15,936
7/21/2023,16:30,920
7/21/2023,16:45,896
7/21/2023,17:00,880
7/21/2023,17:15,840
7/21/2023,17:30,864
7/21/2023,17:45,856
7/21/2023,18:00,808
7/21/2023,18:15,824
7/21/2023,18:30,808
7/21/2023,18:45,784
7/21/2023,19:00,768
7/21/2023,19:15,744
7/21/2023,19:30,728
7/21/2023,19:45,680
7/21/2023,20:00,632
7/21/2023,20:15,664
7/21/2023,20:30,608
7/21/2023,20:45,600
7/21/2023,21:00,584
7/21/2023,21:15,552
7/21/2023,21:30,560
7/21/2023,21:45,536
7/21/2023,22:00,528
7/21/2023,22:15,520
7/21/2023,22:30,504
7/21/2023,22:45,496
7/21/2023,23:00,512
7/21/2023,23:15,472
7/21/2023,23:30,488
7/21/2023,23:45,480
7/22/2023,0:00,472
7/22/2023,0:15,472
7/22/2023,0:30,440
7/22/2023,0:45,448
7/22/2023,1:00,408
7/22/2023,1:15,448
7/22/2023,1:30,424
7/22/2023,1:45,408
7/22/2023,2:00,400
7/22/2023,2:15,424
7/22/2023,2:30,416
7/22/2023,2:45,408
7/22/2023,3:00,408
7/22/2023,3:15,392
7/22/2023,3:30,400
7/22/2023,3:45,408
7/22/2023,4:00,400
7/22/2023,4:15,376
7/22/2023,4:30,400
7/22/2023,4:45,384
7/22/2023,5:00,384
7/22/2023,5:15,384
7/22/2023,5:30,384
7/22/2023,5:45,400
7/22/2023,6:00,384
7/22/2023,6:15,400
7/22/2023,6:30,376
7/22/2023,6:45,384
7/22/2023,7:00,392
7/22/2023,7:15,440
7/22/2023,7:30,440
7/22/2023,7:45,424
7/22/2023,8:00,480
7/22/2023,8:15,488
7/22/2023,8:30,496
7/22/2023,8:45,512
7/22/2023,9:00,552
7/22/2023,9:15,552
7/22/2023,9:30,592
7/22/2023,9:45,568
7/22/2023,10:00,592
7/22/2023,10:15,608
7/22/2023,10:30,600
7/22/2023,10:45,632
7/22/2023,11:00,632
7/22/2023,11:15,656
7/22/2023,11:30,656
7/22/2023,11:45,688
7/22/2023,12:00,680
7/22/2023,12:15,728
7/22/2023,12:30,728
7/22/2023,12:45,752
7/22/2023,13:00,760
7/22/2023,13:15,760
7/22/2023,13:30,768
7/22/2023,13:45,784
7/22/2023,14:00,808
7/22/2023,14:15,792
7/22/2023,14:30,784
7/22/2023,14:45,816
7/22/2023,15:00,800
7/22/2023,15:15,832
7/22/2023,15:30,864
7/22/2023,15:45,832
7/22/2023,16:00,880
7/22/2023,16:15,856
7/22/2023,16:30,864
7/22/2023,16:45,864
7/22/2023,17:00,840
7/22/2023,17:15,856
7/22/2023,17:30,824
7/22/2023,17:45,792
7/22/2023,18:00,800
7/22/2023,18:15,784
7/22/2023,18:30,808
7/22/2023,18:45,760
7/22/2023,19:00,752
7/22/2023,19:15,752
7/22/2023,19:30,696
7/22/2023,19:45,656
7/22/2023,20:00,632
7/22/2023,20:15,640
7/22/2023,20:30,608
7/22/2023,20:45,608
7/22/2023,21:00,584
7/22/2023,21:15,560
7/22/2023,21:30,568
7/22/2023,21:45,544
7/22/2023,22:00,544
7/22/2023,22:15,536
7/22/2023,22:30,528
7/22/2023,22:45,528
7/22/2023,23:00,536
7/22/2023,23:15,504
7/22/2023,23:30,520
7/22/2023,23:45,496
7/23/2023,0:00,496
7/23/2023,0:15,496
7/23/2023,0:30,488
7/23/2023,0:45,488
7/23/2023,1:00,440
7/23/2023,1:15,480
7/23/2023,1:30,440
7/23/2023,1:45,456
7/23/2023,2:00,456
7/23/2023,2:15,432
7/23/2023,2:30,424
7/23/2023,2:45,424
7/23/2023,3:00,432
7/23/2023,3:15,400
7/23/2023,3:30,432
7/23/2023,3:45,424
7/23/2023,4:00,432
7/23/2023,4:15,416
7/23/2023,4:30,408
7/23/2023,4:45,424
7/23/2023,5:00,424
7/23/2023,5:15,416
7/23/2023,5:30,392
7/23/2023,5:45,400
7/23/2023,6:00,392
7/23/2023,6:15,400
7/23/2023,6:30,384
7/23/2023,6:45,400
7/23/2023,7:00,408
7/23/2023,7:15,432
7/23/2023,7:30,440
7/23/2023,7:45,488
7/23/2023,8:00,488
7/23/2023,8:15,472
7/23/2023,8:30,528
7/23/2023,8:45,520
7/23/2023,9:00,560
7/23/2023,9:15,560
7/23/2023,9:30,544
7/23/2023,9:45,544
7/23/2023,10:00,560
7/23/2023,10:15,560
7/23/2023,10:30,600
7/23/2023,10:45,632
7/23/2023,11:00,592
7/23/2023,11:15,624
7/23/2023,11:30,592
7/23/2023,11:45,616
7/23/2023,12:00,656
7/23/2023,12:15,680
7/23/2023,12:30,712
7/23/2023,12:45,712
7/23/2023,13:00,728
7/23/2023,13:15,736
7/23/2023,13:30,744
7/23/2023,13:45,752
7/23/2023,14:00,768
7/23/2023,14:15,760
7/23/2023,14:30,768
7/23/2023,14:45,784
7/23/2023,15:00,792
7/23/2023,15:15,760
7/23/2023,15:30,760
7/23/2023,15:45,752
7/23/2023,16:00,776
7/23/2023,16:15,776
7/23/2023,16:30,744
7/23/2023,16:45,736
7/23/2023,17:00,744
7/23/2023,17:15,728
7/23/2023,17:30,736
7/23/2023,17:45,712
7/23/2023,18:00,704
7/23/2023,18:15,696
7/23/2023,18:30,664
7/23/2023,18:45,664
7/23/2023,19:00,648
7/23/2023,19:15,608
7/23/2023,19:30,608
7/23/2023,19:45,592
7/23/2023,20:00,576
7/23/2023,20:15,536
7/23/2023,20:30,544
7/23/2023,20:45,536
7/23/2023,21:00,520
7/23/2023,21:15,488
7/23/2023,21:30,480
7/23/2023,21:45,456
7/23/2023,22:00,432
7/23/2023,22:15,392
7/23/2023,22:30,432
7/23/2023,22:45,400
7/23/2023,23:00,432
7/23/2023,23:15,408
7/23/2023,23:30,400
7/23/2023,23:45,400
7/24/2023,0:00,400
7/24/2023,0:15,384
7/24/2023,0:30,368
7/24/2023,0:45,384
7/24/2023,1:00,392
7/24/2023,1:15,384
7/24/2023,1:30,360
7/24/2023,1:45,368
7/24/2023,2:00,384
7/24/2023,2:15,384
7/24/2023,2:30,376
7/24/2023,2:45,368
7/24/2023,3:00,384
7/24/2023,3:15,384
7/24/2023,3:30,392
7/24/2023,3:45,360
7/24/2023,4:00,384
7/24/2023,4:15,368
7/24/2023,4:30,368
7/24/2023,4:45,376
7/24/2023,5:00,368
7/24/2023,5:15,360
7/24/2023,5:30,392
7/24/2023,5:45,384
7/24/2023,6:00,408
7/24/2023,6:15,416
7/24/2023,6:30,416
7/24/2023,6:45,408
7/24/2023,7:00,440
7/24/2023,7:15,424
7/24/2023,7:30,472
7/24/2023,7:45,480
7/24/2023,8:00,528
7/24/2023,8:15,552
7/24/2023,8:30,576
7/24/2023,8:45,584
7/24/2023,9:00,608
7/24/2023,9:15,616
7/24/2023,9:30,632
7/24/2023,9:45,616
7/24/2023,10:00,688
7/24/2023,10:15,672
7/24/2023,10:30,680
7/24/2023,10:45,672
7/24/2023,11:00,696
7/24/2023,11:15,704
7/24/2023,11:30,736
7/24/2023,11:45,704
7/24/2023,12:00,752
7/24/2023,12:15,752
7/24/2023,12:30,752
7/24/2023,12:45,768
7/24/2023,13:00,760
7/24/2023,13:15,776
7/24/2023,13:30,736
7/24/2023,13:45,768
7/24/2023,14:00,792
7/24/2023,14:15,800
7/24/2023,14:30,784
7/24/2023,14:45,776
7/24/2023,15:00,792
7/24/2023,15:15,792
7/24/2023,15:30,768
7/24/2023,15:45,760
7/24/2023,16:00,760
7/24/2023,16:15,768
7/24/2023,16:30,776
7/24/2023,16:45,736
7/24/2023,17:00,736
7/24/2023,17:15,704
7/24/2023,17:30,696
7/24/2023,17:45,664
7/24/2023,18:00,664
7/24/2023,18:15,640
7/24/2023,18:30,624
7/24/2023,18:45,632
7/24/2023,19:00,624
7/24/2023,19:15,592
7/24/2023,19:30,576
7/24/2023,19:45,584
7/24/2023,20:00,560
7/24/2023,20:15,544
7/24/2023,20:30,544
7/24/2023,20:45,544
7/24/2023,21:00,528
7/24/2023,21:15,512
7/24/2023,21:30,520
7/24/2023,21:45,464
7/24/2023,22:00,464
7/24/2023,22:15,448
7/24/2023,22:30,464
7/24/2023,22:45,472
7/24/2023,23:00,424
7/24/2023,23:15,424
7/24/2023,23:30,416
7/24/2023,23:45,440
7/25/2023,0:00,408
7/25/2023,0:15,424
7/25/2023,0:30,408
7/25/2023,0:45,424
7/25/2023,1:00,392
7/25/2023,1:15,400
7/25/2023,1:30,408
7/25/2023,1:45,384
7/25/2023,2:00,416
7/25/2023,2:15,376
7/25/2023,2:30,408
7/25/2023,2:45,376
7/25/2023,3:00,400
7/25/2023,3:15,384
7/25/2023,3:30,408
7/25/2023,3:45,384
7/25/2023,4:00,392
7/25/2023,4:15,392
7/25/2023,4:30,392
7/25/2023,4:45,384
7/25/2023,5:00,384
7/25/2023,5:15,376
7/25/2023,5:30,400
7/25/2023,5:45,392
7/25/2023,6:00,400
7/25/2023,6:15,416
7/25/2023,6:30,408
7/25/2023,6:45,408
7/25/2023,7:00,448
7/25/2023,7:15,432
7/25/2023,7:30,504
7/25/2023,7:45,536
7/25/2023,8:00,536
7/25/2023,8:15,576
7/25/2023,8:30,624
7/25/2023,8:45,640
7/25/2023,9:00,680
7/25/2023,9:15,672
7/25/2023,9:30,696
7/25/2023,9:45,696
7/25/2023,10:00,712
7/25/2023,10:15,712
7/25/2023,10:30,704
7/25/2023,10:45,736
7/25/2023,11:00,760
7/25/2023,11:15,784
7/25/2023,11:30,784
7/25/2023,11:45,784
7/25/2023,12:00,768
7/25/2023,12:15,792
7/25/2023,12:30,800
7/25/2023,12:45,792
7/25/2023,13:00,808
7/25/2023,13:15,816
7/25/2023,13:30,832
7/25/2023,13:45,848
7/25/2023,14:00,880
7/25/2023,14:15,896
7/25/2023,14:30,912
7/25/2023,14:45,888
7/25/2023,15:00,888
7/25/2023,15:15,920
7/25/2023,15:30,912
7/25/2023,15:45,864
7/25/2023,16:00,872
7/25/2023,16:15,856
7/25/2023,16:30,848
7/25/2023,16:45,840
7/25/2023,17:00,816
7/25/2023,17:15,840
7/25/2023,17:30,824
7/25/2023,17:45,776
7/25/2023,18:00,768
7/25/2023,18:15,752
7/25/2023,18:30,728
7/25/2023,18:45,736
7/25/2023,19:00,712
7/25/2023,19:15,680
7/25/2023,19:30,616
7/25/2023,19:45,624
7/25/2023,20:00,600
7/25/2023,20:15,584
7/25/2023,20:30,576
7/25/2023,20:45,568
7/25/2023,21:00,552
7/25/2023,21:15,592
7/25/2023,21:30,552
7/25/2023,21:45,552
7/25/2023,22:00,544
7/25/2023,22:15,536
7/25/2023,22:30,512
7/25/2023,22:45,520
7/25/2023,23:00,496
7/25/2023,23:15,512
7/25/2023,23:30,496
7/25/2023,23:45,504
7/26/2023,0:00,472
7/26/2023,0:15,496
7/26/2023,0:30,464
7/26/2023,0:45,456
7/26/2023,1:00,464
7/26/2023,1:15,472
7/26/2023,1:30,440
7/26/2023,1:45,472
7/26/2023,2:00,440
7/26/2023,2:15,448
7/26/2023,2:30,424
7/26/2023,2:45,448
7/26/2023,3:00,432
7/26/2023,3:15,416
7/26/2023,3:30,408
7/26/2023,3:45,408
7/26/2023,4:00,416
7/26/2023,4:15,400
7/26/2023,4:30,416
7/26/2023,4:45,408
7/26/2023,5:00,400
7/26/2023,5:15,376
7/26/2023,5:30,416
7/26/2023,5:45,384
7/26/2023,6:00,424
7/26/2023,6:15,416
7/26/2023,6:30,432
7/26/2023,6:45,432
7/26/2023,7:00,464
7/26/2023,7:15,512
7/26/2023,7:30,520
7/26/2023,7:45,568
7/26/2023,8:00,592
7/26/2023,8:15,608
7/26/2023,8:30,616
7/26/2023,8:45,624
7/26/2023,9:00,616
7/26/2023,9:15,624
7/26/2023,9:30,664
7/26/2023,9:45,664
7/26/2023,10:00,680
7/26/2023,10:15,704
7/26/2023,10:30,712
7/26/2023,10:45,696
7/26/2023,11:00,752
7/26/2023,11:15,760
7/26/2023,11:30,760
7/26/2023,11:45,768
7/26/2023,12:00,760
7/26/2023,12:15,760
7/26/2023,12:30,792
7/26/2023,12:45,792
7/26/2023,13:00,824
7/26/2023,13:15,848
7/26/2023,13:30,840
7/26/2023,13:45,856
7/26/2023,14:00,840
7/26/2023,14:15,832
7/26/2023,14:30,904
7/26/2023,14:45,880
7/26/2023,15:00,840
7/26/2023,15:15,872
7/26/2023,15:30,872
7/26/2023,15:45,872
7/26/2023,16:00,856
7/26/2023,16:15,880
7/26/2023,16:30,872
7/26/2023,16:45,808
7/26/2023,17:00,816
7/26/2023,17:15,808
7/26/2023,17:30,792
7/26/2023,17:45,768
7/26/2023,18:00,744
7/26/2023,18:15,744
7/26/2023,18:30,712
7/26/2023,18:45,688
7/26/2023,19:00,656
7/26/2023,19:15,632
7/26/2023,19:30,608
7/26/2023,19:45,600
7/26/2023,20:00,592
7/26/2023,20:15,568
7/26/2023,20:30,568
7/26/2023,20:45,552
7/26/2023,21:00,552
7/26/2023,21:15,512
7/26/2023,21:30,464
7/26/2023,21:45,496
7/26/2023,22:00,480
7/26/2023,22:15,456
7/26/2023,22:30,424
7/26/2023,22:45,416
7/26/2023,23:00,416
7/26/2023,23:15,392
7/26/2023,23:30,384
7/26/2023,23:45,384
7/27/2023,0:00,376
7/27/2023,0:15,376
7/27/2023,0:30,384
7/27/2023,0:45,384
7/27/2023,1:00,384
7/27/2023,1:15,360
7/27/2023,1:30,384
7/27/2023,1:45,368
7/27/2023,2:00,376
7/27/2023,2:15,368
7/27/2023,2:30,384
7/27/2023,2:45,368
7/27/2023,3:00,384
7/27/2023,3:15,368
7/27/2023,3:30,376
7/27/2023,3:45,376
7/27/2023,4:00,376
7/27/2023,4:15,368
7/27/2023,4:30,360
7/27/2023,4:45,368
7/27/2023,5:00,360
7/27/2023,5:15,352
7/27/2023,5:30,368
7/27/2023,5:45,384
7/27/2023,6:00,392
7/27/2023,6:15,392
7/27/2023,6:30,400
7/27/2023,6:45,408
7/27/2023,7:00,424
7/27/2023,7:15,416
7/27/2023,7:30,440
7/27/2023,7:45,440
7/27/2023,8:00,464
7/27/2023,8:15,472
7/27/2023,8:30,512
7/27/2023,8:45,528
7/27/2023,9:00,528
7/27/2023,9:15,576
7/27/2023,9:30,568
7/27/2023,9:45,632
7/27/2023,10:00,640
7/27/2023,10:15,696
7/27/2023,10:30,704
7/27/2023,10:45,720
7/27/2023,11:00,696
7/27/2023,11:15,712
7/27/2023,11:30,744
7/27/2023,11:45,744
7/27/2023,12:00,752
7/27/2023,12:15,736
7/27/2023,12:30,744
7/27/2023,12:45,752
7/27/2023,13:00,776
7/27/2023,13:15,792
7/27/2023,13:30,776
7/27/2023,13:45,776
7/27/2023,14:00,784
7/27/2023,14:15,768
7/27/2023,14:30,776
7/27/2023,14:45,768
7/27/2023,15:00,768
7/27/2023,15:15,760
7/27/2023,15:30,752
7/27/2023,15:45,736
7/27/2023,16:00,752
7/27/2023,16:15,712
7/27/2023,16:30,688
7/27/2023,16:45,696
7/27/2023,17:00,688
7/27/2023,17:15,664
7/27/2023,17:30,640
7/27/2023,17:45,616
7/27/2023,18:00,600
7/27/2023,18:15,592
7/27/2023,18:30,560
7/27/2023,18:45,584
7/27/2023,19:00,576
7/27/2023,19:15,552
7/27/2023,19:30,576
7/27/2023,19:45,544
7/27/2023,20:00,560
7/27/2023,20:15,544
7/27/2023,20:30,504
7/27/2023,20:45,488
7/27/2023,21:00,488
7/27/2023,21:15,480
7/27/2023,21:30,480
7/27/2023,21:45,464
7/27/2023,22:00,472
7/27/2023,22:15,472
7/27/2023,22:30,440
7/27/2023,22:45,424
7/27/2023,23:00,432
7/27/2023,23:15,424
7/27/2023,23:30,400
7/27/2023,23:45,424
7/28/2023,0:00,400
7/28/2023,0:15,408
7/28/2023,0:30,416
7/28/2023,0:45,376
7/28/2023,1:00,392
7/28/2023,1:15,368
7/28/2023,1:30,376
7/28/2023,1:45,368
7/28/2023,2:00,384
7/28/2023,2:15,376
7/28/2023,2:30,376
7/28/2023,2:45,376
7/28/2023,3:00,384
7/28/2023,3:15,376
7/28/2023,3:30,368
7/28/2023,3:45,368
7/28/2023,4:00,376
7/28/2023,4:15,376
7/28/2023,4:30,376
7/28/2023,4:45,368
7/28/2023,5:00,352
7/28/2023,5:15,368
7/28/2023,5:30,368
7/28/2023,5:45,384
7/28/2023,6:00,400
7/28/2023,6:15,400
7/28/2023,6:30,408
7/28/2023,6:45,400
7/28/2023,7:00,424
7/28/2023,7:15,424
7/28/2023,7:30,456
7/28/2023,7:45,464
7/28/2023,8:00,512
7/28/2023,8:15,536
7/28/2023,8:30,552
7/28/2023,8:45,592
7/28/2023,9:00,608
7/28/2023,9:15,624
7/28/2023,9:30,640
7/28/2023,9:45,656
7/28/2023,10:00,712
7/28/2023,10:15,680
7/28/2023,10:30,704
7/28/2023,10:45,688
7/28/2023,11:00,696
7/28/2023,11:15,704
7/28/2023,11:30,720
7/28/2023,11:45,720
7/28/2023,12:00,752
7/28/2023,12:15,728
7/28/2023,12:30,744
7/28/2023,12:45,744
7/28/2023,13:00,752
7/28/2023,13:15,728
7/28/2023,13:30,752
7/28/2023,13:45,760
7/28/2023,14:00,776
7/28/2023,14:15,760
7/28/2023,14:30,776
7/28/2023,14:45,776
7/28/2023,15:00,760
7/28/2023,15:15,744
7/28/2023,15:30,768
7/28/2023,15:45,744
7/28/2023,16:00,736
7/28/2023,16:15,744
7/28/2023,16:30,744
7/28/2023,16:45,728
7/28/2023,17:00,720
7/28/2023,17:15,688
7/28/2023,17:30,688
7/28/2023,17:45,664
7/28/2023,18:00,664
7/28/2023,18:15,648
7/28/2023,18:30,648
7/28/2023,18:45,648
7/28/2023,19:00,624
7/28/2023,19:15,584
7/28/2023,19:30,576
7/28/2023,19:45,584
7/28/2023,20:00,560
7/28/2023,20:15,568
7/28/2023,20:30,528
7/28/2023,20:45,536
7/28/2023,21:00,536
7/28/2023,21:15,488
7/28/2023,21:30,488
7/28/2023,21:45,472
7/28/2023,22:00,448
7/28/2023,22:15,472
7/28/2023,22:30,464
7/28/2023,22:45,432
7/28/2023,23:00,432
7/28/2023,23:15,440
7/28/2023,23:30,432
7/28/2023,23:45,416
7/29/2023,0:00,408
7/29/2023,0:15,424
7/29/2023,0:30,408
7/29/2023,0:45,416
7/29/2023,1:00,432
7/29/2023,1:15,392
7/29/2023,1:30,388
7/29/2023,1:45,384
7/29/2023,2:00,392
7/29/2023,2:15,384
7/29/2023,2:30,392
7/29/2023,2:45,384
7/29/2023,3:00,384
7/29/2023,3:15,384
7/29/2023,3:30,368
7/29/2023,3:45,368
7/29/2023,4:00,392
7/29/2023,4:15,376
7/29/2023,4:30,376
7/29/2023,4:45,392
7/29/2023,5:00,376
7/29/2023,5:15,400
7/29/2023,5:30,376
7/29/2023,5:45,376
7/29/2023,6:00,376
7/29/2023,6:15,360
7/29/2023,6:30,360
7/29/2023,6:45,360
7/29/2023,7:00,360
7/29/2023,7:15,376
7/29/2023,7:30,368
7/29/2023,7:45,392
7/29/2023,8:00,424
7/29/2023,8:15,440
7/29/2023,8:30,472
7/29/2023,8:45,488
7/29/2023,9:00,512
7/29/2023,9:15,512
7/29/2023,9:30,512
7/29/2023,9:45,544
7/29/2023,10:00,560
7/29/2023,10:15,576
7/29/2023,10:30,592
7/29/2023,10:45,584
7/29/2023,11:00,616
7/29/2023,11:15,624
7/29/2023,11:30,624
7/29/2023,11:45,632
7/29/2023,12:00,624
7/29/2023,12:15,648
7/29/2023,12:30,640
7/29/2023,12:45,640
7/29/2023,13:00,664
7/29/2023,13:15,664
7/29/2023,13:30,688
7/29/2023,13:45,696
7/29/2023,14:00,696
7/29/2023,14:15,696
7/29/2023,14:30,688
7/29/2023,14:45,672
7/29/2023,15:00,688
7/29/2023,15:15,704
7/29/2023,15:30,728
7/29/2023,15:45,704
7/29/2023,16:00,688
7/29/2023,16:15,696
7/29/2023,16:30,672
7/29/2023,16:45,664
7/29/2023,17:00,664
7/29/2023,17:15,672
7/29/2023,17:30,664
7/29/2023,17:45,632
7/29/2023,18:00,616
7/29/2023,18:15,624
7/29/2023,18:30,592
7/29/2023,18:45,584
7/29/2023,19:00,552
7/29/2023,19:15,544
7/29/2023,19:30,552
7/29/2023,19:45,528
7/29/2023,20:00,512
7/29/2023,20:15,512
7/29/2023,20:30,504
7/29/2023,20:45,488
7/29/2023,21:00,488
7/29/2023,21:15,472
7/29/2023,21:30,464
7/29/2023,21:45,464
7/29/2023,22:00,440
7/29/2023,22:15,424
7/29/2023,22:30,440
7/29/2023,22:45,400
7/29/2023,23:00,424
7/29/2023,23:15,408
7/29/2023,23:30,416
7/29/2023,23:45,400
7/30/2023,0:00,408
7/30/2023,0:15,400
7/30/2023,0:30,400
7/30/2023,0:45,400
7/30/2023,1:00,376
7/30/2023,1:15,368
7/30/2023,1:30,376
7/30/2023,1:45,368
7/30/2023,2:00,368
7/30/2023,2:15,352
7/30/2023,2:30,368
7/30/2023,2:45,360
7/30/2023,3:00,384
7/30/2023,3:15,352
7/30/2023,3:30,376
7/30/2023,3:45,360
7/30/2023,4:00,368
7/30/2023,4:15,360
7/30/2023,4:30,360
7/30/2023,4:45,360
7/30/2023,5:00,368
7/30/2023,5:15,360
7/30/2023,5:30,368
7/30/2023,5:45,352
7/30/2023,6:00,360
7/30/2023,6:15,352
7/30/2023,6:30,352
7/30/2023,6:45,336
7/30/2023,7:00,360
7/30/2023,7:15,352
7/30/2023,7:30,360
7/30/2023,7:45,376
7/30/2023,8:00,416
7/30/2023,8:15,416
7/30/2023,8:30,432
7/30/2023,8:45,472
7/30/2023,9:00,472
7/30/2023,9:15,512
7/30/2023,9:30,544
7/30/2023,9:45,560
7/30/2023,10:00,576
7/30/2023,10:15,600
7/30/2023,10:30,592
7/30/2023,10:45,600
7/30/2023,11:00,616
7/30/2023,11:15,608
7/30/2023,11:30,616
7/30/2023,11:45,624
7/30/2023,12:00,640
7/30/2023,12:15,640
7/30/2023,12:30,648
7/30/2023,12:45,648
7/30/2023,13:00,696
7/30/2023,13:15,704
7/30/2023,13:30,688
7/30/2023,13:45,688
7/30/2023,14:00,712
7/30/2023,14:15,712
7/30/2023,14:30,704
7/30/2023,14:45,720
7/30/2023,15:00,712
7/30/2023,15:15,712
7/30/2023,15:30,728
7/30/2023,15:45,720
7/30/2023,16:00,728
7/30/2023,16:15,728
7/30/2023,16:30,712
7/30/2023,16:45,720
7/30/2023,17:00,688
7/30/2023,17:15,704
7/30/2023,17:30,704
7/30/2023,17:45,704
7/30/2023,18:00,664
7/30/2023,18:15,648
7/30/2023,18:30,632
7/30/2023,18:45,632
7/30/2023,19:00,624
7/30/2023,19:15,592
7/30/2023,19:30,560
7/30/2023,19:45,544
7/30/2023,20:00,544
7/30/2023,20:15,552
7/30/2023,20:30,552
7/30/2023,20:45,512
7/30/2023,21:00,520
7/30/2023,21:15,520
7/30/2023,21:30,512
7/30/2023,21:45,472
7/30/2023,22:00,456
7/30/2023,22:15,448
7/30/2023,22:30,448
7/30/2023,22:45,440
7/30/2023,23:00,424
7/30/2023,23:15,416
7/30/2023,23:30,416
7/30/2023,23:45,416
7/31/2023,0:00,416
7/31/2023,0:15,408
7/31/2023,0:30,392
7/31/2023,0:45,392
7/31/2023,1:00,416
7/31/2023,1:15,392
7/31/2023,1:30,384
7/31/2023,1:45,392
7/31/2023,2:00,368
7/31/2023,2:15,384
7/31/2023,2:30,360
7/31/2023,2:45,368
7/31/2023,3:00,352
7/31/2023,3:15,376
7/31/2023,3:30,360
7/31/2023,3:45,368
7/31/2023,4:00,376
7/31/2023,4:15,376
7/31/2023,4:30,368
7/31/2023,4:45,360
7/31/2023,5:00,360
7/31/2023,5:15,368
7/31/2023,5:30,368
7/31/2023,5:45,368
7/31/2023,6:00,400
7/31/2023,6:15,400
7/31/2023,6:30,400
7/31/2023,6:45,400
7/31/2023,7:00,424
7/31/2023,7:15,440
7/31/2023,7:30,464
7/31/2023,7:45,504
7/31/2023,8:00,528
7/31/2023,8:15,528
7/31/2023,8:30,560
7/31/2023,8:45,608
7/31/2023,9:00,640
7/31/2023,9:15,624
7/31/2023,9:30,664
7/31/2023,9:45,688
7/31/2023,10:00,712
7/31/2023,10:15,704
7/31/2023,10:30,728
7/31/2023,10:45,720
7/31/2023,11:00,736
7/31/2023,11:15,768
7/31/2023,11:30,760
7/31/2023,11:45,776
7/31/2023,12:00,768
7/31/2023,12:15,784
7/31/2023,12:30,800
7/31/2023,12:45,792
7/31/2023,13:00,840
7/31/2023,13:15,832
7/31/2023,13:30,816
7/31/2023,13:45,824
7/31/2023,14:00,840
7/31/2023,14:15,832
7/31/2023,14:30,840
7/31/2023,14:45,824
7/31/2023,15:00,808
7/31/2023,15:15,808
7/31/2023,15:30,816
7/31/2023,15:45,768
7/31/2023,16:00,760
7/31/2023,16:15,768
7/31/2023,16:30,752
7/31/2023,16:45,736
7/31/2023,17:00,736
7/31/2023,17:15,744
7/31/2023,17:30,712
7/31/2023,17:45,704
7/31/2023,18:00,704
7/31/2023,18:15,688
7/31/2023,18:30,648
7/31/2023,18:45,608
7/31/2023,19:00,600
7/31/2023,19:15,592
7/31/2023,19:30,568
7/31/2023,19:45,560
7/31/2023,20:00,528
7/31/2023,20:15,512
7/31/2023,20:30,544
7/31/2023,20:45,504
7/31/2023,21:00,488
7/31/2023,21:15,488
7/31/2023,21:30,456
7/31/2023,21:45,448
7/31/2023,22:00,456
7/31/2023,22:15,424
7/31/2023,22:30,432
7/31/2023,22:45,456
7/31/2023,23:00,416
7/31/2023,23:15,408
7/31/2023,23:30,416
7/31/2023,23:45,408
8/1/2023,0:00,408
8/1/2023,0:15,416
8/1/2023,0:30,400
8/1/2023,0:45,376
8/1/2023,1:00,392
8/1/2023,1:15,368
8/1/2023,1:30,376
8/1/2023,1:45,360
8/1/2023,2:00,368
8/1/2023,2:15,368
8/1/2023,2:30,376
8/1/2023,2:45,368
8/1/2023,3:00,376
8/1/2023,3:15,368
8/1/2023,3:30,368
8/1/2023,3:45,368
8/1/2023,4:00,368
8/1/2023,4:15,360
8/1/2023,4:30,392
8/1/2023,4:45,352
8/1/2023,5:00,368
8/1/2023,5:15,368
8/1/2023,5:30,360
8/1/2023,5:45,376
8/1/2023,6:00,408
8/1/2023,6:15,376
8/1/2023,6:30,416
8/1/2023,6:45,416
8/1/2023,7:00,424
8/1/2023,7:15,432
8/1/2023,7:30,432
8/1/2023,7:45,456
8/1/2023,8:00,464
8/1/2023,8:15,464
8/1/2023,8:30,488
8/1/2023,8:45,528
8/1/2023,9:00,536
8/1/2023,9:15,512
8/1/2023,9:30,528
8/1/2023,9:45,592
8/1/2023,10:00,624
8/1/2023,10:15,624
8/1/2023,10:30,664
8/1/2023,10:45,672
8/1/2023,11:00,688
8/1/2023,11:15,696
8/1/2023,11:30,688
8/1/2023,11:45,704
8/1/2023,12:00,712
8/1/2023,12:15,720
8/1/2023,12:30,736
8/1/2023,12:45,752
8/1/2023,13:00,744
8/1/2023,13:15,752
8/1/2023,13:30,776
8/1/2023,13:45,792
8/1/2023,14:00,832
8/1/2023,14:15,816
8/1/2023,14:30,808
8/1/2023,14:45,808
8/1/2023,15:00,784
8/1/2023,15:15,776
8/1/2023,15:30,792
8/1/2023,15:45,744
8/1/2023,16:00,720
8/1/2023,16:15,712
8/1/2023,16:30,688
8/1/2023,16:45,648
8/1/2023,17:00,664
8/1/2023,17:15,640
8/1/2023,17:30,640
8/1/2023,17:45,600
8/1/2023,18:00,592
8/1/2023,18:15,600
8/1/2023,18:30,592
8/1/2023,18:45,568
8/1/2023,19:00,552
8/1/2023,19:15,536
8/1/2023,19:30,496
8/1/2023,19:45,512
8/1/2023,20:00,488
8/1/2023,20:15,448
8/1/2023,20:30,440
8/1/2023,20:45,432
8/1/2023,21:00,408
8/1/2023,21:15,416
8/1/2023,21:30,392
8/1/2023,21:45,424
8/1/2023,22:00,368
8/1/2023,22:15,384
8/1/2023,22:30,376
8/1/2023,22:45,360
8/1/2023,23:00,368
8/1/2023,23:15,360
8/1/2023,23:30,376
8/1/2023,23:45,360
8/2/2023,0:00,400
8/2/2023,0:15,368
8/2/2023,0:30,384
8/2/2023,0:45,352
8/2/2023,1:00,368
8/2/2023,1:15,360
8/2/2023,1:30,368
8/2/2023,1:45,360
8/2/2023,2:00,360
8/2/2023,2:15,376
8/2/2023,2:30,368
8/2/2023,2:45,368
8/2/2023,3:00,360
8/2/2023,3:15,368
8/2/2023,3:30,360
8/2/2023,3:45,368
8/2/2023,4:00,352
8/2/2023,4:15,360
8/2/2023,4:30,352
8/2/2023,4:45,384
8/2/2023,5:00,352
8/2/2023,5:15,368
8/2/2023,5:30,360
8/2/2023,5:45,384
8/2/2023,6:00,392
8/2/2023,6:15,416
8/2/2023,6:30,400
8/2/2023,6:45,424
8/2/2023,7:00,416
8/2/2023,7:15,432
8/2/2023,7:30,456
8/2/2023,7:45,472
8/2/2023,8:00,456
8/2/2023,8:15,488
8/2/2023,8:30,464
8/2/2023,8:45,528
8/2/2023,9:00,536
8/2/2023,9:15,536
8/2/2023,9:30,536
8/2/2023,9:45,560
8/2/2023,10:00,560
8/2/2023,10:15,568
8/2/2023,10:30,584
8/2/2023,10:45,608
8/2/2023,11:00,608
8/2/2023,11:15,608
8/2/2023,11:30,624
8/2/2023,11:45,608
8/2/2023,12:00,632
8/2/2023,12:15,632
8/2/2023,12:30,656
8/2/2023,12:45,648
8/2/2023,13:00,656
8/2/2023,13:15,664
8/2/2023,13:30,664
8/2/2023,13:45,688
8/2/2023,14:00,680
8/2/2023,14:15,720
8/2/2023,14:30,712
8/2/2023,14:45,728
8/2/2023,15:00,712
8/2/2023,15:15,712
8/2/2023,15:30,704
8/2/2023,15:45,696
8/2/2023,16:00,672
8/2/2023,16:15,648
8/2/2023,16:30,640
8/2/2023,16:45,616
8/2/2023,17:00,624
8/2/2023,17:15,600
8/2/2023,17:30,592
8/2/2023,17:45,576
8/2/2023,18:00,576
8/2/2023,18:15,584
8/2/2023,18:30,560
8/2/2023,18:45,584
8/2/2023,19:00,536
8/2/2023,19:15,528
8/2/2023,19:30,504
8/2/2023,19:45,496
8/2/2023,20:00,464
8/2/2023,20:15,456
8/2/2023,20:30,464
8/2/2023,20:45,440
8/2/2023,21:00,440
8/2/2023,21:15,432
8/2/2023,21:30,416
8/2/2023,21:45,424
8/2/2023,22:00,384
8/2/2023,22:15,408
8/2/2023,22:30,376
8/2/2023,22:45,384
8/2/2023,23:00,392
8/2/2023,23:15,384
8/2/2023,23:30,384
8/2/2023,23:45,376
8/3/2023,0:00,360
8/3/2023,0:15,352
8/3/2023,0:30,376
8/3/2023,0:45,352
8/3/2023,1:00,352
8/3/2023,1:15,352
8/3/2023,1:30,344
8/3/2023,1:45,376
8/3/2023,2:00,344
8/3/2023,2:15,344
8/3/2023,2:30,336
8/3/2023,2:45,336
8/3/2023,3:00,352
8/3/2023,3:15,328
8/3/2023,3:30,336
8/3/2023,3:45,344
8/3/2023,4:00,352
8/3/2023,4:15,336
8/3/2023,4:30,336
8/3/2023,4:45,328
8/3/2023,5:00,344
8/3/2023,5:15,344
8/3/2023,5:30,328
8/3/2023,5:45,352
8/3/2023,6:00,368
8/3/2023,6:15,384
8/3/2023,6:30,384
8/3/2023,6:45,384
8/3/2023,7:00,400
8/3/2023,7:15,416
8/3/2023,7:30,416
8/3/2023,7:45,440
8/3/2023,8:00,448
8/3/2023,8:15,472
8/3/2023,8:30,504
8/3/2023,8:45,528
8/3/2023,9:00,544
8/3/2023,9:15,544
8/3/2023,9:30,600
8/3/2023,9:45,608
8/3/2023,10:00,640
8/3/2023,10:15,648
8/3/2023,10:30,640
8/3/2023,10:45,656
8/3/2023,11:00,656
8/3/2023,11:15,664
8/3/2023,11:30,656
8/3/2023,11:45,648
8/3/2023,12:00,664
8/3/2023,12:15,688
8/3/2023,12:30,672
8/3/2023,12:45,704
8/3/2023,13:00,672
8/3/2023,13:15,640
8/3/2023,13:30,664
8/3/2023,13:45,672
8/3/2023,14:00,680
8/3/2023,14:15,704
8/3/2023,14:30,648
8/3/2023,14:45,672
8/3/2023,15:00,688
8/3/2023,15:15,672
8/3/2023,15:30,672
8/3/2023,15:45,648
8/3/2023,16:00,640
8/3/2023,16:15,656
8/3/2023,16:30,624
8/3/2023,16:45,640
8/3/2023,17:00,640
8/3/2023,17:15,640
8/3/2023,17:30,640
8/3/2023,17:45,608
8/3/2023,18:00,600
8/3/2023,18:15,600
8/3/2023,18:30,560
8/3/2023,18:45,560
8/3/2023,19:00,552
8/3/2023,19:15,496
8/3/2023,19:30,512
8/3/2023,19:45,512
8/3/2023,20:00,472
8/3/2023,20:15,480
8/3/2023,20:30,416
8/3/2023,20:45,408
8/3/2023,21:00,416
8/3/2023,21:15,416
8/3/2023,21:30,400
8/3/2023,21:45,424
8/3/2023,22:00,408
8/3/2023,22:15,400
8/3/2023,22:30,392
8/3/2023,22:45,384
8/3/2023,23:00,400
8/3/2023,23:15,376
8/3/2023,23:30,400
8/3/2023,23:45,376
8/4/2023,0:00,392
8/4/2023,0:15,368
8/4/2023,0:30,384
8/4/2023,0:45,360
8/4/2023,1:00,368
8/4/2023,1:15,368
8/4/2023,1:30,360
8/4/2023,1:45,376
8/4/2023,2:00,352
8/4/2023,2:15,360
8/4/2023,2:30,352
8/4/2023,2:45,352
8/4/2023,3:00,360
8/4/2023,3:15,344
8/4/2023,3:30,368
8/4/2023,3:45,344
8/4/2023,4:00,376
8/4/2023,4:15,344
8/4/2023,4:30,344
8/4/2023,4:45,352
8/4/2023,5:00,352
8/4/2023,5:15,352
8/4/2023,5:30,344
8/4/2023,5:45,352
8/4/2023,6:00,384
8/4/2023,6:15,392
8/4/2023,6:30,400
8/4/2023,6:45,392
8/4/2023,7:00,424
8/4/2023,7:15,432
8/4/2023,7:30,440
8/4/2023,7:45,448
8/4/2023,8:00,440
8/4/2023,8:15,464
8/4/2023,8:30,496
8/4/2023,8:45,504
8/4/2023,9:00,504
8/4/2023,9:15,560
8/4/2023,9:30,512
8/4/2023,9:45,544
8/4/2023,10:00,584
8/4/2023,10:15,592
8/4/2023,10:30,632
8/4/2023,10:45,640
8/4/2023,11:00,648
8/4/2023,11:15,640
8/4/2023,11:30,648
8/4/2023,11:45,648
8/4/2023,12:00,648
8/4/2023,12:15,680
8/4/2023,12:30,688
8/4/2023,12:45,688
8/4/2023,13:00,704
8/4/2023,13:15,696
8/4/2023,13:30,728
8/4/2023,13:45,744
8/4/2023,14:00,736
8/4/2023,14:15,760
8/4/2023,14:30,768
8/4/2023,14:45,760
8/4/2023,15:00,744
8/4/2023,15:15,736
8/4/2023,15:30,752
8/4/2023,15:45,712
8/4/2023,16:00,712
8/4/2023,16:15,696
8/4/2023,16:30,696
8/4/2023,16:45,696
8/4/2023,17:00,672
8/4/2023,17:15,656
8/4/2023,17:30,680
8/4/2023,17:45,632
8/4/2023,18:00,640
8/4/2023,18:15,640
8/4/2023,18:30,576
8/4/2023,18:45,552
8/4/2023,19:00,536
8/4/2023,19:15,520
8/4/2023,19:30,520
8/4/2023,19:45,480
8/4/2023,20:00,456
8/4/2023,20:15,480
8/4/2023,20:30,480
8/4/2023,20:45,472
8/4/2023,21:00,456
8/4/2023,21:15,416
8/4/2023,21:30,400
8/4/2023,21:45,400
8/4/2023,22:00,424
8/4/2023,22:15,400
8/4/2023,22:30,408
8/4/2023,22:45,392
8/4/2023,23:00,408
8/4/2023,23:15,384
8/4/2023,23:30,376
8/4/2023,23:45,392
8/5/2023,0:00,368
8/5/2023,0:15,392
8/5/2023,0:30,376
8/5/2023,0:45,368
8/5/2023,1:00,376
8/5/2023,1:15,384
8/5/2023,1:30,360
8/5/2023,1:45,352
8/5/2023,2:00,360
8/5/2023,2:15,336
8/5/2023,2:30,360
8/5/2023,2:45,360
8/5/2023,3:00,360
8/5/2023,3:15,360
8/5/2023,3:30,352
8/5/2023,3:45,376
8/5/2023,4:00,344
8/5/2023,4:15,352
8/5/2023,4:30,360
8/5/2023,4:45,344
8/5/2023,5:00,352
8/5/2023,5:15,328
8/5/2023,5:30,336
8/5/2023,5:45,360
8/5/2023,6:00,336
8/5/2023,6:15,336
8/5/2023,6:30,336
8/5/2023,6:45,336
8/5/2023,7:00,336
8/5/2023,7:15,360
8/5/2023,7:30,344
8/5/2023,7:45,360
8/5/2023,8:00,376
8/5/2023,8:15,384
8/5/2023,8:30,432
8/5/2023,8:45,424
8/5/2023,9:00,464
8/5/2023,9:15,520
8/5/2023,9:30,520
8/5/2023,9:45,528
8/5/2023,10:00,560
8/5/2023,10:15,552
8/5/2023,10:30,560
8/5/2023,10:45,568
8/5/2023,11:00,576
8/5/2023,11:15,568
8/5/2023,11:30,592
8/5/2023,11:45,592
8/5/2023,12:00,608
8/5/2023,12:15,616
8/5/2023,12:30,616
8/5/2023,12:45,616
8/5/2023,13:00,640
8/5/2023,13:15,640
8/5/2023,13:30,656
8/5/2023,13:45,656
8/5/2023,14:00,672
8/5/2023,14:15,680
8/5/2023,14:30,696
8/5/2023,14:45,696
8/5/2023,15:00,704
8/5/2023,15:15,696
8/5/2023,15:30,696
8/5/2023,15:45,696
8/5/2023,16:00,696
8/5/2023,16:15,696
8/5/2023,16:30,712
8/5/2023,16:45,728
8/5/2023,17:00,720
8/5/2023,17:15,704
8/5/2023,17:30,688
8/5/2023,17:45,672
8/5/2023,18:00,680
8/5/2023,18:15,656
8/5/2023,18:30,656
8/5/2023,18:45,656
8/5/2023,19:00,640
8/5/2023,19:15,600
8/5/2023,19:30,568
8/5/2023,19:45,552
8/5/2023,20:00,544
8/5/2023,20:15,536
8/5/2023,20:30,520
8/5/2023,20:45,520
8/5/2023,21:00,480
8/5/2023,21:15,520
8/5/2023,21:30,496
8/5/2023,21:45,440
8/5/2023,22:00,448
8/5/2023,22:15,448
8/5/2023,22:30,440
8/5/2023,22:45,448
8/5/2023,23:00,448
8/5/2023,23:15,456
8/5/2023,23:30,424
8/5/2023,23:45,400
8/6/2023,0:00,384
8/6/2023,0:15,400
8/6/2023,0:30,408
8/6/2023,0:45,400
8/6/2023,1:00,408
8/6/2023,1:15,384
8/6/2023,1:30,400
8/6/2023,1:45,368
8/6/2023,2:00,424
8/6/2023,2:15,400
8/6/2023,2:30,376
8/6/2023,2:45,400
8/6/2023,3:00,360
8/6/2023,3:15,408
8/6/2023,3:30,376
8/6/2023,3:45,368
8/6/2023,4:00,384
8/6/2023,4:15,376
8/6/2023,4:30,384
8/6/2023,4:45,352
8/6/2023,5:00,368
8/6/2023,5:15,368
8/6/2023,5:30,360
8/6/2023,5:45,376
8/6/2023,6:00,344
8/6/2023,6:15,392
8/6/2023,6:30,360
8/6/2023,6:45,360
8/6/2023,7:00,368
8/6/2023,7:15,384
8/6/2023,7:30,408
8/6/2023,7:45,416
8/6/2023,8:00,424
8/6/2023,8:15,448
8/6/2023,8:30,472
8/6/2023,8:45,488
8/6/2023,9:00,512
8/6/2023,9:15,544
8/6/2023,9:30,560
8/6/2023,9:45,552
8/6/2023,10:00,576
8/6/2023,10:15,576
8/6/2023,10:30,584
8/6/2023,10:45,576
8/6/2023,11:00,592
8/6/2023,11:15,600
8/6/2023,11:30,624
8/6/2023,11:45,624
8/6/2023,12:00,648
8/6/2023,12:15,640
8/6/2023,12:30,656
8/6/2023,12:45,664
8/6/2023,13:00,680
8/6/2023,13:15,688
8/6/2023,13:30,696
8/6/2023,13:45,704
8/6/2023,14:00,720
8/6/2023,14:15,736
8/6/2023,14:30,744
8/6/2023,14:45,760
8/6/2023,15:00,760
8/6/2023,15:15,784
8/6/2023,15:30,784
8/6/2023,15:45,752
8/6/2023,16:00,776
8/6/2023,16:15,768
8/6/2023,16:30,776
8/6/2023,16:45,792
8/6/2023,17:00,776
8/6/2023,17:15,768
8/6/2023,17:30,752
8/6/2023,17:45,736
8/6/2023,18:00,752
8/6/2023,18:15,752
8/6/2023,18:30,736
8/6/2023,18:45,728
8/6/2023,19:00,712
8/6/2023,19:15,696
8/6/2023,19:30,664
8/6/2023,19:45,632
8/6/2023,20:00,600
8/6/2023,20:15,600
8/6/2023,20:30,608
8/6/2023,20:45,568
8/6/2023,21:00,544
8/6/2023,21:15,536
8/6/2023,21:30,520
8/6/2023,21:45,528
8/6/2023,22:00,544
8/6/2023,22:15,512
8/6/2023,22:30,504
8/6/2023,22:45,504
8/6/2023,23:00,512
8/6/2023,23:15,512
8/6/2023,23:30,456
8/6/2023,23:45,464
8/7/2023,0:00,448
8/7/2023,0:15,456
8/7/2023,0:30,472
8/7/2023,0:45,440
8/7/2023,1:00,464
8/7/2023,1:15,432
8/7/2023,1:30,448
8/7/2023,1:45,440
8/7/2023,2:00,432
8/7/2023,2:15,408
8/7/2023,2:30,400
8/7/2023,2:45,392
8/7/2023,3:00,408
8/7/2023,3:15,416
8/7/2023,3:30,392
8/7/2023,3:45,408
8/7/2023,4:00,392
8/7/2023,4:15,376
8/7/2023,4:30,392
8/7/2023,4:45,376
8/7/2023,5:00,384
8/7/2023,5:15,400
8/7/2023,5:30,376
8/7/2023,5:45,416
8/7/2023,6:00,408
8/7/2023,6:15,448
8/7/2023,6:30,408
8/7/2023,6:45,424
8/7/2023,7:00,448
8/7/2023,7:15,512
8/7/2023,7:30,512
8/7/2023,7:45,552
8/7/2023,8:00,568
8/7/2023,8:15,608
8/7/2023,8:30,624
8/7/2023,8:45,656
8/7/2023,9:00,664
8/7/2023,9:15,664
8/7/2023,9:30,688
8/7/2023,9:45,744
8/7/2023,10:00,792
8/7/2023,10:15,800
8/7/2023,10:30,800
8/7/2023,10:45,816
8/7/2023,11:00,848
8/7/2023,11:15,888
8/7/2023,11:30,912
8/7/2023,11:45,936
8/7/2023,12:00,944
8/7/2023,12:15,968
8/7/2023,12:30,992
8/7/2023,12:45,968
8/7/2023,13:00,1000
8/7/2023,13:15,992
8/7/2023,13:30,992
8/7/2023,13:45,1000
8/7/2023,14:00,992
8/7/2023,14:15,984
8/7/2023,14:30,976
8/7/2023,14:45,984
8/7/2023,15:00,968
8/7/2023,15:15,1000
8/7/2023,15:30,960
8/7/2023,15:45,960
8/7/2023,16:00,952
8/7/2023,16:15,944
8/7/2023,16:30,936
8/7/2023,16:45,936
8/7/2023,17:00,912
8/7/2023,17:15,904
8/7/2023,17:30,880
8/7/2023,17:45,848
8/7/2023,18:00,832
8/7/2023,18:15,816
8/7/2023,18:30,784
8/7/2023,18:45,784
8/7/2023,19:00,744
8/7/2023,19:15,696
8/7/2023,19:30,664
8/7/2023,19:45,624
8/7/2023,20:00,608
8/7/2023,20:15,584
8/7/2023,20:30,536
8/7/2023,20:45,536
8/7/2023,21:00,512
8/7/2023,21:15,472
8/7/2023,21:30,456
8/7/2023,21:45,440
8/7/2023,22:00,416
8/7/2023,22:15,424
8/7/2023,22:30,376
8/7/2023,22:45,392
8/7/2023,23:00,408
8/7/2023,23:15,392
8/7/2023,23:30,400
8/7/2023,23:45,400
8/8/2023,0:00,392
8/8/2023,0:15,384
8/8/2023,0:30,376
8/8/2023,0:45,368
8/8/2023,1:00,360
8/8/2023,1:15,360
8/8/2023,1:30,360
8/8/2023,1:45,384
8/8/2023,2:00,376
8/8/2023,2:15,400
8/8/2023,2:30,368
8/8/2023,2:45,352
8/8/2023,3:00,360
8/8/2023,3:15,360
8/8/2023,3:30,360
8/8/2023,3:45,344
8/8/2023,4:00,352
8/8/2023,4:15,352
8/8/2023,4:30,352
8/8/2023,4:45,344
8/8/2023,5:00,352
8/8/2023,5:15,344
8/8/2023,5:30,360
8/8/2023,5:45,368
8/8/2023,6:00,392
8/8/2023,6:15,392
8/8/2023,6:30,408
8/8/2023,6:45,392
8/8/2023,7:00,416
8/8/2023,7:15,416
8/8/2023,7:30,424
8/8/2023,7:45,448
8/8/2023,8:00,464
8/8/2023,8:15,464
8/8/2023,8:30,504
8/8/2023,8:45,536
8/8/2023,9:00,568
8/8/2023,9:15,560
8/8/2023,9:30,616
8/8/2023,9:45,640
8/8/2023,10:00,648
8/8/2023,10:15,688
8/8/2023,10:30,680
8/8/2023,10:45,704
8/8/2023,11:00,688
8/8/2023,11:15,712
8/8/2023,11:30,712
8/8/2023,11:45,704
8/8/2023,12:00,728
8/8/2023,12:15,736
8/8/2023,12:30,720
8/8/2023,12:45,728
8/8/2023,13:00,736
8/8/2023,13:15,752
8/8/2023,13:30,760
8/8/2023,13:45,768
8/8/2023,14:00,760
8/8/2023,14:15,792
8/8/2023,14:30,792
8/8/2023,14:45,784
8/8/2023,15:00,808
8/8/2023,15:15,824
8/8/2023,15:30,800
8/8/2023,15:45,800
8/8/2023,16:00,792
8/8/2023,16:15,792
8/8/2023,16:30,784
8/8/2023,16:45,760
8/8/2023,17:00,744
8/8/2023,17:15,736
8/8/2023,17:30,704
8/8/2023,17:45,712
8/8/2023,18:00,712
8/8/2023,18:15,672
8/8/2023,18:30,656
8/8/2023,18:45,632
8/8/2023,19:00,624
8/8/2023,19:15,600
8/8/2023,19:30,584
8/8/2023,19:45,552
8/8/2023,20:00,544
8/8/2023,20:15,544
8/8/2023,20:30,488
8/8/2023,20:45,496
8/8/2023,21:00,448
8/8/2023,21:15,440
8/8/2023,21:30,440
8/8/2023,21:45,432
8/8/2023,22:00,408
8/8/2023,22:15,408
8/8/2023,22:30,376
8/8/2023,22:45,400
8/8/2023,23:00,376
8/8/2023,23:15,392
8/8/2023,23:30,352
8/8/2023,23:45,376
8/9/2023,0:00,376
8/9/2023,0:15,368
8/9/2023,0:30,360
8/9/2023,0:45,360
8/9/2023,1:00,360
8/9/2023,1:15,360
8/9/2023,1:30,368
8/9/2023,1:45,360
8/9/2023,2:00,368
8/9/2023,2:15,376
8/9/2023,2:30,352
8/9/2023,2:45,368
8/9/2023,3:00,352
8/9/2023,3:15,376
8/9/2023,3:30,368
8/9/2023,3:45,368
8/9/2023,4:00,376
8/9/2023,4:15,376
8/9/2023,4:30,384
8/9/2023,4:45,376
8/9/2023,5:00,352
8/9/2023,5:15,360
8/9/2023,5:30,368
8/9/2023,5:45,368
8/9/2023,6:00,408
8/9/2023,6:15,400
8/9/2023,6:30,392
8/9/2023,6:45,392
8/9/2023,7:00,424
8/9/2023,7:15,432
8/9/2023,7:30,472
8/9/2023,7:45,472
8/9/2023,8:00,488
8/9/2023,8:15,536
8/9/2023,8:30,528
8/9/2023,8:45,576
8/9/2023,9:00,600
8/9/2023,9:15,616
8/9/2023,9:30,608
8/9/2023,9:45,648
8/9/2023,10:00,672
8/9/2023,10:15,656
8/9/2023,10:30,696
8/9/2023,10:45,704
8/9/2023,11:00,720
8/9/2023,11:15,704
8/9/2023,11:30,728
8/9/2023,11:45,728
8/9/2023,12:00,728
8/9/2023,12:15,736
8/9/2023,12:30,728
8/9/2023,12:45,736
8/9/2023,13:00,736
8/9/2023,13:15,760
8/9/2023,13:30,760
8/9/2023,13:45,776
8/9/2023,14:00,808
8/9/2023,14:15,800
8/9/2023,14:30,808
8/9/2023,14:45,816
8/9/2023,15:00,832
8/9/2023,15:15,848
8/9/2023,15:30,848
8/9/2023,15:45,848
8/9/2023,16:00,848
8/9/2023,16:15,856
8/9/2023,16:30,864
8/9/2023,16:45,832
8/9/2023,17:00,784
8/9/2023,17:15,784
8/9/2023,17:30,752
8/9/2023,17:45,752
8/9/2023,18:00,736
8/9/2023,18:15,696
8/9/2023,18:30,688
8/9/2023,18:45,648
8/9/2023,19:00,608
8/9/2023,19:15,576
8/9/2023,19:30,608
8/9/2023,19:45,576
8/9/2023,20:00,544
8/9/2023,20:15,520
8/9/2023,20:30,504
8/9/2023,20:45,488
8/9/2023,21:00,464
8/9/2023,21:15,432
8/9/2023,21:30,424
8/9/2023,21:45,384
8/9/2023,22:00,400
8/9/2023,22:15,392
8/9/2023,22:30,376
8/9/2023,22:45,368
8/9/2023,23:00,352
8/9/2023,23:15,368
8/9/2023,23:30,352
8/9/2023,23:45,384
8/10/2023,0:00,376
8/10/2023,0:15,376
8/10/2023,0:30,376
8/10/2023,0:45,376
8/10/2023,1:00,376
8/10/2023,1:15,368
8/10/2023,1:30,368
8/10/2023,1:45,344
8/10/2023,2:00,360
8/10/2023,2:15,352
8/10/2023,2:30,368
8/10/2023,2:45,360
8/10/2023,3:00,352
8/10/2023,3:15,352
8/10/2023,3:30,368
8/10/2023,3:45,368
8/10/2023,4:00,352
8/10/2023,4:15,360
8/10/2023,4:30,352
8/10/2023,4:45,352
8/10/2023,5:00,344
8/10/2023,5:15,352
8/10/2023,5:30,360
8/10/2023,5:45,368
8/10/2023,6:00,392
8/10/2023,6:15,392
8/10/2023,6:30,392
8/10/2023,6:45,384
8/10/2023,7:00,424
8/10/2023,7:15,416
8/10/2023,7:30,456
8/10/2023,7:45,448
8/10/2023,8:00,456
8/10/2023,8:15,488
8/10/2023,8:30,504
8/10/2023,8:45,528
8/10/2023,9:00,520
8/10/2023,9:15,552
8/10/2023,9:30,552
8/10/2023,9:45,552
8/10/2023,10:00,608
8/10/2023,10:15,664
8/10/2023,10:30,672
8/10/2023,10:45,672
8/10/2023,11:00,696
8/10/2023,11:15,736
8/10/2023,11:30,720
8/10/2023,11:45,720
8/10/2023,12:00,720
8/10/2023,12:15,736
8/10/2023,12:30,744
8/10/2023,12:45,752
8/10/2023,13:00,752
8/10/2023,13:15,776
8/10/2023,13:30,760
8/10/2023,13:45,792
8/10/2023,14:00,824
8/10/2023,14:15,840
8/10/2023,14:30,832
8/10/2023,14:45,832
8/10/2023,15:00,856
8/10/2023,15:15,864
8/10/2023,15:30,880
8/10/2023,15:45,856
8/10/2023,16:00,816
8/10/2023,16:15,832
8/10/2023,16:30,824
8/10/2023,16:45,792
8/10/2023,17:00,760
8/10/2023,17:15,744
8/10/2023,17:30,720
8/10/2023,17:45,696
8/10/2023,18:00,696
8/10/2023,18:15,672
8/10/2023,18:30,680
8/10/2023,18:45,672
8/10/2023,19:00,640
8/10/2023,19:15,624
8/10/2023,19:30,584
8/10/2023,19:45,568
8/10/2023,20:00,544
8/10/2023,20:15,536
8/10/2023,20:30,384
8/10/2023,20:45,384
8/10/2023,21:00,480
8/10/2023,21:15,504
8/10/2023,21:30,512
8/10/2023,21:45,496
8/10/2023,22:00,496
8/10/2023,22:15,480
8/10/2023,22:30,472
8/10/2023,22:45,472
8/10/2023,23:00,464
8/10/2023,23:15,440
8/10/2023,23:30,432
8/10/2023,23:45,400
8/11/2023,0:00,424
8/11/2023,0:15,408
8/11/2023,0:30,416
8/11/2023,0:45,408
8/11/2023,1:00,416
8/11/2023,1:15,400
8/11/2023,1:30,408
8/11/2023,1:45,400
8/11/2023,2:00,384
8/11/2023,2:15,392
8/11/2023,2:30,416
8/11/2023,2:45,392
8/11/2023,3:00,416
8/11/2023,3:15,392
8/11/2023,3:30,416
8/11/2023,3:45,368
8/11/2023,4:00,400
8/11/2023,4:15,376
8/11/2023,4:30,400
8/11/2023,4:45,408
8/11/2023,5:00,384
8/11/2023,5:15,408
8/11/2023,5:30,400
8/11/2023,5:45,408
8/11/2023,6:00,432
8/11/2023,6:15,448
8/11/2023,6:30,440
8/11/2023,6:45,448
8/11/2023,7:00,488
8/11/2023,7:15,480
8/11/2023,7:30,464
8/11/2023,7:45,528
8/11/2023,8:00,568
8/11/2023,8:15,576
8/11/2023,8:30,600
8/11/2023,8:45,608
8/11/2023,9:00,584
8/11/2023,9:15,624
8/11/2023,9:30,656
8/11/2023,9:45,704
8/11/2023,10:00,704
8/11/2023,10:15,712
8/11/2023,10:30,704
8/11/2023,10:45,704
8/11/2023,11:00,712
8/11/2023,11:15,720
8/11/2023,11:30,712
8/11/2023,11:45,704
8/11/2023,12:00,736
8/11/2023,12:15,744
8/11/2023,12:30,744
8/11/2023,12:45,768
8/11/2023,13:00,768
8/11/2023,13:15,784
8/11/2023,13:30,776
8/11/2023,13:45,800
8/11/2023,14:00,824
8/11/2023,14:15,832
8/11/2023,14:30,832
8/11/2023,14:45,824
8/11/2023,15:00,824
8/11/2023,15:15,832
8/11/2023,15:30,816
8/11/2023,15:45,808
8/11/2023,16:00,792
8/11/2023,16:15,768
8/11/2023,16:30,760
8/11/2023,16:45,768
8/11/2023,17:00,760
8/11/2023,17:15,768
8/11/2023,17:30,752
8/11/2023,17:45,712
8/11/2023,18:00,688
8/11/2023,18:15,648
8/11/2023,18:30,600
8/11/2023,18:45,616
8/11/2023,19:00,608
8/11/2023,19:15,576
8/11/2023,19:30,560
8/11/2023,19:45,544
8/11/2023,20:00,528
8/11/2023,20:15,536
8/11/2023,20:30,536
8/11/2023,20:45,496
8/11/2023,21:00,496
8/11/2023,21:15,496
8/11/2023,21:30,480
8/11/2023,21:45,480
8/11/2023,22:00,448
8/11/2023,22:15,424
8/11/2023,22:30,424
8/11/2023,22:45,432
8/11/2023,23:00,416
8/11/2023,23:15,408
8/11/2023,23:30,408
8/11/2023,23:45,416
8/12/2023,0:00,408
8/12/2023,0:15,392
8/12/2023,0:30,416
8/12/2023,0:45,384
8/12/2023,1:00,416
8/12/2023,1:15,392
8/12/2023,1:30,408
8/12/2023,1:45,384
8/12/2023,2:00,400
8/12/2023,2:15,416
8/12/2023,2:30,400
8/12/2023,2:45,384
8/12/2023,3:00,400
8/12/2023,3:15,400
8/12/2023,3:30,400
8/12/2023,3:45,392
8/12/2023,4:00,384
8/12/2023,4:15,392
8/12/2023,4:30,408
8/12/2023,4:45,400
8/12/2023,5:00,360
8/12/2023,5:15,368
8/12/2023,5:30,368
8/12/2023,5:45,352
8/12/2023,6:00,368
8/12/2023,6:15,352
8/12/2023,6:30,360
8/12/2023,6:45,384
8/12/2023,7:00,376
8/12/2023,7:15,384
8/12/2023,7:30,408
8/12/2023,7:45,432
8/12/2023,8:00,424
8/12/2023,8:15,464
8/12/2023,8:30,424
8/12/2023,8:45,456
8/12/2023,9:00,472
8/12/2023,9:15,496
8/12/2023,9:30,512
8/12/2023,9:45,536
8/12/2023,10:00,560
8/12/2023,10:15,552
8/12/2023,10:30,576
8/12/2023,10:45,632
8/12/2023,11:00,648
8/12/2023,11:15,648
8/12/2023,11:30,648
8/12/2023,11:45,656
8/12/2023,12:00,664
8/12/2023,12:15,672
8/12/2023,12:30,672
8/12/2023,12:45,680
8/12/2023,13:00,688
8/12/2023,13:15,704
8/12/2023,13:30,712
8/12/2023,13:45,728
8/12/2023,14:00,736
8/12/2023,14:15,736
8/12/2023,14:30,752
8/12/2023,14:45,768
8/12/2023,15:00,752
8/12/2023,15:15,752
8/12/2023,15:30,752
8/12/2023,15:45,776
8/12/2023,16:00,768
8/12/2023,16:15,768
8/12/2023,16:30,760
8/12/2023,16:45,776
8/12/2023,17:00,760
8/12/2023,17:15,768
8/12/2023,17:30,752
8/12/2023,17:45,768
8/12/2023,18:00,752
8/12/2023,18:15,736
8/12/2023,18:30,744
8/12/2023,18:45,736
8/12/2023,19:00,680
8/12/2023,19:15,696
8/12/2023,19:30,648
8/12/2023,19:45,640
8/12/2023,20:00,608
8/12/2023,20:15,560
8/12/2023,20:30,576
8/12/2023,20:45,584
8/12/2023,21:00,552
8/12/2023,21:15,544
8/12/2023,21:30,560
8/12/2023,21:45,528
8/12/2023,22:00,536
8/12/2023,22:15,520
8/12/2023,22:30,496
8/12/2023,22:45,488
8/12/2023,23:00,472
8/12/2023,23:15,480
8/12/2023,23:30,472
8/12/2023,23:45,464
8/13/2023,0:00,464
8/13/2023,0:15,464
8/13/2023,0:30,480
8/13/2023,0:45,472
8/13/2023,1:00,472
8/13/2023,1:15,432
8/13/2023,1:30,424
8/13/2023,1:45,456
8/13/2023,2:00,440
8/13/2023,2:15,432
8/13/2023,2:30,440
8/13/2023,2:45,416
8/13/2023,3:00,424
8/13/2023,3:15,432
8/13/2023,3:30,416
8/13/2023,3:45,416
8/13/2023,4:00,424
8/13/2023,4:15,456
8/13/2023,4:30,424
8/13/2023,4:45,432
8/13/2023,5:00,384
8/13/2023,5:15,432
8/13/2023,5:30,408
8/13/2023,5:45,384
8/13/2023,6:00,408
8/13/2023,6:15,392
8/13/2023,6:30,424
8/13/2023,6:45,368
8/13/2023,7:00,392
8/13/2023,7:15,408
8/13/2023,7:30,448
8/13/2023,7:45,456
8/13/2023,8:00,480
8/13/2023,8:15,480
8/13/2023,8:30,496
8/13/2023,8:45,520
8/13/2023,9:00,536
8/13/2023,9:15,560
8/13/2023,9:30,576
8/13/2023,9:45,568
8/13/2023,10:00,584
8/13/2023,10:15,608
8/13/2023,10:30,616
8/13/2023,10:45,624
8/13/2023,11:00,648
8/13/2023,11:15,648
8/13/2023,11:30,656
8/13/2023,11:45,664
8/13/2023,12:00,680
8/13/2023,12:15,680
8/13/2023,12:30,712
8/13/2023,12:45,720
8/13/2023,13:00,744
8/13/2023,13:15,728
8/13/2023,13:30,752
8/13/2023,13:45,744
8/13/2023,14:00,776
8/13/2023,14:15,760
8/13/2023,14:30,768
8/13/2023,14:45,808
8/13/2023,15:00,784
8/13/2023,15:15,784
8/13/2023,15:30,792
8/13/2023,15:45,816
8/13/2023,16:00,800
8/13/2023,16:15,824
8/13/2023,16:30,832
8/13/2023,16:45,800
8/13/2023,17:00,808
8/13/2023,17:15,776
8/13/2023,17:30,760
8/13/2023,17:45,776
8/13/2023,18:00,776
8/13/2023,18:15,752
8/13/2023,18:30,752
8/13/2023,18:45,664
8/13/2023,19:00,672
8/13/2023,19:15,664
8/13/2023,19:30,640
8/13/2023,19:45,640
8/13/2023,20:00,616
8/13/2023,20:15,592
8/13/2023,20:30,568
8/13/2023,20:45,552
8/13/2023,21:00,552
8/13/2023,21:15,536
8/13/2023,21:30,536
8/13/2023,21:45,544
8/13/2023,22:00,528
8/13/2023,22:15,528
8/13/2023,22:30,520
8/13/2023,22:45,536
8/13/2023,23:00,512
8/13/2023,23:15,496
8/13/2023,23:30,496
8/13/2023,23:45,472
8/14/2023,0:00,488
8/14/2023,0:15,472
8/14/2023,0:30,448
8/14/2023,0:45,464
8/14/2023,1:00,456
8/14/2023,1:15,472
8/14/2023,1:30,456
8/14/2023,1:45,448
8/14/2023,2:00,448
8/14/2023,2:15,464
8/14/2023,2:30,480
8/14/2023,2:45,448
8/14/2023,3:00,440
8/14/2023,3:15,456
8/14/2023,3:30,464
8/14/2023,3:45,472
8/14/2023,4:00,448
8/14/2023,4:15,440
8/14/2023,4:30,416
8/14/2023,4:45,408
8/14/2023,5:00,424
8/14/2023,5:15,424
8/14/2023,5:30,392
8/14/2023,5:45,440
8/14/2023,6:00,488
8/14/2023,6:15,480
8/14/2023,6:30,472
8/14/2023,6:45,496
8/14/2023,7:00,504
8/14/2023,7:15,544
8/14/2023,7:30,528
8/14/2023,7:45,552
8/14/2023,8:00,560
8/14/2023,8:15,608
8/14/2023,8:30,600
8/14/2023,8:45,600
8/14/2023,9:00,632
8/14/2023,9:15,656
8/14/2023,9:30,712
8/14/2023,9:45,704
8/14/2023,10:00,728
8/14/2023,10:15,728
8/14/2023,10:30,728
8/14/2023,10:45,736
8/14/2023,11:00,744
8/14/2023,11:15,736
8/14/2023,11:30,744
8/14/2023,11:45,728
8/14/2023,12:00,752
8/14/2023,12:15,752
8/14/2023,12:30,784
8/14/2023,12:45,808
8/14/2023,13:00,816
8/14/2023,13:15,840
8/14/2023,13:30,872
8/14/2023,13:45,904
8/14/2023,14:00,888
8/14/2023,14:15,904
8/14/2023,14:30,936
8/14/2023,14:45,904
8/14/2023,15:00,896
8/14/2023,15:15,936
8/14/2023,15:30,928
8/14/2023,15:45,920
8/14/2023,16:00,920
8/14/2023,16:15,920
8/14/2023,16:30,896
8/14/2023,16:45,848
8/14/2023,17:00,840
8/14/2023,17:15,840
8/14/2023,17:30,792
8/14/2023,17:45,768
8/14/2023,18:00,776
8/14/2023,18:15,776
8/14/2023,18:30,752
8/14/2023,18:45,736
8/14/2023,19:00,712
8/14/2023,19:15,664
8/14/2023,19:30,656
8/14/2023,19:45,608
8/14/2023,20:00,584
8/14/2023,20:15,600
8/14/2023,20:30,576
8/14/2023,20:45,560
8/14/2023,21:00,592
8/14/2023,21:15,568
8/14/2023,21:30,568
8/14/2023,21:45,560
8/14/2023,22:00,560
8/14/2023,22:15,536
8/14/2023,22:30,544
8/14/2023,22:45,552
8/14/2023,23:00,528
8/14/2023,23:15,552
8/14/2023,23:30,512
8/14/2023,23:45,488
8/15/2023,0:00,496
8/15/2023,0:15,488
8/15/2023,0:30,480
8/15/2023,0:45,480
8/15/2023,1:00,496
8/15/2023,1:15,472
8/15/2023,1:30,440
8/15/2023,1:45,456
8/15/2023,2:00,472
8/15/2023,2:15,464
8/15/2023,2:30,472
8/15/2023,2:45,448
8/15/2023,3:00,440
8/15/2023,3:15,464
8/15/2023,3:30,472
8/15/2023,3:45,440
8/15/2023,4:00,424
8/15/2023,4:15,416
8/15/2023,4:30,440
8/15/2023,4:45,456
8/15/2023,5:00,448
8/15/2023,5:15,448
8/15/2023,5:30,440
8/15/2023,5:45,448
8/15/2023,6:00,512
8/15/2023,6:15,488
8/15/2023,6:30,512
8/15/2023,6:45,504
8/15/2023,7:00,504
8/15/2023,7:15,544
8/15/2023,7:30,576
8/15/2023,7:45,584
8/15/2023,8:00,608
8/15/2023,8:15,640
8/15/2023,8:30,632
8/15/2023,8:45,696
8/15/2023,9:00,704
8/15/2023,9:15,720
8/15/2023,9:30,736
8/15/2023,9:45,728
8/15/2023,10:00,736
8/15/2023,10:15,760
8/15/2023,10:30,768
8/15/2023,10:45,800
8/15/2023,11:00,824
8/15/2023,11:15,840
8/15/2023,11:30,864
8/15/2023,11:45,848
8/15/2023,12:00,896
8/15/2023,12:15,904
8/15/2023,12:30,880
8/15/2023,12:45,928
8/15/2023,13:00,936
8/15/2023,13:15,928
8/15/2023,13:30,976
8/15/2023,13:45,952
8/15/2023,14:00,976
8/15/2023,14:15,952
8/15/2023,14:30,976
8/15/2023,14:45,952
8/15/2023,15:00,984
8/15/2023,15:15,976
8/15/2023,15:30,976
8/15/2023,15:45,968
8/15/2023,16:00,952
8/15/2023,16:15,960
8/15/2023,16:30,936
8/15/2023,16:45,928
8/15/2023,17:00,920
8/15/2023,17:15,896
8/15/2023,17:30,880
8/15/2023,17:45,856
8/15/2023,18:00,848
8/15/2023,18:15,792
8/15/2023,18:30,784
8/15/2023,18:45,776
8/15/2023,19:00,784
8/15/2023,19:15,744
8/15/2023,19:30,696
8/15/2023,19:45,704
8/15/2023,20:00,656
8/15/2023,20:15,632
8/15/2023,20:30,608
8/15/2023,20:45,600
8/15/2023,21:00,624
8/15/2023,21:15,584
8/15/2023,21:30,584
8/15/2023,21:45,576
8/15/2023,22:00,592
8/15/2023,22:15,584
8/15/2023,22:30,560
8/15/2023,22:45,544
8/15/2023,23:00,544
8/15/2023,23:15,568
8/15/2023,23:30,544
8/15/2023,23:45,520
8/16/2023,0:00,520
8/16/2023,0:15,520
8/16/2023,0:30,528
8/16/2023,0:45,488
8/16/2023,1:00,504
8/16/2023,1:15,496
8/16/2023,1:30,480
8/16/2023,1:45,488
8/16/2023,2:00,456
8/16/2023,2:15,440
8/16/2023,2:30,456
8/16/2023,2:45,472
8/16/2023,3:00,432
8/16/2023,3:15,448
8/16/2023,3:30,456
8/16/2023,3:45,424
8/16/2023,4:00,424
8/16/2023,4:15,448
8/16/2023,4:30,464
8/16/2023,4:45,448
8/16/2023,5:00,440
8/16/2023,5:15,448
8/16/2023,5:30,464
8/16/2023,5:45,456
8/16/2023,6:00,488
8/16/2023,6:15,472
8/16/2023,6:30,480
8/16/2023,6:45,504
8/16/2023,7:00,520
8/16/2023,7:15,560
8/16/2023,7:30,576
8/16/2023,7:45,608
8/16/2023,8:00,624
8/16/2023,8:15,640
8/16/2023,8:30,656
8/16/2023,8:45,688
8/16/2023,9:00,728
8/16/2023,9:15,720
8/16/2023,9:30,728
8/16/2023,9:45,720
8/16/2023,10:00,752
8/16/2023,10:15,776
8/16/2023,10:30,800
8/16/2023,10:45,792
8/16/2023,11:00,832
8/16/2023,11:15,824
8/16/2023,11:30,856
8/16/2023,11:45,912
8/16/2023,12:00,920
8/16/2023,12:15,904
8/16/2023,12:30,936
8/16/2023,12:45,936
8/16/2023,13:00,952
8/16/2023,13:15,944
8/16/2023,13:30,968
8/16/2023,13:45,976
8/16/2023,14:00,984
8/16/2023,14:15,976
8/16/2023,14:30,976
8/16/2023,14:45,960
8/16/2023,15:00,960
8/16/2023,15:15,960
8/16/2023,15:30,952
8/16/2023,15:45,960
8/16/2023,16:00,952
8/16/2023,16:15,944
8/16/2023,16:30,936
8/16/2023,16:45,920
8/16/2023,17:00,912
8/16/2023,17:15,864
8/16/2023,17:30,888
8/16/2023,17:45,872
8/16/2023,18:00,872
8/16/2023,18:15,816
8/16/2023,18:30,768
8/16/2023,18:45,744
8/16/2023,19:00,712
8/16/2023,19:15,696
8/16/2023,19:30,680
8/16/2023,19:45,672
8/16/2023,20:00,656
8/16/2023,20:15,640
8/16/2023,20:30,648
8/16/2023,20:45,600
8/16/2023,21:00,616
8/16/2023,21:15,592
8/16/2023,21:30,608
8/16/2023,21:45,600
8/16/2023,22:00,552
8/16/2023,22:15,592
8/16/2023,22:30,592
8/16/2023,22:45,576
8/16/2023,23:00,560
8/16/2023,23:15,560
8/16/2023,23:30,568
8/16/2023,23:45,552
8/17/2023,0:00,528
8/17/2023,0:15,560
8/17/2023,0:30,560
8/17/2023,0:45,536
8/17/2023,1:00,520
8/17/2023,1:15,552
8/17/2023,1:30,528
8/17/2023,1:45,504
8/17/2023,2:00,488
8/17/2023,2:15,480
8/17/2023,2:30,520
8/17/2023,2:45,472
8/17/2023,3:00,464
8/17/2023,3:15,440
8/17/2023,3:30,448
8/17/2023,3:45,464
8/17/2023,4:00,448
8/17/2023,4:15,448
8/17/2023,4:30,424
8/17/2023,4:45,416
8/17/2023,5:00,432
8/17/2023,5:15,416
8/17/2023,5:30,440
8/17/2023,5:45,440
8/17/2023,6:00,464
8/17/2023,6:15,480
8/17/2023,6:30,464
8/17/2023,6:45,472
8/17/2023,7:00,480
8/17/2023,7:15,528
8/17/2023,7:30,544
8/17/2023,7:45,592
8/17/2023,8:00,640
8/17/2023,8:15,624
8/17/2023,8:30,648
8/17/2023,8:45,672
8/17/2023,9:00,688
8/17/2023,9:15,720
8/17/2023,9:30,736
8/17/2023,9:45,736
8/17/2023,10:00,752
8/17/2023,10:15,776
8/17/2023,10:30,792
8/17/2023,10:45,792
8/17/2023,11:00,816
8/17/2023,11:15,832
8/17/2023,11:30,848
8/17/2023,11:45,840
8/17/2023,12:00,848
8/17/2023,12:15,912
8/17/2023,12:30,928
8/17/2023,12:45,904
8/17/2023,13:00,920
8/17/2023,13:15,952
8/17/2023,13:30,968
8/17/2023,13:45,976
8/17/2023,14:00,968
8/17/2023,14:15,944
8/17/2023,14:30,944
8/17/2023,14:45,960
8/17/2023,15:00,944
8/17/2023,15:15,912
8/17/2023,15:30,936
8/17/2023,15:45,912
8/17/2023,16:00,880
8/17/2023,16:15,880
8/17/2023,16:30,888
8/17/2023,16:45,848
8/17/2023,17:00,840
8/17/2023,17:15,824
8/17/2023,17:30,784
8/17/2023,17:45,784
8/17/2023,18:00,744
8/17/2023,18:15,712
8/17/2023,18:30,696
8/17/2023,18:45,664
8/17/2023,19:00,664
8/17/2023,19:15,632
8/17/2023,19:30,616
8/17/2023,19:45,616
8/17/2023,20:00,592
8/17/2023,20:15,600
8/17/2023,20:30,600
8/17/2023,20:45,544
8/17/2023,21:00,544
8/17/2023,21:15,544
8/17/2023,21:30,552
8/17/2023,21:45,528
8/17/2023,22:00,488
8/17/2023,22:15,480
8/17/2023,22:30,480
8/17/2023,22:45,456
8/17/2023,23:00,448
8/17/2023,23:15,456
8/17/2023,23:30,432
8/17/2023,23:45,424
8/18/2023,0:00,416
8/18/2023,0:15,432
8/18/2023,0:30,448
8/18/2023,0:45,432
8/18/2023,1:00,424
8/18/2023,1:15,392
8/18/2023,1:30,416
8/18/2023,1:45,432
8/18/2023,2:00,408
8/18/2023,2:15,408
8/18/2023,2:30,408
8/18/2023,2:45,408
8/18/2023,3:00,440
8/18/2023,3:15,408
8/18/2023,3:30,424
8/18/2023,3:45,424
8/18/2023,4:00,408
8/18/2023,4:15,424
8/18/2023,4:30,384
8/18/2023,4:45,424
8/18/2023,5:00,424
8/18/2023,5:15,432
8/18/2023,5:30,416
8/18/2023,5:45,416
8/18/2023,6:00,472
8/18/2023,6:15,448
8/18/2023,6:30,448
8/18/2023,6:45,480
8/18/2023,7:00,496
8/18/2023,7:15,512
8/18/2023,7:30,504
8/18/2023,7:45,480
8/18/2023,8:00,496
8/18/2023,8:15,520
8/18/2023,8:30,560
8/18/2023,8:45,592
8/18/2023,9:00,600
8/18/2023,9:15,600
8/18/2023,9:30,648
8/18/2023,9:45,656
8/18/2023,10:00,672
8/18/2023,10:15,680
8/18/2023,10:30,720
8/18/2023,10:45,720
8/18/2023,11:00,696
8/18/2023,11:15,712
8/18/2023,11:30,744
8/18/2023,11:45,736
8/18/2023,12:00,736
8/18/2023,12:15,752
8/18/2023,12:30,752
8/18/2023,12:45,784
8/18/2023,13:00,800
8/18/2023,13:15,800
8/18/2023,13:30,792
8/18/2023,13:45,800
8/18/2023,14:00,808
8/18/2023,14:15,824
8/18/2023,14:30,832
8/18/2023,14:45,840
8/18/2023,15:00,856
8/18/2023,15:15,824
8/18/2023,15:30,800
8/18/2023,15:45,808
8/18/2023,16:00,784
8/18/2023,16:15,776
8/18/2023,16:30,760
8/18/2023,16:45,744
8/18/2023,17:00,736
8/18/2023,17:15,720
8/18/2023,17:30,688
8/18/2023,17:45,696
8/18/2023,18:00,672
8/18/2023,18:15,664
8/18/2023,18:30,672
8/18/2023,18:45,624
8/18/2023,19:00,600
8/18/2023,19:15,576
8/18/2023,19:30,560
8/18/2023,19:45,576
8/18/2023,20:00,576
8/18/2023,20:15,544
8/18/2023,20:30,560
8/18/2023,20:45,544
8/18/2023,21:00,552
8/18/2023,21:15,504
8/18/2023,21:30,504
8/18/2023,21:45,496
8/18/2023,22:00,480
8/18/2023,22:15,496
8/18/2023,22:30,464
8/18/2023,22:45,464
8/18/2023,23:00,480
8/18/2023,23:15,456
8/18/2023,23:30,432
8/18/2023,23:45,416
8/19/2023,0:00,416
8/19/2023,0:15,432
8/19/2023,0:30,400
8/19/2023,0:45,408
8/19/2023,1:00,416
8/19/2023,1:15,408
8/19/2023,1:30,408
8/19/2023,1:45,416
8/19/2023,2:00,400
8/19/2023,2:15,400
8/19/2023,2:30,400
8/19/2023,2:45,416
8/19/2023,3:00,384
8/19/2023,3:15,400
8/19/2023,3:30,384
8/19/2023,3:45,416
8/19/2023,4:00,392
8/19/2023,4:15,360
8/19/2023,4:30,392
8/19/2023,4:45,384
8/19/2023,5:00,392
8/19/2023,5:15,376
8/19/2023,5:30,392
8/19/2023,5:45,392
8/19/2023,6:00,376
8/19/2023,6:15,384
8/19/2023,6:30,360
8/19/2023,6:45,360
8/19/2023,7:00,360
8/19/2023,7:15,376
8/19/2023,7:30,376
8/19/2023,7:45,408
8/19/2023,8:00,440
8/19/2023,8:15,440
8/19/2023,8:30,480
8/19/2023,8:45,472
8/19/2023,9:00,512
8/19/2023,9:15,504
8/19/2023,9:30,536
8/19/2023,9:45,576
8/19/2023,10:00,560
8/19/2023,10:15,584
8/19/2023,10:30,584
8/19/2023,10:45,592
8/19/2023,11:00,600
8/19/2023,11:15,616
8/19/2023,11:30,624
8/19/2023,11:45,632
8/19/2023,12:00,648
8/19/2023,12:15,656
8/19/2023,12:30,688
8/19/2023,12:45,696
8/19/2023,13:00,688
8/19/2023,13:15,712
8/19/2023,13:30,704
8/19/2023,13:45,720
8/19/2023,14:00,720
8/19/2023,14:15,752
8/19/2023,14:30,744
8/19/2023,14:45,744
8/19/2023,15:00,744
8/19/2023,15:15,736
8/19/2023,15:30,744
8/19/2023,15:45,744
8/19/2023,16:00,736
8/19/2023,16:15,736
8/19/2023,16:30,736
8/19/2023,16:45,728
8/19/2023,17:00,736
8/19/2023,17:15,720
8/19/2023,17:30,720
8/19/2023,17:45,704
8/19/2023,18:00,712
8/19/2023,18:15,712
8/19/2023,18:30,672
8/19/2023,18:45,656
8/19/2023,19:00,624
8/19/2023,19:15,592
8/19/2023,19:30,568
8/19/2023,19:45,576
8/19/2023,20:00,560
8/19/2023,20:15,568
8/19/2023,20:30,568
8/19/2023,20:45,552
8/19/2023,21:00,528
8/19/2023,21:15,552
8/19/2023,21:30,520
8/19/2023,21:45,496
8/19/2023,22:00,512
8/19/2023,22:15,464
8/19/2023,22:30,464
8/19/2023,22:45,496
8/19/2023,23:00,464
8/19/2023,23:15,472
8/19/2023,23:30,464
8/19/2023,23:45,456
8/20/2023,0:00,480
8/20/2023,0:15,480
8/20/2023,0:30,448
8/20/2023,0:45,464
8/20/2023,1:00,472
8/20/2023,1:15,472
8/20/2023,1:30,456
8/20/2023,1:45,456
8/20/2023,2:00,472
8/20/2023,2:15,464
8/20/2023,2:30,432
8/20/2023,2:45,448
8/20/2023,3:00,424
8/20/2023,3:15,448
8/20/2023,3:30,448
8/20/2023,3:45,448
8/20/2023,4:00,448
8/20/2023,4:15,424
8/20/2023,4:30,448
8/20/2023,4:45,448
8/20/2023,5:00,432
8/20/2023,5:15,440
8/20/2023,5:30,392
8/20/2023,5:45,432
8/20/2023,6:00,464
8/20/2023,6:15,440
8/20/2023,6:30,432
8/20/2023,6:45,408
8/20/2023,7:00,424
8/20/2023,7:15,448
8/20/2023,7:30,456
8/20/2023,7:45,440
8/20/2023,8:00,464
8/20/2023,8:15,456
8/20/2023,8:30,480
8/20/2023,8:45,472
8/20/2023,9:00,464
8/20/2023,9:15,456
8/20/2023,9:30,504
8/20/2023,9:45,536
8/20/2023,10:00,520
8/20/2023,10:15,560
8/20/2023,10:30,600
8/20/2023,10:45,592
8/20/2023,11:00,608
8/20/2023,11:15,600
8/20/2023,11:30,608
8/20/2023,11:45,632
8/20/2023,12:00,648
8/20/2023,12:15,648
8/20/2023,12:30,648
8/20/2023,12:45,664
8/20/2023,13:00,688
8/20/2023,13:15,688
8/20/2023,13:30,696
8/20/2023,13:45,712
8/20/2023,14:00,688
8/20/2023,14:15,712
8/20/2023,14:30,704
8/20/2023,14:45,712
8/20/2023,15:00,720
8/20/2023,15:15,736
8/20/2023,15:30,752
8/20/2023,15:45,752
8/20/2023,16:00,752
8/20/2023,16:15,744
8/20/2023,16:30,744
8/20/2023,16:45,736
8/20/2023,17:00,728
8/20/2023,17:15,736
8/20/2023,17:30,704
8/20/2023,17:45,720
8/20/2023,18:00,696
8/20/2023,18:15,680
8/20/2023,18:30,680
8/20/2023,18:45,680
8/20/2023,19:00,664
8/20/2023,19:15,656
8/20/2023,19:30,664
8/20/2023,19:45,624
8/20/2023,20:00,616
8/20/2023,20:15,600
8/20/2023,20:30,624
8/20/2023,20:45,584
8/20/2023,21:00,576
8/20/2023,21:15,568
8/20/2023,21:30,544
8/20/2023,21:45,560
8/20/2023,22:00,560
8/20/2023,22:15,552
8/20/2023,22:30,584
8/20/2023,22:45,576
8/20/2023,23:00,552
8/20/2023,23:15,568
8/20/2023,23:30,568
8/20/2023,23:45,544
8/21/2023,0:00,552
8/21/2023,0:15,536
8/21/2023,0:30,576
8/21/2023,0:45,536
8/21/2023,1:00,536
8/21/2023,1:15,552
8/21/2023,1:30,536
8/21/2023,1:45,536
8/21/2023,2:00,544
8/21/2023,2:15,544
8/21/2023,2:30,520
8/21/2023,2:45,512
8/21/2023,3:00,520
8/21/2023,3:15,528
8/21/2023,3:30,496
8/21/2023,3:45,512
8/21/2023,4:00,512
8/21/2023,4:15,520
8/21/2023,4:30,504
8/21/2023,4:45,488
8/21/2023,5:00,512
8/21/2023,5:15,488
8/21/2023,5:30,504
8/21/2023,5:45,496
8/21/2023,6:00,544
8/21/2023,6:15,512
8/21/2023,6:30,560
8/21/2023,6:45,544
8/21/2023,7:00,560
8/21/2023,7:15,560
8/21/2023,7:30,592
8/21/2023,7:45,608
8/21/2023,8:00,616
8/21/2023,8:15,584
8/21/2023,8:30,592
8/21/2023,8:45,640
8/21/2023,9:00,648
8/21/2023,9:15,672
8/21/2023,9:30,672
8/21/2023,9:45,696
8/21/2023,10:00,720
8/21/2023,10:15,696
8/21/2023,10:30,688
8/21/2023,10:45,696
8/21/2023,11:00,728
8/21/2023,11:15,712
8/21/2023,11:30,696
8/21/2023,11:45,720
8/21/2023,12:00,704
8/21/2023,12:15,704
8/21/2023,12:30,704
8/21/2023,12:45,696
8/21/2023,13:00,720
8/21/2023,13:15,712
8/21/2023,13:30,704
8/21/2023,13:45,704
8/21/2023,14:00,704
8/21/2023,14:15,704
8/21/2023,14:30,704
8/21/2023,14:45,680
8/21/2023,15:00,656
8/21/2023,15:15,616
8/21/2023,15:30,624
8/21/2023,15:45,632
8/21/2023,16:00,624
8/21/2023,16:15,632
8/21/2023,16:30,656
8/21/2023,16:45,640
8/21/2023,17:00,632
8/21/2023,17:15,600
8/21/2023,17:30,568
8/21/2023,17:45,560
8/21/2023,18:00,584
8/21/2023,18:15,568
8/21/2023,18:30,520
8/21/2023,18:45,536
8/21/2023,19:00,576
8/21/2023,19:15,560
8/21/2023,19:30,536
8/21/2023,19:45,544
8/21/2023,20:00,536
8/21/2023,20:15,544
8/21/2023,20:30,520
8/21/2023,20:45,504
8/21/2023,21:00,496
8/21/2023,21:15,512
8/21/2023,21:30,504
8/21/2023,21:45,480
8/21/2023,22:00,504
8/21/2023,22:15,512
8/21/2023,22:30,512
8/21/2023,22:45,448
8/21/2023,23:00,480
8/21/2023,23:15,464
8/21/2023,23:30,488
8/21/2023,23:45,496
8/22/2023,0:00,496
8/22/2023,0:15,456
8/22/2023,0:30,472
8/22/2023,0:45,464
8/22/2023,1:00,464
8/22/2023,1:15,464
8/22/2023,1:30,480
8/22/2023,1:45,456
8/22/2023,2:00,464
8/22/2023,2:15,456
8/22/2023,2:30,416
8/22/2023,2:45,464
8/22/2023,3:00,432
8/22/2023,3:15,448
8/22/2023,3:30,448
8/22/2023,3:45,424
8/22/2023,4:00,472
8/22/2023,4:15,448
8/22/2023,4:30,432
8/22/2023,4:45,456
8/22/2023,5:00,448
8/22/2023,5:15,456
8/22/2023,5:30,464
8/22/2023,5:45,440
8/22/2023,6:00,496
8/22/2023,6:15,512
8/22/2023,6:30,512
8/22/2023,6:45,520
8/22/2023,7:00,520
8/22/2023,7:15,512
8/22/2023,7:30,560
8/22/2023,7:45,552
8/22/2023,8:00,584
8/22/2023,8:15,600
8/22/2023,8:30,624
8/22/2023,8:45,640
8/22/2023,9:00,664
8/22/2023,9:15,696
8/22/2023,9:30,728
8/22/2023,9:45,712
8/22/2023,10:00,728
8/22/2023,10:15,720
8/22/2023,10:30,720
8/22/2023,10:45,736
8/22/2023,11:00,736
8/22/2023,11:15,736
8/22/2023,11:30,768
8/22/2023,11:45,768
8/22/2023,12:00,776
8/22/2023,12:15,792
8/22/2023,12:30,808
8/22/2023,12:45,832
8/22/2023,13:00,824
8/22/2023,13:15,856
8/22/2023,13:30,840
8/22/2023,13:45,832
8/22/2023,14:00,816
8/22/2023,14:15,888
8/22/2023,14:30,856
8/22/2023,14:45,848
8/22/2023,15:00,880
8/22/2023,15:15,864
8/22/2023,15:30,832
8/22/2023,15:45,864
8/22/2023,16:00,816
8/22/2023,16:15,808
8/22/2023,16:30,808
8/22/2023,16:45,792
8/22/2023,17:00,768
8/22/2023,17:15,760
8/22/2023,17:30,744
8/22/2023,17:45,744
8/22/2023,18:00,720
8/22/2023,18:15,712
8/22/2023,18:30,680
8/22/2023,18:45,616
8/22/2023,19:00,624
8/22/2023,19:15,616
8/22/2023,19:30,608
8/22/2023,19:45,632
8/22/2023,20:00,592
8/22/2023,20:15,592
8/22/2023,20:30,568
8/22/2023,20:45,568
8/22/2023,21:00,552
8/22/2023,21:15,544
8/22/2023,21:30,552
8/22/2023,21:45,560
8/22/2023,22:00,536
8/22/2023,22:15,544
8/22/2023,22:30,536
8/22/2023,22:45,520
8/22/2023,23:00,496
8/22/2023,23:15,504
8/22/2023,23:30,496
8/22/2023,23:45,472
8/23/2023,0:00,464
8/23/2023,0:15,496
8/23/2023,0:30,504
8/23/2023,0:45,440
8/23/2023,1:00,472
8/23/2023,1:15,464
8/23/2023,1:30,480
8/23/2023,1:45,472
8/23/2023,2:00,480
8/23/2023,2:15,456
8/23/2023,2:30,464
8/23/2023,2:45,440
8/23/2023,3:00,456
8/23/2023,3:15,464
8/23/2023,3:30,464
8/23/2023,3:45,448
8/23/2023,4:00,448
8/23/2023,4:15,424
8/23/2023,4:30,448
8/23/2023,4:45,432
8/23/2023,5:00,440
8/23/2023,5:15,432
8/23/2023,5:30,432
8/23/2023,5:45,456
8/23/2023,6:00,472
8/23/2023,6:15,448
8/23/2023,6:30,480
8/23/2023,6:45,488
8/23/2023,7:00,512
8/23/2023,7:15,520
8/23/2023,7:30,568
8/23/2023,7:45,584
8/23/2023,8:00,632
8/23/2023,8:15,616
8/23/2023,8:30,656
8/23/2023,8:45,688
8/23/2023,9:00,704
8/23/2023,9:15,720
8/23/2023,9:30,728
8/23/2023,9:45,744
8/23/2023,10:00,736
8/23/2023,10:15,744
8/23/2023,10:30,768
8/23/2023,10:45,776
8/23/2023,11:00,792
8/23/2023,11:15,832
8/23/2023,11:30,840
8/23/2023,11:45,824
8/23/2023,12:00,848
8/23/2023,12:15,864
8/23/2023,12:30,888
8/23/2023,12:45,904
8/23/2023,13:00,936
8/23/2023,13:15,896
8/23/2023,13:30,912
8/23/2023,13:45,944
8/23/2023,14:00,920
8/23/2023,14:15,976
8/23/2023,14:30,984
8/23/2023,14:45,968
8/23/2023,15:00,976
8/23/2023,15:15,976
8/23/2023,15:30,968
8/23/2023,15:45,960
8/23/2023,16:00,968
8/23/2023,16:15,968
8/23/2023,16:30,960
8/23/2023,16:45,952
8/23/2023,17:00,936
8/23/2023,17:15,920
8/23/2023,17:30,880
8/23/2023,17:45,840
8/23/2023,18:00,840
8/23/2023,18:15,824
8/23/2023,18:30,800
8/23/2023,18:45,760
8/23/2023,19:00,736
8/23/2023,19:15,728
8/23/2023,19:30,696
8/23/2023,19:45,680
8/23/2023,20:00,688
8/23/2023,20:15,696
8/23/2023,20:30,656
8/23/2023,20:45,632
8/23/2023,21:00,600
8/23/2023,21:15,592
8/23/2023,21:30,592
8/23/2023,21:45,584
8/23/2023,22:00,576
8/23/2023,22:15,576
8/23/2023,22:30,568
8/23/2023,22:45,584
8/23/2023,23:00,552
8/23/2023,23:15,584
8/23/2023,23:30,568
8/23/2023,23:45,568
8/24/2023,0:00,560
8/24/2023,0:15,520
8/24/2023,0:30,552
8/24/2023,0:45,512
8/24/2023,1:00,536
8/24/2023,1:15,544
8/24/2023,1:30,520
8/24/2023,1:45,504
8/24/2023,2:00,504
8/24/2023,2:15,504
8/24/2023,2:30,504
8/24/2023,2:45,464
8/24/2023,3:00,472
8/24/2023,3:15,512
8/24/2023,3:30,488
8/24/2023,3:45,464
8/24/2023,4:00,464
8/24/2023,4:15,464
8/24/2023,4:30,472
8/24/2023,4:45,488
8/24/2023,5:00,424
8/24/2023,5:15,464
8/24/2023,5:30,464
8/24/2023,5:45,480
8/24/2023,6:00,528
8/24/2023,6:15,472
8/24/2023,6:30,488
8/24/2023,6:45,480
8/24/2023,7:00,504
8/24/2023,7:15,512
8/24/2023,7:30,560
8/24/2023,7:45,560
8/24/2023,8:00,584
8/24/2023,8:15,616
8/24/2023,8:30,640
8/24/2023,8:45,640
8/24/2023,9:00,672
8/24/2023,9:15,680
8/24/2023,9:30,720
8/24/2023,9:45,712
8/24/2023,10:00,728
8/24/2023,10:15,728
8/24/2023,10:30,720
8/24/2023,10:45,736
8/24/2023,11:00,744
8/24/2023,11:15,760
8/24/2023,11:30,744
8/24/2023,11:45,760
8/24/2023,12:00,784
8/24/2023,12:15,800
8/24/2023,12:30,816
8/24/2023,12:45,808
8/24/2023,13:00,832
8/24/2023,13:15,840
8/24/2023,13:30,880
8/24/2023,13:45,888
8/24/2023,14:00,896
8/24/2023,14:15,912
8/24/2023,14:30,912
8/24/2023,14:45,880
8/24/2023,15:00,904
8/24/2023,15:15,904
8/24/2023,15:30,904
8/24/2023,15:45,856
8/24/2023,16:00,848
8/24/2023,16:15,864
8/24/2023,16:30,816
8/24/2023,16:45,808
8/24/2023,17:00,808
8/24/2023,17:15,784
8/24/2023,17:30,744
8/24/2023,17:45,744
8/24/2023,18:00,720
8/24/2023,18:15,728
8/24/2023,18:30,720
8/24/2023,18:45,688
8/24/2023,19:00,640
8/24/2023,19:15,592
8/24/2023,19:30,584
8/24/2023,19:45,576
8/24/2023,20:00,544
8/24/2023,20:15,552
8/24/2023,20:30,544
8/24/2023,20:45,560
8/24/2023,21:00,512
8/24/2023,21:15,488
8/24/2023,21:30,472
8/24/2023,21:45,496
8/24/2023,22:00,496
8/24/2023,22:15,456
8/24/2023,22:30,440
8/24/2023,22:45,432
8/24/2023,23:00,472
8/24/2023,23:15,448
8/24/2023,23:30,448
8/24/2023,23:45,424
8/25/2023,0:00,440
8/25/2023,0:15,440
8/25/2023,0:30,432
8/25/2023,0:45,432
8/25/2023,1:00,432
8/25/2023,1:15,432
8/25/2023,1:30,432
8/25/2023,1:45,424
8/25/2023,2:00,496
8/25/2023,2:15,472
8/25/2023,2:30,464
8/25/2023,2:45,488
8/25/2023,3:00,448
8/25/2023,3:15,448
8/25/2023,3:30,464
8/25/2023,3:45,472
8/25/2023,4:00,448
8/25/2023,4:15,464
8/25/2023,4:30,464
8/25/2023,4:45,456
8/25/2023,5:00,456
8/25/2023,5:15,472
8/25/2023,5:30,464
8/25/2023,5:45,472
8/25/2023,6:00,480
8/25/2023,6:15,504
8/25/2023,6:30,504
8/25/2023,6:45,520
8/25/2023,7:00,528
8/25/2023,7:15,528
8/25/2023,7:30,552
8/25/2023,7:45,560
8/25/2023,8:00,592
8/25/2023,8:15,584
8/25/2023,8:30,584
8/25/2023,8:45,624
8/25/2023,9:00,624
8/25/2023,9:15,608
8/25/2023,9:30,632
8/25/2023,9:45,640
8/25/2023,10:00,656
8/25/2023,10:15,712
8/25/2023,10:30,696
8/25/2023,10:45,704
8/25/2023,11:00,736
8/25/2023,11:15,720
8/25/2023,11:30,720
8/25/2023,11:45,736
8/25/2023,12:00,728
8/25/2023,12:15,752
8/25/2023,12:30,760
8/25/2023,12:45,768
8/25/2023,13:00,784
8/25/2023,13:15,808
8/25/2023,13:30,792
8/25/2023,13:45,800
8/25/2023,14:00,808
8/25/2023,14:15,800
8/25/2023,14:30,800
8/25/2023,14:45,792
8/25/2023,15:00,792
8/25/2023,15:15,784
8/25/2023,15:30,768
8/25/2023,15:45,776
8/25/2023,16:00,760
8/25/2023,16:15,752
8/25/2023,16:30,752
8/25/2023,16:45,736
8/25/2023,17:00,728
8/25/2023,17:15,712
8/25/2023,17:30,696
8/25/2023,17:45,680
8/25/2023,18:00,672
8/25/2023,18:15,648
8/25/2023,18:30,608
8/25/2023,18:45,624
8/25/2023,19:00,592
8/25/2023,19:15,592
8/25/2023,19:30,552
8/25/2023,19:45,536
8/25/2023,20:00,536
8/25/2023,20:15,528
8/25/2023,20:30,512
8/25/2023,20:45,480
8/25/2023,21:00,480
8/25/2023,21:15,472
8/25/2023,21:30,472
8/25/2023,21:45,464
8/25/2023,22:00,408
8/25/2023,22:15,424
8/25/2023,22:30,448
8/25/2023,22:45,416
8/25/2023,23:00,416
8/25/2023,23:15,432
8/25/2023,23:30,416
8/25/2023,23:45,416
8/26/2023,0:00,392
8/26/2023,0:15,392
8/26/2023,0:30,440
8/26/2023,0:45,416
8/26/2023,1:00,400
8/26/2023,1:15,408
8/26/2023,1:30,432
8/26/2023,1:45,416
8/26/2023,2:00,416
8/26/2023,2:15,392
8/26/2023,2:30,440
8/26/2023,2:45,416
8/26/2023,3:00,408
8/26/2023,3:15,416
8/26/2023,3:30,424
8/26/2023,3:45,432
8/26/2023,4:00,400
8/26/2023,4:15,408
8/26/2023,4:30,416
8/26/2023,4:45,416
8/26/2023,5:00,424
8/26/2023,5:15,400
8/26/2023,5:30,400
8/26/2023,5:45,440
8/26/2023,6:00,416
8/26/2023,6:15,400
8/26/2023,6:30,416
8/26/2023,6:45,400
8/26/2023,7:00,432
8/26/2023,7:15,424
8/26/2023,7:30,408
8/26/2023,7:45,440
8/26/2023,8:00,416
8/26/2023,8:15,448
8/26/2023,8:30,408
8/26/2023,8:45,440
8/26/2023,9:00,448
8/26/2023,9:15,440
8/26/2023,9:30,496
8/26/2023,9:45,464
8/26/2023,10:00,520
8/26/2023,10:15,528
8/26/2023,10:30,552
8/26/2023,10:45,536
8/26/2023,11:00,552
8/26/2023,11:15,576
8/26/2023,11:30,568
8/26/2023,11:45,584
8/26/2023,12:00,568
8/26/2023,12:15,568
8/26/2023,12:30,600
8/26/2023,12:45,600
8/26/2023,13:00,616
8/26/2023,13:15,608
8/26/2023,13:30,624
8/26/2023,13:45,624
8/26/2023,14:00,632
8/26/2023,14:15,624
8/26/2023,14:30,640
8/26/2023,14:45,664
8/26/2023,15:00,656
8/26/2023,15:15,672
8/26/2023,15:30,688
8/26/2023,15:45,672
8/26/2023,16:00,664
8/26/2023,16:15,648
8/26/2023,16:30,656
8/26/2023,16:45,656
8/26/2023,17:00,640
8/26/2023,17:15,632
8/26/2023,17:30,600
8/26/2023,17:45,576
8/26/2023,18:00,592
8/26/2023,18:15,568
8/26/2023,18:30,552
8/26/2023,18:45,560
8/26/2023,19:00,536
8/26/2023,19:15,528
8/26/2023,19:30,496
8/26/2023,19:45,488
8/26/2023,20:00,480
8/26/2023,20:15,488
8/26/2023,20:30,472
8/26/2023,20:45,448
8/26/2023,21:00,456
8/26/2023,21:15,432
8/26/2023,21:30,456
8/26/2023,21:45,408
8/26/2023,22:00,424
8/26/2023,22:15,432
8/26/2023,22:30,424
8/26/2023,22:45,424
8/26/2023,23:00,408
8/26/2023,23:15,416
8/26/2023,23:30,400
8/26/2023,23:45,400
8/27/2023,0:00,392
8/27/2023,0:15,392
8/27/2023,0:30,408
8/27/2023,0:45,392
8/27/2023,1:00,392
8/27/2023,1:15,400
8/27/2023,1:30,368
8/27/2023,1:45,384
8/27/2023,2:00,376
8/27/2023,2:15,360
8/27/2023,2:30,360
8/27/2023,2:45,368
8/27/2023,3:00,360
8/27/2023,3:15,360
8/27/2023,3:30,368
8/27/2023,3:45,368
8/27/2023,4:00,368
8/27/2023,4:15,368
8/27/2023,4:30,352
8/27/2023,4:45,368
8/27/2023,5:00,376
8/27/2023,5:15,384
8/27/2023,5:30,368
8/27/2023,5:45,360
8/27/2023,6:00,360
8/27/2023,6:15,376
8/27/2023,6:30,344
8/27/2023,6:45,344
8/27/2023,7:00,376
8/27/2023,7:15,376
8/27/2023,7:30,360
8/27/2023,7:45,368
8/27/2023,8:00,392
8/27/2023,8:15,368
8/27/2023,8:30,384
8/27/2023,8:45,376
8/27/2023,9:00,416
8/27/2023,9:15,440
8/27/2023,9:30,456
8/27/2023,9:45,480
8/27/2023,10:00,496
8/27/2023,10:15,504
8/27/2023,10:30,544
8/27/2023,10:45,568
8/27/2023,11:00,576
8/27/2023,11:15,568
8/27/2023,11:30,592
8/27/2023,11:45,600
8/27/2023,12:00,576
8/27/2023,12:15,608
8/27/2023,12:30,608
8/27/2023,12:45,608
8/27/2023,13:00,608
8/27/2023,13:15,600
8/27/2023,13:30,624
8/27/2023,13:45,616
8/27/2023,14:00,648
8/27/2023,14:15,652
8/27/2023,14:30,656
8/27/2023,14:45,656
8/27/2023,15:00,672
8/27/2023,15:15,696
8/27/2023,15:30,672
8/27/2023,15:45,672
8/27/2023,16:00,680
8/27/2023,16:15,664
8/27/2023,16:30,664
8/27/2023,16:45,672
8/27/2023,17:00,660
8/27/2023,17:15,648
8/27/2023,17:30,640
8/27/2023,17:45,616
8/27/2023,18:00,608
8/27/2023,18:15,592
8/27/2023,18:30,568
8/27/2023,18:45,552
8/27/2023,19:00,552
8/27/2023,19:15,544
8/27/2023,19:30,536
8/27/2023,19:45,544
8/27/2023,20:00,504
8/27/2023,20:15,512
8/27/2023,20:30,496
8/27/2023,20:45,488
8/27/2023,21:00,480
8/27/2023,21:15,472
8/27/2023,21:30,456
8/27/2023,21:45,464
8/27/2023,22:00,440
8/27/2023,22:15,456
8/27/2023,22:30,408
8/27/2023,22:45,424
8/27/2023,23:00,432
8/27/2023,23:15,408
8/27/2023,23:30,416
8/27/2023,23:45,424
8/28/2023,0:00,400
8/28/2023,0:15,432
8/28/2023,0:30,400
8/28/2023,0:45,408
8/28/2023,1:00,376
8/28/2023,1:15,384
8/28/2023,1:30,376
8/28/2023,1:45,368
8/28/2023,2:00,368
8/28/2023,2:15,384
8/28/2023,2:30,392
8/28/2023,2:45,400
8/28/2023,3:00,392
8/28/2023,3:15,360
8/28/2023,3:30,368
8/28/2023,3:45,376
8/28/2023,4:00,352
8/28/2023,4:15,352
8/28/2023,4:30,360
8/28/2023,4:45,368
8/28/2023,5:00,376
8/28/2023,5:15,352
8/28/2023,5:30,352
8/28/2023,5:45,392
8/28/2023,6:00,400
8/28/2023,6:15,400
8/28/2023,6:30,400
8/28/2023,6:45,408
8/28/2023,7:00,424
8/28/2023,7:15,416
8/28/2023,7:30,464
8/28/2023,7:45,488
8/28/2023,8:00,504
8/28/2023,8:15,544
8/28/2023,8:30,552
8/28/2023,8:45,608
8/28/2023,9:00,616
8/28/2023,9:15,656
8/28/2023,9:30,648
8/28/2023,9:45,688
8/28/2023,10:00,720
8/28/2023,10:15,720
8/28/2023,10:30,712
8/28/2023,10:45,728
8/28/2023,11:00,736
8/28/2023,11:15,744
8/28/2023,11:30,744
8/28/2023,11:45,776
8/28/2023,12:00,768
8/28/2023,12:15,800
8/28/2023,12:30,816
8/28/2023,12:45,816
8/28/2023,13:00,808
8/28/2023,13:15,824
8/28/2023,13:30,816
8/28/2023,13:45,848
8/28/2023,14:00,856
8/28/2023,14:15,840
8/28/2023,14:30,832
8/28/2023,14:45,832
8/28/2023,15:00,816
8/28/2023,15:15,808
8/28/2023,15:30,832
8/28/2023,15:45,832
8/28/2023,16:00,840
8/28/2023,16:15,808
8/28/2023,16:30,800
8/28/2023,16:45,808
8/28/2023,17:00,784
8/28/2023,17:15,776
8/28/2023,17:30,768
8/28/2023,17:45,736
8/28/2023,18:00,712
8/28/2023,18:15,648
8/28/2023,18:30,640
8/28/2023,18:45,608
8/28/2023,19:00,584
8/28/2023,19:15,552
8/28/2023,19:30,552
8/28/2023,19:45,560
8/28/2023,20:00,536
8/28/2023,20:15,528
8/28/2023,20:30,520
8/28/2023,20:45,512
8/28/2023,21:00,488
8/28/2023,21:15,480
8/28/2023,21:30,480
8/28/2023,21:45,464
8/28/2023,22:00,448
8/28/2023,22:15,424
8/28/2023,22:30,432
8/28/2023,22:45,440
8/28/2023,23:00,408
8/28/2023,23:15,424
8/28/2023,23:30,408
8/28/2023,23:45,424
8/29/2023,0:00,400
8/29/2023,0:15,376
8/29/2023,0:30,368
8/29/2023,0:45,384
8/29/2023,1:00,368
8/29/2023,1:15,360
8/29/2023,1:30,360
8/29/2023,1:45,360
8/29/2023,2:00,368
8/29/2023,2:15,368
8/29/2023,2:30,376
8/29/2023,2:45,384
8/29/2023,3:00,376
8/29/2023,3:15,360
8/29/2023,3:30,344
8/29/2023,3:45,376
8/29/2023,4:00,360
8/29/2023,4:15,352
8/29/2023,4:30,352
8/29/2023,4:45,344
8/29/2023,5:00,360
8/29/2023,5:15,352
8/29/2023,5:30,344
8/29/2023,5:45,392
8/29/2023,6:00,392
8/29/2023,6:15,400
8/29/2023,6:30,392
8/29/2023,6:45,408
8/29/2023,7:00,416
8/29/2023,7:15,424
8/29/2023,7:30,432
8/29/2023,7:45,456
8/29/2023,8:00,472
8/29/2023,8:15,520
8/29/2023,8:30,536
8/29/2023,8:45,552
8/29/2023,9:00,584
8/29/2023,9:15,624
8/29/2023,9:30,640
8/29/2023,9:45,648
8/29/2023,10:00,696
8/29/2023,10:15,688
8/29/2023,10:30,728
8/29/2023,10:45,728
8/29/2023,11:00,736
8/29/2023,11:15,744
8/29/2023,11:30,736
8/29/2023,11:45,752
8/29/2023,12:00,744
8/29/2023,12:15,752
8/29/2023,12:30,784
8/29/2023,12:45,816
8/29/2023,13:00,808
8/29/2023,13:15,792
8/29/2023,13:30,808
8/29/2023,13:45,800
8/29/2023,14:00,824
8/29/2023,14:15,840
8/29/2023,14:30,848
8/29/2023,14:45,840
8/29/2023,15:00,848
8/29/2023,15:15,840
8/29/2023,15:30,824
8/29/2023,15:45,832
8/29/2023,16:00,816
8/29/2023,16:15,784
8/29/2023,16:30,776
8/29/2023,16:45,752
8/29/2023,17:00,744
8/29/2023,17:15,752
8/29/2023,17:30,720
8/29/2023,17:45,680
8/29/2023,18:00,696
8/29/2023,18:15,664
8/29/2023,18:30,624
8/29/2023,18:45,616
8/29/2023,19:00,576
8/29/2023,19:15,568
8/29/2023,19:30,592
8/29/2023,19:45,560
8/29/2023,20:00,576
8/29/2023,20:15,536
8/29/2023,20:30,520
8/29/2023,20:45,520
8/29/2023,21:00,504
8/29/2023,21:15,504
8/29/2023,21:30,488
8/29/2023,21:45,472
8/29/2023,22:00,480
8/29/2023,22:15,480
8/29/2023,22:30,488
8/29/2023,22:45,416
8/29/2023,23:00,432
8/29/2023,23:15,432
8/29/2023,23:30,440
8/29/2023,23:45,432
8/30/2023,0:00,408
8/30/2023,0:15,424
8/30/2023,0:30,424
8/30/2023,0:45,424
8/30/2023,1:00,416
8/30/2023,1:15,392
8/30/2023,1:30,384
8/30/2023,1:45,384
8/30/2023,2:00,384
8/30/2023,2:15,376
8/30/2023,2:30,392
8/30/2023,2:45,376
8/30/2023,3:00,368
8/30/2023,3:15,352
8/30/2023,3:30,352
8/30/2023,3:45,360
8/30/2023,4:00,368
8/30/2023,4:15,360
8/30/2023,4:30,360
8/30/2023,4:45,368
8/30/2023,5:00,368
8/30/2023,5:15,368
8/30/2023,5:30,352
8/30/2023,5:45,368
8/30/2023,6:00,400
8/30/2023,6:15,408
8/30/2023,6:30,392
8/30/2023,6:45,392
8/30/2023,7:00,432
8/30/2023,7:15,432
8/30/2023,7:30,440
8/30/2023,7:45,496
8/30/2023,8:00,496
8/30/2023,8:15,536
8/30/2023,8:30,584
8/30/2023,8:45,616
8/30/2023,9:00,632
8/30/2023,9:15,656
8/30/2023,9:30,696
8/30/2023,9:45,720
8/30/2023,10:00,720
8/30/2023,10:15,728
8/30/2023,10:30,760
8/30/2023,10:45,768
8/30/2023,11:00,776
8/30/2023,11:15,800
8/30/2023,11:30,816
8/30/2023,11:45,816
8/30/2023,12:00,832
8/30/2023,12:15,848
8/30/2023,12:30,848
8/30/2023,12:45,848
8/30/2023,13:00,856
8/30/2023,13:15,872
8/30/2023,13:30,864
8/30/2023,13:45,896
8/30/2023,14:00,888
8/30/2023,14:15,912
8/30/2023,14:30,944
8/30/2023,14:45,912
8/30/2023,15:00,904
8/30/2023,15:15,920
8/30/2023,15:30,920
8/30/2023,15:45,912
8/30/2023,16:00,936
8/30/2023,16:15,904
8/30/2023,16:30,904
8/30/2023,16:45,856
8/30/2023,17:00,856
8/30/2023,17:15,872
8/30/2023,17:30,832
8/30/2023,17:45,792
8/30/2023,18:00,768
8/30/2023,18:15,760
8/30/2023,18:30,760
8/30/2023,18:45,712
8/30/2023,19:00,664
8/30/2023,19:15,624
8/30/2023,19:30,616
8/30/2023,19:45,600
8/30/2023,20:00,592
8/30/2023,20:15,568
8/30/2023,20:30,576
8/30/2023,20:45,600
8/30/2023,21:00,584
8/30/2023,21:15,568
8/30/2023,21:30,544
8/30/2023,21:45,536
8/30/2023,22:00,536
8/30/2023,22:15,512
8/30/2023,22:30,520
8/30/2023,22:45,472
8/30/2023,23:00,496
8/30/2023,23:15,464
8/30/2023,23:30,488
8/30/2023,23:45,480
8/31/2023,0:00,464
8/31/2023,0:15,480
8/31/2023,0:30,488
8/31/2023,0:45,488
8/31/2023,1:00,440
8/31/2023,1:15,464
8/31/2023,1:30,480
8/31/2023,1:45,456
8/31/2023,2:00,496
8/31/2023,2:15,448
8/31/2023,2:30,488
8/31/2023,2:45,440
8/31/2023,3:00,464
8/31/2023,3:15,440
8/31/2023,3:30,424
8/31/2023,3:45,432
8/31/2023,4:00,424
8/31/2023,4:15,416
8/31/2023,4:30,424
8/31/2023,4:45,400
8/31/2023,5:00,416
8/31/2023,5:15,392
8/31/2023,5:30,384
8/31/2023,5:45,424
8/31/2023,6:00,432
8/31/2023,6:15,432
8/31/2023,6:30,440
8/31/2023,6:45,432
8/31/2023,7:00,432
8/31/2023,7:15,456
8/31/2023,7:30,504
8/31/2023,7:45,488
8/31/2023,8:00,528
8/31/2023,8:15,560
8/31/2023,8:30,576
8/31/2023,8:45,600
8/31/2023,9:00,616
8/31/2023,9:15,640
8/31/2023,9:30,648
8/31/2023,9:45,720
8/31/2023,10:00,704
8/31/2023,10:15,712
8/31/2023,10:30,736
8/31/2023,10:45,744
8/31/2023,11:00,736
8/31/2023,11:15,744
8/31/2023,11:30,736
8/31/2023,11:45,744
8/31/2023,12:00,752
8/31/2023,12:15,784
8/31/2023,12:30,784
8/31/2023,12:45,784
8/31/2023,13:00,784
8/31/2023,13:15,808
8/31/2023,13:30,824
8/31/2023,13:45,832
8/31/2023,14:00,848
8/31/2023,14:15,832
8/31/2023,14:30,848
8/31/2023,14:45,824
8/31/2023,15:00,832
8/31/2023,15:15,832
8/31/2023,15:30,808
8/31/2023,15:45,808
8/31/2023,16:00,800
8/31/2023,16:15,752
8/31/2023,16:30,720
8/31/2023,16:45,688
8/31/2023,17:00,656
8/31/2023,17:15,624
8/31/2023,17:30,584
8/31/2023,17:45,592
8/31/2023,18:00,584
8/31/2023,18:15,560
8/31/2023,18:30,528
8/31/2023,18:45,488
8/31/2023,19:00,496
8/31/2023,19:15,464
8/31/2023,19:30,448
8/31/2023,19:45,432
8/31/2023,20:00,456
8/31/2023,20:15,432
8/31/2023,20:30,440
8/31/2023,20:45,424
8/31/2023,21:00,424
8/31/2023,21:15,416
8/31/2023,21:30,424
8/31/2023,21:45,424
8/31/2023,22:00,392
8/31/2023,22:15,400
8/31/2023,22:30,408
8/31/2023,22:45,400
8/31/2023,23:00,400
8/31/2023,23:15,392
8/31/2023,23:30,400
8/31/2023,23:45,392
9/1/2023,0:00,400
9/1/2023,0:15,376
9/1/2023,0:30,368
9/1/2023,0:45,360
9/1/2023,1:00,368
9/1/2023,1:15,392
9/1/2023,1:30,400
9/1/2023,1:45,392
9/1/2023,2:00,392
9/1/2023,2:15,392
9/1/2023,2:30,392
9/1/2023,2:45,376
9/1/2023,3:00,392
9/1/2023,3:15,368
9/1/2023,3:30,368
9/1/2023,3:45,360
9/1/2023,4:00,368
9/1/2023,4:15,376
9/1/2023,4:30,360
9/1/2023,4:45,368
9/1/2023,5:00,400
9/1/2023,5:15,376
9/1/2023,5:30,384
9/1/2023,5:45,392
9/1/2023,6:00,432
9/1/2023,6:15,416
9/1/2023,6:30,416
9/1/2023,6:45,408
9/1/2023,7:00,432
9/1/2023,7:15,448
9/1/2023,7:30,472
9/1/2023,7:45,528
9/1/2023,8:00,504
9/1/2023,8:15,512
9/1/2023,8:30,552
9/1/2023,8:45,560
9/1/2023,9:00,584
9/1/2023,9:15,600
9/1/2023,9:30,608
9/1/2023,9:45,616
9/1/2023,10:00,616
9/1/2023,10:15,656
9/1/2023,10:30,712
9/1/2023,10:45,688
9/1/2023,11:00,664
9/1/2023,11:15,648
9/1/2023,11:30,656
9/1/2023,11:45,704
9/1/2023,12:00,688
9/1/2023,12:15,688
9/1/2023,12:30,664
9/1/2023,12:45,632
9/1/2023,13:00,664
9/1/2023,13:15,680
9/1/2023,13:30,688
9/1/2023,13:45,696
9/1/2023,14:00,688
9/1/2023,14:15,672
9/1/2023,14:30,664
9/1/2023,14:45,664
9/1/2023,15:00,664
9/1/2023,15:15,688
9/1/2023,15:30,656
9/1/2023,15:45,648
9/1/2023,16:00,672
9/1/2023,16:15,680
9/1/2023,16:30,664
9/1/2023,16:45,648
9/1/2023,17:00,640
9/1/2023,17:15,592
9/1/2023,17:30,624
9/1/2023,17:45,616
9/1/2023,18:00,560
9/1/2023,18:15,552
9/1/2023,18:30,504
9/1/2023,18:45,488
9/1/2023,19:00,488
9/1/2023,19:15,456
9/1/2023,19:30,464
9/1/2023,19:45,496
9/1/2023,20:00,472
9/1/2023,20:15,472
9/1/2023,20:30,464
9/1/2023,20:45,440
9/1/2023,21:00,440
9/1/2023,21:15,440
9/1/2023,21:30,424
9/1/2023,21:45,432
9/1/2023,22:00,456
9/1/2023,22:15,416
9/1/2023,22:30,424
9/1/2023,22:45,408
9/1/2023,23:00,448
9/1/2023,23:15,424
9/1/2023,23:30,408
9/1/2023,23:45,440
9/2/2023,0:00,440
9/2/2023,0:15,416
9/2/2023,0:30,424
9/2/2023,0:45,440
9/2/2023,1:00,392
9/2/2023,1:15,392
9/2/2023,1:30,416
9/2/2023,1:45,384
9/2/2023,2:00,384
9/2/2023,2:15,392
9/2/2023,2:30,392
9/2/2023,2:45,400
9/2/2023,3:00,416
9/2/2023,3:15,408
9/2/2023,3:30,384
9/2/2023,3:45,416
9/2/2023,4:00,408
9/2/2023,4:15,400
9/2/2023,4:30,400
9/2/2023,4:45,416
9/2/2023,5:00,408
9/2/2023,5:15,392
9/2/2023,5:30,408
9/2/2023,5:45,400
9/2/2023,6:00,400
9/2/2023,6:15,416
9/2/2023,6:30,408
9/2/2023,6:45,392
9/2/2023,7:00,424
9/2/2023,7:15,424
9/2/2023,7:30,424
9/2/2023,7:45,424
9/2/2023,8:00,440
9/2/2023,8:15,416
9/2/2023,8:30,432
9/2/2023,8:45,416
9/2/2023,9:00,424
9/2/2023,9:15,424
9/2/2023,9:30,432
9/2/2023,9:45,440
9/2/2023,10:00,448
9/2/2023,10:15,464
9/2/2023,10:30,456
9/2/2023,10:45,488
9/2/2023,11:00,448
9/2/2023,11:15,464
9/2/2023,11:30,512
9/2/2023,11:45,504
9/2/2023,12:00,520
9/2/2023,12:15,496
9/2/2023,12:30,504
9/2/2023,12:45,480
9/2/2023,13:00,480
9/2/2023,13:15,488
9/2/2023,13:30,488
9/2/2023,13:45,480
9/2/2023,14:00,456
9/2/2023,14:15,480
9/2/2023,14:30,504
9/2/2023,14:45,528
9/2/2023,15:00,536
9/2/2023,15:15,520
9/2/2023,15:30,544
9/2/2023,15:45,552
9/2/2023,16:00,512
9/2/2023,16:15,528
9/2/2023,16:30,504
9/2/2023,16:45,496
9/2/2023,17:00,504
9/2/2023,17:15,504
9/2/2023,17:30,504
9/2/2023,17:45,480
9/2/2023,18:00,488
9/2/2023,18:15,456
9/2/2023,18:30,496
9/2/2023,18:45,480
9/2/2023,19:00,472
9/2/2023,19:15,472
9/2/2023,19:30,472
9/2/2023,19:45,472
9/2/2023,20:00,472
9/2/2023,20:15,472
9/2/2023,20:30,472
9/2/2023,20:45,464
9/2/2023,21:00,464
9/2/2023,21:15,448
9/2/2023,21:30,464
9/2/2023,21:45,432
9/2/2023,22:00,424
9/2/2023,22:15,424
9/2/2023,22:30,440
9/2/2023,22:45,416
9/2/2023,23:00,416
9/2/2023,23:15,416
9/2/2023,23:30,432
9/2/2023,23:45,432
9/3/2023,0:00,416
9/3/2023,0:15,416
9/3/2023,0:30,408
9/3/2023,0:45,424
9/3/2023,1:00,424
9/3/2023,1:15,392
9/3/2023,1:30,416
9/3/2023,1:45,408
9/3/2023,2:00,408
9/3/2023,2:15,456
9/3/2023,2:30,440
9/3/2023,2:45,424
9/3/2023,3:00,424
9/3/2023,3:15,416
9/3/2023,3:30,440
9/3/2023,3:45,440
9/3/2023,4:00,408
9/3/2023,4:15,424
9/3/2023,4:30,384
9/3/2023,4:45,376
9/3/2023,5:00,384
9/3/2023,5:15,400
9/3/2023,5:30,400
9/3/2023,5:45,424
9/3/2023,6:00,384
9/3/2023,6:15,424
9/3/2023,6:30,408
9/3/2023,6:45,384
9/3/2023,7:00,416
9/3/2023,7:15,408
9/3/2023,7:30,424
9/3/2023,7:45,424
9/3/2023,8:00,392
9/3/2023,8:15,408
9/3/2023,8:30,424
9/3/2023,8:45,400
9/3/2023,9:00,424
9/3/2023,9:15,424
9/3/2023,9:30,440
9/3/2023,9:45,464
9/3/2023,10:00,464
9/3/2023,10:15,464
9/3/2023,10:30,496
9/3/2023,10:45,480
9/3/2023,11:00,528
9/3/2023,11:15,528
9/3/2023,11:30,544
9/3/2023,11:45,536
9/3/2023,12:00,568
9/3/2023,12:15,544
9/3/2023,12:30,520
9/3/2023,12:45,520
9/3/2023,13:00,536
9/3/2023,13:15,504
9/3/2023,13:30,544
9/3/2023,13:45,568
9/3/2023,14:00,560
9/3/2023,14:15,520
9/3/2023,14:30,544
9/3/2023,14:45,568
9/3/2023,15:00,584
9/3/2023,15:15,560
9/3/2023,15:30,576
9/3/2023,15:45,576
9/3/2023,16:00,568
9/3/2023,16:15,560
9/3/2023,16:30,560
9/3/2023,16:45,592
9/3/2023,17:00,568
9/3/2023,17:15,560
9/3/2023,17:30,592
9/3/2023,17:45,576
9/3/2023,18:00,552
9/3/2023,18:15,544
9/3/2023,18:30,528
9/3/2023,18:45,496
9/3/2023,19:00,472
9/3/2023,19:15,480
9/3/2023,19:30,464
9/3/2023,19:45,448
9/3/2023,20:00,456
9/3/2023,20:15,424
9/3/2023,20:30,448
9/3/2023,20:45,440
9/3/2023,21:00,440
9/3/2023,21:15,416
9/3/2023,21:30,408
9/3/2023,21:45,440
9/3/2023,22:00,416
9/3/2023,22:15,432
9/3/2023,22:30,408
9/3/2023,22:45,424
9/3/2023,23:00,432
9/3/2023,23:15,424
9/3/2023,23:30,432
9/3/2023,23:45,400
9/4/2023,0:00,424
9/4/2023,0:15,440
9/4/2023,0:30,416
9/4/2023,0:45,432
9/4/2023,1:00,408
9/4/2023,1:15,448
9/4/2023,1:30,400
9/4/2023,1:45,416
9/4/2023,2:00,424
9/4/2023,2:15,432
9/4/2023,2:30,432
9/4/2023,2:45,432
9/4/2023,3:00,416
9/4/2023,3:15,408
9/4/2023,3:30,400
9/4/2023,3:45,408
9/4/2023,4:00,400
9/4/2023,4:15,400
9/4/2023,4:30,384
9/4/2023,4:45,400
9/4/2023,5:00,400
9/4/2023,5:15,368
9/4/2023,5:30,376
9/4/2023,5:45,360
9/4/2023,6:00,376
9/4/2023,6:15,368
9/4/2023,6:30,384
9/4/2023,6:45,376
9/4/2023,7:00,368
9/4/2023,7:15,424
9/4/2023,7:30,464
9/4/2023,7:45,424
9/4/2023,8:00,440
9/4/2023,8:15,448
9/4/2023,8:30,472
9/4/2023,8:45,448
9/4/2023,9:00,488
9/4/2023,9:15,528
9/4/2023,9:30,528
9/4/2023,9:45,536
9/4/2023,10:00,544
9/4/2023,10:15,552
9/4/2023,10:30,520
9/4/2023,10:45,576
9/4/2023,11:00,608
9/4/2023,11:15,608
9/4/2023,11:30,624
9/4/2023,11:45,616
9/4/2023,12:00,568
9/4/2023,12:15,624
9/4/2023,12:30,608
9/4/2023,12:45,600
9/4/2023,13:00,608
9/4/2023,13:15,600
9/4/2023,13:30,600
9/4/2023,13:45,600
9/4/2023,14:00,616
9/4/2023,14:15,608
9/4/2023,14:30,608
9/4/2023,14:45,616
9/4/2023,15:00,624
9/4/2023,15:15,608
9/4/2023,15:30,624
9/4/2023,15:45,624
9/4/2023,16:00,608
9/4/2023,16:15,648
9/4/2023,16:30,624
9/4/2023,16:45,608
9/4/2023,17:00,624
9/4/2023,17:15,608
9/4/2023,17:30,592
9/4/2023,17:45,616
9/4/2023,18:00,592
9/4/2023,18:15,568
9/4/2023,18:30,552
9/4/2023,18:45,528
9/4/2023,19:00,536
9/4/2023,19:15,496
9/4/2023,19:30,472
9/4/2023,19:45,464
9/4/2023,20:00,432
9/4/2023,20:15,504
9/4/2023,20:30,448
9/4/2023,20:45,432
9/4/2023,21:00,416
9/4/2023,21:15,464
9/4/2023,21:30,408
9/4/2023,21:45,424
9/4/2023,22:00,432
9/4/2023,22:15,416
9/4/2023,22:30,424
9/4/2023,22:45,408
9/4/2023,23:00,432
9/4/2023,23:15,400
9/4/2023,23:30,408
9/4/2023,23:45,400
9/5/2023,0:00,408
9/5/2023,0:15,384
9/5/2023,0:30,392
9/5/2023,0:45,392
9/5/2023,1:00,376
9/5/2023,1:15,384
9/5/2023,1:30,392
9/5/2023,1:45,392
9/5/2023,2:00,384
9/5/2023,2:15,376
9/5/2023,2:30,376
9/5/2023,2:45,376
9/5/2023,3:00,384
9/5/2023,3:15,368
9/5/2023,3:30,368
9/5/2023,3:45,376
9/5/2023,4:00,360
9/5/2023,4:15,360
9/5/2023,4:30,384
9/5/2023,4:45,376
9/5/2023,5:00,368
9/5/2023,5:15,368
9/5/2023,5:30,352
9/5/2023,5:45,392
9/5/2023,6:00,400
9/5/2023,6:15,408
9/5/2023,6:30,408
9/5/2023,6:45,400
9/5/2023,7:00,424
9/5/2023,7:15,432
9/5/2023,7:30,432
9/5/2023,7:45,448
9/5/2023,8:00,496
9/5/2023,8:15,528
9/5/2023,8:30,536
9/5/2023,8:45,568
9/5/2023,9:00,608
9/5/2023,9:15,640
9/5/2023,9:30,648
9/5/2023,9:45,680
9/5/2023,10:00,680
9/5/2023,10:15,704
9/5/2023,10:30,720
9/5/2023,10:45,704
9/5/2023,11:00,720
9/5/2023,11:15,736
9/5/2023,11:30,760
9/5/2023,11:45,776
9/5/2023,12:00,768
9/5/2023,12:15,800
9/5/2023,12:30,808
9/5/2023,12:45,816
9/5/2023,13:00,824
9/5/2023,13:15,840
9/5/2023,13:30,848
9/5/2023,13:45,840
9/5/2023,14:00,848
9/5/2023,14:15,848
9/5/2023,14:30,840
9/5/2023,14:45,832
9/5/2023,15:00,816
9/5/2023,15:15,824
9/5/2023,15:30,832
9/5/2023,15:45,800
9/5/2023,16:00,792
9/5/2023,16:15,800
9/5/2023,16:30,776
9/5/2023,16:45,768
9/5/2023,17:00,768
9/5/2023,17:15,736
9/5/2023,17:30,744
9/5/2023,17:45,720
9/5/2023,18:00,688
9/5/2023,18:15,656
9/5/2023,18:30,640
9/5/2023,18:45,584
9/5/2023,19:00,576
9/5/2023,19:15,584
9/5/2023,19:30,544
9/5/2023,19:45,568
9/5/2023,20:00,552
9/5/2023,20:15,480
9/5/2023,20:30,488
9/5/2023,20:45,472
9/5/2023,21:00,448
9/5/2023,21:15,432
9/5/2023,21:30,424
9/5/2023,21:45,416
9/5/2023,22:00,448
9/5/2023,22:15,400
9/5/2023,22:30,408
9/5/2023,22:45,368
9/5/2023,23:00,384
9/5/2023,23:15,376
9/5/2023,23:30,368
9/5/2023,23:45,360
9/6/2023,0:00,360
9/6/2023,0:15,368
9/6/2023,0:30,368
9/6/2023,0:45,384
9/6/2023,1:00,384
9/6/2023,1:15,376
9/6/2023,1:30,376
9/6/2023,1:45,368
9/6/2023,2:00,376
9/6/2023,2:15,344
9/6/2023,2:30,368
9/6/2023,2:45,360
9/6/2023,3:00,352
9/6/2023,3:15,368
9/6/2023,3:30,360
9/6/2023,3:45,344
9/6/2023,4:00,360
9/6/2023,4:15,352
9/6/2023,4:30,368
9/6/2023,4:45,352
9/6/2023,5:00,360
9/6/2023,5:15,352
9/6/2023,5:30,360
9/6/2023,5:45,368
9/6/2023,6:00,392
9/6/2023,6:15,400
9/6/2023,6:30,384
9/6/2023,6:45,408
9/6/2023,7:00,416
9/6/2023,7:15,424
9/6/2023,7:30,456
9/6/2023,7:45,472
9/6/2023,8:00,504
9/6/2023,8:15,480
9/6/2023,8:30,520
9/6/2023,8:45,512
9/6/2023,9:00,536
9/6/2023,9:15,552
9/6/2023,9:30,600
9/6/2023,9:45,608
9/6/2023,10:00,640
9/6/2023,10:15,656
9/6/2023,10:30,624
9/6/2023,10:45,696
9/6/2023,11:00,680
9/6/2023,11:15,696
9/6/2023,11:30,688
9/6/2023,11:45,688
9/6/2023,12:00,680
9/6/2023,12:15,696
9/6/2023,12:30,720
9/6/2023,12:45,728
9/6/2023,13:00,736
9/6/2023,13:15,744
9/6/2023,13:30,752
9/6/2023,13:45,760
9/6/2023,14:00,752
9/6/2023,14:15,760
9/6/2023,14:30,776
9/6/2023,14:45,776
9/6/2023,15:00,792
9/6/2023,15:15,800
9/6/2023,15:30,792
9/6/2023,15:45,800
9/6/2023,16:00,776
9/6/2023,16:15,768
9/6/2023,16:30,760
9/6/2023,16:45,752
9/6/2023,17:00,736
9/6/2023,17:15,712
9/6/2023,17:30,680
9/6/2023,17:45,656
9/6/2023,18:00,640
9/6/2023,18:15,584
9/6/2023,18:30,568
9/6/2023,18:45,584
9/6/2023,19:00,568
9/6/2023,19:15,536
9/6/2023,19:30,536
9/6/2023,19:45,552
9/6/2023,20:00,496
9/6/2023,20:15,488
9/6/2023,20:30,480
9/6/2023,20:45,472
9/6/2023,21:00,488
9/6/2023,21:15,448
9/6/2023,21:30,480
9/6/2023,21:45,424
9/6/2023,22:00,432
9/6/2023,22:15,440
9/6/2023,22:30,424
9/6/2023,22:45,392
9/6/2023,23:00,408
9/6/2023,23:15,392
9/6/2023,23:30,392
9/6/2023,23:45,376
9/7/2023,0:00,368
9/7/2023,0:15,360
9/7/2023,0:30,368
9/7/2023,0:45,368
9/7/2023,1:00,376
9/7/2023,1:15,368
9/7/2023,1:30,376
9/7/2023,1:45,392
9/7/2023,2:00,376
9/7/2023,2:15,368
9/7/2023,2:30,368
9/7/2023,2:45,368
9/7/2023,3:00,368
9/7/2023,3:15,352
9/7/2023,3:30,368
9/7/2023,3:45,352
9/7/2023,4:00,360
9/7/2023,4:15,344
9/7/2023,4:30,368
9/7/2023,4:45,360
9/7/2023,5:00,360
9/7/2023,5:15,368
9/7/2023,5:30,352
9/7/2023,5:45,368
9/7/2023,6:00,392
9/7/2023,6:15,400
9/7/2023,6:30,400
9/7/2023,6:45,408
9/7/2023,7:00,392
9/7/2023,7:15,440
9/7/2023,7:30,432
9/7/2023,7:45,464
9/7/2023,8:00,472
9/7/2023,8:15,480
9/7/2023,8:30,504
9/7/2023,8:45,496
9/7/2023,9:00,504
9/7/2023,9:15,544
9/7/2023,9:30,552
9/7/2023,9:45,568
9/7/2023,10:00,616
9/7/2023,10:15,624
9/7/2023,10:30,624
9/7/2023,10:45,632
9/7/2023,11:00,672
9/7/2023,11:15,680
9/7/2023,11:30,680
9/7/2023,11:45,712
9/7/2023,12:00,720
9/7/2023,12:15,720
9/7/2023,12:30,752
9/7/2023,12:45,752
9/7/2023,13:00,776
9/7/2023,13:15,792
9/7/2023,13:30,800
9/7/2023,13:45,784
9/7/2023,14:00,792
9/7/2023,14:15,800
9/7/2023,14:30,808
9/7/2023,14:45,824
9/7/2023,15:00,816
9/7/2023,15:15,808
9/7/2023,15:30,808
9/7/2023,15:45,784
9/7/2023,16:00,784
9/7/2023,16:15,760
9/7/2023,16:30,752
9/7/2023,16:45,744
9/7/2023,17:00,736
9/7/2023,17:15,712
9/7/2023,17:30,704
9/7/2023,17:45,672
9/7/2023,18:00,640
9/7/2023,18:15,600
9/7/2023,18:30,584
9/7/2023,18:45,560
9/7/2023,19:00,576
9/7/2023,19:15,536
9/7/2023,19:30,536
9/7/2023,19:45,568
9/7/2023,20:00,520
9/7/2023,20:15,520
9/7/2023,20:30,504
9/7/2023,20:45,480
9/7/2023,21:00,472
9/7/2023,21:15,440
9/7/2023,21:30,456
9/7/2023,21:45,448
9/7/2023,22:00,448
9/7/2023,22:15,408
9/7/2023,22:30,432
9/7/2023,22:45,424
9/7/2023,23:00,408
9/7/2023,23:15,424
9/7/2023,23:30,384
9/7/2023,23:45,392
9/8/2023,0:00,376
9/8/2023,0:15,376
9/8/2023,0:30,352
9/8/2023,0:45,384
9/8/2023,1:00,344
9/8/2023,1:15,368
9/8/2023,1:30,352
9/8/2023,1:45,376
9/8/2023,2:00,376
9/8/2023,2:15,376
9/8/2023,2:30,384
9/8/2023,2:45,360
9/8/2023,3:00,360
9/8/2023,3:15,368
9/8/2023,3:30,360
9/8/2023,3:45,352
9/8/2023,4:00,368
9/8/2023,4:15,344
9/8/2023,4:30,344
9/8/2023,4:45,352
9/8/2023,5:00,344
9/8/2023,5:15,376
9/8/2023,5:30,344
9/8/2023,5:45,376
9/8/2023,6:00,400
9/8/2023,6:15,400
9/8/2023,6:30,384
9/8/2023,6:45,400
9/8/2023,7:00,416
9/8/2023,7:15,416
9/8/2023,7:30,416
9/8/2023,7:45,440
9/8/2023,8:00,472
9/8/2023,8:15,512
9/8/2023,8:30,520
9/8/2023,8:45,552
9/8/2023,9:00,568
9/8/2023,9:15,616
9/8/2023,9:30,640
9/8/2023,9:45,680
9/8/2023,10:00,672
9/8/2023,10:15,688
9/8/2023,10:30,696
9/8/2023,10:45,688
9/8/2023,11:00,696
9/8/2023,11:15,712
9/8/2023,11:30,728
9/8/2023,11:45,728
9/8/2023,12:00,760
9/8/2023,12:15,760
9/8/2023,12:30,776
9/8/2023,12:45,776
9/8/2023,13:00,800
9/8/2023,13:15,824
9/8/2023,13:30,808
9/8/2023,13:45,800
9/8/2023,14:00,832
9/8/2023,14:15,816
9/8/2023,14:30,816
9/8/2023,14:45,808
9/8/2023,15:00,832
9/8/2023,15:15,800
9/8/2023,15:30,784
9/8/2023,15:45,784
9/8/2023,16:00,768
9/8/2023,16:15,760
9/8/2023,16:30,760
9/8/2023,16:45,760
9/8/2023,17:00,752
9/8/2023,17:15,720
9/8/2023,17:30,728
9/8/2023,17:45,720
9/8/2023,18:00,696
9/8/2023,18:15,672
9/8/2023,18:30,648
9/8/2023,18:45,624
9/8/2023,19:00,584
9/8/2023,19:15,560
9/8/2023,19:30,552
9/8/2023,19:45,544
9/8/2023,20:00,568
9/8/2023,20:15,560
9/8/2023,20:30,520
9/8/2023,20:45,504
9/8/2023,21:00,480
9/8/2023,21:15,480
9/8/2023,21:30,472
9/8/2023,21:45,480
9/8/2023,22:00,472
9/8/2023,22:15,456
9/8/2023,22:30,432
9/8/2023,22:45,408
9/8/2023,23:00,424
9/8/2023,23:15,416
9/8/2023,23:30,432
9/8/2023,23:45,416
9/9/2023,0:00,408
9/9/2023,0:15,432
9/9/2023,0:30,408
9/9/2023,0:45,384
9/9/2023,1:00,400
9/9/2023,1:15,376
9/9/2023,1:30,352
9/9/2023,1:45,368
9/9/2023,2:00,384
9/9/2023,2:15,360
9/9/2023,2:30,368
9/9/2023,2:45,360
9/9/2023,3:00,360
9/9/2023,3:15,360
9/9/2023,3:30,360
9/9/2023,3:45,360
9/9/2023,4:00,360
9/9/2023,4:15,344
9/9/2023,4:30,360
9/9/2023,4:45,352
9/9/2023,5:00,352
9/9/2023,5:15,360
9/9/2023,5:30,352
9/9/2023,5:45,352
9/9/2023,6:00,360
9/9/2023,6:15,360
9/9/2023,6:30,336
9/9/2023,6:45,344
9/9/2023,7:00,360
9/9/2023,7:15,352
9/9/2023,7:30,360
9/9/2023,7:45,368
9/9/2023,8:00,392
9/9/2023,8:15,384
9/9/2023,8:30,400
9/9/2023,8:45,480
9/9/2023,9:00,488
9/9/2023,9:15,520
9/9/2023,9:30,544
9/9/2023,9:45,552
9/9/2023,10:00,544
9/9/2023,10:15,544
9/9/2023,10:30,608
9/9/2023,10:45,592
9/9/2023,11:00,608
9/9/2023,11:15,608
9/9/2023,11:30,584
9/9/2023,11:45,568
9/9/2023,12:00,552
9/9/2023,12:15,568
9/9/2023,12:30,560
9/9/2023,12:45,584
9/9/2023,13:00,576
9/9/2023,13:15,544
9/9/2023,13:30,552
9/9/2023,13:45,584
9/9/2023,14:00,568
9/9/2023,14:15,616
9/9/2023,14:30,600
9/9/2023,14:45,584
9/9/2023,15:00,608
9/9/2023,15:15,584
9/9/2023,15:30,608
9/9/2023,15:45,624
9/9/2023,16:00,656
9/9/2023,16:15,648
9/9/2023,16:30,608
9/9/2023,16:45,608
9/9/2023,17:00,608
9/9/2023,17:15,616
9/9/2023,17:30,640
9/9/2023,17:45,584
9/9/2023,18:00,576
9/9/2023,18:15,576
9/9/2023,18:30,536
9/9/2023,18:45,552
9/9/2023,19:00,536
9/9/2023,19:15,536
9/9/2023,19:30,520
9/9/2023,19:45,512
9/9/2023,20:00,480
9/9/2023,20:15,504
9/9/2023,20:30,472
9/9/2023,20:45,464
9/9/2023,21:00,464
9/9/2023,21:15,440
9/9/2023,21:30,448
9/9/2023,21:45,400
9/9/2023,22:00,424
9/9/2023,22:15,408
9/9/2023,22:30,416
9/9/2023,22:45,416
9/9/2023,23:00,400
9/9/2023,23:15,392
9/9/2023,23:30,392
9/9/2023,23:45,368
9/10/2023,0:00,360
9/10/2023,0:15,368
9/10/2023,0:30,368
9/10/2023,0:45,392
9/10/2023,1:00,360
9/10/2023,1:15,368
9/10/2023,1:30,368
9/10/2023,1:45,352
9/10/2023,2:00,360
9/10/2023,2:15,360
9/10/2023,2:30,368
9/10/2023,2:45,360
9/10/2023,3:00,352
9/10/2023,3:15,360
9/10/2023,3:30,368
9/10/2023,3:45,368
9/10/2023,4:00,368
9/10/2023,4:15,360
9/10/2023,4:30,344
9/10/2023,4:45,368
9/10/2023,5:00,360
9/10/2023,5:15,360
9/10/2023,5:30,352
9/10/2023,5:45,360
9/10/2023,6:00,360
9/10/2023,6:15,352
9/10/2023,6:30,352
9/10/2023,6:45,352
9/10/2023,7:00,368
9/10/2023,7:15,344
9/10/2023,7:30,336
9/10/2023,7:45,360
9/10/2023,8:00,344
9/10/2023,8:15,352
9/10/2023,8:30,352
9/10/2023,8:45,360
9/10/2023,9:00,368
9/10/2023,9:15,392
9/10/2023,9:30,400
9/10/2023,9:45,440
9/10/2023,10:00,472
9/10/2023,10:15,472
9/10/2023,10:30,496
9/10/2023,10:45,512
9/10/2023,11:00,528
9/10/2023,11:15,544
9/10/2023,11:30,536
9/10/2023,11:45,568
9/10/2023,12:00,576
9/10/2023,12:15,584
9/10/2023,12:30,576
9/10/2023,12:45,584
9/10/2023,13:00,592
9/10/2023,13:15,624
9/10/2023,13:30,632
9/10/2023,13:45,640
9/10/2023,14:00,624
9/10/2023,14:15,648
9/10/2023,14:30,664
9/10/2023,14:45,664
9/10/2023,15:00,680
9/10/2023,15:15,672
9/10/2023,15:30,672
9/10/2023,15:45,672
9/10/2023,16:00,680
9/10/2023,16:15,656
9/10/2023,16:30,680
9/10/2023,16:45,680
9/10/2023,17:00,680
9/10/2023,17:15,624
9/10/2023,17:30,624
9/10/2023,17:45,608
9/10/2023,18:00,600
9/10/2023,18:15,560
9/10/2023,18:30,552
9/10/2023,18:45,560
9/10/2023,19:00,544
9/10/2023,19:15,552
9/10/2023,19:30,520
9/10/2023,19:45,504
9/10/2023,20:00,488
9/10/2023,20:15,472
9/10/2023,20:30,472
9/10/2023,20:45,456
9/10/2023,21:00,472
9/10/2023,21:15,416
9/10/2023,21:30,424
9/10/2023,21:45,408
9/10/2023,22:00,408
9/10/2023,22:15,400
9/10/2023,22:30,408
9/10/2023,22:45,392
9/10/2023,23:00,384
9/10/2023,23:15,400
9/10/2023,23:30,360
9/10/2023,23:45,368
9/11/2023,0:00,352
9/11/2023,0:15,368
9/11/2023,0:30,344
9/11/2023,0:45,360
9/11/2023,1:00,360
9/11/2023,1:15,336
9/11/2023,1:30,360
9/11/2023,1:45,368
9/11/2023,2:00,368
9/11/2023,2:15,344
9/11/2023,2:30,352
9/11/2023,2:45,360
9/11/2023,3:00,352
9/11/2023,3:15,352
9/11/2023,3:30,360
9/11/2023,3:45,344
9/11/2023,4:00,352
9/11/2023,4:15,352
9/11/2023,4:30,336
9/11/2023,4:45,336
9/11/2023,5:00,352
9/11/2023,5:15,336
9/11/2023,5:30,336
9/11/2023,5:45,368
9/11/2023,6:00,384
9/11/2023,6:15,384
9/11/2023,6:30,376
9/11/2023,6:45,376
9/11/2023,7:00,400
9/11/2023,7:15,392
9/11/2023,7:30,400
9/11/2023,7:45,408
9/11/2023,8:00,424
9/11/2023,8:15,448
9/11/2023,8:30,464
9/11/2023,8:45,496
9/11/2023,9:00,536
9/11/2023,9:15,576
9/11/2023,9:30,592
9/11/2023,9:45,624
9/11/2023,10:00,632
9/11/2023,10:15,672
9/11/2023,10:30,704
9/11/2023,10:45,696
9/11/2023,11:00,704
9/11/2023,11:15,688
9/11/2023,11:30,720
9/11/2023,11:45,704
9/11/2023,12:00,728
9/11/2023,12:15,744
9/11/2023,12:30,760
9/11/2023,12:45,776
9/11/2023,13:00,784
9/11/2023,13:15,792
9/11/2023,13:30,784
9/11/2023,13:45,784
9/11/2023,14:00,800
9/11/2023,14:15,824
9/11/2023,14:30,800
9/11/2023,14:45,808
9/11/2023,15:00,808
9/11/2023,15:15,784
9/11/2023,15:30,784
9/11/2023,15:45,768
9/11/2023,16:00,760
9/11/2023,16:15,760
9/11/2023,16:30,752
9/11/2023,16:45,736
9/11/2023,17:00,712
9/11/2023,17:15,680
9/11/2023,17:30,648
9/11/2023,17:45,640
9/11/2023,18:00,600
9/11/2023,18:15,576
9/11/2023,18:30,568
9/11/2023,18:45,576
9/11/2023,19:00,552
9/11/2023,19:15,520
9/11/2023,19:30,496
9/11/2023,19:45,496
9/11/2023,20:00,472
9/11/2023,20:15,480
9/11/2023,20:30,480
9/11/2023,20:45,488
9/11/2023,21:00,440
9/11/2023,21:15,448
9/11/2023,21:30,416
9/11/2023,21:45,448
9/11/2023,22:00,440
9/11/2023,22:15,432
9/11/2023,22:30,424
9/11/2023,22:45,392
9/11/2023,23:00,424
9/11/2023,23:15,408
9/11/2023,23:30,392
9/11/2023,23:45,376
9/12/2023,0:00,384
9/12/2023,0:15,384
9/12/2023,0:30,376
9/12/2023,0:45,384
9/12/2023,1:00,384
9/12/2023,1:15,376
9/12/2023,1:30,392
9/12/2023,1:45,376
9/12/2023,2:00,392
9/12/2023,2:15,376
9/12/2023,2:30,384
9/12/2023,2:45,352
9/12/2023,3:00,368
9/12/2023,3:15,368
9/12/2023,3:30,360
9/12/2023,3:45,360
9/12/2023,4:00,368
9/12/2023,4:15,360
9/12/2023,4:30,360
9/12/2023,4:45,368
9/12/2023,5:00,344
9/12/2023,5:15,352
9/12/2023,5:30,352
9/12/2023,5:45,384
9/12/2023,6:00,384
9/12/2023,6:15,408
9/12/2023,6:30,408
9/12/2023,6:45,392
9/12/2023,7:00,424
9/12/2023,7:15,456
9/12/2023,7:30,456
9/12/2023,7:45,464
9/12/2023,8:00,464
9/12/2023,8:15,488
9/12/2023,8:30,512
9/12/2023,8:45,520
9/12/2023,9:00,520
9/12/2023,9:15,552
9/12/2023,9:30,560
9/12/2023,9:45,560
9/12/2023,10:00,592
9/12/2023,10:15,632
9/12/2023,10:30,624
9/12/2023,10:45,640
9/12/2023,11:00,624
9/12/2023,11:15,648
9/12/2023,11:30,672
9/12/2023,11:45,680
9/12/2023,12:00,688
9/12/2023,12:15,712
9/12/2023,12:30,712
9/12/2023,12:45,744
9/12/2023,13:00,744
9/12/2023,13:15,736
9/12/2023,13:30,760
9/12/2023,13:45,792
9/12/2023,14:00,792
9/12/2023,14:15,792
9/12/2023,14:30,800
9/12/2023,14:45,800
9/12/2023,15:00,800
9/12/2023,15:15,816
9/12/2023,15:30,816
9/12/2023,15:45,800
9/12/2023,16:00,784
9/12/2023,16:15,776
9/12/2023,16:30,752
9/12/2023,16:45,736
9/12/2023,17:00,736
9/12/2023,17:15,704
9/12/2023,17:30,680
9/12/2023,17:45,672
9/12/2023,18:00,632
9/12/2023,18:15,592
9/12/2023,18:30,568
9/12/2023,18:45,568
9/12/2023,19:00,552
9/12/2023,19:15,528
9/12/2023,19:30,504
9/12/2023,19:45,464
9/12/2023,20:00,432
9/12/2023,20:15,472
9/12/2023,20:30,440
9/12/2023,20:45,440
9/12/2023,21:00,392
9/12/2023,21:15,408
9/12/2023,21:30,392
9/12/2023,21:45,384
9/12/2023,22:00,360
9/12/2023,22:15,360
9/12/2023,22:30,360
9/12/2023,22:45,352
9/12/2023,23:00,360
9/12/2023,23:15,360
9/12/2023,23:30,376
9/12/2023,23:45,368
9/13/2023,0:00,352
9/13/2023,0:15,368
9/13/2023,0:30,360
9/13/2023,0:45,368
9/13/2023,1:00,352
9/13/2023,1:15,352
9/13/2023,1:30,368
9/13/2023,1:45,352
9/13/2023,2:00,352
9/13/2023,2:15,344
9/13/2023,2:30,368
9/13/2023,2:45,360
9/13/2023,3:00,344
9/13/2023,3:15,352
9/13/2023,3:30,368
9/13/2023,3:45,360
9/13/2023,4:00,352
9/13/2023,4:15,344
9/13/2023,4:30,368
9/13/2023,4:45,352
9/13/2023,5:00,344
9/13/2023,5:15,344
9/13/2023,5:30,360
9/13/2023,5:45,384
9/13/2023,6:00,384
9/13/2023,6:15,384
9/13/2023,6:30,400
9/13/2023,6:45,400
9/13/2023,7:00,400
9/13/2023,7:15,416
9/13/2023,7:30,424
9/13/2023,7:45,440
9/13/2023,8:00,440
9/13/2023,8:15,456
9/13/2023,8:30,472
9/13/2023,8:45,520
9/13/2023,9:00,520
9/13/2023,9:15,536
9/13/2023,9:30,512
9/13/2023,9:45,560
9/13/2023,10:00,576
9/13/2023,10:15,592
9/13/2023,10:30,608
9/13/2023,10:45,624
9/13/2023,11:00,664
9/13/2023,11:15,624
9/13/2023,11:30,640
9/13/2023,11:45,672
9/13/2023,12:00,704
9/13/2023,12:15,696
9/13/2023,12:30,704
9/13/2023,12:45,720
9/13/2023,13:00,720
9/13/2023,13:15,728
9/13/2023,13:30,776
9/13/2023,13:45,784
9/13/2023,14:00,776
9/13/2023,14:15,808
9/13/2023,14:30,808
9/13/2023,14:45,816
9/13/2023,15:00,808
9/13/2023,15:15,800
9/13/2023,15:30,808
9/13/2023,15:45,792
9/13/2023,16:00,800
9/13/2023,16:15,784
9/13/2023,16:30,768
9/13/2023,16:45,760
9/13/2023,17:00,760
9/13/2023,17:15,744
9/13/2023,17:30,720
9/13/2023,17:45,696
9/13/2023,18:00,696
9/13/2023,18:15,664
9/13/2023,18:30,608
9/13/2023,18:45,584
9/13/2023,19:00,560
9/13/2023,19:15,544
9/13/2023,19:30,520
9/13/2023,19:45,496
9/13/2023,20:00,456
9/13/2023,20:15,456
9/13/2023,20:30,456
9/13/2023,20:45,440
9/13/2023,21:00,432
9/13/2023,21:15,408
9/13/2023,21:30,424
9/13/2023,21:45,392
9/13/2023,22:00,424
9/13/2023,22:15,384
9/13/2023,22:30,376
9/13/2023,22:45,352
9/13/2023,23:00,384
9/13/2023,23:15,360
9/13/2023,23:30,368
9/13/2023,23:45,376
9/14/2023,0:00,368
9/14/2023,0:15,368
9/14/2023,0:30,360
9/14/2023,0:45,368
9/14/2023,1:00,384
9/14/2023,1:15,368
9/14/2023,1:30,384
9/14/2023,1:45,384
9/14/2023,2:00,384
9/14/2023,2:15,360
9/14/2023,2:30,352
9/14/2023,2:45,360
9/14/2023,3:00,368
9/14/2023,3:15,360
9/14/2023,3:30,352
9/14/2023,3:45,368
9/14/2023,4:00,368
9/14/2023,4:15,368
9/14/2023,4:30,352
9/14/2023,4:45,360
9/14/2023,5:00,360
9/14/2023,5:15,352
9/14/2023,5:30,352
9/14/2023,5:45,368
9/14/2023,6:00,400
9/14/2023,6:15,384
9/14/2023,6:30,408
9/14/2023,6:45,400
9/14/2023,7:00,424
9/14/2023,7:15,416
9/14/2023,7:30,448
9/14/2023,7:45,456
9/14/2023,8:00,480
9/14/2023,8:15,480
9/14/2023,8:30,488
9/14/2023,8:45,496
9/14/2023,9:00,496
9/14/2023,9:15,528
9/14/2023,9:30,544
9/14/2023,9:45,528
9/14/2023,10:00,560
9/14/2023,10:15,600
9/14/2023,10:30,568
9/14/2023,10:45,616
9/14/2023,11:00,624
9/14/2023,11:15,648
9/14/2023,11:30,640
9/14/2023,11:45,664
9/14/2023,12:00,704
9/14/2023,12:15,712
9/14/2023,12:30,720
9/14/2023,12:45,712
9/14/2023,13:00,736
9/14/2023,13:15,752
9/14/2023,13:30,776
9/14/2023,13:45,792
9/14/2023,14:00,784
9/14/2023,14:15,808
9/14/2023,14:30,808
9/14/2023,14:45,816
9/14/2023,15:00,816
9/14/2023,15:15,816
9/14/2023,15:30,800
9/14/2023,15:45,800
9/14/2023,16:00,792
9/14/2023,16:15,800
9/14/2023,16:30,792
9/14/2023,16:45,776
9/14/2023,17:00,768
9/14/2023,17:15,728
9/14/2023,17:30,712
9/14/2023,17:45,704
9/14/2023,18:00,664
9/14/2023,18:15,600
9/14/2023,18:30,584
9/14/2023,18:45,600
9/14/2023,19:00,584
9/14/2023,19:15,536
9/14/2023,19:30,536
9/14/2023,19:45,504
9/14/2023,20:00,464
9/14/2023,20:15,424
9/14/2023,20:30,312
9/14/2023,20:45,328
9/14/2023,21:00,408
9/14/2023,21:15,448
9/14/2023,21:30,408
9/14/2023,21:45,416
9/14/2023,22:00,416
9/14/2023,22:15,408
9/14/2023,22:30,384
9/14/2023,22:45,384
9/14/2023,23:00,384
9/14/2023,23:15,384
9/14/2023,23:30,384
9/14/2023,23:45,376
9/15/2023,0:00,384
9/15/2023,0:15,368
9/15/2023,0:30,400
9/15/2023,0:45,360
9/15/2023,1:00,392
9/15/2023,1:15,376
9/15/2023,1:30,384
9/15/2023,1:45,400
9/15/2023,2:00,400
9/15/2023,2:15,408
9/15/2023,2:30,368
9/15/2023,2:45,400
9/15/2023,3:00,384
9/15/2023,3:15,376
9/15/2023,3:30,384
9/15/2023,3:45,392
9/15/2023,4:00,384
9/15/2023,4:15,376
9/15/2023,4:30,368
9/15/2023,4:45,360
9/15/2023,5:00,376
9/15/2023,5:15,368
9/15/2023,5:30,344
9/15/2023,5:45,384
9/15/2023,6:00,408
9/15/2023,6:15,432
9/15/2023,6:30,440
9/15/2023,6:45,416
9/15/2023,7:00,448
9/15/2023,7:15,448
9/15/2023,7:30,480
9/15/2023,7:45,488
9/15/2023,8:00,504
9/15/2023,8:15,512
9/15/2023,8:30,520
9/15/2023,8:45,544
9/15/2023,9:00,528
9/15/2023,9:15,512
9/15/2023,9:30,552
9/15/2023,9:45,560
9/15/2023,10:00,544
9/15/2023,10:15,592
9/15/2023,10:30,624
9/15/2023,10:45,624
9/15/2023,11:00,640
9/15/2023,11:15,664
9/15/2023,11:30,680
9/15/2023,11:45,672
9/15/2023,12:00,696
9/15/2023,12:15,688
9/15/2023,12:30,688
9/15/2023,12:45,704
9/15/2023,13:00,728
9/15/2023,13:15,744
9/15/2023,13:30,768
9/15/2023,13:45,760
9/15/2023,14:00,768
9/15/2023,14:15,776
9/15/2023,14:30,768
9/15/2023,14:45,784
9/15/2023,15:00,776
9/15/2023,15:15,776
9/15/2023,15:30,768
9/15/2023,15:45,760
9/15/2023,16:00,744
9/15/2023,16:15,744
9/15/2023,16:30,744
9/15/2023,16:45,712
9/15/2023,17:00,704
9/15/2023,17:15,680
9/15/2023,17:30,632
9/15/2023,17:45,624
9/15/2023,18:00,616
9/15/2023,18:15,568
9/15/2023,18:30,568
9/15/2023,18:45,536
9/15/2023,19:00,536
9/15/2023,19:15,504
9/15/2023,19:30,488
9/15/2023,19:45,480
9/15/2023,20:00,480
9/15/2023,20:15,488
9/15/2023,20:30,456
9/15/2023,20:45,464
9/15/2023,21:00,432
9/15/2023,21:15,424
9/15/2023,21:30,448
9/15/2023,21:45,440
9/15/2023,22:00,432
9/15/2023,22:15,424
9/15/2023,22:30,440
9/15/2023,22:45,432
9/15/2023,23:00,448
9/15/2023,23:15,424
9/15/2023,23:30,448
9/15/2023,23:45,456
9/16/2023,0:00,408
9/16/2023,0:15,440
9/16/2023,0:30,416
9/16/2023,0:45,400
9/16/2023,1:00,408
9/16/2023,1:15,392
9/16/2023,1:30,408
9/16/2023,1:45,408
9/16/2023,2:00,416
9/16/2023,2:15,408
9/16/2023,2:30,432
9/16/2023,2:45,424
9/16/2023,3:00,408
9/16/2023,3:15,416
9/16/2023,3:30,392
9/16/2023,3:45,408
9/16/2023,4:00,392
9/16/2023,4:15,416
9/16/2023,4:30,392
9/16/2023,4:45,392
9/16/2023,5:00,400
9/16/2023,5:15,408
9/16/2023,5:30,400
9/16/2023,5:45,384
9/16/2023,6:00,392
9/16/2023,6:15,392
9/16/2023,6:30,416
9/16/2023,6:45,400
9/16/2023,7:00,384
9/16/2023,7:15,400
9/16/2023,7:30,400
9/16/2023,7:45,424
9/16/2023,8:00,408
9/16/2023,8:15,376
9/16/2023,8:30,400
9/16/2023,8:45,440
9/16/2023,9:00,408
9/16/2023,9:15,448
9/16/2023,9:30,408
9/16/2023,9:45,448
9/16/2023,10:00,424
9/16/2023,10:15,440
9/16/2023,10:30,472
9/16/2023,10:45,448
9/16/2023,11:00,496
9/16/2023,11:15,472
9/16/2023,11:30,504
9/16/2023,11:45,520
9/16/2023,12:00,496
9/16/2023,12:15,512
9/16/2023,12:30,520
9/16/2023,12:45,560
9/16/2023,13:00,560
9/16/2023,13:15,560
9/16/2023,13:30,552
9/16/2023,13:45,560
9/16/2023,14:00,584
9/16/2023,14:15,584
9/16/2023,14:30,576
9/16/2023,14:45,576
9/16/2023,15:00,592
9/16/2023,15:15,600
9/16/2023,15:30,576
9/16/2023,15:45,576
9/16/2023,16:00,592
9/16/2023,16:15,600
9/16/2023,16:30,584
9/16/2023,16:45,600
9/16/2023,17:00,568
9/16/2023,17:15,560
9/16/2023,17:30,552
9/16/2023,17:45,536
9/16/2023,18:00,552
9/16/2023,18:15,520
9/16/2023,18:30,480
9/16/2023,18:45,464
9/16/2023,19:00,472
9/16/2023,19:15,472
9/16/2023,19:30,448
9/16/2023,19:45,440
9/16/2023,20:00,432
9/16/2023,20:15,432
9/16/2023,20:30,432
9/16/2023,20:45,424
9/16/2023,21:00,416
9/16/2023,21:15,432
9/16/2023,21:30,456
9/16/2023,21:45,416
9/16/2023,22:00,416
9/16/2023,22:15,424
9/16/2023,22:30,448
9/16/2023,22:45,408
9/16/2023,23:00,432
9/16/2023,23:15,440
9/16/2023,23:30,408
9/16/2023,23:45,440
9/17/2023,0:00,416
9/17/2023,0:15,448
9/17/2023,0:30,400
9/17/2023,0:45,424
9/17/2023,1:00,456
9/17/2023,1:15,416
9/17/2023,1:30,416
9/17/2023,1:45,408
9/17/2023,2:00,440
9/17/2023,2:15,424
9/17/2023,2:30,408
9/17/2023,2:45,448
9/17/2023,3:00,424
9/17/2023,3:15,440
9/17/2023,3:30,424
9/17/2023,3:45,432
9/17/2023,4:00,432
9/17/2023,4:15,432
9/17/2023,4:30,432
9/17/2023,4:45,416
9/17/2023,5:00,416
9/17/2023,5:15,408
9/17/2023,5:30,416
9/17/2023,5:45,416
9/17/2023,6:00,408
9/17/2023,6:15,432
9/17/2023,6:30,440
9/17/2023,6:45,432
9/17/2023,7:00,400
9/17/2023,7:15,392
9/17/2023,7:30,408
9/17/2023,7:45,416
9/17/2023,8:00,432
9/17/2023,8:15,448
9/17/2023,8:30,448
9/17/2023,8:45,456
9/17/2023,9:00,432
9/17/2023,9:15,472
9/17/2023,9:30,480
9/17/2023,9:45,480
9/17/2023,10:00,512
9/17/2023,10:15,472
9/17/2023,10:30,504
9/17/2023,10:45,512
9/17/2023,11:00,528
9/17/2023,11:15,560
9/17/2023,11:30,544
9/17/2023,11:45,576
9/17/2023,12:00,568
9/17/2023,12:15,552
9/17/2023,12:30,584
9/17/2023,12:45,552
9/17/2023,13:00,576
9/17/2023,13:15,568
9/17/2023,13:30,592
9/17/2023,13:45,592
9/17/2023,14:00,576
9/17/2023,14:15,592
9/17/2023,14:30,600
9/17/2023,14:45,600
9/17/2023,15:00,600
9/17/2023,15:15,616
9/17/2023,15:30,608
9/17/2023,15:45,584
9/17/2023,16:00,568
9/17/2023,16:15,576
9/17/2023,16:30,560
9/17/2023,16:45,568
9/17/2023,17:00,584
9/17/2023,17:15,576
9/17/2023,17:30,592
9/17/2023,17:45,576
9/17/2023,18:00,536
9/17/2023,18:15,520
9/17/2023,18:30,496
9/17/2023,18:45,488
9/17/2023,19:00,504
9/17/2023,19:15,480
9/17/2023,19:30,464
9/17/2023,19:45,472
9/17/2023,20:00,464
9/17/2023,20:15,456
9/17/2023,20:30,448
9/17/2023,20:45,480
9/17/2023,21:00,432
9/17/2023,21:15,440
9/17/2023,21:30,432
9/17/2023,21:45,424
9/17/2023,22:00,424
9/17/2023,22:15,408
9/17/2023,22:30,440
9/17/2023,22:45,408
9/17/2023,23:00,408
9/17/2023,23:15,416
9/17/2023,23:30,408
9/17/2023,23:45,408
9/18/2023,0:00,392
9/18/2023,0:15,384
9/18/2023,0:30,392
9/18/2023,0:45,376
9/18/2023,1:00,384
9/18/2023,1:15,392
9/18/2023,1:30,368
9/18/2023,1:45,384
9/18/2023,2:00,376
9/18/2023,2:15,376
9/18/2023,2:30,400
9/18/2023,2:45,368
9/18/2023,3:00,352
9/18/2023,3:15,376
9/18/2023,3:30,376
9/18/2023,3:45,360
9/18/2023,4:00,352
9/18/2023,4:15,368
9/18/2023,4:30,360
9/18/2023,4:45,360
9/18/2023,5:00,352
9/18/2023,5:15,360
9/18/2023,5:30,368
9/18/2023,5:45,400
9/18/2023,6:00,392
9/18/2023,6:15,416
9/18/2023,6:30,408
9/18/2023,6:45,416
9/18/2023,7:00,440
9/18/2023,7:15,448
9/18/2023,7:30,440
9/18/2023,7:45,472
9/18/2023,8:00,488
9/18/2023,8:15,520
9/18/2023,8:30,520
9/18/2023,8:45,552
9/18/2023,9:00,552
9/18/2023,9:15,608
9/18/2023,9:30,608
9/18/2023,9:45,624
9/18/2023,10:00,624
9/18/2023,10:15,640
9/18/2023,10:30,672
9/18/2023,10:45,656
9/18/2023,11:00,696
9/18/2023,11:15,704
9/18/2023,11:30,712
9/18/2023,11:45,712
9/18/2023,12:00,720
9/18/2023,12:15,704
9/18/2023,12:30,688
9/18/2023,12:45,688
9/18/2023,13:00,712
9/18/2023,13:15,696
9/18/2023,13:30,736
9/18/2023,13:45,736
9/18/2023,14:00,720
9/18/2023,14:15,728
9/18/2023,14:30,744
9/18/2023,14:45,736
9/18/2023,15:00,728
9/18/2023,15:15,728
9/18/2023,15:30,736
9/18/2023,15:45,720
9/18/2023,16:00,688
9/18/2023,16:15,696
9/18/2023,16:30,696
9/18/2023,16:45,680
9/18/2023,17:00,656
9/18/2023,17:15,608
9/18/2023,17:30,600
9/18/2023,17:45,576
9/18/2023,18:00,576
9/18/2023,18:15,592
9/18/2023,18:30,528
9/18/2023,18:45,496
9/18/2023,19:00,520
9/18/2023,19:15,520
9/18/2023,19:30,488
9/18/2023,19:45,480
9/18/2023,20:00,464
9/18/2023,20:15,472
9/18/2023,20:30,488
9/18/2023,20:45,456
9/18/2023,21:00,424
9/18/2023,21:15,456
9/18/2023,21:30,424
9/18/2023,21:45,448
9/18/2023,22:00,440
9/18/2023,22:15,400
9/18/2023,22:30,424
9/18/2023,22:45,408
9/18/2023,23:00,416
9/18/2023,23:15,392
9/18/2023,23:30,384
9/18/2023,23:45,376
9/19/2023,0:00,360
9/19/2023,0:15,368
9/19/2023,0:30,376
9/19/2023,0:45,384
9/19/2023,1:00,392
9/19/2023,1:15,392
9/19/2023,1:30,376
9/19/2023,1:45,360
9/19/2023,2:00,376
9/19/2023,2:15,368
9/19/2023,2:30,360
9/19/2023,2:45,352
9/19/2023,3:00,368
9/19/2023,3:15,368
9/19/2023,3:30,360
9/19/2023,3:45,368
9/19/2023,4:00,352
9/19/2023,4:15,368
9/19/2023,4:30,360
9/19/2023,4:45,360
9/19/2023,5:00,352
9/19/2023,5:15,360
9/19/2023,5:30,376
9/19/2023,5:45,384
9/19/2023,6:00,400
9/19/2023,6:15,392
9/19/2023,6:30,392
9/19/2023,6:45,392
9/19/2023,7:00,416
9/19/2023,7:15,416
9/19/2023,7:30,440
9/19/2023,7:45,456
9/19/2023,8:00,504
9/19/2023,8:15,520
9/19/2023,8:30,528
9/19/2023,8:45,560
9/19/2023,9:00,584
9/19/2023,9:15,584
9/19/2023,9:30,592
9/19/2023,9:45,648
9/19/2023,10:00,624
9/19/2023,10:15,656
9/19/2023,10:30,632
9/19/2023,10:45,648
9/19/2023,11:00,696
9/19/2023,11:15,680
9/19/2023,11:30,720
9/19/2023,11:45,712
9/19/2023,12:00,720
9/19/2023,12:15,712
9/19/2023,12:30,712
9/19/2023,12:45,752
9/19/2023,13:00,736
9/19/2023,13:15,704
9/19/2023,13:30,728
9/19/2023,13:45,712
9/19/2023,14:00,728
9/19/2023,14:15,744
9/19/2023,14:30,728
9/19/2023,14:45,712
9/19/2023,15:00,720
9/19/2023,15:15,728
9/19/2023,15:30,720
9/19/2023,15:45,688
9/19/2023,16:00,672
9/19/2023,16:15,680
9/19/2023,16:30,648
9/19/2023,16:45,632
9/19/2023,17:00,616
9/19/2023,17:15,592
9/19/2023,17:30,600
9/19/2023,17:45,560
9/19/2023,18:00,568
9/19/2023,18:15,560
9/19/2023,18:30,536
9/19/2023,18:45,496
9/19/2023,19:00,480
9/19/2023,19:15,480
9/19/2023,19:30,480
9/19/2023,19:45,448
9/19/2023,20:00,440
9/19/2023,20:15,448
9/19/2023,20:30,448
9/19/2023,20:45,448
9/19/2023,21:00,408
9/19/2023,21:15,400
9/19/2023,21:30,432
9/19/2023,21:45,416
9/19/2023,22:00,400
9/19/2023,22:15,400
9/19/2023,22:30,400
9/19/2023,22:45,376
9/19/2023,23:00,384
9/19/2023,23:15,368
9/19/2023,23:30,376
9/19/2023,23:45,376
9/20/2023,0:00,352
9/20/2023,0:15,352
9/20/2023,0:30,360
9/20/2023,0:45,352
9/20/2023,1:00,360
9/20/2023,1:15,352
9/20/2023,1:30,344
9/20/2023,1:45,352
9/20/2023,2:00,368
9/20/2023,2:15,344
9/20/2023,2:30,352
9/20/2023,2:45,360
9/20/2023,3:00,344
9/20/2023,3:15,344
9/20/2023,3:30,352
9/20/2023,3:45,344
9/20/2023,4:00,336
9/20/2023,4:15,344
9/20/2023,4:30,352
9/20/2023,4:45,328
9/20/2023,5:00,336
9/20/2023,5:15,352
9/20/2023,5:30,328
9/20/2023,5:45,360
9/20/2023,6:00,376
9/20/2023,6:15,384
9/20/2023,6:30,400
9/20/2023,6:45,392
9/20/2023,7:00,416
9/20/2023,7:15,424
9/20/2023,7:30,432
9/20/2023,7:45,456
9/20/2023,8:00,448
9/20/2023,8:15,464
9/20/2023,8:30,472
9/20/2023,8:45,480
9/20/2023,9:00,472
9/20/2023,9:15,488
9/20/2023,9:30,504
9/20/2023,9:45,536
9/20/2023,10:00,560
9/20/2023,10:15,544
9/20/2023,10:30,552
9/20/2023,10:45,576
9/20/2023,11:00,592
9/20/2023,11:15,608
9/20/2023,11:30,600
9/20/2023,11:45,600
9/20/2023,12:00,632
9/20/2023,12:15,632
9/20/2023,12:30,616
9/20/2023,12:45,648
9/20/2023,13:00,632
9/20/2023,13:15,656
9/20/2023,13:30,680
9/20/2023,13:45,680
9/20/2023,14:00,688
9/20/2023,14:15,688
9/20/2023,14:30,688
9/20/2023,14:45,696
9/20/2023,15:00,696
9/20/2023,15:15,696
9/20/2023,15:30,704
9/20/2023,15:45,720
9/20/2023,16:00,680
9/20/2023,16:15,696
9/20/2023,16:30,656
9/20/2023,16:45,624
9/20/2023,17:00,624
9/20/2023,17:15,608
9/20/2023,17:30,560
9/20/2023,17:45,560
9/20/2023,18:00,544
9/20/2023,18:15,496
9/20/2023,18:30,464
9/20/2023,18:45,472
9/20/2023,19:00,480
9/20/2023,19:15,448
9/20/2023,19:30,424
9/20/2023,19:45,432
9/20/2023,20:00,408
9/20/2023,20:15,376
9/20/2023,20:30,416
9/20/2023,20:45,392
9/20/2023,21:00,368
9/20/2023,21:15,352
9/20/2023,21:30,368
9/20/2023,21:45,352
9/20/2023,22:00,352
9/20/2023,22:15,360
9/20/2023,22:30,344
9/20/2023,22:45,376
9/20/2023,23:00,352
9/20/2023,23:15,352
9/20/2023,23:30,368
9/20/2023,23:45,368
9/21/2023,0:00,376
9/21/2023,0:15,368
9/21/2023,0:30,360
9/21/2023,0:45,360
9/21/2023,1:00,352
9/21/2023,1:15,344
9/21/2023,1:30,344
9/21/2023,1:45,352
9/21/2023,2:00,352
9/21/2023,2:15,352
9/21/2023,2:30,352
9/21/2023,2:45,336
9/21/2023,3:00,344
9/21/2023,3:15,352
9/21/2023,3:30,344
9/21/2023,3:45,344
9/21/2023,4:00,336
9/21/2023,4:15,336
9/21/2023,4:30,336
9/21/2023,4:45,336
9/21/2023,5:00,344
9/21/2023,5:15,336
9/21/2023,5:30,336
9/21/2023,5:45,360
9/21/2023,6:00,368
9/21/2023,6:15,376
9/21/2023,6:30,376
9/21/2023,6:45,368
9/21/2023,7:00,376
9/21/2023,7:15,376
9/21/2023,7:30,400
9/21/2023,7:45,408
9/21/2023,8:00,424
9/21/2023,8:15,464
9/21/2023,8:30,488
9/21/2023,8:45,520
9/21/2023,9:00,504
9/21/2023,9:15,536
9/21/2023,9:30,512
9/21/2023,9:45,544
9/21/2023,10:00,560
9/21/2023,10:15,568
9/21/2023,10:30,576
9/21/2023,10:45,608
9/21/2023,11:00,600
9/21/2023,11:15,640
9/21/2023,11:30,632
9/21/2023,11:45,648
9/21/2023,12:00,656
9/21/2023,12:15,664
9/21/2023,12:30,672
9/21/2023,12:45,688
9/21/2023,13:00,728
9/21/2023,13:15,712
9/21/2023,13:30,688
9/21/2023,13:45,720
9/21/2023,14:00,712
9/21/2023,14:15,712
9/21/2023,14:30,720
9/21/2023,14:45,728
9/21/2023,15:00,744
9/21/2023,15:15,736
9/21/2023,15:30,752
9/21/2023,15:45,760
9/21/2023,16:00,712
9/21/2023,16:15,736
9/21/2023,16:30,720
9/21/2023,16:45,664
9/21/2023,17:00,672
9/21/2023,17:15,640
9/21/2023,17:30,600
9/21/2023,17:45,600
9/21/2023,18:00,560
9/21/2023,18:15,520
9/21/2023,18:30,504
9/21/2023,18:45,520
9/21/2023,19:00,504
9/21/2023,19:15,472
9/21/2023,19:30,472
9/21/2023,19:45,472
9/21/2023,20:00,464
9/21/2023,20:15,464
9/21/2023,20:30,432
9/21/2023,20:45,432
9/21/2023,21:00,416
9/21/2023,21:15,416
9/21/2023,21:30,392
9/21/2023,21:45,400
9/21/2023,22:00,368
9/21/2023,22:15,376
9/21/2023,22:30,376
9/21/2023,22:45,360
9/21/2023,23:00,376
9/21/2023,23:15,376
9/21/2023,23:30,384
9/21/2023,23:45,376
9/22/2023,0:00,368
9/22/2023,0:15,368
9/22/2023,0:30,368
9/22/2023,0:45,360
9/22/2023,1:00,344
9/22/2023,1:15,368
9/22/2023,1:30,360
9/22/2023,1:45,360
9/22/2023,2:00,368
9/22/2023,2:15,360
9/22/2023,2:30,352
9/22/2023,2:45,368
9/22/2023,3:00,376
9/22/2023,3:15,352
9/22/2023,3:30,360
9/22/2023,3:45,368
9/22/2023,4:00,384
9/22/2023,4:15,376
9/22/2023,4:30,368
9/22/2023,4:45,352
9/22/2023,5:00,368
9/22/2023,5:15,360
9/22/2023,5:30,344
9/22/2023,5:45,384
9/22/2023,6:00,400
9/22/2023,6:15,392
9/22/2023,6:30,384
9/22/2023,6:45,392
9/22/2023,7:00,392
9/22/2023,7:15,416
9/22/2023,7:30,400
9/22/2023,7:45,400
9/22/2023,8:00,432
9/22/2023,8:15,424
9/22/2023,8:30,464
9/22/2023,8:45,464
9/22/2023,9:00,472
9/22/2023,9:15,512
9/22/2023,9:30,536
9/22/2023,9:45,528
9/22/2023,10:00,560
9/22/2023,10:15,568
9/22/2023,10:30,568
9/22/2023,10:45,616
9/22/2023,11:00,616
9/22/2023,11:15,600
9/22/2023,11:30,624
9/22/2023,11:45,632
9/22/2023,12:00,624
9/22/2023,12:15,624
9/22/2023,12:30,632
9/22/2023,12:45,640
9/22/2023,13:00,680
9/22/2023,13:15,688
9/22/2023,13:30,688
9/22/2023,13:45,696
9/22/2023,14:00,712
9/22/2023,14:15,720
9/22/2023,14:30,736
9/22/2023,14:45,728
9/22/2023,15:00,728
9/22/2023,15:15,728
9/22/2023,15:30,712
9/22/2023,15:45,712
9/22/2023,16:00,720
9/22/2023,16:15,688
9/22/2023,16:30,664
9/22/2023,16:45,664
9/22/2023,17:00,648
9/22/2023,17:15,616
9/22/2023,17:30,600
9/22/2023,17:45,552
9/22/2023,18:00,512
9/22/2023,18:15,520
9/22/2023,18:30,504
9/22/2023,18:45,480
9/22/2023,19:00,472
9/22/2023,19:15,456
9/22/2023,19:30,432
9/22/2023,19:45,448
9/22/2023,20:00,448
9/22/2023,20:15,424
9/22/2023,20:30,456
9/22/2023,20:45,432
9/22/2023,21:00,400
9/22/2023,21:15,400
9/22/2023,21:30,376
9/22/2023,21:45,400
9/22/2023,22:00,376
9/22/2023,22:15,384
9/22/2023,22:30,376
9/22/2023,22:45,384
9/22/2023,23:00,384
9/22/2023,23:15,384
9/22/2023,23:30,368
9/22/2023,23:45,392
9/23/2023,0:00,376
9/23/2023,0:15,384
9/23/2023,0:30,368
9/23/2023,0:45,376
9/23/2023,1:00,384
9/23/2023,1:15,392
9/23/2023,1:30,368
9/23/2023,1:45,360
9/23/2023,2:00,368
9/23/2023,2:15,360
9/23/2023,2:30,360
9/23/2023,2:45,360
9/23/2023,3:00,360
9/23/2023,3:15,376
9/23/2023,3:30,368
9/23/2023,3:45,368
9/23/2023,4:00,352
9/23/2023,4:15,352
9/23/2023,4:30,368
9/23/2023,4:45,352
9/23/2023,5:00,352
9/23/2023,5:15,344
9/23/2023,5:30,352
9/23/2023,5:45,368
9/23/2023,6:00,352
9/23/2023,6:15,352
9/23/2023,6:30,352
9/23/2023,6:45,360
9/23/2023,7:00,280
9/23/2023,7:15,264
9/23/2023,7:30,256
9/23/2023,7:45,264
9/23/2023,8:00,264
9/23/2023,8:15,248
9/23/2023,8:30,240
9/23/2023,8:45,224
9/23/2023,9:00,248
9/23/2023,9:15,248
9/23/2023,9:30,264
9/23/2023,9:45,272
9/23/2023,10:00,296
9/23/2023,10:15,280
9/23/2023,10:30,312
9/23/2023,10:45,320
9/23/2023,11:00,328
9/23/2023,11:15,344
9/23/2023,11:30,360
9/23/2023,11:45,344
9/23/2023,12:00,344
9/23/2023,12:15,376
9/23/2023,12:30,384
9/23/2023,12:45,400
9/23/2023,13:00,392
9/23/2023,13:15,624
9/23/2023,13:30,616
9/23/2023,13:45,592
9/23/2023,14:00,592
9/23/2023,14:15,592
9/23/2023,14:30,584
9/23/2023,14:45,584
9/23/2023,15:00,592
9/23/2023,15:15,600
9/23/2023,15:30,584
9/23/2023,15:45,584
9/23/2023,16:00,576
9/23/2023,16:15,568
9/23/2023,16:30,552
9/23/2023,16:45,552
9/23/2023,17:00,536
9/23/2023,17:15,544
9/23/2023,17:30,504
9/23/2023,17:45,488
9/23/2023,18:00,480
9/23/2023,18:15,448
9/23/2023,18:30,448
9/23/2023,18:45,432
9/23/2023,19:00,424
9/23/2023,19:15,424
9/23/2023,19:30,424
9/23/2023,19:45,400
9/23/2023,20:00,400
9/23/2023,20:15,392
9/23/2023,20:30,392
9/23/2023,20:45,368
9/23/2023,21:00,344
9/23/2023,21:15,344
9/23/2023,21:30,352
9/23/2023,21:45,344
9/23/2023,22:00,368
9/23/2023,22:15,352
9/23/2023,22:30,360
9/23/2023,22:45,352
9/23/2023,23:00,344
9/23/2023,23:15,352
9/23/2023,23:30,352
9/23/2023,23:45,352
9/24/2023,0:00,352
9/24/2023,0:15,336
9/24/2023,0:30,344
9/24/2023,0:45,352
9/24/2023,1:00,336
9/24/2023,1:15,336
9/24/2023,1:30,336
9/24/2023,1:45,336
9/24/2023,2:00,360
9/24/2023,2:15,336
9/24/2023,2:30,344
9/24/2023,2:45,336
9/24/2023,3:00,344
9/24/2023,3:15,344
9/24/2023,3:30,336
9/24/2023,3:45,336
9/24/2023,4:00,344
9/24/2023,4:15,344
9/24/2023,4:30,344
9/24/2023,4:45,336
9/24/2023,5:00,336
9/24/2023,5:15,336
9/24/2023,5:30,352
9/24/2023,5:45,328
9/24/2023,6:00,320
9/24/2023,6:15,336
9/24/2023,6:30,328
9/24/2023,6:45,328
9/24/2023,7:00,328
9/24/2023,7:15,328
9/24/2023,7:30,328
9/24/2023,7:45,328
9/24/2023,8:00,328
9/24/2023,8:15,312
9/24/2023,8:30,320
9/24/2023,8:45,328
9/24/2023,9:00,344
9/24/2023,9:15,344
9/24/2023,9:30,352
9/24/2023,9:45,376
9/24/2023,10:00,408
9/24/2023,10:15,384
9/24/2023,10:30,408
9/24/2023,10:45,448
9/24/2023,11:00,456
9/24/2023,11:15,472
9/24/2023,11:30,496
9/24/2023,11:45,496
9/24/2023,12:00,496
9/24/2023,12:15,520
9/24/2023,12:30,488
9/24/2023,12:45,512
9/24/2023,13:00,504
9/24/2023,13:15,568
9/24/2023,13:30,552
9/24/2023,13:45,576
9/24/2023,14:00,584
9/24/2023,14:15,584
9/24/2023,14:30,600
9/24/2023,14:45,560
9/24/2023,15:00,576
9/24/2023,15:15,560
9/24/2023,15:30,560
9/24/2023,15:45,552
9/24/2023,16:00,544
9/24/2023,16:15,552
9/24/2023,16:30,536
9/24/2023,16:45,544
9/24/2023,17:00,528
9/24/2023,17:15,536
9/24/2023,17:30,536
9/24/2023,17:45,520
9/24/2023,18:00,472
9/24/2023,18:15,464
9/24/2023,18:30,464
9/24/2023,18:45,464
9/24/2023,19:00,424
9/24/2023,19:15,424
9/24/2023,19:30,408
9/24/2023,19:45,408
9/24/2023,20:00,408
9/24/2023,20:15,408
9/24/2023,20:30,384
9/24/2023,20:45,368
9/24/2023,21:00,384
9/24/2023,21:15,352
9/24/2023,21:30,368
9/24/2023,21:45,360
9/24/2023,22:00,352
9/24/2023,22:15,368
9/24/2023,22:30,344
9/24/2023,22:45,344
9/24/2023,23:00,352
9/24/2023,23:15,352
9/24/2023,23:30,344
9/24/2023,23:45,360
9/25/2023,0:00,352
9/25/2023,0:15,352
9/25/2023,0:30,352
9/25/2023,0:45,352
9/25/2023,1:00,336
9/25/2023,1:15,352
9/25/2023,1:30,344
9/25/2023,1:45,336
9/25/2023,2:00,336
9/25/2023,2:15,336
9/25/2023,2:30,336
9/25/2023,2:45,336
9/25/2023,3:00,336
9/25/2023,3:15,336
9/25/2023,3:30,328
9/25/2023,3:45,336
9/25/2023,4:00,336
9/25/2023,4:15,336
9/25/2023,4:30,336
9/25/2023,4:45,344
9/25/2023,5:00,336
9/25/2023,5:15,328
9/25/2023,5:30,328
9/25/2023,5:45,344
9/25/2023,6:00,368
9/25/2023,6:15,376
9/25/2023,6:30,384
9/25/2023,6:45,368
9/25/2023,7:00,376
9/25/2023,7:15,400
9/25/2023,7:30,392
9/25/2023,7:45,392
9/25/2023,8:00,408
9/25/2023,8:15,416
9/25/2023,8:30,472
9/25/2023,8:45,488
9/25/2023,9:00,528
9/25/2023,9:15,512
9/25/2023,9:30,520
9/25/2023,9:45,552
9/25/2023,10:00,552
9/25/2023,10:15,560
9/25/2023,10:30,608
9/25/2023,10:45,616
9/25/2023,11:00,592
9/25/2023,11:15,624
9/25/2023,11:30,648
9/25/2023,11:45,664
9/25/2023,12:00,664
9/25/2023,12:15,672
9/25/2023,12:30,672
9/25/2023,12:45,696
9/25/2023,13:00,688
9/25/2023,13:15,720
9/25/2023,13:30,696
9/25/2023,13:45,688
9/25/2023,14:00,728
9/25/2023,14:15,712
9/25/2023,14:30,736
9/25/2023,14:45,728
9/25/2023,15:00,712
9/25/2023,15:15,696
9/25/2023,15:30,720
9/25/2023,15:45,736
9/25/2023,16:00,728
9/25/2023,16:15,704
9/25/2023,16:30,680
9/25/2023,16:45,680
9/25/2023,17:00,640
9/25/2023,17:15,640
9/25/2023,17:30,608
9/25/2023,17:45,608
9/25/2023,18:00,576
9/25/2023,18:15,536
9/25/2023,18:30,528
9/25/2023,18:45,488
9/25/2023,19:00,512
9/25/2023,19:15,488
9/25/2023,19:30,496
9/25/2023,19:45,488
9/25/2023,20:00,472
9/25/2023,20:15,456
9/25/2023,20:30,440
9/25/2023,20:45,448
9/25/2023,21:00,424
9/25/2023,21:15,424
9/25/2023,21:30,408
9/25/2023,21:45,424
9/25/2023,22:00,384
9/25/2023,22:15,392
9/25/2023,22:30,384
9/25/2023,22:45,352
9/25/2023,23:00,360
9/25/2023,23:15,360
9/25/2023,23:30,360
9/25/2023,23:45,336
9/26/2023,0:00,368
9/26/2023,0:15,344
9/26/2023,0:30,344
9/26/2023,0:45,360
9/26/2023,1:00,344
9/26/2023,1:15,360
9/26/2023,1:30,384
9/26/2023,1:45,360
9/26/2023,2:00,360
9/26/2023,2:15,344
9/26/2023,2:30,360
9/26/2023,2:45,344
9/26/2023,3:00,344
9/26/2023,3:15,344
9/26/2023,3:30,344
9/26/2023,3:45,344
9/26/2023,4:00,336
9/26/2023,4:15,344
9/26/2023,4:30,360
9/26/2023,4:45,352
9/26/2023,5:00,336
9/26/2023,5:15,344
9/26/2023,5:30,352
9/26/2023,5:45,376
9/26/2023,6:00,376
9/26/2023,6:15,384
9/26/2023,6:30,352
9/26/2023,6:45,328
9/26/2023,7:00,320
9/26/2023,7:15,408
9/26/2023,7:30,456
9/26/2023,7:45,480
9/26/2023,8:00,472
9/26/2023,8:15,496
9/26/2023,8:30,504
9/26/2023,8:45,512
9/26/2023,9:00,560
9/26/2023,9:15,568
9/26/2023,9:30,576
9/26/2023,9:45,592
9/26/2023,10:00,600
9/26/2023,10:15,592
9/26/2023,10:30,632
9/26/2023,10:45,616
9/26/2023,11:00,632
9/26/2023,11:15,632
9/26/2023,11:30,640
9/26/2023,11:45,656
9/26/2023,12:00,640
9/26/2023,12:15,656
9/26/2023,12:30,704
9/26/2023,12:45,712
9/26/2023,13:00,696
9/26/2023,13:15,704
9/26/2023,13:30,712
9/26/2023,13:45,712
9/26/2023,14:00,736
9/26/2023,14:15,720
9/26/2023,14:30,720
9/26/2023,14:45,720
9/26/2023,15:00,712
9/26/2023,15:15,720
9/26/2023,15:30,744
9/26/2023,15:45,696
9/26/2023,16:00,712
9/26/2023,16:15,680
9/26/2023,16:30,712
9/26/2023,16:45,688
9/26/2023,17:00,664
9/26/2023,17:15,632
9/26/2023,17:30,624
9/26/2023,17:45,600
9/26/2023,18:00,600
9/26/2023,18:15,528
9/26/2023,18:30,520
9/26/2023,18:45,512
9/26/2023,19:00,512
9/26/2023,19:15,488
9/26/2023,19:30,480
9/26/2023,19:45,480
9/26/2023,20:00,488
9/26/2023,20:15,464
9/26/2023,20:30,448
9/26/2023,20:45,448
9/26/2023,21:00,456
9/26/2023,21:15,432
9/26/2023,21:30,424
9/26/2023,21:45,416
9/26/2023,22:00,416
9/26/2023,22:15,416
9/26/2023,22:30,416
9/26/2023,22:45,376
9/26/2023,23:00,376
9/26/2023,23:15,392
9/26/2023,23:30,368
9/26/2023,23:45,392
9/27/2023,0:00,376
9/27/2023,0:15,368
9/27/2023,0:30,376
9/27/2023,0:45,360
9/27/2023,1:00,368
9/27/2023,1:15,352
9/27/2023,1:30,368
9/27/2023,1:45,344
9/27/2023,2:00,360
9/27/2023,2:15,360
9/27/2023,2:30,368
9/27/2023,2:45,352
9/27/2023,3:00,352
9/27/2023,3:15,368
9/27/2023,3:30,360
9/27/2023,3:45,352
9/27/2023,4:00,360
9/27/2023,4:15,376
9/27/2023,4:30,352
9/27/2023,4:45,344
9/27/2023,5:00,352
9/27/2023,5:15,368
9/27/2023,5:30,352
9/27/2023,5:45,352
9/27/2023,6:00,360
9/27/2023,6:15,360
9/27/2023,6:30,392
9/27/2023,6:45,392
9/27/2023,7:00,408
9/27/2023,7:15,400
9/27/2023,7:30,432
9/27/2023,7:45,424
9/27/2023,8:00,424
9/27/2023,8:15,432
9/27/2023,8:30,512
9/27/2023,8:45,520
9/27/2023,9:00,528
9/27/2023,9:15,536
9/27/2023,9:30,536
9/27/2023,9:45,568
9/27/2023,10:00,576
9/27/2023,10:15,592
9/27/2023,10:30,592
9/27/2023,10:45,608
9/27/2023,11:00,624
9/27/2023,11:15,632
9/27/2023,11:30,616
9/27/2023,11:45,656
9/27/2023,12:00,632
9/27/2023,12:15,672
9/27/2023,12:30,672
9/27/2023,12:45,672
9/27/2023,13:00,664
9/27/2023,13:15,696
9/27/2023,13:30,696
9/27/2023,13:45,712
9/27/2023,14:00,704
9/27/2023,14:15,696
9/27/2023,14:30,712
9/27/2023,14:45,712
9/27/2023,15:00,688
9/27/2023,15:15,696
9/27/2023,15:30,680
9/27/2023,15:45,704
9/27/2023,16:00,664
9/27/2023,16:15,688
9/27/2023,16:30,632
9/27/2023,16:45,624
9/27/2023,17:00,616
9/27/2023,17:15,640
9/27/2023,17:30,608
9/27/2023,17:45,584
9/27/2023,18:00,544
9/27/2023,18:15,536
9/27/2023,18:30,528
9/27/2023,18:45,520
9/27/2023,19:00,488
9/27/2023,19:15,488
9/27/2023,19:30,480
9/27/2023,19:45,464
9/27/2023,20:00,448
9/27/2023,20:15,440
9/27/2023,20:30,432
9/27/2023,20:45,448
9/27/2023,21:00,424
9/27/2023,21:15,400
9/27/2023,21:30,376
9/27/2023,21:45,400
9/27/2023,22:00,392
9/27/2023,22:15,384
9/27/2023,22:30,376
9/27/2023,22:45,384
9/27/2023,23:00,360
9/27/2023,23:15,368
9/27/2023,23:30,384
9/27/2023,23:45,360
9/28/2023,0:00,352
9/28/2023,0:15,376
9/28/2023,0:30,368
9/28/2023,0:45,352
9/28/2023,1:00,344
9/28/2023,1:15,352
9/28/2023,1:30,360
9/28/2023,1:45,360
9/28/2023,2:00,344
9/28/2023,2:15,336
9/28/2023,2:30,344
9/28/2023,2:45,352
9/28/2023,3:00,336
9/28/2023,3:15,328
9/28/2023,3:30,336
9/28/2023,3:45,344
9/28/2023,4:00,328
9/28/2023,4:15,328
9/28/2023,4:30,328
9/28/2023,4:45,336
9/28/2023,5:00,336
9/28/2023,5:15,328
9/28/2023,5:30,336
9/28/2023,5:45,360
9/28/2023,6:00,376
9/28/2023,6:15,384
9/28/2023,6:30,368
9/28/2023,6:45,392
9/28/2023,7:00,400
9/28/2023,7:15,400
9/28/2023,7:30,408
9/28/2023,7:45,408
9/28/2023,8:00,424
9/28/2023,8:15,440
9/28/2023,8:30,464
9/28/2023,8:45,472
9/28/2023,9:00,528
9/28/2023,9:15,536
9/28/2023,9:30,544
9/28/2023,9:45,544
9/28/2023,10:00,576
9/28/2023,10:15,560
9/28/2023,10:30,576
9/28/2023,10:45,608
9/28/2023,11:00,608
9/28/2023,11:15,600
9/28/2023,11:30,640
9/28/2023,11:45,624
9/28/2023,12:00,672
9/28/2023,12:15,648
9/28/2023,12:30,664
9/28/2023,12:45,680
9/28/2023,13:00,720
9/28/2023,13:15,752
9/28/2023,13:30,728
9/28/2023,13:45,744
9/28/2023,14:00,720
9/28/2023,14:15,744
9/28/2023,14:30,768
9/28/2023,14:45,744
9/28/2023,15:00,744
9/28/2023,15:15,760
9/28/2023,15:30,720
9/28/2023,15:45,736
9/28/2023,16:00,752
9/28/2023,16:15,728
9/28/2023,16:30,696
9/28/2023,16:45,688
9/28/2023,17:00,656
9/28/2023,17:15,680
9/28/2023,17:30,632
9/28/2023,17:45,608
9/28/2023,18:00,592
9/28/2023,18:15,560
9/28/2023,18:30,512
9/28/2023,18:45,512
9/28/2023,19:00,504
9/28/2023,19:15,488
9/28/2023,19:30,488
9/28/2023,19:45,480
9/28/2023,20:00,432
9/28/2023,20:15,440
9/28/2023,20:30,456
9/28/2023,20:45,440
9/28/2023,21:00,424
9/28/2023,21:15,416
9/28/2023,21:30,408
9/28/2023,21:45,384
9/28/2023,22:00,368
9/28/2023,22:15,368
9/28/2023,22:30,368
9/28/2023,22:45,368
9/28/2023,23:00,360
9/28/2023,23:15,376
9/28/2023,23:30,368
9/28/2023,23:45,352
9/29/2023,0:00,384
9/29/2023,0:15,376
9/29/2023,0:30,352
9/29/2023,0:45,368
9/29/2023,1:00,376
9/29/2023,1:15,368
9/29/2023,1:30,352
9/29/2023,1:45,368
9/29/2023,2:00,360
9/29/2023,2:15,360
9/29/2023,2:30,368
9/29/2023,2:45,368
9/29/2023,3:00,360
9/29/2023,3:15,368
9/29/2023,3:30,376
9/29/2023,3:45,352
9/29/2023,4:00,344
9/29/2023,4:15,360
9/29/2023,4:30,360
9/29/2023,4:45,352
9/29/2023,5:00,352
9/29/2023,5:15,352
9/29/2023,5:30,352
9/29/2023,5:45,392
9/29/2023,6:00,400
9/29/2023,6:15,384
9/29/2023,6:30,392
9/29/2023,6:45,400
9/29/2023,7:00,408
9/29/2023,7:15,416
9/29/2023,7:30,416
9/29/2023,7:45,456
9/29/2023,8:00,448
9/29/2023,8:15,464
9/29/2023,8:30,472
9/29/2023,8:45,536
9/29/2023,9:00,528
9/29/2023,9:15,536
9/29/2023,9:30,584
9/29/2023,9:45,568
9/29/2023,10:00,600
9/29/2023,10:15,600
9/29/2023,10:30,624
9/29/2023,10:45,616
9/29/2023,11:00,608
9/29/2023,11:15,624
9/29/2023,11:30,632
9/29/2023,11:45,640
9/29/2023,12:00,664
9/29/2023,12:15,672
9/29/2023,12:30,680
9/29/2023,12:45,672
9/29/2023,13:00,696
9/29/2023,13:15,704
9/29/2023,13:30,680
9/29/2023,13:45,680
9/29/2023,14:00,672
9/29/2023,14:15,648
9/29/2023,14:30,664
9/29/2023,14:45,672
9/29/2023,15:00,640
9/29/2023,15:15,648
9/29/2023,15:30,648
9/29/2023,15:45,632
9/29/2023,16:00,616
9/29/2023,16:15,656
9/29/2023,16:30,648
9/29/2023,16:45,616
9/29/2023,17:00,568
9/29/2023,17:15,576
9/29/2023,17:30,552
9/29/2023,17:45,512
9/29/2023,18:00,504
9/29/2023,18:15,512
9/29/2023,18:30,480
9/29/2023,18:45,480
9/29/2023,19:00,488
9/29/2023,19:15,480
9/29/2023,19:30,480
9/29/2023,19:45,448
9/29/2023,20:00,456
9/29/2023,20:15,440
9/29/2023,20:30,448
9/29/2023,20:45,432
9/29/2023,21:00,432
9/29/2023,21:15,448
9/29/2023,21:30,424
9/29/2023,21:45,408
9/29/2023,22:00,400
9/29/2023,22:15,416
9/29/2023,22:30,416
9/29/2023,22:45,392
9/29/2023,23:00,384
9/29/2023,23:15,368
9/29/2023,23:30,368
9/29/2023,23:45,368
9/30/2023,0:00,368
9/30/2023,0:15,392
9/30/2023,0:30,392
9/30/2023,0:45,408
9/30/2023,1:00,416
9/30/2023,1:15,392
9/30/2023,1:30,400
9/30/2023,1:45,384
9/30/2023,2:00,384
9/30/2023,2:15,384
9/30/2023,2:30,392
9/30/2023,2:45,400
9/30/2023,3:00,408
9/30/2023,3:15,384
9/30/2023,3:30,392
9/30/2023,3:45,368
9/30/2023,4:00,368
9/30/2023,4:15,392
9/30/2023,4:30,368
9/30/2023,4:45,352
9/30/2023,5:00,376
9/30/2023,5:15,360
9/30/2023,5:30,368
9/30/2023,5:45,368
9/30/2023,6:00,360
9/30/2023,6:15,376
9/30/2023,6:30,376
9/30/2023,6:45,376
9/30/2023,7:00,376
9/30/2023,7:15,376
9/30/2023,7:30,384
9/30/2023,7:45,392
9/30/2023,8:00,360
9/30/2023,8:15,368
9/30/2023,8:30,368
9/30/2023,8:45,368
9/30/2023,9:00,360
9/30/2023,9:15,344
9/30/2023,9:30,376
9/30/2023,9:45,392
9/30/2023,10:00,408
9/30/2023,10:15,408
9/30/2023,10:30,408
9/30/2023,10:45,416
9/30/2023,11:00,416
9/30/2023,11:15,416
9/30/2023,11:30,448
9/30/2023,11:45,424
9/30/2023,12:00,464
9/30/2023,12:15,440
9/30/2023,12:30,448
9/30/2023,12:45,432
9/30/2023,13:00,448
9/30/2023,13:15,496
9/30/2023,13:30,480
9/30/2023,13:45,488
9/30/2023,14:00,456
9/30/2023,14:15,488
9/30/2023,14:30,472
9/30/2023,14:45,512
9/30/2023,15:00,488
9/30/2023,15:15,512
9/30/2023,15:30,520
9/30/2023,15:45,504
9/30/2023,16:00,496
9/30/2023,16:15,504
9/30/2023,16:30,464
9/30/2023,16:45,488
9/30/2023,17:00,480
9/30/2023,17:15,480
9/30/2023,17:30,456
9/30/2023,17:45,456
9/30/2023,18:00,400
9/30/2023,18:15,400
9/30/2023,18:30,384
9/30/2023,18:45,392
9/30/2023,19:00,384
9/30/2023,19:15,376
9/30/2023,19:30,400
9/30/2023,19:45,400
9/30/2023,20:00,376
9/30/2023,20:15,376
9/30/2023,20:30,368
9/30/2023,20:45,360
9/30/2023,21:00,360
9/30/2023,21:15,368
9/30/2023,21:30,376
9/30/2023,21:45,400
9/30/2023,22:00,360
9/30/2023,22:15,352
9/30/2023,22:30,352
9/30/2023,22:45,368
9/30/2023,23:00,352
9/30/2023,23:15,352
9/30/2023,23:30,352
9/30/2023,23:45,368
10/1/2023,0:00,376
10/1/2023,0:15,352
10/1/2023,0:30,352
10/1/2023,0:45,352
10/1/2023,1:00,360
10/1/2023,1:15,352
10/1/2023,1:30,344
10/1/2023,1:45,344
10/1/2023,2:00,352
10/1/2023,2:15,352
10/1/2023,2:30,352
10/1/2023,2:45,352
10/1/2023,3:00,352
10/1/2023,3:15,352
10/1/2023,3:30,360
10/1/2023,3:45,352
10/1/2023,4:00,352
10/1/2023,4:15,352
10/1/2023,4:30,360
10/1/2023,4:45,336
10/1/2023,5:00,344
10/1/2023,5:15,336
10/1/2023,5:30,352
10/1/2023,5:45,352
10/1/2023,6:00,344
10/1/2023,6:15,344
10/1/2023,6:30,352
10/1/2023,6:45,344
10/1/2023,7:00,336
10/1/2023,7:15,336
10/1/2023,7:30,328
10/1/2023,7:45,336
10/1/2023,8:00,344
10/1/2023,8:15,344
10/1/2023,8:30,360
10/1/2023,8:45,376
10/1/2023,9:00,368
10/1/2023,9:15,376
10/1/2023,9:30,400
10/1/2023,9:45,424
10/1/2023,10:00,408
10/1/2023,10:15,472
10/1/2023,10:30,440
10/1/2023,10:45,464
10/1/2023,11:00,472
10/1/2023,11:15,488
10/1/2023,11:30,496
10/1/2023,11:45,512
10/1/2023,12:00,520
10/1/2023,12:15,520
10/1/2023,12:30,544
10/1/2023,12:45,528
10/1/2023,13:00,528
10/1/2023,13:15,528
10/1/2023,13:30,544
10/1/2023,13:45,544
10/1/2023,14:00,560
10/1/2023,14:15,552
10/1/2023,14:30,576
10/1/2023,14:45,576
10/1/2023,15:00,584
10/1/2023,15:15,568
10/1/2023,15:30,576
10/1/2023,15:45,560
10/1/2023,16:00,568
10/1/2023,16:15,552
10/1/2023,16:30,560
10/1/2023,16:45,528
10/1/2023,17:00,520
10/1/2023,17:15,496
10/1/2023,17:30,504
10/1/2023,17:45,488
10/1/2023,18:00,472
10/1/2023,18:15,472
10/1/2023,18:30,472
10/1/2023,18:45,448
10/1/2023,19:00,456
10/1/2023,19:15,432
10/1/2023,19:30,424
10/1/2023,19:45,392
10/1/2023,20:00,424
10/1/2023,20:15,400
10/1/2023,20:30,384
10/1/2023,20:45,368
10/1/2023,21:00,368
10/1/2023,21:15,360
10/1/2023,21:30,360
10/1/2023,21:45,352
10/1/2023,22:00,352
10/1/2023,22:15,360
10/1/2023,22:30,360
10/1/2023,22:45,344
10/1/2023,23:00,352
10/1/2023,23:15,360
10/1/2023,23:30,352
10/1/2023,23:45,344
10/2/2023,0:00,344
10/2/2023,0:15,336
10/2/2023,0:30,360
10/2/2023,0:45,352
10/2/2023,1:00,352
10/2/2023,1:15,336
10/2/2023,1:30,352
10/2/2023,1:45,344
10/2/2023,2:00,344
10/2/2023,2:15,336
10/2/2023,2:30,344
10/2/2023,2:45,344
10/2/2023,3:00,328
10/2/2023,3:15,336
10/2/2023,3:30,336
10/2/2023,3:45,336
10/2/2023,4:00,336
10/2/2023,4:15,336
10/2/2023,4:30,336
10/2/2023,4:45,336
10/2/2023,5:00,336
10/2/2023,5:15,336
10/2/2023,5:30,336
10/2/2023,5:45,360
10/2/2023,6:00,368
10/2/2023,6:15,384
10/2/2023,6:30,376
10/2/2023,6:45,368
10/2/2023,7:00,376
10/2/2023,7:15,400
10/2/2023,7:30,416
10/2/2023,7:45,400
10/2/2023,8:00,424
10/2/2023,8:15,432
10/2/2023,8:30,440
10/2/2023,8:45,448
10/2/2023,9:00,480
10/2/2023,9:15,480
10/2/2023,9:30,488
10/2/2023,9:45,528
10/2/2023,10:00,520
10/2/2023,10:15,520
10/2/2023,10:30,528
10/2/2023,10:45,584
10/2/2023,11:00,592
10/2/2023,11:15,600
10/2/2023,11:30,600
10/2/2023,11:45,616
10/2/2023,12:00,656
10/2/2023,12:15,656
10/2/2023,12:30,664
10/2/2023,12:45,656
10/2/2023,13:00,664
10/2/2023,13:15,656
10/2/2023,13:30,680
10/2/2023,13:45,680
10/2/2023,14:00,696
10/2/2023,14:15,696
10/2/2023,14:30,688
10/2/2023,14:45,696
10/2/2023,15:00,680
10/2/2023,15:15,696
10/2/2023,15:30,688
10/2/2023,15:45,672
10/2/2023,16:00,688
10/2/2023,16:15,688
10/2/2023,16:30,664
10/2/2023,16:45,648
10/2/2023,17:00,624
10/2/2023,17:15,616
10/2/2023,17:30,584
10/2/2023,17:45,528
10/2/2023,18:00,520
10/2/2023,18:15,504
10/2/2023,18:30,504
10/2/2023,18:45,480
10/2/2023,19:00,448
10/2/2023,19:15,448
10/2/2023,19:30,456
10/2/2023,19:45,424
10/2/2023,20:00,432
10/2/2023,20:15,424
10/2/2023,20:30,432
10/2/2023,20:45,424
10/2/2023,21:00,392
10/2/2023,21:15,376
10/2/2023,21:30,360
10/2/2023,21:45,376
10/2/2023,22:00,360
10/2/2023,22:15,352
10/2/2023,22:30,360
10/2/2023,22:45,360
10/2/2023,23:00,368
10/2/2023,23:15,360
10/2/2023,23:30,352
10/2/2023,23:45,368
10/3/2023,0:00,352
10/3/2023,0:15,360
10/3/2023,0:30,344
10/3/2023,0:45,352
10/3/2023,1:00,352
10/3/2023,1:15,352
10/3/2023,1:30,352
10/3/2023,1:45,352
10/3/2023,2:00,360
10/3/2023,2:15,336
10/3/2023,2:30,352
10/3/2023,2:45,344
10/3/2023,3:00,344
10/3/2023,3:15,344
10/3/2023,3:30,352
10/3/2023,3:45,352
10/3/2023,4:00,344
10/3/2023,4:15,336
10/3/2023,4:30,344
10/3/2023,4:45,344
10/3/2023,5:00,336
10/3/2023,5:15,336
10/3/2023,5:30,328
10/3/2023,5:45,368
10/3/2023,6:00,384
10/3/2023,6:15,376
10/3/2023,6:30,368
10/3/2023,6:45,392
10/3/2023,7:00,400
10/3/2023,7:15,416
10/3/2023,7:30,408
10/3/2023,7:45,416
10/3/2023,8:00,440
10/3/2023,8:15,440
10/3/2023,8:30,480
10/3/2023,8:45,496
10/3/2023,9:00,528
10/3/2023,9:15,544
10/3/2023,9:30,592
10/3/2023,9:45,584
10/3/2023,10:00,632
10/3/2023,10:15,616
10/3/2023,10:30,656
10/3/2023,10:45,680
10/3/2023,11:00,688
10/3/2023,11:15,712
10/3/2023,11:30,712
10/3/2023,11:45,728
10/3/2023,12:00,752
10/3/2023,12:15,752
10/3/2023,12:30,760
10/3/2023,12:45,752
10/3/2023,13:00,768
10/3/2023,13:15,768
10/3/2023,13:30,776
10/3/2023,13:45,752
10/3/2023,14:00,752
10/3/2023,14:15,760
10/3/2023,14:30,736
10/3/2023,14:45,752
10/3/2023,15:00,776
10/3/2023,15:15,752
10/3/2023,15:30,744
10/3/2023,15:45,736
10/3/2023,16:00,736
10/3/2023,16:15,720
10/3/2023,16:30,704
10/3/2023,16:45,680
10/3/2023,17:00,680
10/3/2023,17:15,664
10/3/2023,17:30,624
10/3/2023,17:45,592
10/3/2023,18:00,584
10/3/2023,18:15,552
10/3/2023,18:30,520
10/3/2023,18:45,536
10/3/2023,19:00,512
10/3/2023,19:15,512
10/3/2023,19:30,496
10/3/2023,19:45,488
10/3/2023,20:00,480
10/3/2023,20:15,472
10/3/2023,20:30,464
10/3/2023,20:45,448
10/3/2023,21:00,424
10/3/2023,21:15,440
10/3/2023,21:30,440
10/3/2023,21:45,408
10/3/2023,22:00,408
10/3/2023,22:15,408
10/3/2023,22:30,416
10/3/2023,22:45,392
10/3/2023,23:00,376
10/3/2023,23:15,392
10/3/2023,23:30,384
10/3/2023,23:45,368
10/4/2023,0:00,392
10/4/2023,0:15,392
10/4/2023,0:30,408
10/4/2023,0:45,400
10/4/2023,1:00,376
10/4/2023,1:15,400
10/4/2023,1:30,392
10/4/2023,1:45,376
10/4/2023,2:00,368
10/4/2023,2:15,360
10/4/2023,2:30,352
10/4/2023,2:45,344
10/4/2023,3:00,368
10/4/2023,3:15,360
10/4/2023,3:30,368
10/4/2023,3:45,352
10/4/2023,4:00,360
10/4/2023,4:15,360
10/4/2023,4:30,344
10/4/2023,4:45,352
10/4/2023,5:00,376
10/4/2023,5:15,344
10/4/2023,5:30,344
10/4/2023,5:45,376
10/4/2023,6:00,392
10/4/2023,6:15,384
10/4/2023,6:30,416
10/4/2023,6:45,320
10/4/2023,7:00,336
10/4/2023,7:15,440
10/4/2023,7:30,440
10/4/2023,7:45,432
10/4/2023,8:00,456
10/4/2023,8:15,520
10/4/2023,8:30,528
10/4/2023,8:45,536
10/4/2023,9:00,584
10/4/2023,9:15,608
10/4/2023,9:30,632
10/4/2023,9:45,640
10/4/2023,10:00,664
10/4/2023,10:15,672
10/4/2023,10:30,696
10/4/2023,10:45,712
10/4/2023,11:00,720
10/4/2023,11:15,704
10/4/2023,11:30,720
10/4/2023,11:45,736
10/4/2023,12:00,744
10/4/2023,12:15,752
10/4/2023,12:30,776
10/4/2023,12:45,784
10/4/2023,13:00,776
10/4/2023,13:15,792
10/4/2023,13:30,784
10/4/2023,13:45,792
10/4/2023,14:00,816
10/4/2023,14:15,824
10/4/2023,14:30,816
10/4/2023,14:45,792
10/4/2023,15:00,784
10/4/2023,15:15,816
10/4/2023,15:30,832
10/4/2023,15:45,824
10/4/2023,16:00,800
10/4/2023,16:15,800
10/4/2023,16:30,792
10/4/2023,16:45,768
10/4/2023,17:00,760
10/4/2023,17:15,752
10/4/2023,17:30,712
10/4/2023,17:45,696
10/4/2023,18:00,672
10/4/2023,18:15,656
10/4/2023,18:30,648
10/4/2023,18:45,632
10/4/2023,19:00,592
10/4/2023,19:15,584
10/4/2023,19:30,576
10/4/2023,19:45,568
10/4/2023,20:00,560
10/4/2023,20:15,544
10/4/2023,20:30,560
10/4/2023,20:45,528
10/4/2023,21:00,512
10/4/2023,21:15,504
10/4/2023,21:30,496
10/4/2023,21:45,488
10/4/2023,22:00,472
10/4/2023,22:15,480
10/4/2023,22:30,472
10/4/2023,22:45,472
10/4/2023,23:00,464
10/4/2023,23:15,488
10/4/2023,23:30,472
10/4/2023,23:45,488
10/5/2023,0:00,472
10/5/2023,0:15,480
10/5/2023,0:30,432
10/5/2023,0:45,456
10/5/2023,1:00,456
10/5/2023,1:15,448
10/5/2023,1:30,432
10/5/2023,1:45,448
10/5/2023,2:00,464
10/5/2023,2:15,464
10/5/2023,2:30,432
10/5/2023,2:45,424
10/5/2023,3:00,432
10/5/2023,3:15,440
10/5/2023,3:30,464
10/5/2023,3:45,432
10/5/2023,4:00,424
10/5/2023,4:15,432
10/5/2023,4:30,416
10/5/2023,4:45,424
10/5/2023,5:00,416
10/5/2023,5:15,456
10/5/2023,5:30,440
10/5/2023,5:45,448
10/5/2023,6:00,464
10/5/2023,6:15,456
10/5/2023,6:30,456
10/5/2023,6:45,464
10/5/2023,7:00,480
10/5/2023,7:15,472
10/5/2023,7:30,464
10/5/2023,7:45,464
10/5/2023,8:00,512
10/5/2023,8:15,496
10/5/2023,8:30,560
10/5/2023,8:45,608
10/5/2023,9:00,624
10/5/2023,9:15,608
10/5/2023,9:30,640
10/5/2023,9:45,672
10/5/2023,10:00,704
10/5/2023,10:15,712
10/5/2023,10:30,696
10/5/2023,10:45,720
10/5/2023,11:00,720
10/5/2023,11:15,736
10/5/2023,11:30,760
10/5/2023,11:45,752
10/5/2023,12:00,776
10/5/2023,12:15,784
10/5/2023,12:30,768
10/5/2023,12:45,792
10/5/2023,13:00,824
10/5/2023,13:15,816
10/5/2023,13:30,832
10/5/2023,13:45,824
10/5/2023,14:00,816
10/5/2023,14:15,856
10/5/2023,14:30,880
10/5/2023,14:45,888
10/5/2023,15:00,864
10/5/2023,15:15,904
10/5/2023,15:30,856
10/5/2023,15:45,872
10/5/2023,16:00,832
10/5/2023,16:15,872
10/5/2023,16:30,888
10/5/2023,16:45,800
10/5/2023,17:00,784
10/5/2023,17:15,776
10/5/2023,17:30,760
10/5/2023,17:45,720
10/5/2023,18:00,720
10/5/2023,18:15,704
10/5/2023,18:30,664
10/5/2023,18:45,640
10/5/2023,19:00,624
10/5/2023,19:15,576
10/5/2023,19:30,584
10/5/2023,19:45,592
10/5/2023,20:00,560
10/5/2023,20:15,560
10/5/2023,20:30,552
10/5/2023,20:45,544
10/5/2023,21:00,528
10/5/2023,21:15,520
10/5/2023,21:30,528
10/5/2023,21:45,504
10/5/2023,22:00,504
10/5/2023,22:15,520
10/5/2023,22:30,496
10/5/2023,22:45,472
10/5/2023,23:00,464
10/5/2023,23:15,456
10/5/2023,23:30,488
10/5/2023,23:45,456
10/6/2023,0:00,448
10/6/2023,0:15,440
10/6/2023,0:30,448
10/6/2023,0:45,456
10/6/2023,1:00,416
10/6/2023,1:15,440
10/6/2023,1:30,400
10/6/2023,1:45,424
10/6/2023,2:00,432
10/6/2023,2:15,424
10/6/2023,2:30,408
10/6/2023,2:45,440
10/6/2023,3:00,432
10/6/2023,3:15,416
10/6/2023,3:30,408
10/6/2023,3:45,432
10/6/2023,4:00,416
10/6/2023,4:15,416
10/6/2023,4:30,408
10/6/2023,4:45,424
10/6/2023,5:00,416
10/6/2023,5:15,408
10/6/2023,5:30,432
10/6/2023,5:45,392
10/6/2023,6:00,408
10/6/2023,6:15,400
10/6/2023,6:30,440
10/6/2023,6:45,416
10/6/2023,7:00,432
10/6/2023,7:15,456
10/6/2023,7:30,456
10/6/2023,7:45,504
10/6/2023,8:00,520
10/6/2023,8:15,552
10/6/2023,8:30,600
10/6/2023,8:45,608
10/6/2023,9:00,632
10/6/2023,9:15,624
10/6/2023,9:30,680
10/6/2023,9:45,680
10/6/2023,10:00,704
10/6/2023,10:15,728
10/6/2023,10:30,768
10/6/2023,10:45,784
10/6/2023,11:00,760
10/6/2023,11:15,776
10/6/2023,11:30,792
10/6/2023,11:45,792
10/6/2023,12:00,792
10/6/2023,12:15,808
10/6/2023,12:30,816
10/6/2023,12:45,816
10/6/2023,13:00,856
10/6/2023,13:15,848
10/6/2023,13:30,864
10/6/2023,13:45,856
10/6/2023,14:00,864
10/6/2023,14:15,920
10/6/2023,14:30,888
10/6/2023,14:45,920
10/6/2023,15:00,904
10/6/2023,15:15,864
10/6/2023,15:30,880
10/6/2023,15:45,872
10/6/2023,16:00,912
10/6/2023,16:15,872
10/6/2023,16:30,848
10/6/2023,16:45,824
10/6/2023,17:00,808
10/6/2023,17:15,784
10/6/2023,17:30,768
10/6/2023,17:45,752
10/6/2023,18:00,720
10/6/2023,18:15,720
10/6/2023,18:30,712
10/6/2023,18:45,656
10/6/2023,19:00,656
10/6/2023,19:15,640
10/6/2023,19:30,592
10/6/2023,19:45,592
10/6/2023,20:00,600
10/6/2023,20:15,568
10/6/2023,20:30,560
10/6/2023,20:45,584
10/6/2023,21:00,528
10/6/2023,21:15,536
10/6/2023,21:30,504
10/6/2023,21:45,504
10/6/2023,22:00,496
10/6/2023,22:15,504
10/6/2023,22:30,512
10/6/2023,22:45,488
10/6/2023,23:00,480
10/6/2023,23:15,456
10/6/2023,23:30,504
10/6/2023,23:45,472
10/7/2023,0:00,456
10/7/2023,0:15,448
10/7/2023,0:30,472
10/7/2023,0:45,432
10/7/2023,1:00,432
10/7/2023,1:15,424
10/7/2023,1:30,416
10/7/2023,1:45,432
10/7/2023,2:00,440
10/7/2023,2:15,424
10/7/2023,2:30,424
10/7/2023,2:45,416
10/7/2023,3:00,416
10/7/2023,3:15,440
10/7/2023,3:30,400
10/7/2023,3:45,400
10/7/2023,4:00,416
10/7/2023,4:15,400
10/7/2023,4:30,392
10/7/2023,4:45,416
10/7/2023,5:00,416
10/7/2023,5:15,408
10/7/2023,5:30,408
10/7/2023,5:45,416
10/7/2023,6:00,392
10/7/2023,6:15,384
10/7/2023,6:30,376
10/7/2023,6:45,360
10/7/2023,7:00,384
10/7/2023,7:15,400
10/7/2023,7:30,376
10/7/2023,7:45,384
10/7/2023,8:00,400
10/7/2023,8:15,440
10/7/2023,8:30,472
10/7/2023,8:45,504
10/7/2023,9:00,520
10/7/2023,9:15,520
10/7/2023,9:30,576
10/7/2023,9:45,576
10/7/2023,10:00,584
10/7/2023,10:15,616
10/7/2023,10:30,632
10/7/2023,10:45,632
10/7/2023,11:00,640
10/7/2023,11:15,656
10/7/2023,11:30,664
10/7/2023,11:45,688
10/7/2023,12:00,680
10/7/2023,12:15,688
10/7/2023,12:30,712
10/7/2023,12:45,704
10/7/2023,13:00,712
10/7/2023,13:15,744
10/7/2023,13:30,736
10/7/2023,13:45,736
10/7/2023,14:00,736
10/7/2023,14:15,736
10/7/2023,14:30,736
10/7/2023,14:45,752
10/7/2023,15:00,784
10/7/2023,15:15,776
10/7/2023,15:30,744
10/7/2023,15:45,728
10/7/2023,16:00,736
10/7/2023,16:15,728
10/7/2023,16:30,728
10/7/2023,16:45,712
10/7/2023,17:00,736
10/7/2023,17:15,720
10/7/2023,17:30,696
10/7/2023,17:45,696
10/7/2023,18:00,688
10/7/2023,18:15,664
10/7/2023,18:30,656
10/7/2023,18:45,640
10/7/2023,19:00,584
10/7/2023,19:15,592
10/7/2023,19:30,576
10/7/2023,19:45,544
10/7/2023,20:00,560
10/7/2023,20:15,552
10/7/2023,20:30,528
10/7/2023,20:45,512
10/7/2023,21:00,488
10/7/2023,21:15,504
10/7/2023,21:30,496
10/7/2023,21:45,496
10/7/2023,22:00,472
10/7/2023,22:15,504
10/7/2023,22:30,488
10/7/2023,22:45,496
10/7/2023,23:00,488
10/7/2023,23:15,496
10/7/2023,23:30,472
10/7/2023,23:45,472
10/8/2023,0:00,440
10/8/2023,0:15,472
10/8/2023,0:30,472
10/8/2023,0:45,472
10/8/2023,1:00,480
10/8/2023,1:15,488
10/8/2023,1:30,464
10/8/2023,1:45,432
10/8/2023,2:00,432
10/8/2023,2:15,456
10/8/2023,2:30,448
10/8/2023,2:45,448
10/8/2023,3:00,464
10/8/2023,3:15,440
10/8/2023,3:30,432
10/8/2023,3:45,416
10/8/2023,4:00,408
10/8/2023,4:15,408
10/8/2023,4:30,432
10/8/2023,4:45,416
10/8/2023,5:00,408
10/8/2023,5:15,440
10/8/2023,5:30,416
10/8/2023,5:45,424
10/8/2023,6:00,432
10/8/2023,6:15,408
10/8/2023,6:30,424
10/8/2023,6:45,392
10/8/2023,7:00,384
10/8/2023,7:15,360
10/8/2023,7:30,352
10/8/2023,7:45,384
10/8/2023,8:00,400
10/8/2023,8:15,392
10/8/2023,8:30,408
10/8/2023,8:45,456
10/8/2023,9:00,496
10/8/2023,9:15,496
10/8/2023,9:30,512
10/8/2023,9:45,544
10/8/2023,10:00,560
10/8/2023,10:15,560
10/8/2023,10:30,584
10/8/2023,10:45,592
10/8/2023,11:00,584
10/8/2023,11:15,616
10/8/2023,11:30,624
10/8/2023,11:45,632
10/8/2023,12:00,648
10/8/2023,12:15,656
10/8/2023,12:30,680
10/8/2023,12:45,680
10/8/2023,13:00,688
10/8/2023,13:15,696
10/8/2023,13:30,680
10/8/2023,13:45,688
10/8/2023,14:00,712
10/8/2023,14:15,696
10/8/2023,14:30,712
10/8/2023,14:45,696
10/8/2023,15:00,704
10/8/2023,15:15,696
10/8/2023,15:30,688
10/8/2023,15:45,696
10/8/2023,16:00,696
10/8/2023,16:15,680
10/8/2023,16:30,672
10/8/2023,16:45,680
10/8/2023,17:00,664
10/8/2023,17:15,664
10/8/2023,17:30,616
10/8/2023,17:45,624
10/8/2023,18:00,584
10/8/2023,18:15,568
10/8/2023,18:30,544
10/8/2023,18:45,528
10/8/2023,19:00,520
10/8/2023,19:15,488
10/8/2023,19:30,464
10/8/2023,19:45,472
10/8/2023,20:00,448
10/8/2023,20:15,440
10/8/2023,20:30,456
10/8/2023,20:45,432
10/8/2023,21:00,416
10/8/2023,21:15,408
10/8/2023,21:30,416
10/8/2023,21:45,408
10/8/2023,22:00,368
10/8/2023,22:15,368
10/8/2023,22:30,368
10/8/2023,22:45,376
10/8/2023,23:00,352
10/8/2023,23:15,368
10/8/2023,23:30,368
10/8/2023,23:45,384
10/9/2023,0:00,368
10/9/2023,0:15,360
10/9/2023,0:30,376
10/9/2023,0:45,368
10/9/2023,1:00,376
10/9/2023,1:15,360
10/9/2023,1:30,376
10/9/2023,1:45,368
10/9/2023,2:00,368
10/9/2023,2:15,368
10/9/2023,2:30,360
10/9/2023,2:45,368
10/9/2023,3:00,368
10/9/2023,3:15,368
10/9/2023,3:30,360
10/9/2023,3:45,360
10/9/2023,4:00,376
10/9/2023,4:15,376
10/9/2023,4:30,368
10/9/2023,4:45,352
10/9/2023,5:00,360
10/9/2023,5:15,360
10/9/2023,5:30,368
10/9/2023,5:45,360
10/9/2023,6:00,360
10/9/2023,6:15,368
10/9/2023,6:30,376
10/9/2023,6:45,360
10/9/2023,7:00,352
10/9/2023,7:15,384
10/9/2023,7:30,368
10/9/2023,7:45,376
10/9/2023,8:00,360
10/9/2023,8:15,368
10/9/2023,8:30,368
10/9/2023,8:45,368
10/9/2023,9:00,376
10/9/2023,9:15,376
10/9/2023,9:30,360
10/9/2023,9:45,376
10/9/2023,10:00,376
10/9/2023,10:15,392
10/9/2023,10:30,376
10/9/2023,10:45,376
10/9/2023,11:00,424
10/9/2023,11:15,408
10/9/2023,11:30,400
10/9/2023,11:45,424
10/9/2023,12:00,464
10/9/2023,12:15,440
10/9/2023,12:30,472
10/9/2023,12:45,448
10/9/2023,13:00,456
10/9/2023,13:15,472
10/9/2023,13:30,472
10/9/2023,13:45,464
10/9/2023,14:00,488
10/9/2023,14:15,496
10/9/2023,14:30,496
10/9/2023,14:45,504
10/9/2023,15:00,504
10/9/2023,15:15,520
10/9/2023,15:30,512
10/9/2023,15:45,520
10/9/2023,16:00,488
10/9/2023,16:15,480
10/9/2023,16:30,504
10/9/2023,16:45,496
10/9/2023,17:00,488
10/9/2023,17:15,488
10/9/2023,17:30,488
10/9/2023,17:45,496
10/9/2023,18:00,472
10/9/2023,18:15,496
10/9/2023,18:30,480
10/9/2023,18:45,480
10/9/2023,19:00,480
10/9/2023,19:15,496
10/9/2023,19:30,488
10/9/2023,19:45,488
10/9/2023,20:00,464
10/9/2023,20:15,488
10/9/2023,20:30,464
10/9/2023,20:45,480
10/9/2023,21:00,456
10/9/2023,21:15,440
10/9/2023,21:30,472
10/9/2023,21:45,440
10/9/2023,22:00,448
10/9/2023,22:15,464
10/9/2023,22:30,424
10/9/2023,22:45,432
10/9/2023,23:00,448
10/9/2023,23:15,440
10/9/2023,23:30,432
10/9/2023,23:45,456
10/10/2023,0:00,456
10/10/2023,0:15,440
10/10/2023,0:30,408
10/10/2023,0:45,440
10/10/2023,1:00,432
10/10/2023,1:15,424
10/10/2023,1:30,432
10/10/2023,1:45,416
10/10/2023,2:00,432
10/10/2023,2:15,432
10/10/2023,2:30,440
10/10/2023,2:45,416
10/10/2023,3:00,424
10/10/2023,3:15,432
10/10/2023,3:30,424
10/10/2023,3:45,408
10/10/2023,4:00,416
10/10/2023,4:15,416
10/10/2023,4:30,408
10/10/2023,4:45,424
10/10/2023,5:00,384
10/10/2023,5:15,424
10/10/2023,5:30,424
10/10/2023,5:45,464
10/10/2023,6:00,440
10/10/2023,6:15,440
10/10/2023,6:30,456
10/10/2023,6:45,464
10/10/2023,7:00,464
10/10/2023,7:15,464
10/10/2023,7:30,456
10/10/2023,7:45,472
10/10/2023,8:00,504
10/10/2023,8:15,512
10/10/2023,8:30,504
10/10/2023,8:45,520
10/10/2023,9:00,544
10/10/2023,9:15,536
10/10/2023,9:30,544
10/10/2023,9:45,544
10/10/2023,10:00,584
10/10/2023,10:15,608
10/10/2023,10:30,592
10/10/2023,10:45,616
10/10/2023,11:00,608
10/10/2023,11:15,632
10/10/2023,11:30,608
10/10/2023,11:45,616
10/10/2023,12:00,624
10/10/2023,12:15,640
10/10/2023,12:30,632
10/10/2023,12:45,640
10/10/2023,13:00,648
10/10/2023,13:15,632
10/10/2023,13:30,648
10/10/2023,13:45,648
10/10/2023,14:00,680
10/10/2023,14:15,648
10/10/2023,14:30,656
10/10/2023,14:45,664
10/10/2023,15:00,664
10/10/2023,15:15,656
10/10/2023,15:30,608
10/10/2023,15:45,584
10/10/2023,16:00,600
10/10/2023,16:15,592
10/10/2023,16:30,584
10/10/2023,16:45,600
10/10/2023,17:00,568
10/10/2023,17:15,568
10/10/2023,17:30,528
10/10/2023,17:45,536
10/10/2023,18:00,520
10/10/2023,18:15,504
10/10/2023,18:30,488
10/10/2023,18:45,496
10/10/2023,19:00,512
10/10/2023,19:15,496
10/10/2023,19:30,472
10/10/2023,19:45,464
10/10/2023,20:00,480
10/10/2023,20:15,472
10/10/2023,20:30,448
10/10/2023,20:45,432
10/10/2023,21:00,440
10/10/2023,21:15,424
10/10/2023,21:30,432
10/10/2023,21:45,416
10/10/2023,22:00,424
10/10/2023,22:15,424
10/10/2023,22:30,408
10/10/2023,22:45,416
10/10/2023,23:00,392
10/10/2023,23:15,392
10/10/2023,23:30,376
10/10/2023,23:45,368
10/11/2023,0:00,360
10/11/2023,0:15,360
10/11/2023,0:30,360
10/11/2023,0:45,360
10/11/2023,1:00,360
10/11/2023,1:15,360
10/11/2023,1:30,368
10/11/2023,1:45,368
10/11/2023,2:00,360
10/11/2023,2:15,368
10/11/2023,2:30,376
10/11/2023,2:45,384
10/11/2023,3:00,376
10/11/2023,3:15,360
10/11/2023,3:30,360
10/11/2023,3:45,352
10/11/2023,4:00,360
10/11/2023,4:15,360
10/11/2023,4:30,360
10/11/2023,4:45,376
10/11/2023,5:00,360
10/11/2023,5:15,352
10/11/2023,5:30,368
10/11/2023,5:45,368
10/11/2023,6:00,400
10/11/2023,6:15,384
10/11/2023,6:30,392
10/11/2023,6:45,392
10/11/2023,7:00,408
10/11/2023,7:15,424
10/11/2023,7:30,416
10/11/2023,7:45,448
10/11/2023,8:00,440
10/11/2023,8:15,488
10/11/2023,8:30,504
10/11/2023,8:45,528
10/11/2023,9:00,520
10/11/2023,9:15,528
10/11/2023,9:30,544
10/11/2023,9:45,520
10/11/2023,10:00,552
10/11/2023,10:15,544
10/11/2023,10:30,576
10/11/2023,10:45,584
10/11/2023,11:00,616
10/11/2023,11:15,600
10/11/2023,11:30,608
10/11/2023,11:45,640
10/11/2023,12:00,632
10/11/2023,12:15,640
10/11/2023,12:30,640
10/11/2023,12:45,632
10/11/2023,13:00,664
10/11/2023,13:15,632
10/11/2023,13:30,664
10/11/2023,13:45,664
10/11/2023,14:00,648
10/11/2023,14:15,664
10/11/2023,14:30,656
10/11/2023,14:45,656
10/11/2023,15:00,672
10/11/2023,15:15,656
10/11/2023,15:30,632
10/11/2023,15:45,632
10/11/2023,16:00,632
10/11/2023,16:15,616
10/11/2023,16:30,608
10/11/2023,16:45,600
10/11/2023,17:00,584
10/11/2023,17:15,552
10/11/2023,17:30,536
10/11/2023,17:45,520
10/11/2023,18:00,456
10/11/2023,18:15,464
10/11/2023,18:30,456
10/11/2023,18:45,448
10/11/2023,19:00,424
10/11/2023,19:15,424
10/11/2023,19:30,432
10/11/2023,19:45,416
10/11/2023,20:00,424
10/11/2023,20:15,408
10/11/2023,20:30,384
10/11/2023,20:45,392
10/11/2023,21:00,400
10/11/2023,21:15,376
10/11/2023,21:30,392
10/11/2023,21:45,408
10/11/2023,22:00,400
10/11/2023,22:15,392
10/11/2023,22:30,360
10/11/2023,22:45,368
10/11/2023,23:00,368
10/11/2023,23:15,368
10/11/2023,23:30,352
10/11/2023,23:45,360
10/12/2023,0:00,360
10/12/2023,0:15,360
10/12/2023,0:30,368
10/12/2023,0:45,360
10/12/2023,1:00,360
10/12/2023,1:15,352
10/12/2023,1:30,368
10/12/2023,1:45,352
10/12/2023,2:00,344
10/12/2023,2:15,360
10/12/2023,2:30,352
10/12/2023,2:45,352
10/12/2023,3:00,344
10/12/2023,3:15,352
10/12/2023,3:30,344
10/12/2023,3:45,344
10/12/2023,4:00,336
10/12/2023,4:15,336
10/12/2023,4:30,336
10/12/2023,4:45,344
10/12/2023,5:00,336
10/12/2023,5:15,328
10/12/2023,5:30,336
10/12/2023,5:45,352
10/12/2023,6:00,392
10/12/2023,6:15,376
10/12/2023,6:30,392
10/12/2023,6:45,384
10/12/2023,7:00,408
10/12/2023,7:15,400
10/12/2023,7:30,408
10/12/2023,7:45,416
10/12/2023,8:00,416
10/12/2023,8:15,424
10/12/2023,8:30,448
10/12/2023,8:45,456
10/12/2023,9:00,464
10/12/2023,9:15,488
10/12/2023,9:30,528
10/12/2023,9:45,536
10/12/2023,10:00,544
10/12/2023,10:15,544
10/12/2023,10:30,552
10/12/2023,10:45,584
10/12/2023,11:00,600
10/12/2023,11:15,616
10/12/2023,11:30,600
10/12/2023,11:45,608
10/12/2023,12:00,624
10/12/2023,12:15,648
10/12/2023,12:30,640
10/12/2023,12:45,632
10/12/2023,13:00,658.64
10/12/2023,13:15,685.36
10/12/2023,13:30,712
10/12/2023,13:45,688
10/12/2023,14:00,696
10/12/2023,14:15,728
10/12/2023,14:30,704
10/12/2023,14:45,720
10/12/2023,15:00,664
10/12/2023,15:15,680
10/12/2023,15:30,696
10/12/2023,15:45,704
10/12/2023,16:00,672
10/12/2023,16:15,664
10/12/2023,16:30,632
10/12/2023,16:45,640
10/12/2023,17:00,632
10/12/2023,17:15,624
10/12/2023,17:30,568
10/12/2023,17:45,528
10/12/2023,18:00,520
10/12/2023,18:15,520
10/12/2023,18:30,520
10/12/2023,18:45,496
10/12/2023,19:00,472
10/12/2023,19:15,472
10/12/2023,19:30,464
10/12/2023,19:45,424
10/12/2023,20:00,432
10/12/2023,20:15,432
10/12/2023,20:30,328
10/12/2023,20:45,256
10/12/2023,21:00,272
10/12/2023,21:15,328
10/12/2023,21:30,376
10/12/2023,21:45,352
10/12/2023,22:00,352
10/12/2023,22:15,352
10/12/2023,22:30,320
10/12/2023,22:45,344
10/12/2023,23:00,336
10/12/2023,23:15,344
10/12/2023,23:30,344
10/12/2023,23:45,352
10/13/2023,0:00,328
10/13/2023,0:15,344
10/13/2023,0:30,328
10/13/2023,0:45,336
10/13/2023,1:00,320
10/13/2023,1:15,328
10/13/2023,1:30,344
10/13/2023,1:45,320
10/13/2023,2:00,352
10/13/2023,2:15,336
10/13/2023,2:30,336
10/13/2023,2:45,328
10/13/2023,3:00,336
10/13/2023,3:15,320
10/13/2023,3:30,328
10/13/2023,3:45,320
10/13/2023,4:00,344
10/13/2023,4:15,336
10/13/2023,4:30,320
10/13/2023,4:45,328
10/13/2023,5:00,336
10/13/2023,5:15,336
10/13/2023,5:30,320
10/13/2023,5:45,352
10/13/2023,6:00,360
10/13/2023,6:15,352
10/13/2023,6:30,368
10/13/2023,6:45,368
10/13/2023,7:00,376
10/13/2023,7:15,376
10/13/2023,7:30,392
10/13/2023,7:45,408
10/13/2023,8:00,408
10/13/2023,8:15,400
10/13/2023,8:30,424
10/13/2023,8:45,440
10/13/2023,9:00,472
10/13/2023,9:15,480
10/13/2023,9:30,488
10/13/2023,9:45,536
10/13/2023,10:00,568
10/13/2023,10:15,584
10/13/2023,10:30,616
10/13/2023,10:45,616
10/13/2023,11:00,648
10/13/2023,11:15,672
10/13/2023,11:30,680
10/13/2023,11:45,664
10/13/2023,12:00,704
10/13/2023,12:15,672
10/13/2023,12:30,696
10/13/2023,12:45,688
10/13/2023,13:00,672
10/13/2023,13:15,656
10/13/2023,13:30,704
10/13/2023,13:45,696
10/13/2023,14:00,696
10/13/2023,14:15,672
10/13/2023,14:30,696
10/13/2023,14:45,696
10/13/2023,15:00,680
10/13/2023,15:15,640
10/13/2023,15:30,672
10/13/2023,15:45,656
10/13/2023,16:00,632
10/13/2023,16:15,608
10/13/2023,16:30,608
10/13/2023,16:45,616
10/13/2023,17:00,592
10/13/2023,17:15,568
10/13/2023,17:30,536
10/13/2023,17:45,496
10/13/2023,18:00,480
10/13/2023,18:15,488
10/13/2023,18:30,464
10/13/2023,18:45,448
10/13/2023,19:00,464
10/13/2023,19:15,440
10/13/2023,19:30,432
10/13/2023,19:45,408
10/13/2023,20:00,408
10/13/2023,20:15,392
10/13/2023,20:30,400
10/13/2023,20:45,392
10/13/2023,21:00,392
10/13/2023,21:15,384
10/13/2023,21:30,384
10/13/2023,21:45,376
10/13/2023,22:00,352
10/13/2023,22:15,344
10/13/2023,22:30,352
10/13/2023,22:45,352
10/13/2023,23:00,352
10/13/2023,23:15,352
10/13/2023,23:30,344
10/13/2023,23:45,352
10/14/2023,0:00,352
10/14/2023,0:15,344
10/14/2023,0:30,344
10/14/2023,0:45,336
10/14/2023,1:00,344
10/14/2023,1:15,352
10/14/2023,1:30,344
10/14/2023,1:45,360
10/14/2023,2:00,344
10/14/2023,2:15,352
10/14/2023,2:30,360
10/14/2023,2:45,336
10/14/2023,3:00,352
10/14/2023,3:15,344
10/14/2023,3:30,352
10/14/2023,3:45,344
10/14/2023,4:00,352
10/14/2023,4:15,344
10/14/2023,4:30,344
10/14/2023,4:45,352
10/14/2023,5:00,344
10/14/2023,5:15,344
10/14/2023,5:30,344
10/14/2023,5:45,344
10/14/2023,6:00,352
10/14/2023,6:15,344
10/14/2023,6:30,336
10/14/2023,6:45,344
10/14/2023,7:00,352
10/14/2023,7:15,344
10/14/2023,7:30,336
10/14/2023,7:45,344
10/14/2023,8:00,344
10/14/2023,8:15,352
10/14/2023,8:30,328
10/14/2023,8:45,352
10/14/2023,9:00,360
10/14/2023,9:15,344
10/14/2023,9:30,352
10/14/2023,9:45,336
10/14/2023,10:00,344
10/14/2023,10:15,392
10/14/2023,10:30,408
10/14/2023,10:45,424
10/14/2023,11:00,464
10/14/2023,11:15,464
10/14/2023,11:30,488
10/14/2023,11:45,496
10/14/2023,12:00,496
10/14/2023,12:15,528
10/14/2023,12:30,544
10/14/2023,12:45,552
10/14/2023,13:00,584
10/14/2023,13:15,568
10/14/2023,13:30,560
10/14/2023,13:45,592
10/14/2023,14:00,576
10/14/2023,14:15,592
10/14/2023,14:30,592
10/14/2023,14:45,592
10/14/2023,15:00,616
10/14/2023,15:15,608
10/14/2023,15:30,600
10/14/2023,15:45,552
10/14/2023,16:00,552
10/14/2023,16:15,536
10/14/2023,16:30,536
10/14/2023,16:45,536
10/14/2023,17:00,528
10/14/2023,17:15,472
10/14/2023,17:30,488
10/14/2023,17:45,464
10/14/2023,18:00,472
10/14/2023,18:15,464
10/14/2023,18:30,448
10/14/2023,18:45,456
10/14/2023,19:00,456
10/14/2023,19:15,424
10/14/2023,19:30,432
10/14/2023,19:45,440
10/14/2023,20:00,424
10/14/2023,20:15,400
10/14/2023,20:30,400
10/14/2023,20:45,432
10/14/2023,21:00,384
10/14/2023,21:15,400
10/14/2023,21:30,384
10/14/2023,21:45,400
10/14/2023,22:00,400
10/14/2023,22:15,368
10/14/2023,22:30,352
10/14/2023,22:45,352
10/14/2023,23:00,368
10/14/2023,23:15,384
10/14/2023,23:30,400
10/14/2023,23:45,400
10/15/2023,0:00,384
10/15/2023,0:15,384
10/15/2023,0:30,408
10/15/2023,0:45,400
10/15/2023,1:00,384
10/15/2023,1:15,384
10/15/2023,1:30,392
10/15/2023,1:45,392
10/15/2023,2:00,416
10/15/2023,2:15,400
10/15/2023,2:30,384
10/15/2023,2:45,392
10/15/2023,3:00,400
10/15/2023,3:15,376
10/15/2023,3:30,400
10/15/2023,3:45,384
10/15/2023,4:00,376
10/15/2023,4:15,360
10/15/2023,4:30,376
10/15/2023,4:45,368
10/15/2023,5:00,360
10/15/2023,5:15,352
10/15/2023,5:30,352
10/15/2023,5:45,360
10/15/2023,6:00,360
10/15/2023,6:15,352
10/15/2023,6:30,344
10/15/2023,6:45,352
10/15/2023,7:00,360
10/15/2023,7:15,368
10/15/2023,7:30,368
10/15/2023,7:45,352
10/15/2023,8:00,368
10/15/2023,8:15,368
10/15/2023,8:30,368
10/15/2023,8:45,344
10/15/2023,9:00,360
10/15/2023,9:15,384
10/15/2023,9:30,400
10/15/2023,9:45,368
10/15/2023,10:00,416
10/15/2023,10:15,432
10/15/2023,10:30,456
10/15/2023,10:45,472
10/15/2023,11:00,496
10/15/2023,11:15,520
10/15/2023,11:30,520
10/15/2023,11:45,528
10/15/2023,12:00,552
10/15/2023,12:15,552
10/15/2023,12:30,560
10/15/2023,12:45,576
10/15/2023,13:00,592
10/15/2023,13:15,600
10/15/2023,13:30,616
10/15/2023,13:45,624
10/15/2023,14:00,616
10/15/2023,14:15,624
10/15/2023,14:30,616
10/15/2023,14:45,608
10/15/2023,15:00,624
10/15/2023,15:15,632
10/15/2023,15:30,624
10/15/2023,15:45,640
10/15/2023,16:00,640
10/15/2023,16:15,624
10/15/2023,16:30,592
10/15/2023,16:45,584
10/15/2023,17:00,552
10/15/2023,17:15,528
10/15/2023,17:30,528
10/15/2023,17:45,528
10/15/2023,18:00,504
10/15/2023,18:15,512
10/15/2023,18:30,528
10/15/2023,18:45,512
10/15/2023,19:00,504
10/15/2023,19:15,480
10/15/2023,19:30,488
10/15/2023,19:45,456
10/15/2023,20:00,488
10/15/2023,20:15,464
10/15/2023,20:30,456
10/15/2023,20:45,432
10/15/2023,21:00,432
10/15/2023,21:15,440
10/15/2023,21:30,416
10/15/2023,21:45,424
10/15/2023,22:00,432
10/15/2023,22:15,416
10/15/2023,22:30,392
10/15/2023,22:45,384
10/15/2023,23:00,384
10/15/2023,23:15,376
10/15/2023,23:30,368
10/15/2023,23:45,368
10/16/2023,0:00,368
10/16/2023,0:15,360
10/16/2023,0:30,360
10/16/2023,0:45,376
10/16/2023,1:00,384
10/16/2023,1:15,360
10/16/2023,1:30,336
10/16/2023,1:45,360
10/16/2023,2:00,360
10/16/2023,2:15,344
10/16/2023,2:30,336
10/16/2023,2:45,352
10/16/2023,3:00,344
10/16/2023,3:15,352
10/16/2023,3:30,336
10/16/2023,3:45,360
10/16/2023,4:00,344
10/16/2023,4:15,344
10/16/2023,4:30,344
10/16/2023,4:45,336
10/16/2023,5:00,344
10/16/2023,5:15,352
10/16/2023,5:30,336
10/16/2023,5:45,352
10/16/2023,6:00,376
10/16/2023,6:15,384
10/16/2023,6:30,384
10/16/2023,6:45,384
10/16/2023,7:00,376
10/16/2023,7:15,400
10/16/2023,7:30,416
10/16/2023,7:45,416
10/16/2023,8:00,416
10/16/2023,8:15,424
10/16/2023,8:30,440
10/16/2023,8:45,456
10/16/2023,9:00,496
10/16/2023,9:15,504
10/16/2023,9:30,512
10/16/2023,9:45,528
10/16/2023,10:00,568
10/16/2023,10:15,576
10/16/2023,10:30,584
10/16/2023,10:45,576
10/16/2023,11:00,608
10/16/2023,11:15,624
10/16/2023,11:30,616
10/16/2023,11:45,616
10/16/2023,12:00,624
10/16/2023,12:15,648
10/16/2023,12:30,664
10/16/2023,12:45,680
10/16/2023,13:00,680
10/16/2023,13:15,696
10/16/2023,13:30,704
10/16/2023,13:45,712
10/16/2023,14:00,728
10/16/2023,14:15,728
10/16/2023,14:30,720
10/16/2023,14:45,720
10/16/2023,15:00,680
10/16/2023,15:15,640
10/16/2023,15:30,664
10/16/2023,15:45,648
10/16/2023,16:00,616
10/16/2023,16:15,632
10/16/2023,16:30,648
10/16/2023,16:45,640
10/16/2023,17:00,648
10/16/2023,17:15,624
10/16/2023,17:30,600
10/16/2023,17:45,560
10/16/2023,18:00,552
10/16/2023,18:15,528
10/16/2023,18:30,528
10/16/2023,18:45,488
10/16/2023,19:00,488
10/16/2023,19:15,480
10/16/2023,19:30,480
10/16/2023,19:45,472
10/16/2023,20:00,464
10/16/2023,20:15,456
10/16/2023,20:30,440
10/16/2023,20:45,432
10/16/2023,21:00,440
10/16/2023,21:15,408
10/16/2023,21:30,416
10/16/2023,21:45,432
10/16/2023,22:00,416
10/16/2023,22:15,424
10/16/2023,22:30,400
10/16/2023,22:45,400
10/16/2023,23:00,392
10/16/2023,23:15,408
10/16/2023,23:30,408
10/16/2023,23:45,432
10/17/2023,0:00,408
10/17/2023,0:15,392
10/17/2023,0:30,400
10/17/2023,0:45,384
10/17/2023,1:00,400
10/17/2023,1:15,408
10/17/2023,1:30,416
10/17/2023,1:45,408
10/17/2023,2:00,392
10/17/2023,2:15,400
10/17/2023,2:30,392
10/17/2023,2:45,384
10/17/2023,3:00,376
10/17/2023,3:15,376
10/17/2023,3:30,352
10/17/2023,3:45,368
10/17/2023,4:00,384
10/17/2023,4:15,376
10/17/2023,4:30,376
10/17/2023,4:45,384
10/17/2023,5:00,392
10/17/2023,5:15,392
10/17/2023,5:30,400
10/17/2023,5:45,416
10/17/2023,6:00,424
10/17/2023,6:15,440
10/17/2023,6:30,432
10/17/2023,6:45,464
10/17/2023,7:00,456
10/17/2023,7:15,480
10/17/2023,7:30,480
10/17/2023,7:45,488
10/17/2023,8:00,520
10/17/2023,8:15,520
10/17/2023,8:30,536
10/17/2023,8:45,528
10/17/2023,9:00,504
10/17/2023,9:15,520
10/17/2023,9:30,544
10/17/2023,9:45,552
10/17/2023,10:00,552
10/17/2023,10:15,560
10/17/2023,10:30,560
10/17/2023,10:45,568
10/17/2023,11:00,584
10/17/2023,11:15,600
10/17/2023,11:30,608
10/17/2023,11:45,624
10/17/2023,12:00,640
10/17/2023,12:15,648
10/17/2023,12:30,656
10/17/2023,12:45,656
10/17/2023,13:00,664
10/17/2023,13:15,672
10/17/2023,13:30,696
10/17/2023,13:45,704
10/17/2023,14:00,736
10/17/2023,14:15,720
10/17/2023,14:30,696
10/17/2023,14:45,728
10/17/2023,15:00,704
10/17/2023,15:15,720
10/17/2023,15:30,704
10/17/2023,15:45,688
10/17/2023,16:00,712
10/17/2023,16:15,696
10/17/2023,16:30,688
10/17/2023,16:45,672
10/17/2023,17:00,656
10/17/2023,17:15,624
10/17/2023,17:30,608
10/17/2023,17:45,592
10/17/2023,18:00,576
10/17/2023,18:15,600
10/17/2023,18:30,568
10/17/2023,18:45,560
10/17/2023,19:00,528
10/17/2023,19:15,528
10/17/2023,19:30,512
10/17/2023,19:45,520
10/17/2023,20:00,488
10/17/2023,20:15,464
10/17/2023,20:30,472
10/17/2023,20:45,440
10/17/2023,21:00,472
10/17/2023,21:15,432
10/17/2023,21:30,424
10/17/2023,21:45,416
10/17/2023,22:00,432
10/17/2023,22:15,424
10/17/2023,22:30,416
10/17/2023,22:45,392
10/17/2023,23:00,392
10/17/2023,23:15,376
10/17/2023,23:30,384
10/17/2023,23:45,376
10/18/2023,0:00,368
10/18/2023,0:15,376
10/18/2023,0:30,376
10/18/2023,0:45,368
10/18/2023,1:00,360
10/18/2023,1:15,336
10/18/2023,1:30,368
10/18/2023,1:45,360
10/18/2023,2:00,344
10/18/2023,2:15,352
10/18/2023,2:30,376
10/18/2023,2:45,360
10/18/2023,3:00,352
10/18/2023,3:15,360
10/18/2023,3:30,352
10/18/2023,3:45,368
10/18/2023,4:00,352
10/18/2023,4:15,336
10/18/2023,4:30,368
10/18/2023,4:45,352
10/18/2023,5:00,336
10/18/2023,5:15,360
10/18/2023,5:30,360
10/18/2023,5:45,368
10/18/2023,6:00,384
10/18/2023,6:15,400
10/18/2023,6:30,384
10/18/2023,6:45,392
10/18/2023,7:00,408
10/18/2023,7:15,440
10/18/2023,7:30,440
10/18/2023,7:45,440
10/18/2023,8:00,448
10/18/2023,8:15,464
10/18/2023,8:30,480
10/18/2023,8:45,520
10/18/2023,9:00,536
10/18/2023,9:15,568
10/18/2023,9:30,584
10/18/2023,9:45,600
10/18/2023,10:00,600
10/18/2023,10:15,648
10/18/2023,10:30,664
10/18/2023,10:45,656
10/18/2023,11:00,712
10/18/2023,11:15,712
10/18/2023,11:30,720
10/18/2023,11:45,712
10/18/2023,12:00,744
10/18/2023,12:15,752
10/18/2023,12:30,768
10/18/2023,12:45,776
10/18/2023,13:00,784
10/18/2023,13:15,792
10/18/2023,13:30,792
10/18/2023,13:45,808
10/18/2023,14:00,800
10/18/2023,14:15,824
10/18/2023,14:30,824
10/18/2023,14:45,832
10/18/2023,15:00,832
10/18/2023,15:15,808
10/18/2023,15:30,784
10/18/2023,15:45,784
10/18/2023,16:00,792
10/18/2023,16:15,784
10/18/2023,16:30,776
10/18/2023,16:45,768
10/18/2023,17:00,744
10/18/2023,17:15,736
10/18/2023,17:30,696
10/18/2023,17:45,688
10/18/2023,18:00,664
10/18/2023,18:15,632
10/18/2023,18:30,592
10/18/2023,18:45,576
10/18/2023,19:00,560
10/18/2023,19:15,552
10/18/2023,19:30,568
10/18/2023,19:45,536
10/18/2023,20:00,560
10/18/2023,20:15,528
10/18/2023,20:30,512
10/18/2023,20:45,504
10/18/2023,21:00,472
10/18/2023,21:15,456
10/18/2023,21:30,464
10/18/2023,21:45,464
10/18/2023,22:00,472
10/18/2023,22:15,408
10/18/2023,22:30,432
10/18/2023,22:45,448
10/18/2023,23:00,408
10/18/2023,23:15,400
10/18/2023,23:30,440
10/18/2023,23:45,408
10/19/2023,0:00,408
10/19/2023,0:15,408
10/19/2023,0:30,424
10/19/2023,0:45,392
10/19/2023,1:00,392
10/19/2023,1:15,368
10/19/2023,1:30,392
10/19/2023,1:45,368
10/19/2023,2:00,384
10/19/2023,2:15,376
10/19/2023,2:30,392
10/19/2023,2:45,376
10/19/2023,3:00,392
10/19/2023,3:15,368
10/19/2023,3:30,376
10/19/2023,3:45,376
10/19/2023,4:00,384
10/19/2023,4:15,360
10/19/2023,4:30,360
10/19/2023,4:45,376
10/19/2023,5:00,376
10/19/2023,5:15,344
10/19/2023,5:30,336
10/19/2023,5:45,384
10/19/2023,6:00,400
10/19/2023,6:15,392
10/19/2023,6:30,376
10/19/2023,6:45,392
10/19/2023,7:00,416
10/19/2023,7:15,432
10/19/2023,7:30,432
10/19/2023,7:45,440
10/19/2023,8:00,480
10/19/2023,8:15,488
10/19/2023,8:30,512
10/19/2023,8:45,536
10/19/2023,9:00,568
10/19/2023,9:15,592
10/19/2023,9:30,632
10/19/2023,9:45,632
10/19/2023,10:00,648
10/19/2023,10:15,712
10/19/2023,10:30,720
10/19/2023,10:45,744
10/19/2023,11:00,736
10/19/2023,11:15,768
10/19/2023,11:30,800
10/19/2023,11:45,808
10/19/2023,12:00,816
10/19/2023,12:15,816
10/19/2023,12:30,824
10/19/2023,12:45,824
10/19/2023,13:00,832
10/19/2023,13:15,824
10/19/2023,13:30,880
10/19/2023,13:45,880
10/19/2023,14:00,880
10/19/2023,14:15,856
10/19/2023,14:30,880
10/19/2023,14:45,880
10/19/2023,15:00,896
10/19/2023,15:15,920
10/19/2023,15:30,920
10/19/2023,15:45,920
10/19/2023,16:00,880
10/19/2023,16:15,856
10/19/2023,16:30,864
10/19/2023,16:45,840
10/19/2023,17:00,824
10/19/2023,17:15,808
10/19/2023,17:30,768
10/19/2023,17:45,744
10/19/2023,18:00,712
10/19/2023,18:15,680
10/19/2023,18:30,664
10/19/2023,18:45,648
10/19/2023,19:00,600
10/19/2023,19:15,584
10/19/2023,19:30,560
10/19/2023,19:45,560
10/19/2023,20:00,584
10/19/2023,20:15,552
10/19/2023,20:30,560
10/19/2023,20:45,544
10/19/2023,21:00,520
10/19/2023,21:15,536
10/19/2023,21:30,520
10/19/2023,21:45,504
10/19/2023,22:00,488
10/19/2023,22:15,480
10/19/2023,22:30,464
10/19/2023,22:45,448
10/19/2023,23:00,440
10/19/2023,23:15,424
10/19/2023,23:30,456
10/19/2023,23:45,440
10/20/2023,0:00,448
10/20/2023,0:15,432
10/20/2023,0:30,416
10/20/2023,0:45,432
10/20/2023,1:00,416
10/20/2023,1:15,408
10/20/2023,1:30,384
10/20/2023,1:45,408
10/20/2023,2:00,384
10/20/2023,2:15,384
10/20/2023,2:30,384
10/20/2023,2:45,368
10/20/2023,3:00,360
10/20/2023,3:15,352
10/20/2023,3:30,352
10/20/2023,3:45,352
10/20/2023,4:00,360
10/20/2023,4:15,360
10/20/2023,4:30,352
10/20/2023,4:45,360
10/20/2023,5:00,368
10/20/2023,5:15,352
10/20/2023,5:30,360
10/20/2023,5:45,368
10/20/2023,6:00,384
10/20/2023,6:15,392
10/20/2023,6:30,400
10/20/2023,6:45,392
10/20/2023,7:00,400
10/20/2023,7:15,432
10/20/2023,7:30,424
10/20/2023,7:45,424
10/20/2023,8:00,440
10/20/2023,8:15,432
10/20/2023,8:30,456
10/20/2023,8:45,472
10/20/2023,9:00,472
10/20/2023,9:15,488
10/20/2023,9:30,520
10/20/2023,9:45,504
10/20/2023,10:00,520
10/20/2023,10:15,552
10/20/2023,10:30,536
10/20/2023,10:45,592
10/20/2023,11:00,568
10/20/2023,11:15,592
10/20/2023,11:30,624
10/20/2023,11:45,640
10/20/2023,12:00,624
10/20/2023,12:15,656
10/20/2023,12:30,656
10/20/2023,12:45,688
10/20/2023,13:00,720
10/20/2023,13:15,712
10/20/2023,13:30,704
10/20/2023,13:45,712
10/20/2023,14:00,736
10/20/2023,14:15,768
10/20/2023,14:30,752
10/20/2023,14:45,704
10/20/2023,15:00,728
10/20/2023,15:15,720
10/20/2023,15:30,728
10/20/2023,15:45,688
10/20/2023,16:00,656
10/20/2023,16:15,672
10/20/2023,16:30,664
10/20/2023,16:45,656
10/20/2023,17:00,632
10/20/2023,17:15,608
10/20/2023,17:30,592
10/20/2023,17:45,544
10/20/2023,18:00,520
10/20/2023,18:15,488
10/20/2023,18:30,488
10/20/2023,18:45,456
10/20/2023,19:00,440
10/20/2023,19:15,464
10/20/2023,19:30,440
10/20/2023,19:45,448
10/20/2023,20:00,424
10/20/2023,20:15,448
10/20/2023,20:30,440
10/20/2023,20:45,408
10/20/2023,21:00,392
10/20/2023,21:15,400
10/20/2023,21:30,376
10/20/2023,21:45,368
10/20/2023,22:00,352
10/20/2023,22:15,352
10/20/2023,22:30,360
10/20/2023,22:45,368
10/20/2023,23:00,368
10/20/2023,23:15,344
10/20/2023,23:30,368
10/20/2023,23:45,384
10/21/2023,0:00,376
10/21/2023,0:15,376
10/21/2023,0:30,368
10/21/2023,0:45,384
10/21/2023,1:00,384
10/21/2023,1:15,400
10/21/2023,1:30,376
10/21/2023,1:45,368
10/21/2023,2:00,384
10/21/2023,2:15,376
10/21/2023,2:30,384
10/21/2023,2:45,384
10/21/2023,3:00,384
10/21/2023,3:15,360
10/21/2023,3:30,384
10/21/2023,3:45,360
10/21/2023,4:00,360
10/21/2023,4:15,368
10/21/2023,4:30,376
10/21/2023,4:45,376
10/21/2023,5:00,376
10/21/2023,5:15,376
10/21/2023,5:30,384
10/21/2023,5:45,352
10/21/2023,6:00,352
10/21/2023,6:15,344
10/21/2023,6:30,368
10/21/2023,6:45,352
10/21/2023,7:00,344
10/21/2023,7:15,352
10/21/2023,7:30,352
10/21/2023,7:45,352
10/21/2023,8:00,360
10/21/2023,8:15,360
10/21/2023,8:30,384
10/21/2023,8:45,400
10/21/2023,9:00,408
10/21/2023,9:15,408
10/21/2023,9:30,408
10/21/2023,9:45,432
10/21/2023,10:00,464
10/21/2023,10:15,432
10/21/2023,10:30,480
10/21/2023,10:45,472
10/21/2023,11:00,504
10/21/2023,11:15,512
10/21/2023,11:30,488
10/21/2023,11:45,504
10/21/2023,12:00,504
10/21/2023,12:15,508
10/21/2023,12:30,512
10/21/2023,12:45,504
10/21/2023,13:00,520
10/21/2023,13:15,504
10/21/2023,13:30,528
10/21/2023,13:45,536
10/21/2023,14:00,520
10/21/2023,14:15,520
10/21/2023,14:30,544
10/21/2023,14:45,568
10/21/2023,15:00,552
10/21/2023,15:15,536
10/21/2023,15:30,536
10/21/2023,15:45,520
10/21/2023,16:00,512
10/21/2023,16:15,536
10/21/2023,16:30,512
10/21/2023,16:45,512
10/21/2023,17:00,480
10/21/2023,17:15,472
10/21/2023,17:30,496
10/21/2023,17:45,448
10/21/2023,18:00,432
10/21/2023,18:15,424
10/21/2023,18:30,416
10/21/2023,18:45,424
10/21/2023,19:00,400
10/21/2023,19:15,408
10/21/2023,19:30,400
10/21/2023,19:45,408
10/21/2023,20:00,392
10/21/2023,20:15,384
10/21/2023,20:30,384
10/21/2023,20:45,376
10/21/2023,21:00,344
10/21/2023,21:15,360
10/21/2023,21:30,344
10/21/2023,21:45,344
10/21/2023,22:00,368
10/21/2023,22:15,352
10/21/2023,22:30,344
10/21/2023,22:45,344
10/21/2023,23:00,360
10/21/2023,23:15,360
10/21/2023,23:30,352
10/21/2023,23:45,360
10/22/2023,0:00,352
10/22/2023,0:15,360
10/22/2023,0:30,368
10/22/2023,0:45,384
10/22/2023,1:00,368
10/22/2023,1:15,384
10/22/2023,1:30,384
10/22/2023,1:45,376
10/22/2023,2:00,376
10/22/2023,2:15,384
10/22/2023,2:30,384
10/22/2023,2:45,384
10/22/2023,3:00,360
10/22/2023,3:15,376
10/22/2023,3:30,376
10/22/2023,3:45,376
10/22/2023,4:00,376
10/22/2023,4:15,368
10/22/2023,4:30,368
10/22/2023,4:45,368
10/22/2023,5:00,360
10/22/2023,5:15,360
10/22/2023,5:30,360
10/22/2023,5:45,376
10/22/2023,6:00,368
10/22/2023,6:15,392
10/22/2023,6:30,384
10/22/2023,6:45,392
10/22/2023,7:00,392
10/22/2023,7:15,384
10/22/2023,7:30,376
10/22/2023,7:45,368
10/22/2023,8:00,384
10/22/2023,8:15,368
10/22/2023,8:30,384
10/22/2023,8:45,416
10/22/2023,9:00,432
10/22/2023,9:15,400
10/22/2023,9:30,400
10/22/2023,9:45,464
10/22/2023,10:00,472
10/22/2023,10:15,472
10/22/2023,10:30,456
10/22/2023,10:45,488
10/22/2023,11:00,488
10/22/2023,11:15,504
10/22/2023,11:30,496
10/22/2023,11:45,504
10/22/2023,12:00,464
10/22/2023,12:15,480
10/22/2023,12:30,440
10/22/2023,12:45,480
10/22/2023,13:00,464
10/22/2023,13:15,488
10/22/2023,13:30,480
10/22/2023,13:45,504
10/22/2023,14:00,480
10/22/2023,14:15,488
10/22/2023,14:30,496
10/22/2023,14:45,512
10/22/2023,15:00,512
10/22/2023,15:15,504
10/22/2023,15:30,512
10/22/2023,15:45,512
10/22/2023,16:00,536
10/22/2023,16:15,528
10/22/2023,16:30,488
10/22/2023,16:45,504
10/22/2023,17:00,480
10/22/2023,17:15,456
10/22/2023,17:30,448
10/22/2023,17:45,432
10/22/2023,18:00,448
10/22/2023,18:15,448
10/22/2023,18:30,440
10/22/2023,18:45,400
10/22/2023,19:00,400
10/22/2023,19:15,400
10/22/2023,19:30,408
10/22/2023,19:45,408
10/22/2023,20:00,384
10/22/2023,20:15,384
10/22/2023,20:30,392
10/22/2023,20:45,408
10/22/2023,21:00,416
10/22/2023,21:15,400
10/22/2023,21:30,392
10/22/2023,21:45,392
10/22/2023,22:00,400
10/22/2023,22:15,384
10/22/2023,22:30,392
10/22/2023,22:45,368
10/22/2023,23:00,408
10/22/2023,23:15,368
10/22/2023,23:30,416
10/22/2023,23:45,384
10/23/2023,0:00,408
10/23/2023,0:15,392
10/23/2023,0:30,408
10/23/2023,0:45,384
10/23/2023,1:00,416
10/23/2023,1:15,416
10/23/2023,1:30,408
10/23/2023,1:45,392
10/23/2023,2:00,392
10/23/2023,2:15,392
10/23/2023,2:30,368
10/23/2023,2:45,384
10/23/2023,3:00,368
10/23/2023,3:15,376
10/23/2023,3:30,368
10/23/2023,3:45,376
10/23/2023,4:00,352
10/23/2023,4:15,384
10/23/2023,4:30,368
10/23/2023,4:45,368
10/23/2023,5:00,384
10/23/2023,5:15,384
10/23/2023,5:30,392
10/23/2023,5:45,400
10/23/2023,6:00,440
10/23/2023,6:15,416
10/23/2023,6:30,440
10/23/2023,6:45,448
10/23/2023,7:00,472
10/23/2023,7:15,472
10/23/2023,7:30,488
10/23/2023,7:45,488
10/23/2023,8:00,512
10/23/2023,8:15,504
10/23/2023,8:30,520
10/23/2023,8:45,544
10/23/2023,9:00,520
10/23/2023,9:15,544
10/23/2023,9:30,536
10/23/2023,9:45,544
10/23/2023,10:00,568
10/23/2023,10:15,536
10/23/2023,10:30,544
10/23/2023,10:45,560
10/23/2023,11:00,616
10/23/2023,11:15,592
10/23/2023,11:30,592
10/23/2023,11:45,608
10/23/2023,12:00,592
10/23/2023,12:15,592
10/23/2023,12:30,624
10/23/2023,12:45,592
10/23/2023,13:00,616
10/23/2023,13:15,616
10/23/2023,13:30,624
10/23/2023,13:45,640
10/23/2023,14:00,648
10/23/2023,14:15,640
10/23/2023,14:30,624
10/23/2023,14:45,632
10/23/2023,15:00,648
10/23/2023,15:15,672
10/23/2023,15:30,640
10/23/2023,15:45,632
10/23/2023,16:00,648
10/23/2023,16:15,640
10/23/2023,16:30,624
10/23/2023,16:45,648
10/23/2023,17:00,600
10/23/2023,17:15,600
10/23/2023,17:30,544
10/23/2023,17:45,520
10/23/2023,18:00,488
10/23/2023,18:15,456
10/23/2023,18:30,440
10/23/2023,18:45,424
10/23/2023,19:00,424
10/23/2023,19:15,424
10/23/2023,19:30,408
10/23/2023,19:45,400
10/23/2023,20:00,408
10/23/2023,20:15,432
10/23/2023,20:30,392
10/23/2023,20:45,384
10/23/2023,21:00,384
10/23/2023,21:15,368
10/23/2023,21:30,376
10/23/2023,21:45,384
10/23/2023,22:00,360
10/23/2023,22:15,368
10/23/2023,22:30,360
10/23/2023,22:45,368
10/23/2023,23:00,352
10/23/2023,23:15,360
10/23/2023,23:30,352
10/23/2023,23:45,368
10/24/2023,0:00,352
10/24/2023,0:15,352
10/24/2023,0:30,360
10/24/2023,0:45,352
10/24/2023,1:00,360
10/24/2023,1:15,344
10/24/2023,1:30,352
10/24/2023,1:45,360
10/24/2023,2:00,360
10/24/2023,2:15,352
10/24/2023,2:30,344
10/24/2023,2:45,360
10/24/2023,3:00,360
10/24/2023,3:15,352
10/24/2023,3:30,352
10/24/2023,3:45,352
10/24/2023,4:00,344
10/24/2023,4:15,352
10/24/2023,4:30,352
10/24/2023,4:45,352
10/24/2023,5:00,352
10/24/2023,5:15,360
10/24/2023,5:30,352
10/24/2023,5:45,384
10/24/2023,6:00,392
10/24/2023,6:15,400
10/24/2023,6:30,400
10/24/2023,6:45,392
10/24/2023,7:00,424
10/24/2023,7:15,424
10/24/2023,7:30,448
10/24/2023,7:45,448
10/24/2023,8:00,456
10/24/2023,8:15,456
10/24/2023,8:30,472
10/24/2023,8:45,488
10/24/2023,9:00,480
10/24/2023,9:15,480
10/24/2023,9:30,480
10/24/2023,9:45,480
10/24/2023,10:00,512
10/24/2023,10:15,496
10/24/2023,10:30,488
10/24/2023,10:45,528
10/24/2023,11:00,528
10/24/2023,11:15,552
10/24/2023,11:30,568
10/24/2023,11:45,568
10/24/2023,12:00,600
10/24/2023,12:15,608
10/24/2023,12:30,608
10/24/2023,12:45,592
10/24/2023,13:00,632
10/24/2023,13:15,624
10/24/2023,13:30,640
10/24/2023,13:45,640
10/24/2023,14:00,648
10/24/2023,14:15,664
10/24/2023,14:30,656
10/24/2023,14:45,696
10/24/2023,15:00,656
10/24/2023,15:15,680
10/24/2023,15:30,696
10/24/2023,15:45,680
10/24/2023,16:00,688
10/24/2023,16:15,672
10/24/2023,16:30,672
10/24/2023,16:45,632
10/24/2023,17:00,632
10/24/2023,17:15,616
10/24/2023,17:30,568
10/24/2023,17:45,536
10/24/2023,18:00,512
10/24/2023,18:15,496
10/24/2023,18:30,496
10/24/2023,18:45,440
10/24/2023,19:00,416
10/24/2023,19:15,440
10/24/2023,19:30,416
10/24/2023,19:45,400
10/24/2023,20:00,368
10/24/2023,20:15,368
10/24/2023,20:30,368
10/24/2023,20:45,368
10/24/2023,21:00,360
10/24/2023,21:15,360
10/24/2023,21:30,360
10/24/2023,21:45,360
10/24/2023,22:00,368
10/24/2023,22:15,344
10/24/2023,22:30,352
10/24/2023,22:45,360
10/24/2023,23:00,336
10/24/2023,23:15,352
10/24/2023,23:30,336
10/24/2023,23:45,336
10/25/2023,0:00,360
10/25/2023,0:15,344
10/25/2023,0:30,344
10/25/2023,0:45,328
10/25/2023,1:00,336
10/25/2023,1:15,336
10/25/2023,1:30,328
10/25/2023,1:45,328
10/25/2023,2:00,320
10/25/2023,2:15,336
10/25/2023,2:30,336
10/25/2023,2:45,320
10/25/2023,3:00,336
10/25/2023,3:15,336
10/25/2023,3:30,328
10/25/2023,3:45,336
10/25/2023,4:00,328
10/25/2023,4:15,328
10/25/2023,4:30,336
10/25/2023,4:45,328
10/25/2023,5:00,336
10/25/2023,5:15,336
10/25/2023,5:30,320
10/25/2023,5:45,352
10/25/2023,6:00,368
10/25/2023,6:15,368
10/25/2023,6:30,352
10/25/2023,6:45,376
10/25/2023,7:00,392
10/25/2023,7:15,408
10/25/2023,7:30,416
10/25/2023,7:45,424
10/25/2023,8:00,432
10/25/2023,8:15,432
10/25/2023,8:30,448
10/25/2023,8:45,456
10/25/2023,9:00,440
10/25/2023,9:15,448
10/25/2023,9:30,456
10/25/2023,9:45,488
10/25/2023,10:00,472
10/25/2023,10:15,480
10/25/2023,10:30,472
10/25/2023,10:45,496
10/25/2023,11:00,504
10/25/2023,11:15,528
10/25/2023,11:30,528
10/25/2023,11:45,568
10/25/2023,12:00,568
10/25/2023,12:15,576
10/25/2023,12:30,576
10/25/2023,12:45,616
10/25/2023,13:00,592
10/25/2023,13:15,600
10/25/2023,13:30,592
10/25/2023,13:45,608
10/25/2023,14:00,640
10/25/2023,14:15,608
10/25/2023,14:30,576
10/25/2023,14:45,576
10/25/2023,15:00,600
10/25/2023,15:15,592
10/25/2023,15:30,568
10/25/2023,15:45,560
10/25/2023,16:00,552
10/25/2023,16:15,552
10/25/2023,16:30,528
10/25/2023,16:45,528
10/25/2023,17:00,504
10/25/2023,17:15,488
10/25/2023,17:30,472
10/25/2023,17:45,464
10/25/2023,18:00,456
10/25/2023,18:15,432
10/25/2023,18:30,440
10/25/2023,18:45,440
10/25/2023,19:00,440
10/25/2023,19:15,424
10/25/2023,19:30,448
10/25/2023,19:45,432
10/25/2023,20:00,416
10/25/2023,20:15,424
10/25/2023,20:30,408
10/25/2023,20:45,408
10/25/2023,21:00,416
10/25/2023,21:15,408
10/25/2023,21:30,400
10/25/2023,21:45,408
10/25/2023,22:00,408
10/25/2023,22:15,408
10/25/2023,22:30,416
10/25/2023,22:45,376
10/25/2023,23:00,392
10/25/2023,23:15,368
10/25/2023,23:30,400
10/25/2023,23:45,384
10/26/2023,0:00,360
10/26/2023,0:15,392
10/26/2023,0:30,400
10/26/2023,0:45,368
10/26/2023,1:00,384
10/26/2023,1:15,376
10/26/2023,1:30,392
10/26/2023,1:45,384
10/26/2023,2:00,392
10/26/2023,2:15,368
10/26/2023,2:30,392
10/26/2023,2:45,384
10/26/2023,3:00,392
10/26/2023,3:15,376
10/26/2023,3:30,384
10/26/2023,3:45,376
10/26/2023,4:00,376
10/26/2023,4:15,384
10/26/2023,4:30,384
10/26/2023,4:45,376
10/26/2023,5:00,376
10/26/2023,5:15,368
10/26/2023,5:30,376
10/26/2023,5:45,384
10/26/2023,6:00,392
10/26/2023,6:15,392
10/26/2023,6:30,408
10/26/2023,6:45,400
10/26/2023,7:00,424
10/26/2023,7:15,424
10/26/2023,7:30,440
10/26/2023,7:45,448
10/26/2023,8:00,464
10/26/2023,8:15,464
10/26/2023,8:30,464
10/26/2023,8:45,480
10/26/2023,9:00,488
10/26/2023,9:15,472
10/26/2023,9:30,480
10/26/2023,9:45,480
10/26/2023,10:00,488
10/26/2023,10:15,496
10/26/2023,10:30,512
10/26/2023,10:45,504
10/26/2023,11:00,536
10/26/2023,11:15,536
10/26/2023,11:30,520
10/26/2023,11:45,552
10/26/2023,12:00,552
10/26/2023,12:15,544
10/26/2023,12:30,560
10/26/2023,12:45,584
10/26/2023,13:00,600
10/26/2023,13:15,592
10/26/2023,13:30,616
10/26/2023,13:45,600
10/26/2023,14:00,600
10/26/2023,14:15,632
10/26/2023,14:30,632
10/26/2023,14:45,632
10/26/2023,15:00,624
10/26/2023,15:15,632
10/26/2023,15:30,616
10/26/2023,15:45,584
10/26/2023,16:00,584
10/26/2023,16:15,600
10/26/2023,16:30,600
10/26/2023,16:45,552
10/26/2023,17:00,536
10/26/2023,17:15,512
10/26/2023,17:30,504
10/26/2023,17:45,496
10/26/2023,18:00,480
10/26/2023,18:15,432
10/26/2023,18:30,424
10/26/2023,18:45,432
10/26/2023,19:00,408
10/26/2023,19:15,416
10/26/2023,19:30,408
10/26/2023,19:45,424
10/26/2023,20:00,408
10/26/2023,20:15,408
10/26/2023,20:30,400
10/26/2023,20:45,408
10/26/2023,21:00,408
10/26/2023,21:15,400
10/26/2023,21:30,392
10/26/2023,21:45,400
10/26/2023,22:00,392
10/26/2023,22:15,384
10/26/2023,22:30,376
10/26/2023,22:45,384
10/26/2023,23:00,384
10/26/2023,23:15,368
10/26/2023,23:30,376
10/26/2023,23:45,384
10/27/2023,0:00,368
10/27/2023,0:15,368
10/27/2023,0:30,368
10/27/2023,0:45,368
10/27/2023,1:00,376
10/27/2023,1:15,368
10/27/2023,1:30,368
10/27/2023,1:45,376
10/27/2023,2:00,376
10/27/2023,2:15,376
10/27/2023,2:30,368
10/27/2023,2:45,360
10/27/2023,3:00,368
10/27/2023,3:15,368
10/27/2023,3:30,360
10/27/2023,3:45,368
10/27/2023,4:00,368
10/27/2023,4:15,368
10/27/2023,4:30,376
10/27/2023,4:45,360
10/27/2023,5:00,368
10/27/2023,5:15,360
10/27/2023,5:30,368
10/27/2023,5:45,376
10/27/2023,6:00,384
10/27/2023,6:15,408
10/27/2023,6:30,408
10/27/2023,6:45,408
10/27/2023,7:00,416
10/27/2023,7:15,432
10/27/2023,7:30,440
10/27/2023,7:45,456
10/27/2023,8:00,456
10/27/2023,8:15,448
10/27/2023,8:30,448
10/27/2023,8:45,456
10/27/2023,9:00,472
10/27/2023,9:15,456
10/27/2023,9:30,472
10/27/2023,9:45,464
10/27/2023,10:00,464
10/27/2023,10:15,488
10/27/2023,10:30,496
10/27/2023,10:45,504
10/27/2023,11:00,528
10/27/2023,11:15,512
10/27/2023,11:30,504
10/27/2023,11:45,520
10/27/2023,12:00,520
10/27/2023,12:15,520
10/27/2023,12:30,536
10/27/2023,12:45,568
10/27/2023,13:00,568
10/27/2023,13:15,584
10/27/2023,13:30,584
10/27/2023,13:45,592
10/27/2023,14:00,600
10/27/2023,14:15,544
10/27/2023,14:30,568
10/27/2023,14:45,560
10/27/2023,15:00,544
10/27/2023,15:15,568
10/27/2023,15:30,568
10/27/2023,15:45,584
10/27/2023,16:00,560
10/27/2023,16:15,520
10/27/2023,16:30,496
10/27/2023,16:45,512
10/27/2023,17:00,472
10/27/2023,17:15,456
10/27/2023,17:30,456
10/27/2023,17:45,440
10/27/2023,18:00,408
10/27/2023,18:15,400
10/27/2023,18:30,408
10/27/2023,18:45,408
10/27/2023,19:00,416
10/27/2023,19:15,400
10/27/2023,19:30,408
10/27/2023,19:45,400
10/27/2023,20:00,400
10/27/2023,20:15,392
10/27/2023,20:30,392
10/27/2023,20:45,392
10/27/2023,21:00,384
10/27/2023,21:15,376
10/27/2023,21:30,384
10/27/2023,21:45,376
10/27/2023,22:00,368
10/27/2023,22:15,368
10/27/2023,22:30,376
10/27/2023,22:45,376
10/27/2023,23:00,368
10/27/2023,23:15,360
10/27/2023,23:30,368
10/27/2023,23:45,360
10/28/2023,0:00,352
10/28/2023,0:15,352
10/28/2023,0:30,360
10/28/2023,0:45,368
10/28/2023,1:00,368
10/28/2023,1:15,352
10/28/2023,1:30,360
10/28/2023,1:45,360
10/28/2023,2:00,352
10/28/2023,2:15,368
10/28/2023,2:30,352
10/28/2023,2:45,352
10/28/2023,3:00,360
10/28/2023,3:15,352
10/28/2023,3:30,360
10/28/2023,3:45,352
10/28/2023,4:00,344
10/28/2023,4:15,352
10/28/2023,4:30,360
10/28/2023,4:45,344
10/28/2023,5:00,344
10/28/2023,5:15,344
10/28/2023,5:30,344
10/28/2023,5:45,344
10/28/2023,6:00,344
10/28/2023,6:15,336
10/28/2023,6:30,336
10/28/2023,6:45,344
10/28/2023,7:00,344
10/28/2023,7:15,352
10/28/2023,7:30,344
10/28/2023,7:45,344
10/28/2023,8:00,344
10/28/2023,8:15,344
10/28/2023,8:30,344
10/28/2023,8:45,336
10/28/2023,9:00,336
10/28/2023,9:15,328
10/28/2023,9:30,336
10/28/2023,9:45,344
10/28/2023,10:00,352
10/28/2023,10:15,344
10/28/2023,10:30,352
10/28/2023,10:45,352
10/28/2023,11:00,368
10/28/2023,11:15,376
10/28/2023,11:30,392
10/28/2023,11:45,368
10/28/2023,12:00,392
10/28/2023,12:15,416
10/28/2023,12:30,408
10/28/2023,12:45,440
10/28/2023,13:00,488
10/28/2023,13:15,480
10/28/2023,13:30,464
10/28/2023,13:45,480
10/28/2023,14:00,456
10/28/2023,14:15,528
10/28/2023,14:30,488
10/28/2023,14:45,496
10/28/2023,15:00,504
10/28/2023,15:15,480
10/28/2023,15:30,520
10/28/2023,15:45,480
10/28/2023,16:00,496
10/28/2023,16:15,480
10/28/2023,16:30,480
10/28/2023,16:45,496
10/28/2023,17:00,448
10/28/2023,17:15,440
10/28/2023,17:30,432
10/28/2023,17:45,424
10/28/2023,18:00,408
10/28/2023,18:15,400
10/28/2023,18:30,416
10/28/2023,18:45,416
10/28/2023,19:00,400
10/28/2023,19:15,392
10/28/2023,19:30,376
10/28/2023,19:45,368
10/28/2023,20:00,376
10/28/2023,20:15,392
10/28/2023,20:30,376
10/28/2023,20:45,360
10/28/2023,21:00,376
10/28/2023,21:15,376
10/28/2023,21:30,368
10/28/2023,21:45,360
10/28/2023,22:00,360
10/28/2023,22:15,360
10/28/2023,22:30,368
10/28/2023,22:45,360
10/28/2023,23:00,352
10/28/2023,23:15,344
10/28/2023,23:30,352
10/28/2023,23:45,352
10/29/2023,0:00,352
10/29/2023,0:15,360
10/29/2023,0:30,352
10/29/2023,0:45,360
10/29/2023,1:00,352
10/29/2023,1:15,344
10/29/2023,1:30,352
10/29/2023,1:45,352
10/29/2023,2:00,344
10/29/2023,2:15,352
10/29/2023,2:30,336
10/29/2023,2:45,344
10/29/2023,3:00,344
10/29/2023,3:15,344
10/29/2023,3:30,344
10/29/2023,3:45,344
10/29/2023,4:00,344
10/29/2023,4:15,344
10/29/2023,4:30,344
10/29/2023,4:45,336
10/29/2023,5:00,336
10/29/2023,5:15,344
10/29/2023,5:30,336
10/29/2023,5:45,344
10/29/2023,6:00,336
10/29/2023,6:15,336
10/29/2023,6:30,336
10/29/2023,6:45,344
10/29/2023,7:00,344
10/29/2023,7:15,336
10/29/2023,7:30,328
10/29/2023,7:45,344
10/29/2023,8:00,328
10/29/2023,8:15,328
10/29/2023,8:30,312
10/29/2023,8:45,320
10/29/2023,9:00,320
10/29/2023,9:15,336
10/29/2023,9:30,328
10/29/2023,9:45,336
10/29/2023,10:00,336
10/29/2023,10:15,368
10/29/2023,10:30,360
10/29/2023,10:45,376
10/29/2023,11:00,392
10/29/2023,11:15,384
10/29/2023,11:30,416
10/29/2023,11:45,416
10/29/2023,12:00,440
10/29/2023,12:15,440
10/29/2023,12:30,472
10/29/2023,12:45,512
10/29/2023,13:00,512
10/29/2023,13:15,504
10/29/2023,13:30,496
10/29/2023,13:45,504
10/29/2023,14:00,504
10/29/2023,14:15,520
10/29/2023,14:30,520
10/29/2023,14:45,488
10/29/2023,15:00,512
10/29/2023,15:15,520
10/29/2023,15:30,528
10/29/2023,15:45,528
10/29/2023,16:00,512
10/29/2023,16:15,512
10/29/2023,16:30,528
10/29/2023,16:45,504
10/29/2023,17:00,512
10/29/2023,17:15,496
10/29/2023,17:30,472
10/29/2023,17:45,480
10/29/2023,18:00,448
10/29/2023,18:15,416
10/29/2023,18:30,400
10/29/2023,18:45,392
10/29/2023,19:00,400
10/29/2023,19:15,384
10/29/2023,19:30,376
10/29/2023,19:45,384
10/29/2023,20:00,376
10/29/2023,20:15,384
10/29/2023,20:30,384
10/29/2023,20:45,376
10/29/2023,21:00,376
10/29/2023,21:15,376
10/29/2023,21:30,368
10/29/2023,21:45,352
10/29/2023,22:00,360
10/29/2023,22:15,352
10/29/2023,22:30,360
10/29/2023,22:45,352
10/29/2023,23:00,344
10/29/2023,23:15,344
10/29/2023,23:30,344
10/29/2023,23:45,352
10/30/2023,0:00,344
10/30/2023,0:15,344
10/30/2023,0:30,344
10/30/2023,0:45,344
10/30/2023,1:00,352
10/30/2023,1:15,352
10/30/2023,1:30,352
10/30/2023,1:45,336
10/30/2023,2:00,344
10/30/2023,2:15,344
10/30/2023,2:30,344
10/30/2023,2:45,336
10/30/2023,3:00,352
10/30/2023,3:15,344
10/30/2023,3:30,352
10/30/2023,3:45,336
10/30/2023,4:00,344
10/30/2023,4:15,336
10/30/2023,4:30,344
10/30/2023,4:45,344
10/30/2023,5:00,336
10/30/2023,5:15,336
10/30/2023,5:30,336
10/30/2023,5:45,368
10/30/2023,6:00,376
10/30/2023,6:15,368
10/30/2023,6:30,368
10/30/2023,6:45,380
10/30/2023,7:00,392
10/30/2023,7:15,424
10/30/2023,7:30,424
10/30/2023,7:45,424
10/30/2023,8:00,440
10/30/2023,8:15,440
10/30/2023,8:30,440
10/30/2023,8:45,440
10/30/2023,9:00,448
10/30/2023,9:15,456
10/30/2023,9:30,448
10/30/2023,9:45,456
10/30/2023,10:00,472
10/30/2023,10:15,464
10/30/2023,10:30,496
10/30/2023,10:45,488
10/30/2023,11:00,512
10/30/2023,11:15,520
10/30/2023,11:30,520
10/30/2023,11:45,544
10/30/2023,12:00,576
10/30/2023,12:15,592
10/30/2023,12:30,600
10/30/2023,12:45,600
10/30/2023,13:00,608
10/30/2023,13:15,608
10/30/2023,13:30,632
10/30/2023,13:45,624
10/30/2023,14:00,624
10/30/2023,14:15,624
10/30/2023,14:30,640
10/30/2023,14:45,632
10/30/2023,15:00,624
10/30/2023,15:15,608
10/30/2023,15:30,648
10/30/2023,15:45,640
10/30/2023,16:00,632
10/30/2023,16:15,624
10/30/2023,16:30,600
10/30/2023,16:45,576
10/30/2023,17:00,568
10/30/2023,17:15,560
10/30/2023,17:30,528
10/30/2023,17:45,520
10/30/2023,18:00,496
10/30/2023,18:15,504
10/30/2023,18:30,456
10/30/2023,18:45,440
10/30/2023,19:00,432
10/30/2023,19:15,416
10/30/2023,19:30,408
10/30/2023,19:45,400
10/30/2023,20:00,384
10/30/2023,20:15,392
10/30/2023,20:30,400
10/30/2023,20:45,408
10/30/2023,21:00,392
10/30/2023,21:15,376
10/30/2023,21:30,376
10/30/2023,21:45,384
10/30/2023,22:00,376
10/30/2023,22:15,368
10/30/2023,22:30,368
10/30/2023,22:45,360
10/30/2023,23:00,360
10/30/2023,23:15,360
10/30/2023,23:30,360
10/30/2023,23:45,352
10/31/2023,0:00,352
10/31/2023,0:15,352
10/31/2023,0:30,360
10/31/2023,0:45,352
10/31/2023,1:00,344
10/31/2023,1:15,348
10/31/2023,1:30,352
10/31/2023,1:45,344
10/31/2023,2:00,336
10/31/2023,2:15,344
10/31/2023,2:30,344
10/31/2023,2:45,352
10/31/2023,3:00,360
10/31/2023,3:15,344
10/31/2023,3:30,336
10/31/2023,3:45,336
10/31/2023,4:00,344
10/31/2023,4:15,336
10/31/2023,4:30,328
10/31/2023,4:45,344
10/31/2023,5:00,352
10/31/2023,5:15,352
10/31/2023,5:30,344
10/31/2023,5:45,360
10/31/2023,6:00,368
10/31/2023,6:15,376
10/31/2023,6:30,384
10/31/2023,6:45,384
10/31/2023,7:00,392
10/31/2023,7:15,400
10/31/2023,7:30,416
10/31/2023,7:45,432
10/31/2023,8:00,440
10/31/2023,8:15,432
10/31/2023,8:30,424
10/31/2023,8:45,440
10/31/2023,9:00,440
10/31/2023,9:15,448
10/31/2023,9:30,448
10/31/2023,9:45,456
10/31/2023,10:00,464
10/31/2023,10:15,496
10/31/2023,10:30,496
10/31/2023,10:45,504
10/31/2023,11:00,520
10/31/2023,11:15,496
10/31/2023,11:30,536
10/31/2023,11:45,552
10/31/2023,12:00,544
10/31/2023,12:15,568
10/31/2023,12:30,592
10/31/2023,12:45,584
10/31/2023,13:00,584
10/31/2023,13:15,616
10/31/2023,13:30,608
10/31/2023,13:45,600
10/31/2023,14:00,616
10/31/2023,14:15,592
10/31/2023,14:30,576
10/31/2023,14:45,584
10/31/2023,15:00,608
10/31/2023,15:15,632
10/31/2023,15:30,608
10/31/2023,15:45,624
10/31/2023,16:00,592
10/31/2023,16:15,592
10/31/2023,16:30,576
10/31/2023,16:45,568
10/31/2023,17:00,536
10/31/2023,17:15,544
10/31/2023,17:30,488
10/31/2023,17:45,496
10/31/2023,18:00,480
10/31/2023,18:15,440
10/31/2023,18:30,440
10/31/2023,18:45,440
10/31/2023,19:00,440
10/31/2023,19:15,424
10/31/2023,19:30,400
10/31/2023,19:45,392
10/31/2023,20:00,408
10/31/2023,20:15,408
10/31/2023,20:30,392
10/31/2023,20:45,384
10/31/2023,21:00,392
10/31/2023,21:15,384
10/31/2023,21:30,376
10/31/2023,21:45,368
10/31/2023,22:00,376
10/31/2023,22:15,376
10/31/2023,22:30,368
10/31/2023,22:45,376
10/31/2023,23:00,360
10/31/2023,23:15,368
10/31/2023,23:30,360
10/31/2023,23:45,368
11/1/2023,0:00,360
11/1/2023,0:15,352
11/1/2023,0:30,360
11/1/2023,0:45,352
11/1/2023,1:00,352
11/1/2023,1:15,344
11/1/2023,1:30,360
11/1/2023,1:45,352
11/1/2023,2:00,352
11/1/2023,2:15,352
11/1/2023,2:30,344
11/1/2023,2:45,352
11/1/2023,3:00,360
11/1/2023,3:15,352
11/1/2023,3:30,336
11/1/2023,3:45,344
11/1/2023,4:00,344
11/1/2023,4:15,352
11/1/2023,4:30,352
11/1/2023,4:45,344
11/1/2023,5:00,352
11/1/2023,5:15,344
11/1/2023,5:30,344
11/1/2023,5:45,376
11/1/2023,6:00,376
11/1/2023,6:15,368
11/1/2023,6:30,368
11/1/2023,6:45,384
11/1/2023,7:00,392
11/1/2023,7:15,416
11/1/2023,7:30,424
11/1/2023,7:45,432
11/1/2023,8:00,440
11/1/2023,8:15,448
11/1/2023,8:30,448
11/1/2023,8:45,448
11/1/2023,9:00,456
11/1/2023,9:15,448
11/1/2023,9:30,448
11/1/2023,9:45,464
11/1/2023,10:00,480
11/1/2023,10:15,488
11/1/2023,10:30,496
11/1/2023,10:45,536
11/1/2023,11:00,560
11/1/2023,11:15,576
11/1/2023,11:30,608
11/1/2023,11:45,592
11/1/2023,12:00,616
11/1/2023,12:15,616
11/1/2023,12:30,616
11/1/2023,12:45,616
11/1/2023,13:00,608
11/1/2023,13:15,640
11/1/2023,13:30,648
11/1/2023,13:45,648
11/1/2023,14:00,632
11/1/2023,14:15,648
11/1/2023,14:30,672
11/1/2023,14:45,664
11/1/2023,15:00,648
11/1/2023,15:15,640
11/1/2023,15:30,624
11/1/2023,15:45,632
11/1/2023,16:00,616
11/1/2023,16:15,612
11/1/2023,16:30,608
11/1/2023,16:45,576
11/1/2023,17:00,584
11/1/2023,17:15,568
11/1/2023,17:30,528
11/1/2023,17:45,512
11/1/2023,18:00,504
11/1/2023,18:15,496
11/1/2023,18:30,496
11/1/2023,18:45,456
11/1/2023,19:00,448
11/1/2023,19:15,440
11/1/2023,19:30,432
11/1/2023,19:45,432
11/1/2023,20:00,408
11/1/2023,20:15,416
11/1/2023,20:30,400
11/1/2023,20:45,424
11/1/2023,21:00,400
11/1/2023,21:15,392
11/1/2023,21:30,376
11/1/2023,21:45,400
11/1/2023,22:00,384
11/1/2023,22:15,368
11/1/2023,22:30,360
11/1/2023,22:45,352
11/1/2023,23:00,368
11/1/2023,23:15,360
11/1/2023,23:30,368
11/1/2023,23:45,376
11/2/2023,0:00,360
11/2/2023,0:15,376
11/2/2023,0:30,368
11/2/2023,0:45,360
11/2/2023,1:00,360
11/2/2023,1:15,360
11/2/2023,1:30,368
11/2/2023,1:45,360
11/2/2023,2:00,352
11/2/2023,2:15,360
11/2/2023,2:30,368
11/2/2023,2:45,360
11/2/2023,3:00,360
11/2/2023,3:15,352
11/2/2023,3:30,360
11/2/2023,3:45,360
11/2/2023,4:00,360
11/2/2023,4:15,344
11/2/2023,4:30,352
11/2/2023,4:45,352
11/2/2023,5:00,360
11/2/2023,5:15,352
11/2/2023,5:30,344
11/2/2023,5:45,376
11/2/2023,6:00,392
11/2/2023,6:15,384
11/2/2023,6:30,400
11/2/2023,6:45,400
11/2/2023,7:00,408
11/2/2023,7:15,416
11/2/2023,7:30,440
11/2/2023,7:45,440
11/2/2023,8:00,440
11/2/2023,8:15,440
11/2/2023,8:30,464
11/2/2023,8:45,464
11/2/2023,9:00,472
11/2/2023,9:15,488
11/2/2023,9:30,488
11/2/2023,9:45,512
11/2/2023,10:00,544
11/2/2023,10:15,528
11/2/2023,10:30,560
11/2/2023,10:45,568
11/2/2023,11:00,600
11/2/2023,11:15,640
11/2/2023,11:30,616
11/2/2023,11:45,640
11/2/2023,12:00,648
11/2/2023,12:15,640
11/2/2023,12:30,656
11/2/2023,12:45,648
11/2/2023,13:00,680
11/2/2023,13:15,680
11/2/2023,13:30,680
11/2/2023,13:45,696
11/2/2023,14:00,680
11/2/2023,14:15,672
11/2/2023,14:30,688
11/2/2023,14:45,688
11/2/2023,15:00,728
11/2/2023,15:15,704
11/2/2023,15:30,696
11/2/2023,15:45,688
11/2/2023,16:00,680
11/2/2023,16:15,680
11/2/2023,16:30,632
11/2/2023,16:45,584
11/2/2023,17:00,584
11/2/2023,17:15,568
11/2/2023,17:30,520
11/2/2023,17:45,496
11/2/2023,18:00,520
11/2/2023,18:15,480
11/2/2023,18:30,488
11/2/2023,18:45,480
11/2/2023,19:00,472
11/2/2023,19:15,464
11/2/2023,19:30,440
11/2/2023,19:45,456
11/2/2023,20:00,448
11/2/2023,20:15,424
11/2/2023,20:30,424
11/2/2023,20:45,432
11/2/2023,21:00,416
11/2/2023,21:15,416
11/2/2023,21:30,392
11/2/2023,21:45,416
11/2/2023,22:00,416
11/2/2023,22:15,416
11/2/2023,22:30,392
11/2/2023,22:45,392
11/2/2023,23:00,392
11/2/2023,23:15,408
11/2/2023,23:30,392
11/2/2023,23:45,384
11/3/2023,0:00,384
11/3/2023,0:15,384
11/3/2023,0:30,400
11/3/2023,0:45,384
11/3/2023,1:00,384
11/3/2023,1:15,384
11/3/2023,1:30,392
11/3/2023,1:45,400
11/3/2023,2:00,384
11/3/2023,2:15,376
11/3/2023,2:30,384
11/3/2023,2:45,376
11/3/2023,3:00,368
11/3/2023,3:15,376
11/3/2023,3:30,376
11/3/2023,3:45,376
11/3/2023,4:00,384
11/3/2023,4:15,376
11/3/2023,4:30,360
11/3/2023,4:45,368
11/3/2023,5:00,368
11/3/2023,5:15,368
11/3/2023,5:30,360
11/3/2023,5:45,384
11/3/2023,6:00,400
11/3/2023,6:15,408
11/3/2023,6:30,416
11/3/2023,6:45,392
11/3/2023,7:00,408
11/3/2023,7:15,432
11/3/2023,7:30,448
11/3/2023,7:45,440
11/3/2023,8:00,448
11/3/2023,8:15,456
11/3/2023,8:30,448
11/3/2023,8:45,448
11/3/2023,9:00,480
11/3/2023,9:15,464
11/3/2023,9:30,504
11/3/2023,9:45,504
11/3/2023,10:00,536
11/3/2023,10:15,560
11/3/2023,10:30,552
11/3/2023,10:45,608
11/3/2023,11:00,640
11/3/2023,11:15,624
11/3/2023,11:30,640
11/3/2023,11:45,656
11/3/2023,12:00,648
11/3/2023,12:15,688
11/3/2023,12:30,680
11/3/2023,12:45,672
11/3/2023,13:00,664
11/3/2023,13:15,680
11/3/2023,13:30,672
11/3/2023,13:45,696
11/3/2023,14:00,680
11/3/2023,14:15,688
11/3/2023,14:30,656
11/3/2023,14:45,656
11/3/2023,15:00,640
11/3/2023,15:15,656
11/3/2023,15:30,648
11/3/2023,15:45,632
11/3/2023,16:00,640
11/3/2023,16:15,648
11/3/2023,16:30,608
11/3/2023,16:45,600
11/3/2023,17:00,592
11/3/2023,17:15,568
11/3/2023,17:30,564
11/3/2023,17:45,560
11/3/2023,18:00,536
11/3/2023,18:15,512
11/3/2023,18:30,512
11/3/2023,18:45,496
11/3/2023,19:00,488
11/3/2023,19:15,472
11/3/2023,19:30,456
11/3/2023,19:45,440
11/3/2023,20:00,448
11/3/2023,20:15,424
11/3/2023,20:30,424
11/3/2023,20:45,408
11/3/2023,21:00,384
11/3/2023,21:15,432
11/3/2023,21:30,384
11/3/2023,21:45,400
11/3/2023,22:00,408
11/3/2023,22:15,400
11/3/2023,22:30,400
11/3/2023,22:45,384
11/3/2023,23:00,392
11/3/2023,23:15,376
11/3/2023,23:30,416
11/3/2023,23:45,376
11/4/2023,0:00,384
11/4/2023,0:15,384
11/4/2023,0:30,424
11/4/2023,0:45,408
11/4/2023,1:00,384
11/4/2023,1:15,392
11/4/2023,1:30,400
11/4/2023,1:45,392
11/4/2023,2:00,392
11/4/2023,2:15,392
11/4/2023,2:30,400
11/4/2023,2:45,376
11/4/2023,3:00,392
11/4/2023,3:15,400
11/4/2023,3:30,376
11/4/2023,3:45,384
11/4/2023,4:00,392
11/4/2023,4:15,408
11/4/2023,4:30,376
11/4/2023,4:45,384
11/4/2023,5:00,408
11/4/2023,5:15,392
11/4/2023,5:30,384
11/4/2023,5:45,384
11/4/2023,6:00,392
11/4/2023,6:15,392
11/4/2023,6:30,400
11/4/2023,6:45,376
11/4/2023,7:00,392
11/4/2023,7:15,400
11/4/2023,7:30,400
11/4/2023,7:45,400
11/4/2023,8:00,392
11/4/2023,8:15,384
11/4/2023,8:30,392
11/4/2023,8:45,392
11/4/2023,9:00,400
11/4/2023,9:15,424
11/4/2023,9:30,440
11/4/2023,9:45,432
11/4/2023,10:00,472
11/4/2023,10:15,464
11/4/2023,10:30,464
11/4/2023,10:45,528
11/4/2023,11:00,520
11/4/2023,11:15,536
11/4/2023,11:30,552
11/4/2023,11:45,536
11/4/2023,12:00,576
11/4/2023,12:15,568
11/4/2023,12:30,576
11/4/2023,12:45,584
11/4/2023,13:00,584
11/4/2023,13:15,592
11/4/2023,13:30,600
11/4/2023,13:45,592
11/4/2023,14:00,584
11/4/2023,14:15,592
11/4/2023,14:30,576
11/4/2023,14:45,616
11/4/2023,15:00,632
11/4/2023,15:15,640
11/4/2023,15:30,632
11/4/2023,15:45,640
11/4/2023,16:00,624
11/4/2023,16:15,632
11/4/2023,16:30,600
11/4/2023,16:45,592
11/4/2023,17:00,576
11/4/2023,17:15,560
11/4/2023,17:30,504
11/4/2023,17:45,496
11/4/2023,18:00,512
11/4/2023,18:15,488
11/4/2023,18:30,472
11/4/2023,18:45,480
11/4/2023,19:00,472
11/4/2023,19:15,464
11/4/2023,19:30,448
11/4/2023,19:45,440
11/4/2023,20:00,464
11/4/2023,20:15,424
11/4/2023,20:30,416
11/4/2023,20:45,416
11/4/2023,21:00,416
11/4/2023,21:15,400
11/4/2023,21:30,408
11/4/2023,21:45,400
11/4/2023,22:00,416
11/4/2023,22:15,416
11/4/2023,22:30,416
11/4/2023,22:45,400
11/4/2023,23:00,416
11/4/2023,23:15,416
11/4/2023,23:30,384
11/4/2023,23:45,384
11/5/2023,0:00,400
11/5/2023,0:15,392
11/5/2023,0:30,400
11/5/2023,0:45,384
11/5/2023,1:00,784
11/5/2023,1:15,784
11/5/2023,1:30,808
11/5/2023,1:45,808
11/5/2023,2:00,384
11/5/2023,2:15,392
11/5/2023,2:30,392
11/5/2023,2:45,408
11/5/2023,3:00,408
11/5/2023,3:15,408
11/5/2023,3:30,400
11/5/2023,3:45,400
11/5/2023,4:00,400
11/5/2023,4:15,408
11/5/2023,4:30,384
11/5/2023,4:45,384
11/5/2023,5:00,400
11/5/2023,5:15,392
11/5/2023,5:30,400
11/5/2023,5:45,416
11/5/2023,6:00,392
11/5/2023,6:15,408
11/5/2023,6:30,384
11/5/2023,6:45,400
11/5/2023,7:00,376
11/5/2023,7:15,400
11/5/2023,7:30,384
11/5/2023,7:45,416
11/5/2023,8:00,416
11/5/2023,8:15,416
11/5/2023,8:30,424
11/5/2023,8:45,440
11/5/2023,9:00,456
11/5/2023,9:15,472
11/5/2023,9:30,464
11/5/2023,9:45,512
11/5/2023,10:00,536
11/5/2023,10:15,512
11/5/2023,10:30,520
11/5/2023,10:45,496
11/5/2023,11:00,504
11/5/2023,11:15,520
11/5/2023,11:30,536
11/5/2023,11:45,528
11/5/2023,12:00,552
11/5/2023,12:15,560
11/5/2023,12:30,544
11/5/2023,12:45,568
11/5/2023,13:00,552
11/5/2023,13:15,544
11/5/2023,13:30,560
11/5/2023,13:45,560
11/5/2023,14:00,536
11/5/2023,14:15,568
11/5/2023,14:30,568
11/5/2023,14:45,568
11/5/2023,15:00,552
11/5/2023,15:15,520
11/5/2023,15:30,536
11/5/2023,15:45,504
11/5/2023,16:00,528
11/5/2023,16:15,536
11/5/2023,16:30,504
11/5/2023,16:45,480
11/5/2023,17:00,520
11/5/2023,17:15,496
11/5/2023,17:30,520
11/5/2023,17:45,512
11/5/2023,18:00,488
11/5/2023,18:15,504
11/5/2023,18:30,504
11/5/2023,18:45,512
11/5/2023,19:00,496
11/5/2023,19:15,480
11/5/2023,19:30,464
11/5/2023,19:45,496
11/5/2023,20:00,456
11/5/2023,20:15,448
11/5/2023,20:30,472
11/5/2023,20:45,472
11/5/2023,21:00,440
11/5/2023,21:15,456
11/5/2023,21:30,440
11/5/2023,21:45,448
11/5/2023,22:00,472
11/5/2023,22:15,440
11/5/2023,22:30,456
11/5/2023,22:45,432
11/5/2023,23:00,456
11/5/2023,23:15,456
11/5/2023,23:30,448
11/5/2023,23:45,424
11/6/2023,0:00,472
11/6/2023,0:15,448
11/6/2023,0:30,440
11/6/2023,0:45,464
11/6/2023,1:00,448
11/6/2023,1:15,456
11/6/2023,1:30,416
11/6/2023,1:45,432
11/6/2023,2:00,448
11/6/2023,2:15,456
11/6/2023,2:30,456
11/6/2023,2:45,448
11/6/2023,3:00,440
11/6/2023,3:15,432
11/6/2023,3:30,440
11/6/2023,3:45,432
11/6/2023,4:00,416
11/6/2023,4:15,432
11/6/2023,4:30,424
11/6/2023,4:45,424
11/6/2023,5:00,424
11/6/2023,5:15,416
11/6/2023,5:30,416
11/6/2023,5:45,432
11/6/2023,6:00,440
11/6/2023,6:15,448
11/6/2023,6:30,440
11/6/2023,6:45,480
11/6/2023,7:00,480
11/6/2023,7:15,496
11/6/2023,7:30,496
11/6/2023,7:45,520
11/6/2023,8:00,520
11/6/2023,8:15,536
11/6/2023,8:30,544
11/6/2023,8:45,536
11/6/2023,9:00,560
11/6/2023,9:15,584
11/6/2023,9:30,568
11/6/2023,9:45,560
11/6/2023,10:00,584
11/6/2023,10:15,592
11/6/2023,10:30,608
11/6/2023,10:45,608
11/6/2023,11:00,616
11/6/2023,11:15,592
11/6/2023,11:30,624
11/6/2023,11:45,624
11/6/2023,12:00,616
11/6/2023,12:15,608
11/6/2023,12:30,640
11/6/2023,12:45,640
11/6/2023,13:00,608
11/6/2023,13:15,608
11/6/2023,13:30,616
11/6/2023,13:45,600
11/6/2023,14:00,584
11/6/2023,14:15,584
11/6/2023,14:30,600
11/6/2023,14:45,592
11/6/2023,15:00,600
11/6/2023,15:15,568
11/6/2023,15:30,568
11/6/2023,15:45,552
11/6/2023,16:00,576
11/6/2023,16:15,512
11/6/2023,16:30,512
11/6/2023,16:45,496
11/6/2023,17:00,488
11/6/2023,17:15,496
11/6/2023,17:30,472
11/6/2023,17:45,464
11/6/2023,18:00,440
11/6/2023,18:15,448
11/6/2023,18:30,456
11/6/2023,18:45,424
11/6/2023,19:00,424
11/6/2023,19:15,432
11/6/2023,19:30,432
11/6/2023,19:45,424
11/6/2023,20:00,408
11/6/2023,20:15,416
11/6/2023,20:30,400
11/6/2023,20:45,416
11/6/2023,21:00,400
11/6/2023,21:15,408
11/6/2023,21:30,408
11/6/2023,21:45,384
11/6/2023,22:00,392
11/6/2023,22:15,392
11/6/2023,22:30,384
11/6/2023,22:45,384
11/6/2023,23:00,400
11/6/2023,23:15,400
11/6/2023,23:30,376
11/6/2023,23:45,392
11/7/2023,0:00,400
11/7/2023,0:15,392
11/7/2023,0:30,376
11/7/2023,0:45,392
11/7/2023,1:00,376
11/7/2023,1:15,384
11/7/2023,1:30,400
11/7/2023,1:45,384
11/7/2023,2:00,376
11/7/2023,2:15,384
11/7/2023,2:30,384
11/7/2023,2:45,384
11/7/2023,3:00,368
11/7/2023,3:15,376
11/7/2023,3:30,384
11/7/2023,3:45,376
11/7/2023,4:00,368
11/7/2023,4:15,384
11/7/2023,4:30,392
11/7/2023,4:45,384
11/7/2023,5:00,384
11/7/2023,5:15,368
11/7/2023,5:30,384
11/7/2023,5:45,408
11/7/2023,6:00,416
11/7/2023,6:15,416
11/7/2023,6:30,408
11/7/2023,6:45,408
11/7/2023,7:00,432
11/7/2023,7:15,448
11/7/2023,7:30,464
11/7/2023,7:45,464
11/7/2023,8:00,480
11/7/2023,8:15,496
11/7/2023,8:30,488
11/7/2023,8:45,496
11/7/2023,9:00,512
11/7/2023,9:15,504
11/7/2023,9:30,528
11/7/2023,9:45,536
11/7/2023,10:00,536
11/7/2023,10:15,544
11/7/2023,10:30,552
11/7/2023,10:45,560
11/7/2023,11:00,560
11/7/2023,11:15,544
11/7/2023,11:30,576
11/7/2023,11:45,608
11/7/2023,12:00,600
11/7/2023,12:15,600
11/7/2023,12:30,608
11/7/2023,12:45,584
11/7/2023,13:00,568
11/7/2023,13:15,592
11/7/2023,13:30,576
11/7/2023,13:45,584
11/7/2023,14:00,584
11/7/2023,14:15,584
11/7/2023,14:30,576
11/7/2023,14:45,568
11/7/2023,15:00,544
11/7/2023,15:15,552
11/7/2023,15:30,552
11/7/2023,15:45,560
11/7/2023,16:00,528
11/7/2023,16:15,512
11/7/2023,16:30,520
11/7/2023,16:45,488
11/7/2023,17:00,488
11/7/2023,17:15,464
11/7/2023,17:30,464
11/7/2023,17:45,448
11/7/2023,18:00,440
11/7/2023,18:15,432
11/7/2023,18:30,424
11/7/2023,18:45,432
11/7/2023,19:00,408
11/7/2023,19:15,416
11/7/2023,19:30,408
11/7/2023,19:45,416
11/7/2023,20:00,424
11/7/2023,20:15,416
11/7/2023,20:30,416
11/7/2023,20:45,408
11/7/2023,21:00,384
11/7/2023,21:15,400
11/7/2023,21:30,408
11/7/2023,21:45,384
11/7/2023,22:00,376
11/7/2023,22:15,384
11/7/2023,22:30,392
11/7/2023,22:45,376
11/7/2023,23:00,376
11/7/2023,23:15,384
11/7/2023,23:30,392
11/7/2023,23:45,376
11/8/2023,0:00,384
11/8/2023,0:15,376
11/8/2023,0:30,392
11/8/2023,0:45,376
11/8/2023,1:00,376
11/8/2023,1:15,360
11/8/2023,1:30,384
11/8/2023,1:45,376
11/8/2023,2:00,384
11/8/2023,2:15,376
11/8/2023,2:30,376
11/8/2023,2:45,376
11/8/2023,3:00,376
11/8/2023,3:15,368
11/8/2023,3:30,368
11/8/2023,3:45,368
11/8/2023,4:00,360
11/8/2023,4:15,376
11/8/2023,4:30,376
11/8/2023,4:45,368
11/8/2023,5:00,368
11/8/2023,5:15,368
11/8/2023,5:30,368
11/8/2023,5:45,400
11/8/2023,6:00,400
11/8/2023,6:15,384
11/8/2023,6:30,400
11/8/2023,6:45,400
11/8/2023,7:00,416
11/8/2023,7:15,440
11/8/2023,7:30,432
11/8/2023,7:45,456
11/8/2023,8:00,480
11/8/2023,8:15,472
11/8/2023,8:30,496
11/8/2023,8:45,480
11/8/2023,9:00,504
11/8/2023,9:15,528
11/8/2023,9:30,512
11/8/2023,9:45,528
11/8/2023,10:00,528
11/8/2023,10:15,520
11/8/2023,10:30,544
11/8/2023,10:45,552
11/8/2023,11:00,560
11/8/2023,11:15,600
11/8/2023,11:30,608
11/8/2023,11:45,616
11/8/2023,12:00,608
11/8/2023,12:15,608
11/8/2023,12:30,592
11/8/2023,12:45,616
11/8/2023,13:00,616
11/8/2023,13:15,632
11/8/2023,13:30,640
11/8/2023,13:45,616
11/8/2023,14:00,624
11/8/2023,14:15,640
11/8/2023,14:30,624
11/8/2023,14:45,632
11/8/2023,15:00,600
11/8/2023,15:15,600
11/8/2023,15:30,600
11/8/2023,15:45,576
11/8/2023,16:00,592
11/8/2023,16:15,544
11/8/2023,16:30,536
11/8/2023,16:45,512
11/8/2023,17:00,504
11/8/2023,17:15,496
11/8/2023,17:30,496
11/8/2023,17:45,464
11/8/2023,18:00,480
11/8/2023,18:15,424
11/8/2023,18:30,424
11/8/2023,18:45,424
11/8/2023,19:00,424
11/8/2023,19:15,424
11/8/2023,19:30,424
11/8/2023,19:45,408
11/8/2023,20:00,432
11/8/2023,20:15,416
11/8/2023,20:30,280
11/8/2023,20:45,256
11/8/2023,21:00,336
11/8/2023,21:15,376
11/8/2023,21:30,368
11/8/2023,21:45,384
11/8/2023,22:00,368
11/8/2023,22:15,368
11/8/2023,22:30,368
11/8/2023,22:45,368
11/8/2023,23:00,368
11/8/2023,23:15,360
11/8/2023,23:30,368
11/8/2023,23:45,352
11/9/2023,0:00,360
11/9/2023,0:15,360
11/9/2023,0:30,360
11/9/2023,0:45,352
11/9/2023,1:00,368
11/9/2023,1:15,352
11/9/2023,1:30,360
11/9/2023,1:45,352
11/9/2023,2:00,360
11/9/2023,2:15,360
11/9/2023,2:30,352
11/9/2023,2:45,352
11/9/2023,3:00,360
11/9/2023,3:15,360
11/9/2023,3:30,352
11/9/2023,3:45,352
11/9/2023,4:00,352
11/9/2023,4:15,368
11/9/2023,4:30,352
11/9/2023,4:45,336
11/9/2023,5:00,344
11/9/2023,5:15,344
11/9/2023,5:30,352
11/9/2023,5:45,352
11/9/2023,6:00,376
11/9/2023,6:15,392
11/9/2023,6:30,384
11/9/2023,6:45,392
11/9/2023,7:00,400
11/9/2023,7:15,416
11/9/2023,7:30,416
11/9/2023,7:45,432
11/9/2023,8:00,448
11/9/2023,8:15,448
11/9/2023,8:30,472
11/9/2023,8:45,464
11/9/2023,9:00,464
11/9/2023,9:15,480
11/9/2023,9:30,504
11/9/2023,9:45,488
11/9/2023,10:00,504
11/9/2023,10:15,512
11/9/2023,10:30,504
11/9/2023,10:45,520
11/9/2023,11:00,520
11/9/2023,11:15,520
11/9/2023,11:30,504
11/9/2023,11:45,512
11/9/2023,12:00,536
11/9/2023,12:15,568
11/9/2023,12:30,568
11/9/2023,12:45,568
11/9/2023,13:00,568
11/9/2023,13:15,584
11/9/2023,13:30,568
11/9/2023,13:45,560
11/9/2023,14:00,592
11/9/2023,14:15,552
11/9/2023,14:30,528
11/9/2023,14:45,528
11/9/2023,15:00,496
11/9/2023,15:15,520
11/9/2023,15:30,496
11/9/2023,15:45,480
11/9/2023,16:00,472
11/9/2023,16:15,472
11/9/2023,16:30,472
11/9/2023,16:45,456
11/9/2023,17:00,456
11/9/2023,17:15,440
11/9/2023,17:30,424
11/9/2023,17:45,432
11/9/2023,18:00,424
11/9/2023,18:15,392
11/9/2023,18:30,400
11/9/2023,18:45,408
11/9/2023,19:00,400
11/9/2023,19:15,384
11/9/2023,19:30,392
11/9/2023,19:45,384
11/9/2023,20:00,376
11/9/2023,20:15,384
11/9/2023,20:30,384
11/9/2023,20:45,376
11/9/2023,21:00,368
11/9/2023,21:15,376
11/9/2023,21:30,368
11/9/2023,21:45,368
11/9/2023,22:00,376
11/9/2023,22:15,360
11/9/2023,22:30,368
11/9/2023,22:45,368
11/9/2023,23:00,352
11/9/2023,23:15,352
11/9/2023,23:30,360
11/9/2023,23:45,376
11/10/2023,0:00,368
11/10/2023,0:15,352
11/10/2023,0:30,360
11/10/2023,0:45,360
11/10/2023,1:00,352
11/10/2023,1:15,344
11/10/2023,1:30,352
11/10/2023,1:45,344
11/10/2023,2:00,352
11/10/2023,2:15,360
11/10/2023,2:30,352
11/10/2023,2:45,352
11/10/2023,3:00,344
11/10/2023,3:15,352
11/10/2023,3:30,344
11/10/2023,3:45,352
11/10/2023,4:00,344
11/10/2023,4:15,336
11/10/2023,4:30,344
11/10/2023,4:45,360
11/10/2023,5:00,352
11/10/2023,5:15,352
11/10/2023,5:30,344
11/10/2023,5:45,352
11/10/2023,6:00,344
11/10/2023,6:15,352
11/10/2023,6:30,352
11/10/2023,6:45,336
11/10/2023,7:00,344
11/10/2023,7:15,344
11/10/2023,7:30,336
11/10/2023,7:45,336
11/10/2023,8:00,352
11/10/2023,8:15,336
11/10/2023,8:30,336
11/10/2023,8:45,336
11/10/2023,9:00,344
11/10/2023,9:15,352
11/10/2023,9:30,368
11/10/2023,9:45,368
11/10/2023,10:00,392
11/10/2023,10:15,384
11/10/2023,10:30,384
11/10/2023,10:45,392
11/10/2023,11:00,400
11/10/2023,11:15,432
11/10/2023,11:30,448
11/10/2023,11:45,440
11/10/2023,12:00,456
11/10/2023,12:15,440
11/10/2023,12:30,472
11/10/2023,12:45,464
11/10/2023,13:00,480
11/10/2023,13:15,480
11/10/2023,13:30,472
11/10/2023,13:45,480
11/10/2023,14:00,472
11/10/2023,14:15,488
11/10/2023,14:30,480
11/10/2023,14:45,480
11/10/2023,15:00,464
11/10/2023,15:15,488
11/10/2023,15:30,456
11/10/2023,15:45,432
11/10/2023,16:00,408
11/10/2023,16:15,432
11/10/2023,16:30,416
11/10/2023,16:45,384
11/10/2023,17:00,384
11/10/2023,17:15,392
11/10/2023,17:30,400
11/10/2023,17:45,384
11/10/2023,18:00,360
11/10/2023,18:15,376
11/10/2023,18:30,368
11/10/2023,18:45,368
11/10/2023,19:00,392
11/10/2023,19:15,352
11/10/2023,19:30,368
11/10/2023,19:45,368
11/10/2023,20:00,368
11/10/2023,20:15,352
11/10/2023,20:30,360
11/10/2023,20:45,360
11/10/2023,21:00,360
11/10/2023,21:15,360
11/10/2023,21:30,352
11/10/2023,21:45,344
11/10/2023,22:00,360
11/10/2023,22:15,360
11/10/2023,22:30,352
11/10/2023,22:45,352
11/10/2023,23:00,352
11/10/2023,23:15,360
11/10/2023,23:30,352
11/10/2023,23:45,360
11/11/2023,0:00,352
11/11/2023,0:15,344
11/11/2023,0:30,360
11/11/2023,0:45,360
11/11/2023,1:00,344
11/11/2023,1:15,352
11/11/2023,1:30,360
11/11/2023,1:45,360
11/11/2023,2:00,352
11/11/2023,2:15,360
11/11/2023,2:30,344
11/11/2023,2:45,344
11/11/2023,3:00,352
11/11/2023,3:15,360
11/11/2023,3:30,352
11/11/2023,3:45,352
11/11/2023,4:00,344
11/11/2023,4:15,344
11/11/2023,4:30,352
11/11/2023,4:45,336
11/11/2023,5:00,328
11/11/2023,5:15,336
11/11/2023,5:30,336
11/11/2023,5:45,344
11/11/2023,6:00,344
11/11/2023,6:15,336
11/11/2023,6:30,336
11/11/2023,6:45,336
11/11/2023,7:00,336
11/11/2023,7:15,336
11/11/2023,7:30,312
11/11/2023,7:45,320
11/11/2023,8:00,328
11/11/2023,8:15,320
11/11/2023,8:30,328
11/11/2023,8:45,328
11/11/2023,9:00,344
11/11/2023,9:15,336
11/11/2023,9:30,360
11/11/2023,9:45,352
11/11/2023,10:00,368
11/11/2023,10:15,360
11/11/2023,10:30,376
11/11/2023,10:45,408
11/11/2023,11:00,440
11/11/2023,11:15,416
11/11/2023,11:30,440
11/11/2023,11:45,456
11/11/2023,12:00,472
11/11/2023,12:15,456
11/11/2023,12:30,480
11/11/2023,12:45,472
11/11/2023,13:00,464
11/11/2023,13:15,488
11/11/2023,13:30,472
11/11/2023,13:45,496
11/11/2023,14:00,480
11/11/2023,14:15,480
11/11/2023,14:30,488
11/11/2023,14:45,488
11/11/2023,15:00,488
11/11/2023,15:15,480
11/11/2023,15:30,480
11/11/2023,15:45,464
11/11/2023,16:00,440
11/11/2023,16:15,432
11/11/2023,16:30,424
11/11/2023,16:45,384
11/11/2023,17:00,400
11/11/2023,17:15,400
11/11/2023,17:30,400
11/11/2023,17:45,392
11/11/2023,18:00,408
11/11/2023,18:15,376
11/11/2023,18:30,352
11/11/2023,18:45,344
11/11/2023,19:00,352
11/11/2023,19:15,344
11/11/2023,19:30,352
11/11/2023,19:45,344
11/11/2023,20:00,344
11/11/2023,20:15,360
11/11/2023,20:30,352
11/11/2023,20:45,336
11/11/2023,21:00,328
11/11/2023,21:15,336
11/11/2023,21:30,336
11/11/2023,21:45,328
11/11/2023,22:00,336
11/11/2023,22:15,336
11/11/2023,22:30,344
11/11/2023,22:45,336
11/11/2023,23:00,336
11/11/2023,23:15,336
11/11/2023,23:30,320
11/11/2023,23:45,328
11/12/2023,0:00,336
11/12/2023,0:15,328
11/12/2023,0:30,336
11/12/2023,0:45,328
11/12/2023,1:00,344
11/12/2023,1:15,336
11/12/2023,1:30,328
11/12/2023,1:45,320
11/12/2023,2:00,328
11/12/2023,2:15,336
11/12/2023,2:30,328
11/12/2023,2:45,336
11/12/2023,3:00,328
11/12/2023,3:15,336
11/12/2023,3:30,328
11/12/2023,3:45,328
11/12/2023,4:00,336
11/12/2023,4:15,320
11/12/2023,4:30,320
11/12/2023,4:45,328
11/12/2023,5:00,336
11/12/2023,5:15,328
11/12/2023,5:30,328
11/12/2023,5:45,328
11/12/2023,6:00,336
11/12/2023,6:15,328
11/12/2023,6:30,320
11/12/2023,6:45,320
11/12/2023,7:00,320
11/12/2023,7:15,328
11/12/2023,7:30,312
11/12/2023,7:45,320
11/12/2023,8:00,304
11/12/2023,8:15,312
11/12/2023,8:30,312
11/12/2023,8:45,320
11/12/2023,9:00,320
11/12/2023,9:15,336
11/12/2023,9:30,368
11/12/2023,9:45,384
11/12/2023,10:00,408
11/12/2023,10:15,408
11/12/2023,10:30,464
11/12/2023,10:45,448
11/12/2023,11:00,456
11/12/2023,11:15,520
11/12/2023,11:30,496
11/12/2023,11:45,520
11/12/2023,12:00,520
11/12/2023,12:15,512
11/12/2023,12:30,512
11/12/2023,12:45,520
11/12/2023,13:00,520
11/12/2023,13:15,504
11/12/2023,13:30,504
11/12/2023,13:45,520
11/12/2023,14:00,512
11/12/2023,14:15,496
11/12/2023,14:30,496
11/12/2023,14:45,488
11/12/2023,15:00,488
11/12/2023,15:15,464
11/12/2023,15:30,448
11/12/2023,15:45,488
11/12/2023,16:00,440
11/12/2023,16:15,456
11/12/2023,16:30,432
11/12/2023,16:45,448
11/12/2023,17:00,432
11/12/2023,17:15,408
11/12/2023,17:30,400
11/12/2023,17:45,392
11/12/2023,18:00,360
11/12/2023,18:15,368
11/12/2023,18:30,360
11/12/2023,18:45,384
11/12/2023,19:00,360
11/12/2023,19:15,344
11/12/2023,19:30,360
11/12/2023,19:45,360
11/12/2023,20:00,344
11/12/2023,20:15,344
11/12/2023,20:30,352
11/12/2023,20:45,344
11/12/2023,21:00,352
11/12/2023,21:15,352
11/12/2023,21:30,344
11/12/2023,21:45,344
11/12/2023,22:00,352
11/12/2023,22:15,344
11/12/2023,22:30,344
11/12/2023,22:45,344
11/12/2023,23:00,344
11/12/2023,23:15,344
11/12/2023,23:30,344
11/12/2023,23:45,344
11/13/2023,0:00,344
11/13/2023,0:15,352
11/13/2023,0:30,344
11/13/2023,0:45,336
11/13/2023,1:00,344
11/13/2023,1:15,336
11/13/2023,1:30,344
11/13/2023,1:45,344
11/13/2023,2:00,336
11/13/2023,2:15,328
11/13/2023,2:30,344
11/13/2023,2:45,336
11/13/2023,3:00,344
11/13/2023,3:15,328
11/13/2023,3:30,344
11/13/2023,3:45,336
11/13/2023,4:00,344
11/13/2023,4:15,336
11/13/2023,4:30,344
11/13/2023,4:45,328
11/13/2023,5:00,336
11/13/2023,5:15,336
11/13/2023,5:30,328
11/13/2023,5:45,344
11/13/2023,6:00,368
11/13/2023,6:15,368
11/13/2023,6:30,376
11/13/2023,6:45,376
11/13/2023,7:00,376
11/13/2023,7:15,400
11/13/2023,7:30,408
11/13/2023,7:45,408
11/13/2023,8:00,416
11/13/2023,8:15,408
11/13/2023,8:30,424
11/13/2023,8:45,432
11/13/2023,9:00,448
11/13/2023,9:15,424
11/13/2023,9:30,440
11/13/2023,9:45,464
11/13/2023,10:00,456
11/13/2023,10:15,472
11/13/2023,10:30,456
11/13/2023,10:45,472
11/13/2023,11:00,488
11/13/2023,11:15,520
11/13/2023,11:30,528
11/13/2023,11:45,520
11/13/2023,12:00,552
11/13/2023,12:15,576
11/13/2023,12:30,592
11/13/2023,12:45,584
11/13/2023,13:00,576
11/13/2023,13:15,592
11/13/2023,13:30,600
11/13/2023,13:45,600
11/13/2023,14:00,576
11/13/2023,14:15,576
11/13/2023,14:30,576
11/13/2023,14:45,568
11/13/2023,15:00,560
11/13/2023,15:15,568
11/13/2023,15:30,544
11/13/2023,15:45,536
11/13/2023,16:00,536
11/13/2023,16:15,512
11/13/2023,16:30,480
11/13/2023,16:45,456
11/13/2023,17:00,448
11/13/2023,17:15,424
11/13/2023,17:30,408
11/13/2023,17:45,408
11/13/2023,18:00,384
11/13/2023,18:15,384
11/13/2023,18:30,384
11/13/2023,18:45,376
11/13/2023,19:00,376
11/13/2023,19:15,376
11/13/2023,19:30,384
11/13/2023,19:45,376
11/13/2023,20:00,368
11/13/2023,20:15,368
11/13/2023,20:30,368
11/13/2023,20:45,368
11/13/2023,21:00,352
11/13/2023,21:15,352
11/13/2023,21:30,360
11/13/2023,21:45,352
11/13/2023,22:00,352
11/13/2023,22:15,336
11/13/2023,22:30,352
11/13/2023,22:45,344
11/13/2023,23:00,344
11/13/2023,23:15,344
11/13/2023,23:30,352
11/13/2023,23:45,344
11/14/2023,0:00,360
11/14/2023,0:15,344
11/14/2023,0:30,352
11/14/2023,0:45,344
11/14/2023,1:00,336
11/14/2023,1:15,344
11/14/2023,1:30,344
11/14/2023,1:45,344
11/14/2023,2:00,344
11/14/2023,2:15,344
11/14/2023,2:30,344
11/14/2023,2:45,352
11/14/2023,3:00,344
11/14/2023,3:15,344
11/14/2023,3:30,344
11/14/2023,3:45,352
11/14/2023,4:00,336
11/14/2023,4:15,328
11/14/2023,4:30,344
11/14/2023,4:45,352
11/14/2023,5:00,352
11/14/2023,5:15,344
11/14/2023,5:30,336
11/14/2023,5:45,360
11/14/2023,6:00,376
11/14/2023,6:15,384
11/14/2023,6:30,368
11/14/2023,6:45,376
11/14/2023,7:00,384
11/14/2023,7:15,408
11/14/2023,7:30,416
11/14/2023,7:45,424
11/14/2023,8:00,432
11/14/2023,8:15,440
11/14/2023,8:30,472
11/14/2023,8:45,496
11/14/2023,9:00,488
11/14/2023,9:15,504
11/14/2023,9:30,512
11/14/2023,9:45,520
11/14/2023,10:00,536
11/14/2023,10:15,560
11/14/2023,10:30,536
11/14/2023,10:45,560
11/14/2023,11:00,584
11/14/2023,11:15,592
11/14/2023,11:30,592
11/14/2023,11:45,576
11/14/2023,12:00,600
11/14/2023,12:15,616
11/14/2023,12:30,584
11/14/2023,12:45,592
11/14/2023,13:00,600
11/14/2023,13:15,592
11/14/2023,13:30,600
11/14/2023,13:45,600
11/14/2023,14:00,592
11/14/2023,14:15,560
11/14/2023,14:30,608
11/14/2023,14:45,576
11/14/2023,15:00,608
11/14/2023,15:15,568
11/14/2023,15:30,568
11/14/2023,15:45,568
11/14/2023,16:00,560
11/14/2023,16:15,552
11/14/2023,16:30,528
11/14/2023,16:45,504
11/14/2023,17:00,488
11/14/2023,17:15,456
11/14/2023,17:30,440
11/14/2023,17:45,416
11/14/2023,18:00,408
11/14/2023,18:15,408
11/14/2023,18:30,400
11/14/2023,18:45,384
11/14/2023,19:00,400
11/14/2023,19:15,384
11/14/2023,19:30,384
11/14/2023,19:45,368
11/14/2023,20:00,384
11/14/2023,20:15,392
11/14/2023,20:30,384
11/14/2023,20:45,368
11/14/2023,21:00,360
11/14/2023,21:15,352
11/14/2023,21:30,360
11/14/2023,21:45,352
11/14/2023,22:00,352
11/14/2023,22:15,368
11/14/2023,22:30,352
11/14/2023,22:45,352
11/14/2023,23:00,352
11/14/2023,23:15,352
11/14/2023,23:30,344
11/14/2023,23:45,344
11/15/2023,0:00,344
11/15/2023,0:15,344
11/15/2023,0:30,352
11/15/2023,0:45,352
11/15/2023,1:00,344
11/15/2023,1:15,352
11/15/2023,1:30,344
11/15/2023,1:45,336
11/15/2023,2:00,344
11/15/2023,2:15,344
11/15/2023,2:30,344
11/15/2023,2:45,344
11/15/2023,3:00,336
11/15/2023,3:15,344
11/15/2023,3:30,344
11/15/2023,3:45,344
11/15/2023,4:00,328
11/15/2023,4:15,336
11/15/2023,4:30,352
11/15/2023,4:45,352
11/15/2023,5:00,344
11/15/2023,5:15,344
11/15/2023,5:30,328
11/15/2023,5:45,360
11/15/2023,6:00,384
11/15/2023,6:15,376
11/15/2023,6:30,384
11/15/2023,6:45,384
11/15/2023,7:00,400
11/15/2023,7:15,408
11/15/2023,7:30,424
11/15/2023,7:45,416
11/15/2023,8:00,424
11/15/2023,8:15,440
11/15/2023,8:30,456
11/15/2023,8:45,456
11/15/2023,9:00,448
11/15/2023,9:15,456
11/15/2023,9:30,472
11/15/2023,9:45,456
11/15/2023,10:00,464
11/15/2023,10:15,464
11/15/2023,10:30,480
11/15/2023,10:45,464
11/15/2023,11:00,464
11/15/2023,11:15,472
11/15/2023,11:30,528
11/15/2023,11:45,576
11/15/2023,12:00,552
11/15/2023,12:15,592
11/15/2023,12:30,584
11/15/2023,12:45,608
11/15/2023,13:00,584
11/15/2023,13:15,616
11/15/2023,13:30,624
11/15/2023,13:45,616
11/15/2023,14:00,608
11/15/2023,14:15,624
11/15/2023,14:30,592
11/15/2023,14:45,576
11/15/2023,15:00,576
11/15/2023,15:15,584
11/15/2023,15:30,560
11/15/2023,15:45,544
11/15/2023,16:00,480
11/15/2023,16:15,488
11/15/2023,16:30,496
11/15/2023,16:45,480
11/15/2023,17:00,480
11/15/2023,17:15,456
11/15/2023,17:30,408
11/15/2023,17:45,416
11/15/2023,18:00,416
11/15/2023,18:15,376
11/15/2023,18:30,384
11/15/2023,18:45,392
11/15/2023,19:00,392
11/15/2023,19:15,392
11/15/2023,19:30,384
11/15/2023,19:45,392
11/15/2023,20:00,392
11/15/2023,20:15,384
11/15/2023,20:30,376
11/15/2023,20:45,376
11/15/2023,21:00,368
11/15/2023,21:15,368
11/15/2023,21:30,360
11/15/2023,21:45,368
11/15/2023,22:00,368
11/15/2023,22:15,376
11/15/2023,22:30,368
11/15/2023,22:45,360
11/15/2023,23:00,368
11/15/2023,23:15,360
11/15/2023,23:30,368
11/15/2023,23:45,352
11/16/2023,0:00,352
11/16/2023,0:15,352
11/16/2023,0:30,368
11/16/2023,0:45,352
11/16/2023,1:00,352
11/16/2023,1:15,352
11/16/2023,1:30,360
11/16/2023,1:45,360
11/16/2023,2:00,360
11/16/2023,2:15,352
11/16/2023,2:30,360
11/16/2023,2:45,360
11/16/2023,3:00,352
11/16/2023,3:15,344
11/16/2023,3:30,344
11/16/2023,3:45,360
11/16/2023,4:00,352
11/16/2023,4:15,360
11/16/2023,4:30,352
11/16/2023,4:45,360
11/16/2023,5:00,360
11/16/2023,5:15,352
11/16/2023,5:30,360
11/16/2023,5:45,360
11/16/2023,6:00,384
11/16/2023,6:15,376
11/16/2023,6:30,392
11/16/2023,6:45,392
11/16/2023,7:00,384
11/16/2023,7:15,400
11/16/2023,7:30,424
11/16/2023,7:45,440
11/16/2023,8:00,448
11/16/2023,8:15,424
11/16/2023,8:30,440
11/16/2023,8:45,464
11/16/2023,9:00,488
11/16/2023,9:15,464
11/16/2023,9:30,488
11/16/2023,9:45,512
11/16/2023,10:00,544
11/16/2023,10:15,568
11/16/2023,10:30,544
11/16/2023,10:45,552
11/16/2023,11:00,600
11/16/2023,11:15,608
11/16/2023,11:30,568
11/16/2023,11:45,560
11/16/2023,12:00,576
11/16/2023,12:15,544
11/16/2023,12:30,544
11/16/2023,12:45,560
11/16/2023,13:00,536
11/16/2023,13:15,584
11/16/2023,13:30,584
11/16/2023,13:45,576
11/16/2023,14:00,576
11/16/2023,14:15,576
11/16/2023,14:30,584
11/16/2023,14:45,544
11/16/2023,15:00,552
11/16/2023,15:15,544
11/16/2023,15:30,520
11/16/2023,15:45,528
11/16/2023,16:00,488
11/16/2023,16:15,536
11/16/2023,16:30,488
11/16/2023,16:45,472
11/16/2023,17:00,472
11/16/2023,17:15,448
11/16/2023,17:30,440
11/16/2023,17:45,432
11/16/2023,18:00,408
11/16/2023,18:15,416
11/16/2023,18:30,416
11/16/2023,18:45,400
11/16/2023,19:00,384
11/16/2023,19:15,376
11/16/2023,19:30,400
11/16/2023,19:45,384
11/16/2023,20:00,392
11/16/2023,20:15,384
11/16/2023,20:30,384
11/16/2023,20:45,368
11/16/2023,21:00,368
11/16/2023,21:15,360
11/16/2023,21:30,352
11/16/2023,21:45,360
11/16/2023,22:00,360
11/16/2023,22:15,344
11/16/2023,22:30,344
11/16/2023,22:45,352
11/16/2023,23:00,352
11/16/2023,23:15,352
11/16/2023,23:30,344
11/16/2023,23:45,344
11/17/2023,0:00,344
11/17/2023,0:15,344
11/17/2023,0:30,344
11/17/2023,0:45,336
11/17/2023,1:00,344
11/17/2023,1:15,360
11/17/2023,1:30,352
11/17/2023,1:45,344
11/17/2023,2:00,336
11/17/2023,2:15,352
11/17/2023,2:30,344
11/17/2023,2:45,352
11/17/2023,3:00,336
11/17/2023,3:15,344
11/17/2023,3:30,344
11/17/2023,3:45,344
11/17/2023,4:00,352
11/17/2023,4:15,336
11/17/2023,4:30,336
11/17/2023,4:45,344
11/17/2023,5:00,352
11/17/2023,5:15,344
11/17/2023,5:30,336
11/17/2023,5:45,360
11/17/2023,6:00,376
11/17/2023,6:15,368
11/17/2023,6:30,368
11/17/2023,6:45,376
11/17/2023,7:00,376
11/17/2023,7:15,384
11/17/2023,7:30,408
11/17/2023,7:45,408
11/17/2023,8:00,416
11/17/2023,8:15,400
11/17/2023,8:30,408
11/17/2023,8:45,448
11/17/2023,9:00,440
11/17/2023,9:15,456
11/17/2023,9:30,456
11/17/2023,9:45,504
11/17/2023,10:00,512
11/17/2023,10:15,544
11/17/2023,10:30,544
11/17/2023,10:45,544
11/17/2023,11:00,552
11/17/2023,11:15,576
11/17/2023,11:30,584
11/17/2023,11:45,552
11/17/2023,12:00,568
11/17/2023,12:15,552
11/17/2023,12:30,560
11/17/2023,12:45,560
11/17/2023,13:00,560
11/17/2023,13:15,560
11/17/2023,13:30,568
11/17/2023,13:45,552
11/17/2023,14:00,512
11/17/2023,14:15,456
11/17/2023,14:30,488
11/17/2023,14:45,464
11/17/2023,15:00,480
11/17/2023,15:15,472
11/17/2023,15:30,464
11/17/2023,15:45,456
11/17/2023,16:00,472
11/17/2023,16:15,448
11/17/2023,16:30,440
11/17/2023,16:45,456
11/17/2023,17:00,448
11/17/2023,17:15,440
11/17/2023,17:30,416
11/17/2023,17:45,424
11/17/2023,18:00,416
11/17/2023,18:15,416
11/17/2023,18:30,408
11/17/2023,18:45,400
11/17/2023,19:00,400
11/17/2023,19:15,400
11/17/2023,19:30,472
11/17/2023,19:45,440
11/17/2023,20:00,448
11/17/2023,20:15,440
11/17/2023,20:30,432
11/17/2023,20:45,432
11/17/2023,21:00,424
11/17/2023,21:15,416
11/17/2023,21:30,416
11/17/2023,21:45,432
11/17/2023,22:00,392
11/17/2023,22:15,400
11/17/2023,22:30,400
11/17/2023,22:45,400
11/17/2023,23:00,408
11/17/2023,23:15,400
11/17/2023,23:30,400
11/17/2023,23:45,424
11/18/2023,0:00,408
11/18/2023,0:15,408
11/18/2023,0:30,400
11/18/2023,0:45,400
11/18/2023,1:00,416
11/18/2023,1:15,400
11/18/2023,1:30,400
11/18/2023,1:45,400
11/18/2023,2:00,416
11/18/2023,2:15,416
11/18/2023,2:30,400
11/18/2023,2:45,408
11/18/2023,3:00,408
11/18/2023,3:15,400
11/18/2023,3:30,392
11/18/2023,3:45,376
11/18/2023,4:00,368
11/18/2023,4:15,384
11/18/2023,4:30,384
11/18/2023,4:45,376
11/18/2023,5:00,384
11/18/2023,5:15,384
11/18/2023,5:30,376
11/18/2023,5:45,384
11/18/2023,6:00,376
11/18/2023,6:15,368
11/18/2023,6:30,376
11/18/2023,6:45,376
11/18/2023,7:00,376
11/18/2023,7:15,376
11/18/2023,7:30,376
11/18/2023,7:45,392
11/18/2023,8:00,392
11/18/2023,8:15,392
11/18/2023,8:30,408
11/18/2023,8:45,400
11/18/2023,9:00,424
11/18/2023,9:15,424
11/18/2023,9:30,440
11/18/2023,9:45,424
11/18/2023,10:00,448
11/18/2023,10:15,488
11/18/2023,10:30,496
11/18/2023,10:45,504
11/18/2023,11:00,440
11/18/2023,11:15,448
11/18/2023,11:30,480
11/18/2023,11:45,440
11/18/2023,12:00,464
11/18/2023,12:15,488
11/18/2023,12:30,456
11/18/2023,12:45,472
11/18/2023,13:00,464
11/18/2023,13:15,472
11/18/2023,13:30,464
11/18/2023,13:45,464
11/18/2023,14:00,456
11/18/2023,14:15,432
11/18/2023,14:30,472
11/18/2023,14:45,464
11/18/2023,15:00,448
11/18/2023,15:15,472
11/18/2023,15:30,440
11/18/2023,15:45,464
11/18/2023,16:00,448
11/18/2023,16:15,448
11/18/2023,16:30,416
11/18/2023,16:45,424
11/18/2023,17:00,416
11/18/2023,17:15,424
11/18/2023,17:30,408
11/18/2023,17:45,400
11/18/2023,18:00,400
11/18/2023,18:15,408
11/18/2023,18:30,400
11/18/2023,18:45,416
11/18/2023,19:00,400
11/18/2023,19:15,416
11/18/2023,19:30,400
11/18/2023,19:45,408
11/18/2023,20:00,400
11/18/2023,20:15,392
11/18/2023,20:30,400
11/18/2023,20:45,440
11/18/2023,21:00,400
11/18/2023,21:15,392
11/18/2023,21:30,392
11/18/2023,21:45,392
11/18/2023,22:00,384
11/18/2023,22:15,376
11/18/2023,22:30,384
11/18/2023,22:45,376
11/18/2023,23:00,384
11/18/2023,23:15,376
11/18/2023,23:30,376
11/18/2023,23:45,376
11/19/2023,0:00,384
11/19/2023,0:15,376
11/19/2023,0:30,376
11/19/2023,0:45,384
11/19/2023,1:00,384
11/19/2023,1:15,376
11/19/2023,1:30,384
11/19/2023,1:45,376
11/19/2023,2:00,368
11/19/2023,2:15,376
11/19/2023,2:30,384
11/19/2023,2:45,368
11/19/2023,3:00,360
11/19/2023,3:15,368
11/19/2023,3:30,376
11/19/2023,3:45,368
11/19/2023,4:00,368
11/19/2023,4:15,360
11/19/2023,4:30,368
11/19/2023,4:45,376
11/19/2023,5:00,368
11/19/2023,5:15,360
11/19/2023,5:30,368
11/19/2023,5:45,368
11/19/2023,6:00,360
11/19/2023,6:15,360
11/19/2023,6:30,360
11/19/2023,6:45,360
11/19/2023,7:00,352
11/19/2023,7:15,352
11/19/2023,7:30,344
11/19/2023,7:45,352
11/19/2023,8:00,344
11/19/2023,8:15,344
11/19/2023,8:30,360
11/19/2023,8:45,344
11/19/2023,9:00,344
11/19/2023,9:15,336
11/19/2023,9:30,352
11/19/2023,9:45,352
11/19/2023,10:00,360
11/19/2023,10:15,360
11/19/2023,10:30,384
11/19/2023,10:45,384
11/19/2023,11:00,392
11/19/2023,11:15,384
11/19/2023,11:30,392
11/19/2023,11:45,392
11/19/2023,12:00,392
11/19/2023,12:15,400
11/19/2023,12:30,416
11/19/2023,12:45,424
11/19/2023,13:00,408
11/19/2023,13:15,440
11/19/2023,13:30,400
11/19/2023,13:45,440
11/19/2023,14:00,424
11/19/2023,14:15,456
11/19/2023,14:30,456
11/19/2023,14:45,424
11/19/2023,15:00,424
11/19/2023,15:15,416
11/19/2023,15:30,416
11/19/2023,15:45,400
11/19/2023,16:00,384
11/19/2023,16:15,376
11/19/2023,16:30,384
11/19/2023,16:45,384
11/19/2023,17:00,384
11/19/2023,17:15,384
11/19/2023,17:30,376
11/19/2023,17:45,392
11/19/2023,18:00,384
11/19/2023,18:15,384
11/19/2023,18:30,384
11/19/2023,18:45,376
11/19/2023,19:00,384
11/19/2023,19:15,384
11/19/2023,19:30,376
11/19/2023,19:45,376
11/19/2023,20:00,384
11/19/2023,20:15,384
11/19/2023,20:30,376
11/19/2023,20:45,376
11/19/2023,21:00,368
11/19/2023,21:15,368
11/19/2023,21:30,376
11/19/2023,21:45,376
11/19/2023,22:00,368
11/19/2023,22:15,376
11/19/2023,22:30,376
11/19/2023,22:45,376
11/19/2023,23:00,376
11/19/2023,23:15,368
11/19/2023,23:30,368
11/19/2023,23:45,360
11/20/2023,0:00,360
11/20/2023,0:15,360
11/20/2023,0:30,360
11/20/2023,0:45,368
11/20/2023,1:00,368
11/20/2023,1:15,368
11/20/2023,1:30,360
11/20/2023,1:45,376
11/20/2023,2:00,360
11/20/2023,2:15,360
11/20/2023,2:30,368
11/20/2023,2:45,352
11/20/2023,3:00,368
11/20/2023,3:15,360
11/20/2023,3:30,360
11/20/2023,3:45,360
11/20/2023,4:00,368
11/20/2023,4:15,368
11/20/2023,4:30,360
11/20/2023,4:45,360
11/20/2023,5:00,360
11/20/2023,5:15,360
11/20/2023,5:30,352
11/20/2023,5:45,368
11/20/2023,6:00,384
11/20/2023,6:15,376
11/20/2023,6:30,400
11/20/2023,6:45,400
11/20/2023,7:00,408
11/20/2023,7:15,416
11/20/2023,7:30,424
11/20/2023,7:45,432
11/20/2023,8:00,456
11/20/2023,8:15,448
11/20/2023,8:30,448
11/20/2023,8:45,456
11/20/2023,9:00,456
11/20/2023,9:15,472
11/20/2023,9:30,496
11/20/2023,9:45,504
11/20/2023,10:00,504
11/20/2023,10:15,504
11/20/2023,10:30,520
11/20/2023,10:45,520
11/20/2023,11:00,536
11/20/2023,11:15,528
11/20/2023,11:30,584
11/20/2023,11:45,560
11/20/2023,12:00,576
11/20/2023,12:15,592
11/20/2023,12:30,592
11/20/2023,12:45,584
11/20/2023,13:00,624
11/20/2023,13:15,592
11/20/2023,13:30,592
11/20/2023,13:45,576
11/20/2023,14:00,632
11/20/2023,14:15,600
11/20/2023,14:30,576
11/20/2023,14:45,584
11/20/2023,15:00,576
11/20/2023,15:15,576
11/20/2023,15:30,552
11/20/2023,15:45,544
11/20/2023,16:00,520
11/20/2023,16:15,520
11/20/2023,16:30,512
11/20/2023,16:45,488
11/20/2023,17:00,456
11/20/2023,17:15,448
11/20/2023,17:30,440
11/20/2023,17:45,432
11/20/2023,18:00,432
11/20/2023,18:15,424
11/20/2023,18:30,424
11/20/2023,18:45,424
11/20/2023,19:00,424
11/20/2023,19:15,408
11/20/2023,19:30,416
11/20/2023,19:45,408
11/20/2023,20:00,392
11/20/2023,20:15,392
11/20/2023,20:30,392
11/20/2023,20:45,384
11/20/2023,21:00,392
11/20/2023,21:15,384
11/20/2023,21:30,376
11/20/2023,21:45,376
11/20/2023,22:00,376
11/20/2023,22:15,368
11/20/2023,22:30,360
11/20/2023,22:45,360
11/20/2023,23:00,352
11/20/2023,23:15,360
11/20/2023,23:30,368
11/20/2023,23:45,352
11/21/2023,0:00,352
11/21/2023,0:15,352
11/21/2023,0:30,352
11/21/2023,0:45,360
11/21/2023,1:00,352
11/21/2023,1:15,344
11/21/2023,1:30,344
11/21/2023,1:45,352
11/21/2023,2:00,360
11/21/2023,2:15,344
11/21/2023,2:30,344
11/21/2023,2:45,352
11/21/2023,3:00,360
11/21/2023,3:15,352
11/21/2023,3:30,344
11/21/2023,3:45,344
11/21/2023,4:00,344
11/21/2023,4:15,352
11/21/2023,4:30,352
11/21/2023,4:45,352
11/21/2023,5:00,352
11/21/2023,5:15,344
11/21/2023,5:30,352
11/21/2023,5:45,368
11/21/2023,6:00,384
11/21/2023,6:15,376
11/21/2023,6:30,384
11/21/2023,6:45,384
11/21/2023,7:00,400
11/21/2023,7:15,416
11/21/2023,7:30,424
11/21/2023,7:45,432
11/21/2023,8:00,432
11/21/2023,8:15,440
11/21/2023,8:30,440
11/21/2023,8:45,464
11/21/2023,9:00,456
11/21/2023,9:15,448
11/21/2023,9:30,456
11/21/2023,9:45,464
11/21/2023,10:00,464
11/21/2023,10:15,488
11/21/2023,10:30,488
11/21/2023,10:45,512
11/21/2023,11:00,520
11/21/2023,11:15,528
11/21/2023,11:30,552
11/21/2023,11:45,576
11/21/2023,12:00,576
11/21/2023,12:15,584
11/21/2023,12:30,608
11/21/2023,12:45,592
11/21/2023,13:00,592
11/21/2023,13:15,584
11/21/2023,13:30,592
11/21/2023,13:45,568
11/21/2023,14:00,568
11/21/2023,14:15,576
11/21/2023,14:30,568
11/21/2023,14:45,576
11/21/2023,15:00,568
11/21/2023,15:15,568
11/21/2023,15:30,520
11/21/2023,15:45,520
11/21/2023,16:00,496
11/21/2023,16:15,472
11/21/2023,16:30,480
11/21/2023,16:45,464
11/21/2023,17:00,448
11/21/2023,17:15,456
11/21/2023,17:30,424
11/21/2023,17:45,416
11/21/2023,18:00,408
11/21/2023,18:15,416
11/21/2023,18:30,408
11/21/2023,18:45,392
11/21/2023,19:00,400
11/21/2023,19:15,408
11/21/2023,19:30,400
11/21/2023,19:45,376
11/21/2023,20:00,384
11/21/2023,20:15,384
11/21/2023,20:30,400
11/21/2023,20:45,392
11/21/2023,21:00,376
11/21/2023,21:15,376
11/21/2023,21:30,376
11/21/2023,21:45,376
11/21/2023,22:00,376
11/21/2023,22:15,360
11/21/2023,22:30,360
11/21/2023,22:45,360
11/21/2023,23:00,368
11/21/2023,23:15,352
11/21/2023,23:30,360
11/21/2023,23:45,352
11/22/2023,0:00,360
11/22/2023,0:15,352
11/22/2023,0:30,360
11/22/2023,0:45,352
11/22/2023,1:00,352
11/22/2023,1:15,352
11/22/2023,1:30,352
11/22/2023,1:45,352
11/22/2023,2:00,344
11/22/2023,2:15,352
11/22/2023,2:30,344
11/22/2023,2:45,352
11/22/2023,3:00,360
11/22/2023,3:15,344
11/22/2023,3:30,344
11/22/2023,3:45,352
11/22/2023,4:00,352
11/22/2023,4:15,352
11/22/2023,4:30,344
11/22/2023,4:45,344
11/22/2023,5:00,352
11/22/2023,5:15,344
11/22/2023,5:30,352
11/22/2023,5:45,368
11/22/2023,6:00,376
11/22/2023,6:15,376
11/22/2023,6:30,400
11/22/2023,6:45,392
11/22/2023,7:00,408
11/22/2023,7:15,416
11/22/2023,7:30,408
11/22/2023,7:45,416
11/22/2023,8:00,432
11/22/2023,8:15,440
11/22/2023,8:30,440
11/22/2023,8:45,448
11/22/2023,9:00,440
11/22/2023,9:15,456
11/22/2023,9:30,448
11/22/2023,9:45,456
11/22/2023,10:00,464
11/22/2023,10:15,496
11/22/2023,10:30,496
11/22/2023,10:45,504
11/22/2023,11:00,512
11/22/2023,11:15,520
11/22/2023,11:30,536
11/22/2023,11:45,528
11/22/2023,12:00,536
11/22/2023,12:15,560
11/22/2023,12:30,560
11/22/2023,12:45,560
11/22/2023,13:00,584
11/22/2023,13:15,568
11/22/2023,13:30,576
11/22/2023,13:45,568
11/22/2023,14:00,568
11/22/2023,14:15,568
11/22/2023,14:30,544
11/22/2023,14:45,552
11/22/2023,15:00,496
11/22/2023,15:15,496
11/22/2023,15:30,504
11/22/2023,15:45,496
11/22/2023,16:00,488
11/22/2023,16:15,456
11/22/2023,16:30,456
11/22/2023,16:45,448
11/22/2023,17:00,440
11/22/2023,17:15,416
11/22/2023,17:30,432
11/22/2023,17:45,432
11/22/2023,18:00,424
11/22/2023,18:15,416
11/22/2023,18:30,400
11/22/2023,18:45,384
11/22/2023,19:00,400
11/22/2023,19:15,392
11/22/2023,19:30,400
11/22/2023,19:45,376
11/22/2023,20:00,376
11/22/2023,20:15,384
11/22/2023,20:30,376
11/22/2023,20:45,368
11/22/2023,21:00,360
11/22/2023,21:15,368
11/22/2023,21:30,368
11/22/2023,21:45,368
11/22/2023,22:00,360
11/22/2023,22:15,368
11/22/2023,22:30,352
11/22/2023,22:45,360
11/22/2023,23:00,360
11/22/2023,23:15,368
11/22/2023,23:30,352
11/22/2023,23:45,352
11/23/2023,0:00,368
11/23/2023,0:15,368
11/23/2023,0:30,352
11/23/2023,0:45,352
11/23/2023,1:00,360
11/23/2023,1:15,368
11/23/2023,1:30,360
11/23/2023,1:45,344
11/23/2023,2:00,352
11/23/2023,2:15,352
11/23/2023,2:30,360
11/23/2023,2:45,360
11/23/2023,3:00,352
11/23/2023,3:15,352
11/23/2023,3:30,352
11/23/2023,3:45,360
11/23/2023,4:00,352
11/23/2023,4:15,336
11/23/2023,4:30,344
11/23/2023,4:45,352
11/23/2023,5:00,344
11/23/2023,5:15,344
11/23/2023,5:30,344
11/23/2023,5:45,336
11/23/2023,6:00,344
11/23/2023,6:15,344
11/23/2023,6:30,336
11/23/2023,6:45,336
11/23/2023,7:00,328
11/23/2023,7:15,344
11/23/2023,7:30,336
11/23/2023,7:45,328
11/23/2023,8:00,328
11/23/2023,8:15,328
11/23/2023,8:30,336
11/23/2023,8:45,336
11/23/2023,9:00,336
11/23/2023,9:15,336
11/23/2023,9:30,336
11/23/2023,9:45,352
11/23/2023,10:00,344
11/23/2023,10:15,360
11/23/2023,10:30,368
11/23/2023,10:45,384
11/23/2023,11:00,376
11/23/2023,11:15,432
11/23/2023,11:30,416
11/23/2023,11:45,448
11/23/2023,12:00,432
11/23/2023,12:15,464
11/23/2023,12:30,480
11/23/2023,12:45,504
11/23/2023,13:00,480
11/23/2023,13:15,488
11/23/2023,13:30,496
11/23/2023,13:45,488
11/23/2023,14:00,504
11/23/2023,14:15,504
11/23/2023,14:30,488
11/23/2023,14:45,496
11/23/2023,15:00,488
11/23/2023,15:15,464
11/23/2023,15:30,472
11/23/2023,15:45,432
11/23/2023,16:00,424
11/23/2023,16:15,424
11/23/2023,16:30,376
11/23/2023,16:45,376
11/23/2023,17:00,368
11/23/2023,17:15,368
11/23/2023,17:30,376
11/23/2023,17:45,360
11/23/2023,18:00,368
11/23/2023,18:15,376
11/23/2023,18:30,384
11/23/2023,18:45,368
11/23/2023,19:00,368
11/23/2023,19:15,368
11/23/2023,19:30,360
11/23/2023,19:45,360
11/23/2023,20:00,352
11/23/2023,20:15,360
11/23/2023,20:30,360
11/23/2023,20:45,360
11/23/2023,21:00,360
11/23/2023,21:15,368
11/23/2023,21:30,352
11/23/2023,21:45,352
11/23/2023,22:00,360
11/23/2023,22:15,352
11/23/2023,22:30,336
11/23/2023,22:45,344
11/23/2023,23:00,352
11/23/2023,23:15,344
11/23/2023,23:30,344
11/23/2023,23:45,344
11/24/2023,0:00,344
11/24/2023,0:15,344
11/24/2023,0:30,344
11/24/2023,0:45,336
11/24/2023,1:00,344
11/24/2023,1:15,328
11/24/2023,1:30,344
11/24/2023,1:45,344
11/24/2023,2:00,336
11/24/2023,2:15,328
11/24/2023,2:30,344
11/24/2023,2:45,344
11/24/2023,3:00,344
11/24/2023,3:15,344
11/24/2023,3:30,336
11/24/2023,3:45,328
11/24/2023,4:00,344
11/24/2023,4:15,344
11/24/2023,4:30,344
11/24/2023,4:45,336
11/24/2023,5:00,320
11/24/2023,5:15,336
11/24/2023,5:30,344
11/24/2023,5:45,336
11/24/2023,6:00,336
11/24/2023,6:15,328
11/24/2023,6:30,336
11/24/2023,6:45,336
11/24/2023,7:00,336
11/24/2023,7:15,336
11/24/2023,7:30,320
11/24/2023,7:45,312
11/24/2023,8:00,312
11/24/2023,8:15,320
11/24/2023,8:30,336
11/24/2023,8:45,328
11/24/2023,9:00,320
11/24/2023,9:15,320
11/24/2023,9:30,328
11/24/2023,9:45,328
11/24/2023,10:00,336
11/24/2023,10:15,328
11/24/2023,10:30,336
11/24/2023,10:45,336
11/24/2023,11:00,352
11/24/2023,11:15,344
11/24/2023,11:30,360
11/24/2023,11:45,344
11/24/2023,12:00,376
11/24/2023,12:15,368
11/24/2023,12:30,376
11/24/2023,12:45,392
11/24/2023,13:00,400
11/24/2023,13:15,424
11/24/2023,13:30,416
11/24/2023,13:45,408
11/24/2023,14:00,400
11/24/2023,14:15,392
11/24/2023,14:30,392
11/24/2023,14:45,384
11/24/2023,15:00,408
11/24/2023,15:15,400
11/24/2023,15:30,376
11/24/2023,15:45,376
11/24/2023,16:00,384
11/24/2023,16:15,360
11/24/2023,16:30,352
11/24/2023,16:45,344
11/24/2023,17:00,352
11/24/2023,17:15,360
11/24/2023,17:30,352
11/24/2023,17:45,344
11/24/2023,18:00,360
11/24/2023,18:15,352
11/24/2023,18:30,352
11/24/2023,18:45,344
11/24/2023,19:00,336
11/24/2023,19:15,344
11/24/2023,19:30,344
11/24/2023,19:45,344
11/24/2023,20:00,328
11/24/2023,20:15,328
11/24/2023,20:30,344
11/24/2023,20:45,344
11/24/2023,21:00,352
11/24/2023,21:15,336
11/24/2023,21:30,336
11/24/2023,21:45,344
11/24/2023,22:00,336
11/24/2023,22:15,344
11/24/2023,22:30,336
11/24/2023,22:45,336
11/24/2023,23:00,336
11/24/2023,23:15,344
11/24/2023,23:30,336
11/24/2023,23:45,344
11/25/2023,0:00,344
11/25/2023,0:15,328
11/25/2023,0:30,344
11/25/2023,0:45,336
11/25/2023,1:00,344
11/25/2023,1:15,336
11/25/2023,1:30,344
11/25/2023,1:45,336
11/25/2023,2:00,336
11/25/2023,2:15,336
11/25/2023,2:30,336
11/25/2023,2:45,336
11/25/2023,3:00,336
11/25/2023,3:15,336
11/25/2023,3:30,352
11/25/2023,3:45,344
11/25/2023,4:00,344
11/25/2023,4:15,344
11/25/2023,4:30,328
11/25/2023,4:45,336
11/25/2023,5:00,344
11/25/2023,5:15,344
11/25/2023,5:30,344
11/25/2023,5:45,336
11/25/2023,6:00,336
11/25/2023,6:15,328
11/25/2023,6:30,336
11/25/2023,6:45,344
11/25/2023,7:00,336
11/25/2023,7:15,328
11/25/2023,7:30,336
11/25/2023,7:45,320
11/25/2023,8:00,320
11/25/2023,8:15,336
11/25/2023,8:30,328
11/25/2023,8:45,328
11/25/2023,9:00,320
11/25/2023,9:15,320
11/25/2023,9:30,312
11/25/2023,9:45,328
11/25/2023,10:00,336
11/25/2023,10:15,336
11/25/2023,10:30,336
11/25/2023,10:45,336
11/25/2023,11:00,328
11/25/2023,11:15,344
11/25/2023,11:30,336
11/25/2023,11:45,328
11/25/2023,12:00,336
11/25/2023,12:15,336
11/25/2023,12:30,344
11/25/2023,12:45,352
11/25/2023,13:00,344
11/25/2023,13:15,352
11/25/2023,13:30,360
11/25/2023,13:45,384
11/25/2023,14:00,392
11/25/2023,14:15,368
11/25/2023,14:30,384
11/25/2023,14:45,384
11/25/2023,15:00,400
11/25/2023,15:15,368
11/25/2023,15:30,360
11/25/2023,15:45,368
11/25/2023,16:00,352
11/25/2023,16:15,368
11/25/2023,16:30,360
11/25/2023,16:45,360
11/25/2023,17:00,368
11/25/2023,17:15,368
11/25/2023,17:30,360
11/25/2023,17:45,368
11/25/2023,18:00,344
11/25/2023,18:15,336
11/25/2023,18:30,360
11/25/2023,18:45,336
11/25/2023,19:00,336
11/25/2023,19:15,336
11/25/2023,19:30,336
11/25/2023,19:45,344
11/25/2023,20:00,328
11/25/2023,20:15,336
11/25/2023,20:30,320
11/25/2023,20:45,328
11/25/2023,21:00,328
11/25/2023,21:15,328
11/25/2023,21:30,328
11/25/2023,21:45,328
11/25/2023,22:00,320
11/25/2023,22:15,320
11/25/2023,22:30,328
11/25/2023,22:45,328
11/25/2023,23:00,320
11/25/2023,23:15,320
11/25/2023,23:30,320
11/25/2023,23:45,336
11/26/2023,0:00,328
11/26/2023,0:15,336
11/26/2023,0:30,312
11/26/2023,0:45,320
11/26/2023,1:00,320
11/26/2023,1:15,320
11/26/2023,1:30,320
11/26/2023,1:45,320
11/26/2023,2:00,328
11/26/2023,2:15,320
11/26/2023,2:30,328
11/26/2023,2:45,320
11/26/2023,3:00,328
11/26/2023,3:15,320
11/26/2023,3:30,320
11/26/2023,3:45,320
11/26/2023,4:00,320
11/26/2023,4:15,320
11/26/2023,4:30,328
11/26/2023,4:45,328
11/26/2023,5:00,312
11/26/2023,5:15,320
11/26/2023,5:30,328
11/26/2023,5:45,320
11/26/2023,6:00,320
11/26/2023,6:15,320
11/26/2023,6:30,328
11/26/2023,6:45,312
11/26/2023,7:00,312
11/26/2023,7:15,312
11/26/2023,7:30,320
11/26/2023,7:45,312
11/26/2023,8:00,312
11/26/2023,8:15,312
11/26/2023,8:30,312
11/26/2023,8:45,320
11/26/2023,9:00,320
11/26/2023,9:15,320
11/26/2023,9:30,312
11/26/2023,9:45,304
11/26/2023,10:00,312
11/26/2023,10:15,312
11/26/2023,10:30,312
11/26/2023,10:45,320
11/26/2023,11:00,312
11/26/2023,11:15,320
11/26/2023,11:30,312
11/26/2023,11:45,320
11/26/2023,12:00,312
11/26/2023,12:15,312
11/26/2023,12:30,320
11/26/2023,12:45,328
11/26/2023,13:00,328
11/26/2023,13:15,320
11/26/2023,13:30,328
11/26/2023,13:45,320
11/26/2023,14:00,328
11/26/2023,14:15,336
11/26/2023,14:30,312
11/26/2023,14:45,320
11/26/2023,15:00,328
11/26/2023,15:15,360
11/26/2023,15:30,360
11/26/2023,15:45,352
11/26/2023,16:00,344
11/26/2023,16:15,336
11/26/2023,16:30,336
11/26/2023,16:45,344
11/26/2023,17:00,336
11/26/2023,17:15,344
11/26/2023,17:30,336
11/26/2023,17:45,352
11/26/2023,18:00,344
11/26/2023,18:15,336
11/26/2023,18:30,336
11/26/2023,18:45,336
11/26/2023,19:00,336
11/26/2023,19:15,336
11/26/2023,19:30,336
11/26/2023,19:45,336
11/26/2023,20:00,328
11/26/2023,20:15,336
11/26/2023,20:30,336
11/26/2023,20:45,344
11/26/2023,21:00,320
11/26/2023,21:15,320
11/26/2023,21:30,328
11/26/2023,21:45,328
11/26/2023,22:00,328
11/26/2023,22:15,328
11/26/2023,22:30,312
11/26/2023,22:45,312
11/26/2023,23:00,320
11/26/2023,23:15,328
11/26/2023,23:30,320
11/26/2023,23:45,320
11/27/2023,0:00,320
11/27/2023,0:15,328
11/27/2023,0:30,320
11/27/2023,0:45,320
11/27/2023,1:00,328
11/27/2023,1:15,320
11/27/2023,1:30,312
11/27/2023,1:45,320
11/27/2023,2:00,320
11/27/2023,2:15,320
11/27/2023,2:30,328
11/27/2023,2:45,324
11/27/2023,3:00,320
11/27/2023,3:15,320
11/27/2023,3:30,320
11/27/2023,3:45,320
11/27/2023,4:00,320
11/27/2023,4:15,320
11/27/2023,4:30,320
11/27/2023,4:45,336
11/27/2023,5:00,312
11/27/2023,5:15,312
11/27/2023,5:30,320
11/27/2023,5:45,328
11/27/2023,6:00,352
11/27/2023,6:15,368
11/27/2023,6:30,368
11/27/2023,6:45,360
11/27/2023,7:00,384
11/27/2023,7:15,400
11/27/2023,7:30,400
11/27/2023,7:45,408
11/27/2023,8:00,424
11/27/2023,8:15,440
11/27/2023,8:30,448
11/27/2023,8:45,472
11/27/2023,9:00,456
11/27/2023,9:15,448
11/27/2023,9:30,472
11/27/2023,9:45,472
11/27/2023,10:00,472
11/27/2023,10:15,464
11/27/2023,10:30,472
11/27/2023,10:45,464
11/27/2023,11:00,472
11/27/2023,11:15,472
11/27/2023,11:30,480
11/27/2023,11:45,480
11/27/2023,12:00,528
11/27/2023,12:15,520
11/27/2023,12:30,544
11/27/2023,12:45,568
11/27/2023,13:00,544
11/27/2023,13:15,552
11/27/2023,13:30,560
11/27/2023,13:45,568
11/27/2023,14:00,536
11/27/2023,14:15,552
11/27/2023,14:30,528
11/27/2023,14:45,560
11/27/2023,15:00,528
11/27/2023,15:15,496
11/27/2023,15:30,472
11/27/2023,15:45,480
11/27/2023,16:00,488
11/27/2023,16:15,472
11/27/2023,16:30,456
11/27/2023,16:45,448
11/27/2023,17:00,440
11/27/2023,17:15,424
11/27/2023,17:30,408
11/27/2023,17:45,400
11/27/2023,18:00,368
11/27/2023,18:15,368
11/27/2023,18:30,376
11/27/2023,18:45,368
11/27/2023,19:00,368
11/27/2023,19:15,360
11/27/2023,19:30,368
11/27/2023,19:45,368
11/27/2023,20:00,360
11/27/2023,20:15,360
11/27/2023,20:30,352
11/27/2023,20:45,360
11/27/2023,21:00,368
11/27/2023,21:15,352
11/27/2023,21:30,344
11/27/2023,21:45,344
11/27/2023,22:00,344
11/27/2023,22:15,344
11/27/2023,22:30,344
11/27/2023,22:45,336
11/27/2023,23:00,344
11/27/2023,23:15,344
11/27/2023,23:30,368
11/27/2023,23:45,376
11/28/2023,0:00,368
11/28/2023,0:15,352
11/28/2023,0:30,360
11/28/2023,0:45,360
11/28/2023,1:00,360
11/28/2023,1:15,352
11/28/2023,1:30,360
11/28/2023,1:45,360
11/28/2023,2:00,368
11/28/2023,2:15,360
11/28/2023,2:30,360
11/28/2023,2:45,360
11/28/2023,3:00,352
11/28/2023,3:15,360
11/28/2023,3:30,368
11/28/2023,3:45,368
11/28/2023,4:00,352
11/28/2023,4:15,344
11/28/2023,4:30,360
11/28/2023,4:45,360
11/28/2023,5:00,360
11/28/2023,5:15,352
11/28/2023,5:30,360
11/28/2023,5:45,376
11/28/2023,6:00,392
11/28/2023,6:15,400
11/28/2023,6:30,408
11/28/2023,6:45,416
11/28/2023,7:00,416
11/28/2023,7:15,416
11/28/2023,7:30,440
11/28/2023,7:45,456
11/28/2023,8:00,480
11/28/2023,8:15,472
11/28/2023,8:30,480
11/28/2023,8:45,488
11/28/2023,9:00,496
11/28/2023,9:15,488
11/28/2023,9:30,496
11/28/2023,9:45,504
11/28/2023,10:00,504
11/28/2023,10:15,512
11/28/2023,10:30,512
11/28/2023,10:45,520
11/28/2023,11:00,528
11/28/2023,11:15,544
11/28/2023,11:30,560
11/28/2023,11:45,584
11/28/2023,12:00,584
11/28/2023,12:15,592
11/28/2023,12:30,592
11/28/2023,12:45,624
11/28/2023,13:00,616
11/28/2023,13:15,624
11/28/2023,13:30,616
11/28/2023,13:45,608
11/28/2023,14:00,616
11/28/2023,14:15,624
11/28/2023,14:30,592
11/28/2023,14:45,584
11/28/2023,15:00,544
11/28/2023,15:15,552
11/28/2023,15:30,528
11/28/2023,15:45,520
11/28/2023,16:00,480
11/28/2023,16:15,496
11/28/2023,16:30,504
11/28/2023,16:45,472
11/28/2023,17:00,488
11/28/2023,17:15,448
11/28/2023,17:30,456
11/28/2023,17:45,440
11/28/2023,18:00,432
11/28/2023,18:15,432
11/28/2023,18:30,400
11/28/2023,18:45,400
11/28/2023,19:00,400
11/28/2023,19:15,400
11/28/2023,19:30,400
11/28/2023,19:45,384
11/28/2023,20:00,400
11/28/2023,20:15,400
11/28/2023,20:30,400
11/28/2023,20:45,400
11/28/2023,21:00,392
11/28/2023,21:15,392
11/28/2023,21:30,384
11/28/2023,21:45,384
11/28/2023,22:00,376
11/28/2023,22:15,376
11/28/2023,22:30,376
11/28/2023,22:45,368
11/28/2023,23:00,384
11/28/2023,23:15,376
11/28/2023,23:30,384
11/28/2023,23:45,392
11/29/2023,0:00,384
11/29/2023,0:15,376
11/29/2023,0:30,368
11/29/2023,0:45,368
11/29/2023,1:00,384
11/29/2023,1:15,384
11/29/2023,1:30,384
11/29/2023,1:45,392
11/29/2023,2:00,376
11/29/2023,2:15,376
11/29/2023,2:30,376
11/29/2023,2:45,376
11/29/2023,3:00,368
11/29/2023,3:15,376
11/29/2023,3:30,384
11/29/2023,3:45,384
11/29/2023,4:00,384
11/29/2023,4:15,376
11/29/2023,4:30,376
11/29/2023,4:45,376
11/29/2023,5:00,376
11/29/2023,5:15,376
11/29/2023,5:30,368
11/29/2023,5:45,400
11/29/2023,6:00,408
11/29/2023,6:15,408
11/29/2023,6:30,408
11/29/2023,6:45,416
11/29/2023,7:00,432
11/29/2023,7:15,448
11/29/2023,7:30,472
11/29/2023,7:45,448
11/29/2023,8:00,464
11/29/2023,8:15,464
11/29/2023,8:30,464
11/29/2023,8:45,464
11/29/2023,9:00,480
11/29/2023,9:15,480
11/29/2023,9:30,512
11/29/2023,9:45,496
11/29/2023,10:00,504
11/29/2023,10:15,488
11/29/2023,10:30,504
11/29/2023,10:45,512
11/29/2023,11:00,520
11/29/2023,11:15,560
11/29/2023,11:30,560
11/29/2023,11:45,576
11/29/2023,12:00,568
11/29/2023,12:15,584
11/29/2023,12:30,568
11/29/2023,12:45,576
11/29/2023,13:00,568
11/29/2023,13:15,592
11/29/2023,13:30,568
11/29/2023,13:45,568
11/29/2023,14:00,560
11/29/2023,14:15,536
11/29/2023,14:30,560
11/29/2023,14:45,536
11/29/2023,15:00,528
11/29/2023,15:15,544
11/29/2023,15:30,504
11/29/2023,15:45,520
11/29/2023,16:00,504
11/29/2023,16:15,504
11/29/2023,16:30,496
11/29/2023,16:45,472
11/29/2023,17:00,488
11/29/2023,17:15,472
11/29/2023,17:30,456
11/29/2023,17:45,448
11/29/2023,18:00,432
11/29/2023,18:15,424
11/29/2023,18:30,440
11/29/2023,18:45,432
11/29/2023,19:00,432
11/29/2023,19:15,432
11/29/2023,19:30,416
11/29/2023,19:45,432
11/29/2023,20:00,400
11/29/2023,20:15,408
11/29/2023,20:30,408
11/29/2023,20:45,416
11/29/2023,21:00,400
11/29/2023,21:15,384
11/29/2023,21:30,392
11/29/2023,21:45,400
11/29/2023,22:00,400
11/29/2023,22:15,384
11/29/2023,22:30,376
11/29/2023,22:45,384
11/29/2023,23:00,392
11/29/2023,23:15,392
11/29/2023,23:30,376
11/29/2023,23:45,384
11/30/2023,0:00,392
11/30/2023,0:15,384
11/30/2023,0:30,384
11/30/2023,0:45,376
11/30/2023,1:00,376
11/30/2023,1:15,376
11/30/2023,1:30,368
11/30/2023,1:45,376
11/30/2023,2:00,384
11/30/2023,2:15,376
11/30/2023,2:30,368
11/30/2023,2:45,384
11/30/2023,3:00,384
11/30/2023,3:15,384
11/30/2023,3:30,368
11/30/2023,3:45,360
11/30/2023,4:00,376
11/30/2023,4:15,376
11/30/2023,4:30,368
11/30/2023,4:45,376
11/30/2023,5:00,376
11/30/2023,5:15,376
11/30/2023,5:30,376
11/30/2023,5:45,408
11/30/2023,6:00,408
11/30/2023,6:15,416
11/30/2023,6:30,416
11/30/2023,6:45,424
11/30/2023,7:00,440
11/30/2023,7:15,448
11/30/2023,7:30,456
11/30/2023,7:45,464
11/30/2023,8:00,472
11/30/2023,8:15,488
11/30/2023,8:30,496
11/30/2023,8:45,488
11/30/2023,9:00,480
11/30/2023,9:15,488
11/30/2023,9:30,496
11/30/2023,9:45,512
11/30/2023,10:00,512
11/30/2023,10:15,488
11/30/2023,10:30,512
11/30/2023,10:45,504
11/30/2023,11:00,512
11/30/2023,11:15,496
11/30/2023,11:30,536
11/30/2023,11:45,520
11/30/2023,12:00,528
11/30/2023,12:15,520
11/30/2023,12:30,520
11/30/2023,12:45,496
11/30/2023,13:00,504
11/30/2023,13:15,504
11/30/2023,13:30,504
11/30/2023,13:45,488
11/30/2023,14:00,544
11/30/2023,14:15,496
11/30/2023,14:30,536
11/30/2023,14:45,520
11/30/2023,15:00,536
11/30/2023,15:15,512
11/30/2023,15:30,520
11/30/2023,15:45,488
11/30/2023,16:00,512
11/30/2023,16:15,488
11/30/2023,16:30,480
11/30/2023,16:45,488
11/30/2023,17:00,480
11/30/2023,17:15,472
11/30/2023,17:30,456
11/30/2023,17:45,440
11/30/2023,18:00,432
11/30/2023,18:15,424
11/30/2023,18:30,440
11/30/2023,18:45,416
11/30/2023,19:00,432
11/30/2023,19:15,424
11/30/2023,19:30,416
11/30/2023,19:45,416
11/30/2023,20:00,400
11/30/2023,20:15,424
11/30/2023,20:30,416
11/30/2023,20:45,400
11/30/2023,21:00,400
11/30/2023,21:15,400
11/30/2023,21:30,400
11/30/2023,21:45,400
11/30/2023,22:00,392
11/30/2023,22:15,384
11/30/2023,22:30,392
11/30/2023,22:45,384
11/30/2023,23:00,392
11/30/2023,23:15,376
11/30/2023,23:30,384
11/30/2023,23:45,376
12/1/2023,0:00,384
12/1/2023,0:15,368
12/1/2023,0:30,376
12/1/2023,0:45,376
12/1/2023,1:00,368
12/1/2023,1:15,376
12/1/2023,1:30,368
12/1/2023,1:45,368
12/1/2023,2:00,368
12/1/2023,2:15,384
12/1/2023,2:30,368
12/1/2023,2:45,368
12/1/2023,3:00,368
12/1/2023,3:15,360
12/1/2023,3:30,368
12/1/2023,3:45,376
12/1/2023,4:00,376
12/1/2023,4:15,368
12/1/2023,4:30,368
12/1/2023,4:45,368
12/1/2023,5:00,376
12/1/2023,5:15,376
12/1/2023,5:30,360
12/1/2023,5:45,376
12/1/2023,6:00,392
12/1/2023,6:15,400
12/1/2023,6:30,424
12/1/2023,6:45,416
12/1/2023,7:00,424
12/1/2023,7:15,416
12/1/2023,7:30,432
12/1/2023,7:45,440
12/1/2023,8:00,456
12/1/2023,8:15,448
12/1/2023,8:30,448
12/1/2023,8:45,456
12/1/2023,9:00,464
12/1/2023,9:15,464
12/1/2023,9:30,496
12/1/2023,9:45,488
12/1/2023,10:00,480
12/1/2023,10:15,464
12/1/2023,10:30,496
12/1/2023,10:45,512
12/1/2023,11:00,464
12/1/2023,11:15,496
12/1/2023,11:30,472
12/1/2023,11:45,464
12/1/2023,12:00,488
12/1/2023,12:15,488
12/1/2023,12:30,488
12/1/2023,12:45,496
12/1/2023,13:00,488
12/1/2023,13:15,496
12/1/2023,13:30,488
12/1/2023,13:45,504
12/1/2023,14:00,496
12/1/2023,14:15,512
12/1/2023,14:30,520
12/1/2023,14:45,520
12/1/2023,15:00,512
12/1/2023,15:15,504
12/1/2023,15:30,504
12/1/2023,15:45,488
12/1/2023,16:00,472
12/1/2023,16:15,464
12/1/2023,16:30,480
12/1/2023,16:45,464
12/1/2023,17:00,456
12/1/2023,17:15,440
12/1/2023,17:30,424
12/1/2023,17:45,432
12/1/2023,18:00,424
12/1/2023,18:15,432
12/1/2023,18:30,424
12/1/2023,18:45,408
12/1/2023,19:00,416
12/1/2023,19:15,424
12/1/2023,19:30,416
12/1/2023,19:45,400
12/1/2023,20:00,400
12/1/2023,20:15,400
12/1/2023,20:30,400
12/1/2023,20:45,392
12/1/2023,21:00,384
12/1/2023,21:15,384
12/1/2023,21:30,392
12/1/2023,21:45,384
12/1/2023,22:00,384
12/1/2023,22:15,384
12/1/2023,22:30,384
12/1/2023,22:45,384
12/1/2023,23:00,384
12/1/2023,23:15,368
12/1/2023,23:30,376
12/1/2023,23:45,376
12/2/2023,0:00,376
12/2/2023,0:15,376
12/2/2023,0:30,376
12/2/2023,0:45,368
12/2/2023,1:00,384
12/2/2023,1:15,380
12/2/2023,1:30,376
12/2/2023,1:45,368
12/2/2023,2:00,360
12/2/2023,2:15,376
12/2/2023,2:30,376
12/2/2023,2:45,376
12/2/2023,3:00,376
12/2/2023,3:15,376
12/2/2023,3:30,384
12/2/2023,3:45,376
12/2/2023,4:00,376
12/2/2023,4:15,360
12/2/2023,4:30,368
12/2/2023,4:45,376
12/2/2023,5:00,368
12/2/2023,5:15,384
12/2/2023,5:30,368
12/2/2023,5:45,368
12/2/2023,6:00,376
12/2/2023,6:15,376
12/2/2023,6:30,376
12/2/2023,6:45,368
12/2/2023,7:00,376
12/2/2023,7:15,368
12/2/2023,7:30,384
12/2/2023,7:45,368
12/2/2023,8:00,368
12/2/2023,8:15,360
12/2/2023,8:30,360
12/2/2023,8:45,376
12/2/2023,9:00,360
12/2/2023,9:15,376
12/2/2023,9:30,368
12/2/2023,9:45,360
12/2/2023,10:00,384
12/2/2023,10:15,376
12/2/2023,10:30,384
12/2/2023,10:45,376
12/2/2023,11:00,400
12/2/2023,11:15,408
12/2/2023,11:30,400
12/2/2023,11:45,392
12/2/2023,12:00,392
12/2/2023,12:15,416
12/2/2023,12:30,448
12/2/2023,12:45,456
12/2/2023,13:00,424
12/2/2023,13:15,424
12/2/2023,13:30,416
12/2/2023,13:45,400
12/2/2023,14:00,392
12/2/2023,14:15,416
12/2/2023,14:30,400
12/2/2023,14:45,408
12/2/2023,15:00,416
12/2/2023,15:15,400
12/2/2023,15:30,408
12/2/2023,15:45,416
12/2/2023,16:00,408
12/2/2023,16:15,416
12/2/2023,16:30,384
12/2/2023,16:45,400
12/2/2023,17:00,392
12/2/2023,17:15,408
12/2/2023,17:30,416
12/2/2023,17:45,400
12/2/2023,18:00,400
12/2/2023,18:15,408
12/2/2023,18:30,416
12/2/2023,18:45,400
12/2/2023,19:00,384
12/2/2023,19:15,392
12/2/2023,19:30,384
12/2/2023,19:45,384
12/2/2023,20:00,392
12/2/2023,20:15,384
12/2/2023,20:30,392
12/2/2023,20:45,400
12/2/2023,21:00,392
12/2/2023,21:15,384
12/2/2023,21:30,384
12/2/2023,21:45,384
12/2/2023,22:00,384
12/2/2023,22:15,392
12/2/2023,22:30,376
12/2/2023,22:45,376
12/2/2023,23:00,384
12/2/2023,23:15,384
12/2/2023,23:30,384
12/2/2023,23:45,376
12/3/2023,0:00,384
12/3/2023,0:15,376
12/3/2023,0:30,384
12/3/2023,0:45,376
12/3/2023,1:00,368
12/3/2023,1:15,376
12/3/2023,1:30,376
12/3/2023,1:45,392
12/3/2023,2:00,376
12/3/2023,2:15,368
12/3/2023,2:30,368
12/3/2023,2:45,376
12/3/2023,3:00,376
12/3/2023,3:15,376
12/3/2023,3:30,368
12/3/2023,3:45,368
12/3/2023,4:00,368
12/3/2023,4:15,376
12/3/2023,4:30,360
12/3/2023,4:45,368
12/3/2023,5:00,368
12/3/2023,5:15,368
12/3/2023,5:30,368
12/3/2023,5:45,360
12/3/2023,6:00,368
12/3/2023,6:15,360
12/3/2023,6:30,376
12/3/2023,6:45,360
12/3/2023,7:00,360
12/3/2023,7:15,360
12/3/2023,7:30,352
12/3/2023,7:45,360
12/3/2023,8:00,360
12/3/2023,8:15,352
12/3/2023,8:30,344
12/3/2023,8:45,352
12/3/2023,9:00,352
12/3/2023,9:15,352
12/3/2023,9:30,344
12/3/2023,9:45,344
12/3/2023,10:00,344
12/3/2023,10:15,360
12/3/2023,10:30,360
12/3/2023,10:45,376
12/3/2023,11:00,384
12/3/2023,11:15,392
12/3/2023,11:30,424
12/3/2023,11:45,424
12/3/2023,12:00,456
12/3/2023,12:15,464
12/3/2023,12:30,480
12/3/2023,12:45,472
12/3/2023,13:00,472
12/3/2023,13:15,448
12/3/2023,13:30,488
12/3/2023,13:45,448
12/3/2023,14:00,464
12/3/2023,14:15,432
12/3/2023,14:30,424
12/3/2023,14:45,400
12/3/2023,15:00,400
12/3/2023,15:15,384
12/3/2023,15:30,392
12/3/2023,15:45,400
12/3/2023,16:00,392
12/3/2023,16:15,392
12/3/2023,16:30,392
12/3/2023,16:45,384
12/3/2023,17:00,400
12/3/2023,17:15,384
12/3/2023,17:30,408
12/3/2023,17:45,392
12/3/2023,18:00,392
12/3/2023,18:15,392
12/3/2023,18:30,400
12/3/2023,18:45,392
12/3/2023,19:00,392
12/3/2023,19:15,384
12/3/2023,19:30,384
12/3/2023,19:45,392
12/3/2023,20:00,400
12/3/2023,20:15,392
12/3/2023,20:30,400
12/3/2023,20:45,392
12/3/2023,21:00,400
12/3/2023,21:15,392
12/3/2023,21:30,400
12/3/2023,21:45,392
12/3/2023,22:00,384
12/3/2023,22:15,392
12/3/2023,22:30,392
12/3/2023,22:45,384
12/3/2023,23:00,400
12/3/2023,23:15,392
12/3/2023,23:30,400
12/3/2023,23:45,392
12/4/2023,0:00,392
12/4/2023,0:15,392
12/4/2023,0:30,384
12/4/2023,0:45,400
12/4/2023,1:00,392
12/4/2023,1:15,384
12/4/2023,1:30,384
12/4/2023,1:45,392
12/4/2023,2:00,400
12/4/2023,2:15,392
12/4/2023,2:30,392
12/4/2023,2:45,384
12/4/2023,3:00,392
12/4/2023,3:15,392
12/4/2023,3:30,392
12/4/2023,3:45,384
12/4/2023,4:00,400
12/4/2023,4:15,392
12/4/2023,4:30,392
12/4/2023,4:45,392
12/4/2023,5:00,384
12/4/2023,5:15,384
12/4/2023,5:30,392
12/4/2023,5:45,416
12/4/2023,6:00,416
12/4/2023,6:15,416
12/4/2023,6:30,416
12/4/2023,6:45,432
12/4/2023,7:00,440
12/4/2023,7:15,432
12/4/2023,7:30,464
12/4/2023,7:45,464
12/4/2023,8:00,472
12/4/2023,8:15,480
12/4/2023,8:30,488
12/4/2023,8:45,472
12/4/2023,9:00,488
12/4/2023,9:15,496
12/4/2023,9:30,488
12/4/2023,9:45,496
12/4/2023,10:00,488
12/4/2023,10:15,488
12/4/2023,10:30,504
12/4/2023,10:45,480
12/4/2023,11:00,488
12/4/2023,11:15,480
12/4/2023,11:30,496
12/4/2023,11:45,504
12/4/2023,12:00,496
12/4/2023,12:15,496
12/4/2023,12:30,504
12/4/2023,12:45,480
12/4/2023,13:00,520
12/4/2023,13:15,536
12/4/2023,13:30,544
12/4/2023,13:45,568
12/4/2023,14:00,560
12/4/2023,14:15,560
12/4/2023,14:30,544
12/4/2023,14:45,528
12/4/2023,15:00,584
12/4/2023,15:15,552
12/4/2023,15:30,568
12/4/2023,15:45,544
12/4/2023,16:00,536
12/4/2023,16:15,512
12/4/2023,16:30,488
12/4/2023,16:45,504
12/4/2023,17:00,472
12/4/2023,17:15,472
12/4/2023,17:30,456
12/4/2023,17:45,456
12/4/2023,18:00,432
12/4/2023,18:15,416
12/4/2023,18:30,416
12/4/2023,18:45,408
12/4/2023,19:00,432
12/4/2023,19:15,416
12/4/2023,19:30,408
12/4/2023,19:45,416
12/4/2023,20:00,408
12/4/2023,20:15,400
12/4/2023,20:30,400
12/4/2023,20:45,392
12/4/2023,21:00,400
12/4/2023,21:15,400
12/4/2023,21:30,400
12/4/2023,21:45,384
12/4/2023,22:00,392
12/4/2023,22:15,384
12/4/2023,22:30,392
12/4/2023,22:45,400
12/4/2023,23:00,384
12/4/2023,23:15,384
12/4/2023,23:30,384
12/4/2023,23:45,392
12/5/2023,0:00,392
12/5/2023,0:15,376
12/5/2023,0:30,376
12/5/2023,0:45,376
12/5/2023,1:00,384
12/5/2023,1:15,384
12/5/2023,1:30,368
12/5/2023,1:45,384
12/5/2023,2:00,376
12/5/2023,2:15,376
12/5/2023,2:30,376
12/5/2023,2:45,368
12/5/2023,3:00,360
12/5/2023,3:15,376
12/5/2023,3:30,376
12/5/2023,3:45,376
12/5/2023,4:00,368
12/5/2023,4:15,368
12/5/2023,4:30,376
12/5/2023,4:45,376
12/5/2023,5:00,368
12/5/2023,5:15,360
12/5/2023,5:30,352
12/5/2023,5:45,368
12/5/2023,6:00,384
12/5/2023,6:15,400
12/5/2023,6:30,392
12/5/2023,6:45,400
12/5/2023,7:00,408
12/5/2023,7:15,424
12/5/2023,7:30,432
12/5/2023,7:45,440
12/5/2023,8:00,432
12/5/2023,8:15,456
12/5/2023,8:30,448
12/5/2023,8:45,464
12/5/2023,9:00,464
12/5/2023,9:15,464
12/5/2023,9:30,464
12/5/2023,9:45,472
12/5/2023,10:00,496
12/5/2023,10:15,488
12/5/2023,10:30,504
12/5/2023,10:45,504
12/5/2023,11:00,528
12/5/2023,11:15,560
12/5/2023,11:30,552
12/5/2023,11:45,584
12/5/2023,12:00,568
12/5/2023,12:15,592
12/5/2023,12:30,592
12/5/2023,12:45,600
12/5/2023,13:00,592
12/5/2023,13:15,616
12/5/2023,13:30,632
12/5/2023,13:45,616
12/5/2023,14:00,624
12/5/2023,14:15,616
12/5/2023,14:30,616
12/5/2023,14:45,608
12/5/2023,15:00,608
12/5/2023,15:15,592
12/5/2023,15:30,568
12/5/2023,15:45,568
12/5/2023,16:00,560
12/5/2023,16:15,544
12/5/2023,16:30,512
12/5/2023,16:45,472
12/5/2023,17:00,472
12/5/2023,17:15,456
12/5/2023,17:30,448
12/5/2023,17:45,432
12/5/2023,18:00,432
12/5/2023,18:15,408
12/5/2023,18:30,432
12/5/2023,18:45,424
12/5/2023,19:00,424
12/5/2023,19:15,424
12/5/2023,19:30,408
12/5/2023,19:45,424
12/5/2023,20:00,416
12/5/2023,20:15,408
12/5/2023,20:30,400
12/5/2023,20:45,408
12/5/2023,21:00,392
12/5/2023,21:15,392
12/5/2023,21:30,384
12/5/2023,21:45,384
12/5/2023,22:00,392
12/5/2023,22:15,392
12/5/2023,22:30,392
12/5/2023,22:45,384
12/5/2023,23:00,384
12/5/2023,23:15,384
12/5/2023,23:30,376
12/5/2023,23:45,376
12/6/2023,0:00,376
12/6/2023,0:15,376
12/6/2023,0:30,384
12/6/2023,0:45,384
12/6/2023,1:00,376
12/6/2023,1:15,368
12/6/2023,1:30,376
12/6/2023,1:45,392
12/6/2023,2:00,376
12/6/2023,2:15,368
12/6/2023,2:30,368
12/6/2023,2:45,376
12/6/2023,3:00,376
12/6/2023,3:15,368
12/6/2023,3:30,368
12/6/2023,3:45,368
12/6/2023,4:00,368
12/6/2023,4:15,376
12/6/2023,4:30,376
12/6/2023,4:45,368
12/6/2023,5:00,368
12/6/2023,5:15,360
12/6/2023,5:30,360
12/6/2023,5:45,392
12/6/2023,6:00,392
12/6/2023,6:15,408
12/6/2023,6:30,416
12/6/2023,6:45,416
12/6/2023,7:00,432
12/6/2023,7:15,432
12/6/2023,7:30,440
12/6/2023,7:45,448
12/6/2023,8:00,464
12/6/2023,8:15,472
12/6/2023,8:30,480
12/6/2023,8:45,480
12/6/2023,9:00,496
12/6/2023,9:15,488
12/6/2023,9:30,496
12/6/2023,9:45,488
12/6/2023,10:00,504
12/6/2023,10:15,528
12/6/2023,10:30,552
12/6/2023,10:45,520
12/6/2023,11:00,520
12/6/2023,11:15,520
12/6/2023,11:30,544
12/6/2023,11:45,584
12/6/2023,12:00,592
12/6/2023,12:15,600
12/6/2023,12:30,608
12/6/2023,12:45,584
12/6/2023,13:00,568
12/6/2023,13:15,536
12/6/2023,13:30,512
12/6/2023,13:45,528
12/6/2023,14:00,512
12/6/2023,14:15,528
12/6/2023,14:30,496
12/6/2023,14:45,488
12/6/2023,15:00,504
12/6/2023,15:15,488
12/6/2023,15:30,480
12/6/2023,15:45,496
12/6/2023,16:00,488
12/6/2023,16:15,480
12/6/2023,16:30,472
12/6/2023,16:45,456
12/6/2023,17:00,440
12/6/2023,17:15,456
12/6/2023,17:30,440
12/6/2023,17:45,424
12/6/2023,18:00,432
12/6/2023,18:15,424
12/6/2023,18:30,424
12/6/2023,18:45,416
12/6/2023,19:00,400
12/6/2023,19:15,408
12/6/2023,19:30,400
12/6/2023,19:45,384
12/6/2023,20:00,392
12/6/2023,20:15,384
12/6/2023,20:30,384
12/6/2023,20:45,384
12/6/2023,21:00,376
12/6/2023,21:15,368
12/6/2023,21:30,360
12/6/2023,21:45,368
12/6/2023,22:00,376
12/6/2023,22:15,368
12/6/2023,22:30,360
12/6/2023,22:45,360
12/6/2023,23:00,360
12/6/2023,23:15,360
12/6/2023,23:30,368
12/6/2023,23:45,352
12/7/2023,0:00,360
12/7/2023,0:15,368
12/7/2023,0:30,368
12/7/2023,0:45,360
12/7/2023,1:00,352
12/7/2023,1:15,352
12/7/2023,1:30,360
12/7/2023,1:45,352
12/7/2023,2:00,352
12/7/2023,2:15,352
12/7/2023,2:30,352
12/7/2023,2:45,368
12/7/2023,3:00,368
12/7/2023,3:15,352
12/7/2023,3:30,344
12/7/2023,3:45,352
12/7/2023,4:00,360
12/7/2023,4:15,352
12/7/2023,4:30,360
12/7/2023,4:45,344
12/7/2023,5:00,352
12/7/2023,5:15,344
12/7/2023,5:30,360
12/7/2023,5:45,368
12/7/2023,6:00,368
12/7/2023,6:15,384
12/7/2023,6:30,384
12/7/2023,6:45,392
12/7/2023,7:00,392
12/7/2023,7:15,408
12/7/2023,7:30,416
12/7/2023,7:45,432
12/7/2023,8:00,432
12/7/2023,8:15,448
12/7/2023,8:30,440
12/7/2023,8:45,448
12/7/2023,9:00,456
12/7/2023,9:15,448
12/7/2023,9:30,448
12/7/2023,9:45,448
12/7/2023,10:00,472
12/7/2023,10:15,456
12/7/2023,10:30,472
12/7/2023,10:45,472
12/7/2023,11:00,456
12/7/2023,11:15,464
12/7/2023,11:30,488
12/7/2023,11:45,512
12/7/2023,12:00,504
12/7/2023,12:15,504
12/7/2023,12:30,520
12/7/2023,12:45,496
12/7/2023,13:00,512
12/7/2023,13:15,480
12/7/2023,13:30,464
12/7/2023,13:45,480
12/7/2023,14:00,480
12/7/2023,14:15,488
12/7/2023,14:30,464
12/7/2023,14:45,464
12/7/2023,15:00,448
12/7/2023,15:15,440
12/7/2023,15:30,448
12/7/2023,15:45,456
12/7/2023,16:00,448
12/7/2023,16:15,456
12/7/2023,16:30,448
12/7/2023,16:45,424
12/7/2023,17:00,424
12/7/2023,17:15,424
12/7/2023,17:30,408
12/7/2023,17:45,400
12/7/2023,18:00,408
12/7/2023,18:15,392
12/7/2023,18:30,392
12/7/2023,18:45,392
12/7/2023,19:00,392
12/7/2023,19:15,384
12/7/2023,19:30,384
12/7/2023,19:45,384
12/7/2023,20:00,384
12/7/2023,20:15,320
12/7/2023,20:30,256
12/7/2023,20:45,248
12/7/2023,21:00,344
12/7/2023,21:15,336
12/7/2023,21:30,328
12/7/2023,21:45,320
12/7/2023,22:00,336
12/7/2023,22:15,328
12/7/2023,22:30,336
12/7/2023,22:45,328
12/7/2023,23:00,336
12/7/2023,23:15,328
12/7/2023,23:30,328
12/7/2023,23:45,328
12/8/2023,0:00,328
12/8/2023,0:15,328
12/8/2023,0:30,320
12/8/2023,0:45,320
12/8/2023,1:00,320
12/8/2023,1:15,328
12/8/2023,1:30,328
12/8/2023,1:45,336
12/8/2023,2:00,328
12/8/2023,2:15,320
12/8/2023,2:30,328
12/8/2023,2:45,336
12/8/2023,3:00,328
12/8/2023,3:15,320
12/8/2023,3:30,336
12/8/2023,3:45,336
12/8/2023,4:00,336
12/8/2023,4:15,320
12/8/2023,4:30,320
12/8/2023,4:45,320
12/8/2023,5:00,328
12/8/2023,5:15,328
12/8/2023,5:30,320
12/8/2023,5:45,344
12/8/2023,6:00,368
12/8/2023,6:15,368
12/8/2023,6:30,368
12/8/2023,6:45,376
12/8/2023,7:00,368
12/8/2023,7:15,384
12/8/2023,7:30,400
12/8/2023,7:45,408
12/8/2023,8:00,416
12/8/2023,8:15,408
12/8/2023,8:30,400
12/8/2023,8:45,424
12/8/2023,9:00,416
12/8/2023,9:15,424
12/8/2023,9:30,432
12/8/2023,9:45,424
12/8/2023,10:00,424
12/8/2023,10:15,432
12/8/2023,10:30,432
12/8/2023,10:45,432
12/8/2023,11:00,424
12/8/2023,11:15,432
12/8/2023,11:30,440
12/8/2023,11:45,432
12/8/2023,12:00,432
12/8/2023,12:15,432
12/8/2023,12:30,408
12/8/2023,12:45,432
12/8/2023,13:00,432
12/8/2023,13:15,440
12/8/2023,13:30,424
12/8/2023,13:45,440
12/8/2023,14:00,416
12/8/2023,14:15,448
12/8/2023,14:30,424
12/8/2023,14:45,416
12/8/2023,15:00,416
12/8/2023,15:15,408
12/8/2023,15:30,424
12/8/2023,15:45,416
12/8/2023,16:00,408
12/8/2023,16:15,392
12/8/2023,16:30,408
12/8/2023,16:45,392
12/8/2023,17:00,408
12/8/2023,17:15,384
12/8/2023,17:30,376
12/8/2023,17:45,368
12/8/2023,18:00,360
12/8/2023,18:15,368
12/8/2023,18:30,360
12/8/2023,18:45,344
12/8/2023,19:00,360
12/8/2023,19:15,352
12/8/2023,19:30,352
12/8/2023,19:45,352
12/8/2023,20:00,352
12/8/2023,20:15,352
12/8/2023,20:30,352
12/8/2023,20:45,344
12/8/2023,21:00,336
12/8/2023,21:15,336
12/8/2023,21:30,336
12/8/2023,21:45,336
12/8/2023,22:00,336
12/8/2023,22:15,336
12/8/2023,22:30,320
12/8/2023,22:45,328
12/8/2023,23:00,336
12/8/2023,23:15,328
12/8/2023,23:30,344
12/8/2023,23:45,336
12/9/2023,0:00,328
12/9/2023,0:15,336
12/9/2023,0:30,336
12/9/2023,0:45,328
12/9/2023,1:00,336
12/9/2023,1:15,328
12/9/2023,1:30,328
12/9/2023,1:45,328
12/9/2023,2:00,328
12/9/2023,2:15,336
12/9/2023,2:30,328
12/9/2023,2:45,328
12/9/2023,3:00,320
12/9/2023,3:15,328
12/9/2023,3:30,328
12/9/2023,3:45,336
12/9/2023,4:00,336
12/9/2023,4:15,328
12/9/2023,4:30,312
12/9/2023,4:45,320
12/9/2023,5:00,328
12/9/2023,5:15,320
12/9/2023,5:30,328
12/9/2023,5:45,328
12/9/2023,6:00,328
12/9/2023,6:15,328
12/9/2023,6:30,328
12/9/2023,6:45,328
12/9/2023,7:00,328
12/9/2023,7:15,328
12/9/2023,7:30,320
12/9/2023,7:45,320
12/9/2023,8:00,320
12/9/2023,8:15,312
12/9/2023,8:30,320
12/9/2023,8:45,312
12/9/2023,9:00,312
12/9/2023,9:15,312
12/9/2023,9:30,328
12/9/2023,9:45,312
12/9/2023,10:00,328
12/9/2023,10:15,336
12/9/2023,10:30,312
12/9/2023,10:45,312
12/9/2023,11:00,336
12/9/2023,11:15,328
12/9/2023,11:30,320
12/9/2023,11:45,320
12/9/2023,12:00,320
12/9/2023,12:15,352
12/9/2023,12:30,328
12/9/2023,12:45,344
12/9/2023,13:00,336
12/9/2023,13:15,360
12/9/2023,13:30,352
12/9/2023,13:45,368
12/9/2023,14:00,360
12/9/2023,14:15,352
12/9/2023,14:30,368
12/9/2023,14:45,360
12/9/2023,15:00,360
12/9/2023,15:15,352
12/9/2023,15:30,352
12/9/2023,15:45,352
12/9/2023,16:00,352
12/9/2023,16:15,360
12/9/2023,16:30,352
12/9/2023,16:45,336
12/9/2023,17:00,352
12/9/2023,17:15,352
12/9/2023,17:30,336
12/9/2023,17:45,336
12/9/2023,18:00,320
12/9/2023,18:15,336
12/9/2023,18:30,352
12/9/2023,18:45,344
12/9/2023,19:00,328
12/9/2023,19:15,328
12/9/2023,19:30,328
12/9/2023,19:45,328
12/9/2023,20:00,328
12/9/2023,20:15,328
12/9/2023,20:30,328
12/9/2023,20:45,336
12/9/2023,21:00,328
12/9/2023,21:15,336
12/9/2023,21:30,328
12/9/2023,21:45,328
12/9/2023,22:00,328
12/9/2023,22:15,328
12/9/2023,22:30,344
12/9/2023,22:45,328
12/9/2023,23:00,320
12/9/2023,23:15,328
12/9/2023,23:30,328
12/9/2023,23:45,336
12/10/2023,0:00,328
12/10/2023,0:15,328
12/10/2023,0:30,328
12/10/2023,0:45,328
12/10/2023,1:00,336
12/10/2023,1:15,328
12/10/2023,1:30,328
12/10/2023,1:45,328
12/10/2023,2:00,320
12/10/2023,2:15,328
12/10/2023,2:30,328
12/10/2023,2:45,336
12/10/2023,3:00,320
12/10/2023,3:15,336
12/10/2023,3:30,328
12/10/2023,3:45,328
12/10/2023,4:00,328
12/10/2023,4:15,328
12/10/2023,4:30,328
12/10/2023,4:45,312
12/10/2023,5:00,320
12/10/2023,5:15,336
12/10/2023,5:30,328
12/10/2023,5:45,320
12/10/2023,6:00,336
12/10/2023,6:15,328
12/10/2023,6:30,320
12/10/2023,6:45,328
12/10/2023,7:00,320
12/10/2023,7:15,328
12/10/2023,7:30,320
12/10/2023,7:45,320
12/10/2023,8:00,312
12/10/2023,8:15,296
12/10/2023,8:30,304
12/10/2023,8:45,312
12/10/2023,9:00,312
12/10/2023,9:15,312
12/10/2023,9:30,320
12/10/2023,9:45,304
12/10/2023,10:00,304
12/10/2023,10:15,320
12/10/2023,10:30,304
12/10/2023,10:45,312
12/10/2023,11:00,304
12/10/2023,11:15,304
12/10/2023,11:30,320
12/10/2023,11:45,312
12/10/2023,12:00,328
12/10/2023,12:15,320
12/10/2023,12:30,312
12/10/2023,12:45,328
12/10/2023,13:00,328
12/10/2023,13:15,336
12/10/2023,13:30,328
12/10/2023,13:45,328
12/10/2023,14:00,344
12/10/2023,14:15,352
12/10/2023,14:30,344
12/10/2023,14:45,344
12/10/2023,15:00,336
12/10/2023,15:15,344
12/10/2023,15:30,344
12/10/2023,15:45,344
12/10/2023,16:00,336
12/10/2023,16:15,336
12/10/2023,16:30,344
12/10/2023,16:45,336
12/10/2023,17:00,352
12/10/2023,17:15,336
12/10/2023,17:30,328
12/10/2023,17:45,320
12/10/2023,18:00,336
12/10/2023,18:15,328
12/10/2023,18:30,328
12/10/2023,18:45,336
12/10/2023,19:00,344
12/10/2023,19:15,328
12/10/2023,19:30,344
12/10/2023,19:45,320
12/10/2023,20:00,328
12/10/2023,20:15,328
12/10/2023,20:30,344
12/10/2023,20:45,336
12/10/2023,21:00,320
12/10/2023,21:15,328
12/10/2023,21:30,320
12/10/2023,21:45,336
12/10/2023,22:00,336
12/10/2023,22:15,328
12/10/2023,22:30,320
12/10/2023,22:45,344
12/10/2023,23:00,336
12/10/2023,23:15,336
12/10/2023,23:30,336
12/10/2023,23:45,328
12/11/2023,0:00,320
12/11/2023,0:15,328
12/11/2023,0:30,320
12/11/2023,0:45,336
12/11/2023,1:00,336
12/11/2023,1:15,320
12/11/2023,1:30,336
12/11/2023,1:45,328
12/11/2023,2:00,328
12/11/2023,2:15,328
12/11/2023,2:30,328
12/11/2023,2:45,328
12/11/2023,3:00,336
12/11/2023,3:15,328
12/11/2023,3:30,328
12/11/2023,3:45,328
12/11/2023,4:00,320
12/11/2023,4:15,320
12/11/2023,4:30,328
12/11/2023,4:45,336
12/11/2023,5:00,328
12/11/2023,5:15,336
12/11/2023,5:30,328
12/11/2023,5:45,336
12/11/2023,6:00,360
12/11/2023,6:15,376
12/11/2023,6:30,376
12/11/2023,6:45,376
12/11/2023,7:00,384
12/11/2023,7:15,392
12/11/2023,7:30,392
12/11/2023,7:45,416
12/11/2023,8:00,424
12/11/2023,8:15,416
12/11/2023,8:30,424
12/11/2023,8:45,432
12/11/2023,9:00,432
12/11/2023,9:15,440
12/11/2023,9:30,448
12/11/2023,9:45,456
12/11/2023,10:00,448
12/11/2023,10:15,440
12/11/2023,10:30,448
12/11/2023,10:45,448
12/11/2023,11:00,448
12/11/2023,11:15,440
12/11/2023,11:30,432
12/11/2023,11:45,448
12/11/2023,12:00,448
12/11/2023,12:15,456
12/11/2023,12:30,448
12/11/2023,12:45,456
12/11/2023,13:00,448
12/11/2023,13:15,464
12/11/2023,13:30,456
12/11/2023,13:45,448
12/11/2023,14:00,464
12/11/2023,14:15,456
12/11/2023,14:30,448
12/11/2023,14:45,464
12/11/2023,15:00,440
12/11/2023,15:15,448
12/11/2023,15:30,456
12/11/2023,15:45,424
12/11/2023,16:00,440
12/11/2023,16:15,432
12/11/2023,16:30,432
12/11/2023,16:45,424
12/11/2023,17:00,424
12/11/2023,17:15,416
12/11/2023,17:30,384
12/11/2023,17:45,368
12/11/2023,18:00,368
12/11/2023,18:15,368
12/11/2023,18:30,376
12/11/2023,18:45,360
12/11/2023,19:00,360
12/11/2023,19:15,368
12/11/2023,19:30,352
12/11/2023,19:45,360
12/11/2023,20:00,352
12/11/2023,20:15,352
12/11/2023,20:30,344
12/11/2023,20:45,352
12/11/2023,21:00,344
12/11/2023,21:15,336
12/11/2023,21:30,336
12/11/2023,21:45,336
12/11/2023,22:00,344
12/11/2023,22:15,344
12/11/2023,22:30,328
12/11/2023,22:45,336
12/11/2023,23:00,328
12/11/2023,23:15,336
12/11/2023,23:30,336
12/11/2023,23:45,328
12/12/2023,0:00,328
12/12/2023,0:15,328
12/12/2023,0:30,344
12/12/2023,0:45,344
12/12/2023,1:00,336
12/12/2023,1:15,328
12/12/2023,1:30,336
12/12/2023,1:45,336
12/12/2023,2:00,336
12/12/2023,2:15,328
12/12/2023,2:30,344
12/12/2023,2:45,336
12/12/2023,3:00,328
12/12/2023,3:15,328
12/12/2023,3:30,320
12/12/2023,3:45,336
12/12/2023,4:00,336
12/12/2023,4:15,344
12/12/2023,4:30,336
12/12/2023,4:45,336
12/12/2023,5:00,328
12/12/2023,5:15,336
12/12/2023,5:30,336
12/12/2023,5:45,352
12/12/2023,6:00,368
12/12/2023,6:15,368
12/12/2023,6:30,368
12/12/2023,6:45,376
12/12/2023,7:00,400
12/12/2023,7:15,400
12/12/2023,7:30,408
12/12/2023,7:45,424
12/12/2023,8:00,448
12/12/2023,8:15,440
12/12/2023,8:30,432
12/12/2023,8:45,432
12/12/2023,9:00,432
12/12/2023,9:15,440
12/12/2023,9:30,432
12/12/2023,9:45,432
12/12/2023,10:00,424
12/12/2023,10:15,424
12/12/2023,10:30,432
12/12/2023,10:45,432
12/12/2023,11:00,432
12/12/2023,11:15,432
12/12/2023,11:30,448
12/12/2023,11:45,448
12/12/2023,12:00,456
12/12/2023,12:15,448
12/12/2023,12:30,448
12/12/2023,12:45,456
12/12/2023,13:00,448
12/12/2023,13:15,448
12/12/2023,13:30,456
12/12/2023,13:45,456
12/12/2023,14:00,456
12/12/2023,14:15,456
12/12/2023,14:30,464
12/12/2023,14:45,448
12/12/2023,15:00,464
12/12/2023,15:15,464
12/12/2023,15:30,472
12/12/2023,15:45,464
12/12/2023,16:00,456
12/12/2023,16:15,440
12/12/2023,16:30,432
12/12/2023,16:45,416
12/12/2023,17:00,416
12/12/2023,17:15,400
12/12/2023,17:30,376
12/12/2023,17:45,384
12/12/2023,18:00,368
12/12/2023,18:15,368
12/12/2023,18:30,360
12/12/2023,18:45,352
12/12/2023,19:00,360
12/12/2023,19:15,352
12/12/2023,19:30,352
12/12/2023,19:45,344
12/12/2023,20:00,352
12/12/2023,20:15,352
12/12/2023,20:30,344
12/12/2023,20:45,344
12/12/2023,21:00,344
12/12/2023,21:15,336
12/12/2023,21:30,336
12/12/2023,21:45,352
12/12/2023,22:00,328
12/12/2023,22:15,328
12/12/2023,22:30,328
12/12/2023,22:45,336
12/12/2023,23:00,328
12/12/2023,23:15,336
12/12/2023,23:30,320
12/12/2023,23:45,336
12/13/2023,0:00,344
12/13/2023,0:15,344
12/13/2023,0:30,328
12/13/2023,0:45,328
12/13/2023,1:00,328
12/13/2023,1:15,336
12/13/2023,1:30,328
12/13/2023,1:45,328
12/13/2023,2:00,336
12/13/2023,2:15,336
12/13/2023,2:30,344
12/13/2023,2:45,336
12/13/2023,3:00,320
12/13/2023,3:15,328
12/13/2023,3:30,336
12/13/2023,3:45,336
12/13/2023,4:00,336
12/13/2023,4:15,328
12/13/2023,4:30,320
12/13/2023,4:45,336
12/13/2023,5:00,336
12/13/2023,5:15,328
12/13/2023,5:30,336
12/13/2023,5:45,336
12/13/2023,6:00,368
12/13/2023,6:15,360
12/13/2023,6:30,376
12/13/2023,6:45,376
12/13/2023,7:00,384
12/13/2023,7:15,400
12/13/2023,7:30,408
12/13/2023,7:45,424
12/13/2023,8:00,424
12/13/2023,8:15,432
12/13/2023,8:30,432
12/13/2023,8:45,440
12/13/2023,9:00,432
12/13/2023,9:15,440
12/13/2023,9:30,440
12/13/2023,9:45,456
12/13/2023,10:00,464
12/13/2023,10:15,480
12/13/2023,10:30,472
12/13/2023,10:45,480
12/13/2023,11:00,472
12/13/2023,11:15,472
12/13/2023,11:30,480
12/13/2023,11:45,488
12/13/2023,12:00,464
12/13/2023,12:15,472
12/13/2023,12:30,488
12/13/2023,12:45,488
12/13/2023,13:00,504
12/13/2023,13:15,512
12/13/2023,13:30,504
12/13/2023,13:45,520
12/13/2023,14:00,528
12/13/2023,14:15,536
12/13/2023,14:30,504
12/13/2023,14:45,496
12/13/2023,15:00,496
12/13/2023,15:15,488
12/13/2023,15:30,472
12/13/2023,15:45,464
12/13/2023,16:00,456
12/13/2023,16:15,456
12/13/2023,16:30,456
12/13/2023,16:45,448
12/13/2023,17:00,432
12/13/2023,17:15,424
12/13/2023,17:30,400
12/13/2023,17:45,400
12/13/2023,18:00,400
12/13/2023,18:15,392
12/13/2023,18:30,392
12/13/2023,18:45,376
12/13/2023,19:00,384
12/13/2023,19:15,376
12/13/2023,19:30,368
12/13/2023,19:45,384
12/13/2023,20:00,392
12/13/2023,20:15,376
12/13/2023,20:30,376
12/13/2023,20:45,368
12/13/2023,21:00,368
12/13/2023,21:15,376
12/13/2023,21:30,376
12/13/2023,21:45,352
12/13/2023,22:00,360
12/13/2023,22:15,376
12/13/2023,22:30,368
12/13/2023,22:45,368
12/13/2023,23:00,368
12/13/2023,23:15,352
12/13/2023,23:30,360
12/13/2023,23:45,360
12/14/2023,0:00,368
12/14/2023,0:15,360
12/14/2023,0:30,352
12/14/2023,0:45,360
12/14/2023,1:00,368
12/14/2023,1:15,360
12/14/2023,1:30,368
12/14/2023,1:45,352
12/14/2023,2:00,352
12/14/2023,2:15,352
12/14/2023,2:30,352
12/14/2023,2:45,344
12/14/2023,3:00,344
12/14/2023,3:15,344
12/14/2023,3:30,352
12/14/2023,3:45,352
12/14/2023,4:00,352
12/14/2023,4:15,344
12/14/2023,4:30,336
12/14/2023,4:45,352
12/14/2023,5:00,352
12/14/2023,5:15,352
12/14/2023,5:30,352
12/14/2023,5:45,368
12/14/2023,6:00,384
12/14/2023,6:15,384
12/14/2023,6:30,376
12/14/2023,6:45,392
12/14/2023,7:00,392
12/14/2023,7:15,408
12/14/2023,7:30,432
12/14/2023,7:45,424
12/14/2023,8:00,424
12/14/2023,8:15,432
12/14/2023,8:30,432
12/14/2023,8:45,448
12/14/2023,9:00,456
12/14/2023,9:15,456
12/14/2023,9:30,464
12/14/2023,9:45,448
12/14/2023,10:00,448
12/14/2023,10:15,464
12/14/2023,10:30,456
12/14/2023,10:45,472
12/14/2023,11:00,472
12/14/2023,11:15,464
12/14/2023,11:30,448
12/14/2023,11:45,472
12/14/2023,12:00,464
12/14/2023,12:15,456
12/14/2023,12:30,456
12/14/2023,12:45,488
12/14/2023,13:00,496
12/14/2023,13:15,480
12/14/2023,13:30,488
12/14/2023,13:45,504
12/14/2023,14:00,496
12/14/2023,14:15,480
12/14/2023,14:30,496
12/14/2023,14:45,464
12/14/2023,15:00,472
12/14/2023,15:15,472
12/14/2023,15:30,480
12/14/2023,15:45,464
12/14/2023,16:00,472
12/14/2023,16:15,472
12/14/2023,16:30,464
12/14/2023,16:45,424
12/14/2023,17:00,424
12/14/2023,17:15,400
12/14/2023,17:30,384
12/14/2023,17:45,384
12/14/2023,18:00,384
12/14/2023,18:15,384
12/14/2023,18:30,376
12/14/2023,18:45,376
12/14/2023,19:00,384
12/14/2023,19:15,376
12/14/2023,19:30,368
12/14/2023,19:45,368
12/14/2023,20:00,384
12/14/2023,20:15,376
12/14/2023,20:30,376
12/14/2023,20:45,360
12/14/2023,21:00,352
12/14/2023,21:15,352
12/14/2023,21:30,360
12/14/2023,21:45,360
12/14/2023,22:00,360
12/14/2023,22:15,352
12/14/2023,22:30,344
12/14/2023,22:45,360
12/14/2023,23:00,352
12/14/2023,23:15,344
12/14/2023,23:30,352
12/14/2023,23:45,344
12/15/2023,0:00,352
12/15/2023,0:15,352
12/15/2023,0:30,352
12/15/2023,0:45,336
12/15/2023,1:00,352
12/15/2023,1:15,344
12/15/2023,1:30,352
12/15/2023,1:45,352
12/15/2023,2:00,344
12/15/2023,2:15,352
12/15/2023,2:30,360
12/15/2023,2:45,352
12/15/2023,3:00,344
12/15/2023,3:15,336
12/15/2023,3:30,344
12/15/2023,3:45,344
12/15/2023,4:00,360
12/15/2023,4:15,352
12/15/2023,4:30,352
12/15/2023,4:45,344
12/15/2023,5:00,336
12/15/2023,5:15,352
12/15/2023,5:30,344
12/15/2023,5:45,352
12/15/2023,6:00,376
12/15/2023,6:15,368
12/15/2023,6:30,376
12/15/2023,6:45,376
12/15/2023,7:00,384
12/15/2023,7:15,400
12/15/2023,7:30,416
12/15/2023,7:45,416
12/15/2023,8:00,424
12/15/2023,8:15,424
12/15/2023,8:30,424
12/15/2023,8:45,448
12/15/2023,9:00,440
12/15/2023,9:15,432
12/15/2023,9:30,448
12/15/2023,9:45,448
12/15/2023,10:00,448
12/15/2023,10:15,440
12/15/2023,10:30,440
12/15/2023,10:45,456
12/15/2023,11:00,448
12/15/2023,11:15,464
12/15/2023,11:30,464
12/15/2023,11:45,464
12/15/2023,12:00,472
12/15/2023,12:15,472
12/15/2023,12:30,480
12/15/2023,12:45,472
12/15/2023,13:00,512
12/15/2023,13:15,496
12/15/2023,13:30,504
12/15/2023,13:45,528
12/15/2023,14:00,528
12/15/2023,14:15,504
12/15/2023,14:30,480
12/15/2023,14:45,488
12/15/2023,15:00,496
12/15/2023,15:15,488
12/15/2023,15:30,464
12/15/2023,15:45,448
12/15/2023,16:00,440
12/15/2023,16:15,456
12/15/2023,16:30,440
12/15/2023,16:45,416
12/15/2023,17:00,408
12/15/2023,17:15,408
12/15/2023,17:30,400
12/15/2023,17:45,376
12/15/2023,18:00,376
12/15/2023,18:15,376
12/15/2023,18:30,384
12/15/2023,18:45,376
12/15/2023,19:00,360
12/15/2023,19:15,368
12/15/2023,19:30,368
12/15/2023,19:45,368
12/15/2023,20:00,368
12/15/2023,20:15,368
12/15/2023,20:30,368
12/15/2023,20:45,368
12/15/2023,21:00,360
12/15/2023,21:15,360
12/15/2023,21:30,352
12/15/2023,21:45,352
12/15/2023,22:00,344
12/15/2023,22:15,352
12/15/2023,22:30,360
12/15/2023,22:45,336
12/15/2023,23:00,336
12/15/2023,23:15,344
12/15/2023,23:30,352
12/15/2023,23:45,352
12/16/2023,0:00,344
12/16/2023,0:15,336
12/16/2023,0:30,352
12/16/2023,0:45,352
12/16/2023,1:00,344
12/16/2023,1:15,352
12/16/2023,1:30,336
12/16/2023,1:45,344
12/16/2023,2:00,352
12/16/2023,2:15,344
12/16/2023,2:30,344
12/16/2023,2:45,336
12/16/2023,3:00,328
12/16/2023,3:15,352
12/16/2023,3:30,344
12/16/2023,3:45,352
12/16/2023,4:00,344
12/16/2023,4:15,344
12/16/2023,4:30,344
12/16/2023,4:45,336
12/16/2023,5:00,344
12/16/2023,5:15,344
12/16/2023,5:30,328
12/16/2023,5:45,336
12/16/2023,6:00,352
12/16/2023,6:15,344
12/16/2023,6:30,344
12/16/2023,6:45,336
12/16/2023,7:00,336
12/16/2023,7:15,336
12/16/2023,7:30,344
12/16/2023,7:45,344
12/16/2023,8:00,336
12/16/2023,8:15,328
12/16/2023,8:30,320
12/16/2023,8:45,344
12/16/2023,9:00,320
12/16/2023,9:15,328
12/16/2023,9:30,328
12/16/2023,9:45,336
12/16/2023,10:00,344
12/16/2023,10:15,344
12/16/2023,10:30,352
12/16/2023,10:45,352
12/16/2023,11:00,336
12/16/2023,11:15,344
12/16/2023,11:30,352
12/16/2023,11:45,368
12/16/2023,12:00,408
12/16/2023,12:15,384
12/16/2023,12:30,392
12/16/2023,12:45,432
12/16/2023,13:00,440
12/16/2023,13:15,448
12/16/2023,13:30,464
12/16/2023,13:45,472
12/16/2023,14:00,456
12/16/2023,14:15,472
12/16/2023,14:30,464
12/16/2023,14:45,480
12/16/2023,15:00,448
12/16/2023,15:15,464
12/16/2023,15:30,464
12/16/2023,15:45,400
12/16/2023,16:00,392
12/16/2023,16:15,368
12/16/2023,16:30,392
12/16/2023,16:45,392
12/16/2023,17:00,384
12/16/2023,17:15,368
12/16/2023,17:30,376
12/16/2023,17:45,376
12/16/2023,18:00,376
12/16/2023,18:15,360
12/16/2023,18:30,360
12/16/2023,18:45,352
12/16/2023,19:00,352
12/16/2023,19:15,352
12/16/2023,19:30,344
12/16/2023,19:45,344
12/16/2023,20:00,360
12/16/2023,20:15,360
12/16/2023,20:30,352
12/16/2023,20:45,344
12/16/2023,21:00,336
12/16/2023,21:15,352
12/16/2023,21:30,352
12/16/2023,21:45,352
12/16/2023,22:00,336
12/16/2023,22:15,344
12/16/2023,22:30,344
12/16/2023,22:45,352
12/16/2023,23:00,336
12/16/2023,23:15,344
12/16/2023,23:30,344
12/16/2023,23:45,352
12/17/2023,0:00,352
12/17/2023,0:15,336
12/17/2023,0:30,344
12/17/2023,0:45,352
12/17/2023,1:00,352
12/17/2023,1:15,352
12/17/2023,1:30,344
12/17/2023,1:45,328
12/17/2023,2:00,344
12/17/2023,2:15,344
12/17/2023,2:30,352
12/17/2023,2:45,336
12/17/2023,3:00,344
12/17/2023,3:15,344
12/17/2023,3:30,360
12/17/2023,3:45,352
12/17/2023,4:00,336
12/17/2023,4:15,336
12/17/2023,4:30,344
12/17/2023,4:45,344
12/17/2023,5:00,344
12/17/2023,5:15,336
12/17/2023,5:30,336
12/17/2023,5:45,344
12/17/2023,6:00,344
12/17/2023,6:15,352
12/17/2023,6:30,344
12/17/2023,6:45,336
12/17/2023,7:00,328
12/17/2023,7:15,336
12/17/2023,7:30,352
12/17/2023,7:45,336
12/17/2023,8:00,328
12/17/2023,8:15,328
12/17/2023,8:30,320
12/17/2023,8:45,320
12/17/2023,9:00,328
12/17/2023,9:15,320
12/17/2023,9:30,320
12/17/2023,9:45,328
12/17/2023,10:00,328
12/17/2023,10:15,328
12/17/2023,10:30,320
12/17/2023,10:45,320
12/17/2023,11:00,312
12/17/2023,11:15,320
12/17/2023,11:30,328
12/17/2023,11:45,312
12/17/2023,12:00,312
12/17/2023,12:15,320
12/17/2023,12:30,328
12/17/2023,12:45,328
12/17/2023,13:00,344
12/17/2023,13:15,328
12/17/2023,13:30,336
12/17/2023,13:45,344
12/17/2023,14:00,328
12/17/2023,14:15,328
12/17/2023,14:30,320
12/17/2023,14:45,328
12/17/2023,15:00,336
12/17/2023,15:15,328
12/17/2023,15:30,336
12/17/2023,15:45,328
12/17/2023,16:00,336
12/17/2023,16:15,336
12/17/2023,16:30,344
12/17/2023,16:45,344
12/17/2023,17:00,336
12/17/2023,17:15,344
12/17/2023,17:30,360
12/17/2023,17:45,360
12/17/2023,18:00,352
12/17/2023,18:15,336
12/17/2023,18:30,352
12/17/2023,18:45,344
12/17/2023,19:00,344
12/17/2023,19:15,352
12/17/2023,19:30,352
12/17/2023,19:45,352
12/17/2023,20:00,360
12/17/2023,20:15,352
12/17/2023,20:30,352
12/17/2023,20:45,344
12/17/2023,21:00,352
12/17/2023,21:15,360
12/17/2023,21:30,352
12/17/2023,21:45,344
12/17/2023,22:00,344
12/17/2023,22:15,352
12/17/2023,22:30,352
12/17/2023,22:45,360
12/17/2023,23:00,344
12/17/2023,23:15,344
12/17/2023,23:30,352
12/17/2023,23:45,352
12/18/2023,0:00,352
12/18/2023,0:15,344
12/18/2023,0:30,344
12/18/2023,0:45,360
12/18/2023,1:00,352
12/18/2023,1:15,352
12/18/2023,1:30,344
12/18/2023,1:45,336
12/18/2023,2:00,344
12/18/2023,2:15,344
12/18/2023,2:30,352
12/18/2023,2:45,344
12/18/2023,3:00,344
12/18/2023,3:15,352
12/18/2023,3:30,360
12/18/2023,3:45,352
12/18/2023,4:00,344
12/18/2023,4:15,344
12/18/2023,4:30,352
12/18/2023,4:45,344
12/18/2023,5:00,344
12/18/2023,5:15,328
12/18/2023,5:30,344
12/18/2023,5:45,368
12/18/2023,6:00,376
12/18/2023,6:15,384
12/18/2023,6:30,376
12/18/2023,6:45,376
12/18/2023,7:00,400
12/18/2023,7:15,424
12/18/2023,7:30,424
12/18/2023,7:45,424
12/18/2023,8:00,432
12/18/2023,8:15,456
12/18/2023,8:30,440
12/18/2023,8:45,456
12/18/2023,9:00,440
12/18/2023,9:15,448
12/18/2023,9:30,456
12/18/2023,9:45,464
12/18/2023,10:00,464
12/18/2023,10:15,448
12/18/2023,10:30,456
12/18/2023,10:45,472
12/18/2023,11:00,456
12/18/2023,11:15,472
12/18/2023,11:30,456
12/18/2023,11:45,472
12/18/2023,12:00,472
12/18/2023,12:15,488
12/18/2023,12:30,464
12/18/2023,12:45,472
12/18/2023,13:00,456
12/18/2023,13:15,488
12/18/2023,13:30,488
12/18/2023,13:45,480
12/18/2023,14:00,488
12/18/2023,14:15,480
12/18/2023,14:30,464
12/18/2023,14:45,472
12/18/2023,15:00,464
12/18/2023,15:15,456
12/18/2023,15:30,448
12/18/2023,15:45,472
12/18/2023,16:00,464
12/18/2023,16:15,448
12/18/2023,16:30,448
12/18/2023,16:45,448
12/18/2023,17:00,448
12/18/2023,17:15,432
12/18/2023,17:30,432
12/18/2023,17:45,408
12/18/2023,18:00,400
12/18/2023,18:15,392
12/18/2023,18:30,400
12/18/2023,18:45,368
12/18/2023,19:00,384
12/18/2023,19:15,392
12/18/2023,19:30,392
12/18/2023,19:45,376
12/18/2023,20:00,368
12/18/2023,20:15,392
12/18/2023,20:30,384
12/18/2023,20:45,376
12/18/2023,21:00,376
12/18/2023,21:15,368
12/18/2023,21:30,368
12/18/2023,21:45,368
12/18/2023,22:00,360
12/18/2023,22:15,344
12/18/2023,22:30,360
12/18/2023,22:45,368
12/18/2023,23:00,376
12/18/2023,23:15,368
12/18/2023,23:30,368
12/18/2023,23:45,368
12/19/2023,0:00,344
12/19/2023,0:15,360
12/19/2023,0:30,352
12/19/2023,0:45,336
12/19/2023,1:00,344
12/19/2023,1:15,352
12/19/2023,1:30,352
12/19/2023,1:45,352
12/19/2023,2:00,344
12/19/2023,2:15,352
12/19/2023,2:30,352
12/19/2023,2:45,352
12/19/2023,3:00,352
12/19/2023,3:15,352
12/19/2023,3:30,368
12/19/2023,3:45,360
12/19/2023,4:00,360
12/19/2023,4:15,344
12/19/2023,4:30,360
12/19/2023,4:45,368
12/19/2023,5:00,360
12/19/2023,5:15,344
12/19/2023,5:30,360
12/19/2023,5:45,368
12/19/2023,6:00,392
12/19/2023,6:15,384
12/19/2023,6:30,392
12/19/2023,6:45,392
12/19/2023,7:00,408
12/19/2023,7:15,424
12/19/2023,7:30,416
12/19/2023,7:45,424
12/19/2023,8:00,424
12/19/2023,8:15,456
12/19/2023,8:30,456
12/19/2023,8:45,456
12/19/2023,9:00,480
12/19/2023,9:15,456
12/19/2023,9:30,480
12/19/2023,9:45,472
12/19/2023,10:00,480
12/19/2023,10:15,488
12/19/2023,10:30,512
12/19/2023,10:45,528
12/19/2023,11:00,504
12/19/2023,11:15,520
12/19/2023,11:30,496
12/19/2023,11:45,512
12/19/2023,12:00,504
12/19/2023,12:15,496
12/19/2023,12:30,504
12/19/2023,12:45,496
12/19/2023,13:00,520
12/19/2023,13:15,496
12/19/2023,13:30,488
12/19/2023,13:45,504
12/19/2023,14:00,488
12/19/2023,14:15,496
12/19/2023,14:30,480
12/19/2023,14:45,488
12/19/2023,15:00,464
12/19/2023,15:15,488
12/19/2023,15:30,504
12/19/2023,15:45,464
12/19/2023,16:00,472
12/19/2023,16:15,480
12/19/2023,16:30,472
12/19/2023,16:45,448
12/19/2023,17:00,448
12/19/2023,17:15,440
12/19/2023,17:30,432
12/19/2023,17:45,432
12/19/2023,18:00,400
12/19/2023,18:15,392
12/19/2023,18:30,408
12/19/2023,18:45,408
12/19/2023,19:00,384
12/19/2023,19:15,400
12/19/2023,19:30,384
12/19/2023,19:45,392
12/19/2023,20:00,400
12/19/2023,20:15,384
12/19/2023,20:30,392
12/19/2023,20:45,376
12/19/2023,21:00,376
12/19/2023,21:15,368
12/19/2023,21:30,368
12/19/2023,21:45,360
12/19/2023,22:00,376
12/19/2023,22:15,368
12/19/2023,22:30,376
12/19/2023,22:45,360
12/19/2023,23:00,360
12/19/2023,23:15,368
12/19/2023,23:30,368
12/19/2023,23:45,352
12/20/2023,0:00,368
12/20/2023,0:15,360
12/20/2023,0:30,368
12/20/2023,0:45,368
12/20/2023,1:00,360
12/20/2023,1:15,352
12/20/2023,1:30,360
12/20/2023,1:45,368
12/20/2023,2:00,368
12/20/2023,2:15,368
12/20/2023,2:30,360
12/20/2023,2:45,368
12/20/2023,3:00,360
12/20/2023,3:15,352
12/20/2023,3:30,360
12/20/2023,3:45,368
12/20/2023,4:00,360
12/20/2023,4:15,368
12/20/2023,4:30,368
12/20/2023,4:45,360
12/20/2023,5:00,368
12/20/2023,5:15,376
12/20/2023,5:30,360
12/20/2023,5:45,368
12/20/2023,6:00,384
12/20/2023,6:15,392
12/20/2023,6:30,400
12/20/2023,6:45,400
12/20/2023,7:00,408
12/20/2023,7:15,424
12/20/2023,7:30,432
12/20/2023,7:45,440
12/20/2023,8:00,448
12/20/2023,8:15,456
12/20/2023,8:30,464
12/20/2023,8:45,480
12/20/2023,9:00,480
12/20/2023,9:15,464
12/20/2023,9:30,456
12/20/2023,9:45,456
12/20/2023,10:00,456
12/20/2023,10:15,472
12/20/2023,10:30,472
12/20/2023,10:45,480
12/20/2023,11:00,488
12/20/2023,11:15,472
12/20/2023,11:30,480
12/20/2023,11:45,480
12/20/2023,12:00,464
12/20/2023,12:15,464
12/20/2023,12:30,472
12/20/2023,12:45,464
12/20/2023,13:00,464
12/20/2023,13:15,456
12/20/2023,13:30,464
12/20/2023,13:45,480
12/20/2023,14:00,480
12/20/2023,14:15,464
12/20/2023,14:30,464
12/20/2023,14:45,488
12/20/2023,15:00,472
12/20/2023,15:15,464
12/20/2023,15:30,464
12/20/2023,15:45,456
12/20/2023,16:00,464
12/20/2023,16:15,456
12/20/2023,16:30,424
12/20/2023,16:45,424
12/20/2023,17:00,440
12/20/2023,17:15,424
12/20/2023,17:30,408
12/20/2023,17:45,392
12/20/2023,18:00,392
12/20/2023,18:15,384
12/20/2023,18:30,392
12/20/2023,18:45,392
12/20/2023,19:00,392
12/20/2023,19:15,376
12/20/2023,19:30,384
12/20/2023,19:45,384
12/20/2023,20:00,392
12/20/2023,20:15,384
12/20/2023,20:30,392
12/20/2023,20:45,392
12/20/2023,21:00,384
12/20/2023,21:15,368
12/20/2023,21:30,376
12/20/2023,21:45,368
12/20/2023,22:00,384
12/20/2023,22:15,376
12/20/2023,22:30,360
12/20/2023,22:45,360
12/20/2023,23:00,368
12/20/2023,23:15,376
12/20/2023,23:30,368
12/20/2023,23:45,360
12/21/2023,0:00,368
12/21/2023,0:15,368
12/21/2023,0:30,376
12/21/2023,0:45,376
12/21/2023,1:00,360
12/21/2023,1:15,368
12/21/2023,1:30,360
12/21/2023,1:45,376
12/21/2023,2:00,360
12/21/2023,2:15,368
12/21/2023,2:30,368
12/21/2023,2:45,376
12/21/2023,3:00,368
12/21/2023,3:15,360
12/21/2023,3:30,360
12/21/2023,3:45,368
12/21/2023,4:00,368
12/21/2023,4:15,376
12/21/2023,4:30,368
12/21/2023,4:45,360
12/21/2023,5:00,352
12/21/2023,5:15,360
12/21/2023,5:30,360
12/21/2023,5:45,384
12/21/2023,6:00,384
12/21/2023,6:15,392
12/21/2023,6:30,400
12/21/2023,6:45,400
12/21/2023,7:00,408
12/21/2023,7:15,416
12/21/2023,7:30,424
12/21/2023,7:45,440
12/21/2023,8:00,448
12/21/2023,8:15,448
12/21/2023,8:30,440
12/21/2023,8:45,448
12/21/2023,9:00,456
12/21/2023,9:15,440
12/21/2023,9:30,424
12/21/2023,9:45,432
12/21/2023,10:00,424
12/21/2023,10:15,440
12/21/2023,10:30,448
12/21/2023,10:45,440
12/21/2023,11:00,464
12/21/2023,11:15,464
12/21/2023,11:30,464
12/21/2023,11:45,480
12/21/2023,12:00,480
12/21/2023,12:15,472
12/21/2023,12:30,472
12/21/2023,12:45,480
12/21/2023,13:00,488
12/21/2023,13:15,488
12/21/2023,13:30,480
12/21/2023,13:45,464
12/21/2023,14:00,464
12/21/2023,14:15,480
12/21/2023,14:30,464
12/21/2023,14:45,472
12/21/2023,15:00,456
12/21/2023,15:15,464
12/21/2023,15:30,440
12/21/2023,15:45,448
12/21/2023,16:00,440
12/21/2023,16:15,424
12/21/2023,16:30,448
12/21/2023,16:45,432
12/21/2023,17:00,432
12/21/2023,17:15,416
12/21/2023,17:30,408
12/21/2023,17:45,400
12/21/2023,18:00,408
12/21/2023,18:15,392
12/21/2023,18:30,384
12/21/2023,18:45,384
12/21/2023,19:00,408
12/21/2023,19:15,392
12/21/2023,19:30,384
12/21/2023,19:45,384
12/21/2023,20:00,384
12/21/2023,20:15,384
12/21/2023,20:30,392
12/21/2023,20:45,376
12/21/2023,21:00,384
12/21/2023,21:15,376
12/21/2023,21:30,376
12/21/2023,21:45,376
12/21/2023,22:00,368
12/21/2023,22:15,368
12/21/2023,22:30,360
12/21/2023,22:45,376
12/21/2023,23:00,368
12/21/2023,23:15,368
12/21/2023,23:30,368
12/21/2023,23:45,368
12/22/2023,0:00,368
12/22/2023,0:15,376
12/22/2023,0:30,368
12/22/2023,0:45,360
12/22/2023,1:00,376
12/22/2023,1:15,368
12/22/2023,1:30,368
12/22/2023,1:45,368
12/22/2023,2:00,352
12/22/2023,2:15,368
12/22/2023,2:30,368
12/22/2023,2:45,368
12/22/2023,3:00,360
12/22/2023,3:15,368
12/22/2023,3:30,368
12/22/2023,3:45,368
12/22/2023,4:00,360
12/22/2023,4:15,360
12/22/2023,4:30,360
12/22/2023,4:45,368
12/22/2023,5:00,368
12/22/2023,5:15,368
12/22/2023,5:30,352
12/22/2023,5:45,368
12/22/2023,6:00,392
12/22/2023,6:15,392
12/22/2023,6:30,400
12/22/2023,6:45,392
12/22/2023,7:00,400
12/22/2023,7:15,416
12/22/2023,7:30,432
12/22/2023,7:45,432
12/22/2023,8:00,440
12/22/2023,8:15,424
12/22/2023,8:30,432
12/22/2023,8:45,424
12/22/2023,9:00,424
12/22/2023,9:15,432
12/22/2023,9:30,432
12/22/2023,9:45,432
12/22/2023,10:00,448
12/22/2023,10:15,464
12/22/2023,10:30,456
12/22/2023,10:45,440
12/22/2023,11:00,448
12/22/2023,11:15,440
12/22/2023,11:30,480
12/22/2023,11:45,472
12/22/2023,12:00,488
12/22/2023,12:15,480
12/22/2023,12:30,512
12/22/2023,12:45,504
12/22/2023,13:00,528
12/22/2023,13:15,512
12/22/2023,13:30,536
12/22/2023,13:45,536
12/22/2023,14:00,520
12/22/2023,14:15,528
12/22/2023,14:30,512
12/22/2023,14:45,520
12/22/2023,15:00,528
12/22/2023,15:15,512
12/22/2023,15:30,504
12/22/2023,15:45,488
12/22/2023,16:00,480
12/22/2023,16:15,464
12/22/2023,16:30,448
12/22/2023,16:45,416
12/22/2023,17:00,416
12/22/2023,17:15,416
12/22/2023,17:30,400
12/22/2023,17:45,392
12/22/2023,18:00,376
12/22/2023,18:15,392
12/22/2023,18:30,392
12/22/2023,18:45,384
12/22/2023,19:00,384
12/22/2023,19:15,392
12/22/2023,19:30,384
12/22/2023,19:45,384
12/22/2023,20:00,384
12/22/2023,20:15,376
12/22/2023,20:30,384
12/22/2023,20:45,384
12/22/2023,21:00,376
12/22/2023,21:15,368
12/22/2023,21:30,368
12/22/2023,21:45,376
12/22/2023,22:00,376
12/22/2023,22:15,368
12/22/2023,22:30,352
12/22/2023,22:45,368
12/22/2023,23:00,360
12/22/2023,23:15,360
12/22/2023,23:30,368
12/22/2023,23:45,360
12/23/2023,0:00,368
12/23/2023,0:15,368
12/23/2023,0:30,368
12/23/2023,0:45,360
12/23/2023,1:00,360
12/23/2023,1:15,352
12/23/2023,1:30,360
12/23/2023,1:45,368
12/23/2023,2:00,360
12/23/2023,2:15,360
12/23/2023,2:30,344
12/23/2023,2:45,352
12/23/2023,3:00,360
12/23/2023,3:15,360
12/23/2023,3:30,360
12/23/2023,3:45,352
12/23/2023,4:00,352
12/23/2023,4:15,368
12/23/2023,4:30,352
12/23/2023,4:45,360
12/23/2023,5:00,344
12/23/2023,5:15,352
12/23/2023,5:30,352
12/23/2023,5:45,360
12/23/2023,6:00,352
12/23/2023,6:15,352
12/23/2023,6:30,344
12/23/2023,6:45,352
12/23/2023,7:00,360
12/23/2023,7:15,344
12/23/2023,7:30,352
12/23/2023,7:45,336
12/23/2023,8:00,344
12/23/2023,8:15,336
12/23/2023,8:30,344
12/23/2023,8:45,344
12/23/2023,9:00,336
12/23/2023,9:15,336
12/23/2023,9:30,328
12/23/2023,9:45,336
12/23/2023,10:00,336
12/23/2023,10:15,336
12/23/2023,10:30,344
12/23/2023,10:45,344
12/23/2023,11:00,352
12/23/2023,11:15,344
12/23/2023,11:30,376
12/23/2023,11:45,376
12/23/2023,12:00,376
12/23/2023,12:15,392
12/23/2023,12:30,392
12/23/2023,12:45,392
12/23/2023,13:00,400
12/23/2023,13:15,384
12/23/2023,13:30,416
12/23/2023,13:45,400
12/23/2023,14:00,408
12/23/2023,14:15,408
12/23/2023,14:30,432
12/23/2023,14:45,432
12/23/2023,15:00,448
12/23/2023,15:15,424
12/23/2023,15:30,432
12/23/2023,15:45,408
12/23/2023,16:00,400
12/23/2023,16:15,424
12/23/2023,16:30,384
12/23/2023,16:45,376
12/23/2023,17:00,384
12/23/2023,17:15,368
12/23/2023,17:30,376
12/23/2023,17:45,368
12/23/2023,18:00,368
12/23/2023,18:15,360
12/23/2023,18:30,368
12/23/2023,18:45,360
12/23/2023,19:00,352
12/23/2023,19:15,360
12/23/2023,19:30,360
12/23/2023,19:45,352
12/23/2023,20:00,360
12/23/2023,20:15,352
12/23/2023,20:30,352
12/23/2023,20:45,360
12/23/2023,21:00,352
12/23/2023,21:15,352
12/23/2023,21:30,344
12/23/2023,21:45,352
12/23/2023,22:00,352
12/23/2023,22:15,352
12/23/2023,22:30,352
12/23/2023,22:45,344
12/23/2023,23:00,344
12/23/2023,23:15,344
12/23/2023,23:30,352
12/23/2023,23:45,344
12/24/2023,0:00,344
12/24/2023,0:15,344
12/24/2023,0:30,352
12/24/2023,0:45,360
12/24/2023,1:00,352
12/24/2023,1:15,352
12/24/2023,1:30,336
12/24/2023,1:45,352
12/24/2023,2:00,344
12/24/2023,2:15,352
12/24/2023,2:30,344
12/24/2023,2:45,344
12/24/2023,3:00,344
12/24/2023,3:15,352
12/24/2023,3:30,352
12/24/2023,3:45,344
12/24/2023,4:00,352
12/24/2023,4:15,344
12/24/2023,4:30,344
12/24/2023,4:45,344
12/24/2023,5:00,360
12/24/2023,5:15,352
12/24/2023,5:30,336
12/24/2023,5:45,336
12/24/2023,6:00,336
12/24/2023,6:15,344
12/24/2023,6:30,352
12/24/2023,6:45,344
12/24/2023,7:00,344
12/24/2023,7:15,328
12/24/2023,7:30,336
12/24/2023,7:45,336
12/24/2023,8:00,328
12/24/2023,8:15,336
12/24/2023,8:30,320
12/24/2023,8:45,312
12/24/2023,9:00,320
12/24/2023,9:15,328
12/24/2023,9:30,320
12/24/2023,9:45,336
12/24/2023,10:00,328
12/24/2023,10:15,328
12/24/2023,10:30,328
12/24/2023,10:45,328
12/24/2023,11:00,328
12/24/2023,11:15,328
12/24/2023,11:30,336
12/24/2023,11:45,328
12/24/2023,12:00,344
12/24/2023,12:15,336
12/24/2023,12:30,344
12/24/2023,12:45,336
12/24/2023,13:00,328
12/24/2023,13:15,344
12/24/2023,13:30,344
12/24/2023,13:45,344
12/24/2023,14:00,344
12/24/2023,14:15,344
12/24/2023,14:30,352
12/24/2023,14:45,344
12/24/2023,15:00,352
12/24/2023,15:15,344
12/24/2023,15:30,352
12/24/2023,15:45,352
12/24/2023,16:00,344
12/24/2023,16:15,344
12/24/2023,16:30,352
12/24/2023,16:45,360
12/24/2023,17:00,352
12/24/2023,17:15,360
12/24/2023,17:30,360
12/24/2023,17:45,344
12/24/2023,18:00,352
12/24/2023,18:15,352
12/24/2023,18:30,352
12/24/2023,18:45,344
12/24/2023,19:00,352
12/24/2023,19:15,344
12/24/2023,19:30,344
12/24/2023,19:45,344
12/24/2023,20:00,344
12/24/2023,20:15,328
12/24/2023,20:30,352
12/24/2023,20:45,352
12/24/2023,21:00,352
12/24/2023,21:15,344
12/24/2023,21:30,336
12/24/2023,21:45,344
12/24/2023,22:00,352
12/24/2023,22:15,352
12/24/2023,22:30,344
12/24/2023,22:45,344
12/24/2023,23:00,352
12/24/2023,23:15,344
12/24/2023,23:30,344
12/24/2023,23:45,344
12/25/2023,0:00,344
12/25/2023,0:15,336
12/25/2023,0:30,344
12/25/2023,0:45,352
12/25/2023,1:00,344
12/25/2023,1:15,344
12/25/2023,1:30,336
12/25/2023,1:45,352
12/25/2023,2:00,336
12/25/2023,2:15,336
12/25/2023,2:30,336
12/25/2023,2:45,344
12/25/2023,3:00,336
12/25/2023,3:15,344
12/25/2023,3:30,344
12/25/2023,3:45,344
12/25/2023,4:00,336
12/25/2023,4:15,328
12/25/2023,4:30,352
12/25/2023,4:45,336
12/25/2023,5:00,336
12/25/2023,5:15,344
12/25/2023,5:30,336
12/25/2023,5:45,328
12/25/2023,6:00,336
12/25/2023,6:15,336
12/25/2023,6:30,336
12/25/2023,6:45,336
12/25/2023,7:00,328
12/25/2023,7:15,320
12/25/2023,7:30,336
12/25/2023,7:45,328
12/25/2023,8:00,336
12/25/2023,8:15,320
12/25/2023,8:30,320
12/25/2023,8:45,312
12/25/2023,9:00,320
12/25/2023,9:15,320
12/25/2023,9:30,328
12/25/2023,9:45,320
12/25/2023,10:00,320
12/25/2023,10:15,312
12/25/2023,10:30,328
12/25/2023,10:45,328
12/25/2023,11:00,320
12/25/2023,11:15,320
12/25/2023,11:30,328
12/25/2023,11:45,336
12/25/2023,12:00,360
12/25/2023,12:15,352
12/25/2023,12:30,352
12/25/2023,12:45,352
12/25/2023,13:00,344
12/25/2023,13:15,368
12/25/2023,13:30,360
12/25/2023,13:45,368
12/25/2023,14:00,368
12/25/2023,14:15,400
12/25/2023,14:30,376
12/25/2023,14:45,360
12/25/2023,15:00,360
12/25/2023,15:15,384
12/25/2023,15:30,360
12/25/2023,15:45,376
12/25/2023,16:00,368
12/25/2023,16:15,344
12/25/2023,16:30,344
12/25/2023,16:45,344
12/25/2023,17:00,344
12/25/2023,17:15,352
12/25/2023,17:30,352
12/25/2023,17:45,344
12/25/2023,18:00,360
12/25/2023,18:15,360
12/25/2023,18:30,352
12/25/2023,18:45,360
12/25/2023,19:00,344
12/25/2023,19:15,352
12/25/2023,19:30,352
12/25/2023,19:45,352
12/25/2023,20:00,344
12/25/2023,20:15,344
12/25/2023,20:30,344
12/25/2023,20:45,352
12/25/2023,21:00,352
12/25/2023,21:15,352
12/25/2023,21:30,344
12/25/2023,21:45,352
12/25/2023,22:00,344
12/25/2023,22:15,352
12/25/2023,22:30,344
12/25/2023,22:45,344
12/25/2023,23:00,352
12/25/2023,23:15,344
12/25/2023,23:30,344
12/25/2023,23:45,336
12/26/2023,0:00,352
12/26/2023,0:15,352
12/26/2023,0:30,344
12/26/2023,0:45,344
12/26/2023,1:00,344
12/26/2023,1:15,352
12/26/2023,1:30,352
12/26/2023,1:45,344
12/26/2023,2:00,352
12/26/2023,2:15,336
12/26/2023,2:30,344
12/26/2023,2:45,336
12/26/2023,3:00,352
12/26/2023,3:15,352
12/26/2023,3:30,344
12/26/2023,3:45,344
12/26/2023,4:00,360
12/26/2023,4:15,344
12/26/2023,4:30,352
12/26/2023,4:45,336
12/26/2023,5:00,336
12/26/2023,5:15,344
12/26/2023,5:30,336
12/26/2023,5:45,360
12/26/2023,6:00,376
12/26/2023,6:15,360
12/26/2023,6:30,376
12/26/2023,6:45,384
12/26/2023,7:00,376
12/26/2023,7:15,400
12/26/2023,7:30,408
12/26/2023,7:45,392
12/26/2023,8:00,416
12/26/2023,8:15,408
12/26/2023,8:30,424
12/26/2023,8:45,416
12/26/2023,9:00,408
12/26/2023,9:15,416
12/26/2023,9:30,424
12/26/2023,9:45,424
12/26/2023,10:00,424
12/26/2023,10:15,400
12/26/2023,10:30,408
12/26/2023,10:45,424
12/26/2023,11:00,416
12/26/2023,11:15,424
12/26/2023,11:30,416
12/26/2023,11:45,400
12/26/2023,12:00,416
12/26/2023,12:15,416
12/26/2023,12:30,448
12/26/2023,12:45,456
12/26/2023,13:00,456
12/26/2023,13:15,440
12/26/2023,13:30,464
12/26/2023,13:45,464
12/26/2023,14:00,456
12/26/2023,14:15,440
12/26/2023,14:30,440
12/26/2023,14:45,448
12/26/2023,15:00,448
12/26/2023,15:15,432
12/26/2023,15:30,408
12/26/2023,15:45,424
12/26/2023,16:00,416
12/26/2023,16:15,424
12/26/2023,16:30,440
12/26/2023,16:45,408
12/26/2023,17:00,400
12/26/2023,17:15,416
12/26/2023,17:30,384
12/26/2023,17:45,384
12/26/2023,18:00,368
12/26/2023,18:15,376
12/26/2023,18:30,368
12/26/2023,18:45,368
12/26/2023,19:00,368
12/26/2023,19:15,360
12/26/2023,19:30,384
12/26/2023,19:45,368
12/26/2023,20:00,376
12/26/2023,20:15,360
12/26/2023,20:30,368
12/26/2023,20:45,368
12/26/2023,21:00,368
12/26/2023,21:15,360
12/26/2023,21:30,352
12/26/2023,21:45,352
12/26/2023,22:00,352
12/26/2023,22:15,352
12/26/2023,22:30,352
12/26/2023,22:45,344
12/26/2023,23:00,344
12/26/2023,23:15,360
12/26/2023,23:30,352
12/26/2023,23:45,360
12/27/2023,0:00,352
12/27/2023,0:15,352
12/27/2023,0:30,352
12/27/2023,0:45,344
12/27/2023,1:00,352
12/27/2023,1:15,344
12/27/2023,1:30,344
12/27/2023,1:45,352
12/27/2023,2:00,360
12/27/2023,2:15,344
12/27/2023,2:30,352
12/27/2023,2:45,344
12/27/2023,3:00,352
12/27/2023,3:15,352
12/27/2023,3:30,336
12/27/2023,3:45,336
12/27/2023,4:00,344
12/27/2023,4:15,352
12/27/2023,4:30,352
12/27/2023,4:45,344
12/27/2023,5:00,344
12/27/2023,5:15,344
12/27/2023,5:30,352
12/27/2023,5:45,360
12/27/2023,6:00,376
12/27/2023,6:15,368
12/27/2023,6:30,384
12/27/2023,6:45,392
12/27/2023,7:00,392
12/27/2023,7:15,400
12/27/2023,7:30,408
12/27/2023,7:45,424
12/27/2023,8:00,440
12/27/2023,8:15,432
12/27/2023,8:30,440
12/27/2023,8:45,440
12/27/2023,9:00,448
12/27/2023,9:15,440
12/27/2023,9:30,448
12/27/2023,9:45,448
12/27/2023,10:00,440
12/27/2023,10:15,440
12/27/2023,10:30,440
12/27/2023,10:45,440
12/27/2023,11:00,432
12/27/2023,11:15,432
12/27/2023,11:30,456
12/27/2023,11:45,464
12/27/2023,12:00,464
12/27/2023,12:15,472
12/27/2023,12:30,472
12/27/2023,12:45,488
12/27/2023,13:00,480
12/27/2023,13:15,480
12/27/2023,13:30,480
12/27/2023,13:45,480
12/27/2023,14:00,480
12/27/2023,14:15,472
12/27/2023,14:30,496
12/27/2023,14:45,456
12/27/2023,15:00,480
12/27/2023,15:15,488
12/27/2023,15:30,472
12/27/2023,15:45,448
12/27/2023,16:00,448
12/27/2023,16:15,464
12/27/2023,16:30,456
12/27/2023,16:45,440
12/27/2023,17:00,432
12/27/2023,17:15,400
12/27/2023,17:30,416
12/27/2023,17:45,392
12/27/2023,18:00,384
12/27/2023,18:15,392
12/27/2023,18:30,400
12/27/2023,18:45,392
12/27/2023,19:00,400
12/27/2023,19:15,384
12/27/2023,19:30,392
12/27/2023,19:45,392
12/27/2023,20:00,392
12/27/2023,20:15,392
12/27/2023,20:30,392
12/27/2023,20:45,384
12/27/2023,21:00,384
12/27/2023,21:15,384
12/27/2023,21:30,368
12/27/2023,21:45,368
12/27/2023,22:00,368
12/27/2023,22:15,376
12/27/2023,22:30,376
12/27/2023,22:45,376
12/27/2023,23:00,368
12/27/2023,23:15,376
12/27/2023,23:30,376
12/27/2023,23:45,368
12/28/2023,0:00,368
12/28/2023,0:15,368
12/28/2023,0:30,376
12/28/2023,0:45,376
12/28/2023,1:00,368
12/28/2023,1:15,376
12/28/2023,1:30,368
12/28/2023,1:45,368
12/28/2023,2:00,376
12/28/2023,2:15,360
12/28/2023,2:30,360
12/28/2023,2:45,376
12/28/2023,3:00,376
12/28/2023,3:15,376
12/28/2023,3:30,368
12/28/2023,3:45,368
12/28/2023,4:00,376
12/28/2023,4:15,368
12/28/2023,4:30,360
12/28/2023,4:45,360
12/28/2023,5:00,368
12/28/2023,5:15,360
12/28/2023,5:30,384
12/28/2023,5:45,384
12/28/2023,6:00,392
12/28/2023,6:15,392
12/28/2023,6:30,408
12/28/2023,6:45,392
12/28/2023,7:00,408
12/28/2023,7:15,416
12/28/2023,7:30,440
12/28/2023,7:45,432
12/28/2023,8:00,448
12/28/2023,8:15,432
12/28/2023,8:30,456
12/28/2023,8:45,480
12/28/2023,9:00,480
12/28/2023,9:15,488
12/28/2023,9:30,488
12/28/2023,9:45,464
12/28/2023,10:00,496
12/28/2023,10:15,480
12/28/2023,10:30,496
12/28/2023,10:45,472
12/28/2023,11:00,488
12/28/2023,11:15,528
12/28/2023,11:30,520
12/28/2023,11:45,520
12/28/2023,12:00,520
12/28/2023,12:15,560
12/28/2023,12:30,560
12/28/2023,12:45,568
12/28/2023,13:00,584
12/28/2023,13:15,584
12/28/2023,13:30,608
12/28/2023,13:45,584
12/28/2023,14:00,584
12/28/2023,14:15,576
12/28/2023,14:30,552
12/28/2023,14:45,552
12/28/2023,15:00,552
12/28/2023,15:15,528
12/28/2023,15:30,544
12/28/2023,15:45,512
12/28/2023,16:00,536
12/28/2023,16:15,512
12/28/2023,16:30,520
12/28/2023,16:45,496
12/28/2023,17:00,488
12/28/2023,17:15,472
12/28/2023,17:30,440
12/28/2023,17:45,424
12/28/2023,18:00,440
12/28/2023,18:15,424
12/28/2023,18:30,424
12/28/2023,18:45,408
12/28/2023,19:00,432
12/28/2023,19:15,424
12/28/2023,19:30,408
12/28/2023,19:45,400
12/28/2023,20:00,408
12/28/2023,20:15,432
12/28/2023,20:30,416
12/28/2023,20:45,416
12/28/2023,21:00,408
12/28/2023,21:15,400
12/28/2023,21:30,408
12/28/2023,21:45,400
12/28/2023,22:00,400
12/28/2023,22:15,376
12/28/2023,22:30,400
12/28/2023,22:45,384
12/28/2023,23:00,392
12/28/2023,23:15,392
12/28/2023,23:30,392
12/28/2023,23:45,400
12/29/2023,0:00,400
12/29/2023,0:15,408
12/29/2023,0:30,392
12/29/2023,0:45,392
12/29/2023,1:00,368
12/29/2023,1:15,376
12/29/2023,1:30,384
12/29/2023,1:45,376
12/29/2023,2:00,384
12/29/2023,2:15,400
12/29/2023,2:30,408
12/29/2023,2:45,392
12/29/2023,3:00,376
12/29/2023,3:15,376
12/29/2023,3:30,376
12/29/2023,3:45,376
12/29/2023,4:00,360
12/29/2023,4:15,376
12/29/2023,4:30,368
12/29/2023,4:45,376
12/29/2023,5:00,384
12/29/2023,5:15,368
12/29/2023,5:30,368
12/29/2023,5:45,392
12/29/2023,6:00,408
12/29/2023,6:15,408
12/29/2023,6:30,416
12/29/2023,6:45,416
12/29/2023,7:00,440
12/29/2023,7:15,432
12/29/2023,7:30,440
12/29/2023,7:45,448
12/29/2023,8:00,472
12/29/2023,8:15,472
12/29/2023,8:30,464
12/29/2023,8:45,456
12/29/2023,9:00,464
12/29/2023,9:15,464
12/29/2023,9:30,472
12/29/2023,9:45,448
12/29/2023,10:00,464
12/29/2023,10:15,456
12/29/2023,10:30,472
12/29/2023,10:45,472
12/29/2023,11:00,480
12/29/2023,11:15,504
12/29/2023,11:30,520
12/29/2023,11:45,544
12/29/2023,12:00,560
12/29/2023,12:15,560
12/29/2023,12:30,576
12/29/2023,12:45,560
12/29/2023,13:00,584
12/29/2023,13:15,568
12/29/2023,13:30,544
12/29/2023,13:45,536
12/29/2023,14:00,520
12/29/2023,14:15,544
12/29/2023,14:30,528
12/29/2023,14:45,488
12/29/2023,15:00,536
12/29/2023,15:15,504
12/29/2023,15:30,504
12/29/2023,15:45,488
12/29/2023,16:00,472
12/29/2023,16:15,464
12/29/2023,16:30,448
12/29/2023,16:45,440
12/29/2023,17:00,440
12/29/2023,17:15,440
12/29/2023,17:30,408
12/29/2023,17:45,400
12/29/2023,18:00,392
12/29/2023,18:15,384
12/29/2023,18:30,400
12/29/2023,18:45,400
12/29/2023,19:00,392
12/29/2023,19:15,392
12/29/2023,19:30,376
12/29/2023,19:45,384
12/29/2023,20:00,384
12/29/2023,20:15,392
12/29/2023,20:30,384
12/29/2023,20:45,384
12/29/2023,21:00,392
12/29/2023,21:15,392
12/29/2023,21:30,376
12/29/2023,21:45,384
12/29/2023,22:00,392
12/29/2023,22:15,392
12/29/2023,22:30,376
12/29/2023,22:45,384
12/29/2023,23:00,376
12/29/2023,23:15,384
12/29/2023,23:30,384
12/29/2023,23:45,384
12/30/2023,0:00,376
12/30/2023,0:15,392
12/30/2023,0:30,384
12/30/2023,0:45,368
12/30/2023,1:00,376
12/30/2023,1:15,376
12/30/2023,1:30,384
12/30/2023,1:45,384
12/30/2023,2:00,376
12/30/2023,2:15,368
12/30/2023,2:30,376
12/30/2023,2:45,368
12/30/2023,3:00,392
12/30/2023,3:15,368
12/30/2023,3:30,368
12/30/2023,3:45,376
12/30/2023,4:00,384
12/30/2023,4:15,376
12/30/2023,4:30,368
12/30/2023,4:45,376
12/30/2023,5:00,368
12/30/2023,5:15,376
12/30/2023,5:30,360
12/30/2023,5:45,360
12/30/2023,6:00,360
12/30/2023,6:15,368
12/30/2023,6:30,368
12/30/2023,6:45,360
12/30/2023,7:00,352
12/30/2023,7:15,352
12/30/2023,7:30,368
12/30/2023,7:45,352
12/30/2023,8:00,360
12/30/2023,8:15,352
12/30/2023,8:30,360
12/30/2023,8:45,344
12/30/2023,9:00,352
12/30/2023,9:15,352
12/30/2023,9:30,336
12/30/2023,9:45,336
12/30/2023,10:00,344
12/30/2023,10:15,360
12/30/2023,10:30,336
12/30/2023,10:45,336
12/30/2023,11:00,344
12/30/2023,11:15,360
12/30/2023,11:30,384
12/30/2023,11:45,360
12/30/2023,12:00,360
12/30/2023,12:15,392
12/30/2023,12:30,376
12/30/2023,12:45,360
12/30/2023,13:00,344
12/30/2023,13:15,352
12/30/2023,13:30,376
12/30/2023,13:45,376
12/30/2023,14:00,384
12/30/2023,14:15,368
12/30/2023,14:30,376
12/30/2023,14:45,376
12/30/2023,15:00,368
12/30/2023,15:15,352
12/30/2023,15:30,360
12/30/2023,15:45,360
12/30/2023,16:00,368
12/30/2023,16:15,368
12/30/2023,16:30,368
12/30/2023,16:45,360
12/30/2023,17:00,368
12/30/2023,17:15,368
12/30/2023,17:30,376
12/30/2023,17:45,360
12/30/2023,18:00,360
12/30/2023,18:15,368
12/30/2023,18:30,376
12/30/2023,18:45,368
12/30/2023,19:00,368
12/30/2023,19:15,360
12/30/2023,19:30,368
12/30/2023,19:45,368
12/30/2023,20:00,368
12/30/2023,20:15,368
12/30/2023,20:30,360
12/30/2023,20:45,376
12/30/2023,21:00,376
12/30/2023,21:15,360
12/30/2023,21:30,352
12/30/2023,21:45,360
12/30/2023,22:00,360
12/30/2023,22:15,360
12/30/2023,22:30,360
12/30/2023,22:45,360
12/30/2023,23:00,360
12/30/2023,23:15,368
12/30/2023,23:30,368
12/30/2023,23:45,360
12/31/2023,0:00,352
12/31/2023,0:15,360
12/31/2023,0:30,368
12/31/2023,0:45,360
12/31/2023,1:00,352
12/31/2023,1:15,352
12/31/2023,1:30,368
12/31/2023,1:45,368
12/31/2023,2:00,360
12/31/2023,2:15,352
12/31/2023,2:30,360
12/31/2023,2:45,360
12/31/2023,3:00,360
12/31/2023,3:15,368
12/31/2023,3:30,344
12/31/2023,3:45,360
12/31/2023,4:00,360
12/31/2023,4:15,352
12/31/2023,4:30,368
12/31/2023,4:45,352
12/31/2023,5:00,344
12/31/2023,5:15,360
12/31/2023,5:30,352
12/31/2023,5:45,360
12/31/2023,6:00,352
12/31/2023,6:15,352
12/31/2023,6:30,360
12/31/2023,6:45,352
12/31/2023,7:00,352
12/31/2023,7:15,336
12/31/2023,7:30,336
12/31/2023,7:45,344
12/31/2023,8:00,352
12/31/2023,8:15,352
12/31/2023,8:30,336
12/31/2023,8:45,336
12/31/2023,9:00,344
12/31/2023,9:15,344
12/31/2023,9:30,336
12/31/2023,9:45,328
12/31/2023,10:00,336
12/31/2023,10:15,336
12/31/2023,10:30,336
12/31/2023,10:45,344
12/31/2023,11:00,344
12/31/2023,11:15,344
12/31/2023,11:30,352
12/31/2023,11:45,376
12/31/2023,12:00,384
12/31/2023,12:15,360
12/31/2023,12:30,360
12/31/2023,12:45,360
12/31/2023,13:00,376
12/31/2023,13:15,368
12/31/2023,13:30,360
12/31/2023,13:45,368
12/31/2023,14:00,360
12/31/2023,14:15,376
12/31/2023,14:30,376
12/31/2023,14:45,360
12/31/2023,15:00,360
12/31/2023,15:15,376
12/31/2023,15:30,368
12/31/2023,15:45,352
12/31/2023,16:00,352
12/31/2023,16:15,352
12/31/2023,16:30,360
12/31/2023,16:45,352
12/31/2023,17:00,352
12/31/2023,17:15,360
12/31/2023,17:30,376
12/31/2023,17:45,376
12/31/2023,18:00,360
12/31/2023,18:15,360
12/31/2023,18:30,368
12/31/2023,18:45,368
12/31/2023,19:00,368
12/31/2023,19:15,360
12/31/2023,19:30,360
12/31/2023,19:45,360
12/31/2023,20:00,376
12/31/2023,20:15,368
12/31/2023,20:30,360
12/31/2023,20:45,360
12/31/2023,21:00,360
12/31/2023,21:15,368
12/31/2023,21:30,368
12/31/2023,21:45,368
12/31/2023,22:00,360
12/31/2023,22:15,360
12/31/2023,22:30,360
12/31/2023,22:45,352
12/31/2023,23:00,360
12/31/2023,23:15,360
12/31/2023,23:30,368
12/31/2023,23:45,360
1/1/2024,0:00,360
1/1/2024,0:15,368
1/1/2024,0:30,360
1/1/2024,0:45,360
1/1/2024,1:00,360
1/1/2024,1:15,352
1/1/2024,1:30,352
1/1/2024,1:45,352
1/1/2024,2:00,360
1/1/2024,2:15,360
1/1/2024,2:30,352
1/1/2024,2:45,360
1/1/2024,3:00,352
1/1/2024,3:15,360
1/1/2024,3:30,360
1/1/2024,3:45,352
1/1/2024,4:00,344
1/1/2024,4:15,344
1/1/2024,4:30,360
1/1/2024,4:45,352
1/1/2024,5:00,352
1/1/2024,5:15,352
1/1/2024,5:30,352
1/1/2024,5:45,352
1/1/2024,6:00,344
1/1/2024,6:15,352
1/1/2024,6:30,352
1/1/2024,6:45,352
1/1/2024,7:00,360
1/1/2024,7:15,344
1/1/2024,7:30,336
1/1/2024,7:45,336
1/1/2024,8:00,344
1/1/2024,8:15,344
1/1/2024,8:30,344
1/1/2024,8:45,352
1/1/2024,9:00,336
1/1/2024,9:15,344
1/1/2024,9:30,344
1/1/2024,9:45,344
1/1/2024,10:00,344
1/1/2024,10:15,328
1/1/2024,10:30,328
1/1/2024,10:45,336
1/1/2024,11:00,344
1/1/2024,11:15,336
1/1/2024,11:30,328
1/1/2024,11:45,344
1/1/2024,12:00,360
1/1/2024,12:15,376
1/1/2024,12:30,368
1/1/2024,12:45,376
1/1/2024,13:00,376
1/1/2024,13:15,384
1/1/2024,13:30,400
1/1/2024,13:45,384
1/1/2024,14:00,400
1/1/2024,14:15,408
1/1/2024,14:30,432
1/1/2024,14:45,400
1/1/2024,15:00,408
1/1/2024,15:15,416
1/1/2024,15:30,416
1/1/2024,15:45,408
1/1/2024,16:00,384
1/1/2024,16:15,384
1/1/2024,16:30,352
1/1/2024,16:45,368
1/1/2024,17:00,360
1/1/2024,17:15,360
1/1/2024,17:30,368
1/1/2024,17:45,368
1/1/2024,18:00,368
1/1/2024,18:15,360
1/1/2024,18:30,360
1/1/2024,18:45,352
1/1/2024,19:00,360
1/1/2024,19:15,360
1/1/2024,19:30,360
1/1/2024,19:45,360
1/1/2024,20:00,360
1/1/2024,20:15,368
1/1/2024,20:30,360
1/1/2024,20:45,360
1/1/2024,21:00,360
1/1/2024,21:15,352
1/1/2024,21:30,352
1/1/2024,21:45,360
1/1/2024,22:00,352
1/1/2024,22:15,360
1/1/2024,22:30,360
1/1/2024,22:45,360
1/1/2024,23:00,360
1/1/2024,23:15,352
1/1/2024,23:30,352
1/1/2024,23:45,336
1/2/2024,0:00,352
1/2/2024,0:15,352
1/2/2024,0:30,352
1/2/2024,0:45,360
1/2/2024,1:00,344
1/2/2024,1:15,352
1/2/2024,1:30,352
1/2/2024,1:45,352
1/2/2024,2:00,344
1/2/2024,2:15,344
1/2/2024,2:30,352
1/2/2024,2:45,360
1/2/2024,3:00,344
1/2/2024,3:15,344
1/2/2024,3:30,336
1/2/2024,3:45,352
1/2/2024,4:00,352
1/2/2024,4:15,352
1/2/2024,4:30,352
1/2/2024,4:45,344
1/2/2024,5:00,352
1/2/2024,5:15,352
1/2/2024,5:30,360
1/2/2024,5:45,360
1/2/2024,6:00,368
1/2/2024,6:15,376
1/2/2024,6:30,368
1/2/2024,6:45,392
1/2/2024,7:00,408
1/2/2024,7:15,392
1/2/2024,7:30,416
1/2/2024,7:45,432
1/2/2024,8:00,448
1/2/2024,8:15,440
1/2/2024,8:30,432
1/2/2024,8:45,424
1/2/2024,9:00,432
1/2/2024,9:15,432
1/2/2024,9:30,448
1/2/2024,9:45,456
1/2/2024,10:00,448
1/2/2024,10:15,440
1/2/2024,10:30,456
1/2/2024,10:45,456
1/2/2024,11:00,456
1/2/2024,11:15,448
1/2/2024,11:30,456
1/2/2024,11:45,496
1/2/2024,12:00,488
1/2/2024,12:15,480
1/2/2024,12:30,496
1/2/2024,12:45,496
1/2/2024,13:00,512
1/2/2024,13:15,488
1/2/2024,13:30,496
1/2/2024,13:45,488
1/2/2024,14:00,480
1/2/2024,14:15,472
1/2/2024,14:30,472
1/2/2024,14:45,488
1/2/2024,15:00,464
1/2/2024,15:15,480
1/2/2024,15:30,464
1/2/2024,15:45,448
1/2/2024,16:00,432
1/2/2024,16:15,424
1/2/2024,16:30,432
1/2/2024,16:45,424
1/2/2024,17:00,416
1/2/2024,17:15,400
1/2/2024,17:30,408
1/2/2024,17:45,400
1/2/2024,18:00,392
1/2/2024,18:15,384
1/2/2024,18:30,384
1/2/2024,18:45,376
1/2/2024,19:00,384
1/2/2024,19:15,368
1/2/2024,19:30,368
1/2/2024,19:45,384
1/2/2024,20:00,368
1/2/2024,20:15,376
1/2/2024,20:30,368
1/2/2024,20:45,368
1/2/2024,21:00,368
1/2/2024,21:15,368
1/2/2024,21:30,360
1/2/2024,21:45,360
1/2/2024,22:00,360
1/2/2024,22:15,344
1/2/2024,22:30,360
1/2/2024,22:45,344
1/2/2024,23:00,344
1/2/2024,23:15,360
1/2/2024,23:30,360
1/2/2024,23:45,360
1/3/2024,0:00,352
1/3/2024,0:15,352
1/3/2024,0:30,344
1/3/2024,0:45,360
1/3/2024,1:00,352
1/3/2024,1:15,352
1/3/2024,1:30,360
1/3/2024,1:45,344
1/3/2024,2:00,344
1/3/2024,2:15,352
1/3/2024,2:30,352
1/3/2024,2:45,344
1/3/2024,3:00,344
1/3/2024,3:15,360
1/3/2024,3:30,360
1/3/2024,3:45,360
1/3/2024,4:00,344
1/3/2024,4:15,352
1/3/2024,4:30,344
1/3/2024,4:45,352
1/3/2024,5:00,352
1/3/2024,5:15,360
1/3/2024,5:30,344
1/3/2024,5:45,352
1/3/2024,6:00,384
1/3/2024,6:15,376
1/3/2024,6:30,392
1/3/2024,6:45,392
1/3/2024,7:00,416
1/3/2024,7:15,416
1/3/2024,7:30,432
1/3/2024,7:45,432
1/3/2024,8:00,440
1/3/2024,8:15,440
1/3/2024,8:30,440
1/3/2024,8:45,456
1/3/2024,9:00,464
1/3/2024,9:15,448
1/3/2024,9:30,448
1/3/2024,9:45,440
1/3/2024,10:00,456
1/3/2024,10:15,448
1/3/2024,10:30,464
1/3/2024,10:45,448
1/3/2024,11:00,456
1/3/2024,11:15,464
1/3/2024,11:30,456
1/3/2024,11:45,448
1/3/2024,12:00,456
1/3/2024,12:15,448
1/3/2024,12:30,440
1/3/2024,12:45,472
1/3/2024,13:00,448
1/3/2024,13:15,448
1/3/2024,13:30,432
1/3/2024,13:45,448
1/3/2024,14:00,448
1/3/2024,14:15,448
1/3/2024,14:30,448
1/3/2024,14:45,448
1/3/2024,15:00,432
1/3/2024,15:15,448
1/3/2024,15:30,440
1/3/2024,15:45,432
1/3/2024,16:00,424
1/3/2024,16:15,432
1/3/2024,16:30,424
1/3/2024,16:45,408
1/3/2024,17:00,408
1/3/2024,17:15,400
1/3/2024,17:30,408
1/3/2024,17:45,400
1/3/2024,18:00,392
1/3/2024,18:15,384
1/3/2024,18:30,376
1/3/2024,18:45,384
1/3/2024,19:00,384
1/3/2024,19:15,384
1/3/2024,19:30,360
1/3/2024,19:45,376
1/3/2024,20:00,376
1/3/2024,20:15,376
1/3/2024,20:30,368
1/3/2024,20:45,360
1/3/2024,21:00,360
1/3/2024,21:15,360
1/3/2024,21:30,376
1/3/2024,21:45,360
1/3/2024,22:00,352
1/3/2024,22:15,352
1/3/2024,22:30,352
1/3/2024,22:45,368
1/3/2024,23:00,360
1/3/2024,23:15,352
1/3/2024,23:30,352
1/3/2024,23:45,352
1/4/2024,0:00,352
1/4/2024,0:15,352
1/4/2024,0:30,352
1/4/2024,0:45,344
1/4/2024,1:00,360
1/4/2024,1:15,352
1/4/2024,1:30,352
1/4/2024,1:45,352
1/4/2024,2:00,344
1/4/2024,2:15,360
1/4/2024,2:30,352
1/4/2024,2:45,360
1/4/2024,3:00,352
1/4/2024,3:15,352
1/4/2024,3:30,344
1/4/2024,3:45,352
1/4/2024,4:00,352
1/4/2024,4:15,352
1/4/2024,4:30,344
1/4/2024,4:45,344
1/4/2024,5:00,360
1/4/2024,5:15,360
1/4/2024,5:30,360
1/4/2024,5:45,368
1/4/2024,6:00,384
1/4/2024,6:15,392
1/4/2024,6:30,384
1/4/2024,6:45,400
1/4/2024,7:00,408
1/4/2024,7:15,408
1/4/2024,7:30,424
1/4/2024,7:45,448
1/4/2024,8:00,456
1/4/2024,8:15,464
1/4/2024,8:30,456
1/4/2024,8:45,472
1/4/2024,9:00,480
1/4/2024,9:15,480
1/4/2024,9:30,472
1/4/2024,9:45,464
1/4/2024,10:00,472
1/4/2024,10:15,480
1/4/2024,10:30,472
1/4/2024,10:45,480
1/4/2024,11:00,480
1/4/2024,11:15,472
1/4/2024,11:30,480
1/4/2024,11:45,488
1/4/2024,12:00,480
1/4/2024,12:15,496
1/4/2024,12:30,496
1/4/2024,12:45,512
1/4/2024,13:00,520
1/4/2024,13:15,528
1/4/2024,13:30,496
1/4/2024,13:45,504
1/4/2024,14:00,504
1/4/2024,14:15,504
1/4/2024,14:30,496
1/4/2024,14:45,480
1/4/2024,15:00,480
1/4/2024,15:15,488
1/4/2024,15:30,480
1/4/2024,15:45,464
1/4/2024,16:00,480
1/4/2024,16:15,464
1/4/2024,16:30,456
1/4/2024,16:45,448
1/4/2024,17:00,432
1/4/2024,17:15,424
1/4/2024,17:30,408
1/4/2024,17:45,400
1/4/2024,18:00,400
1/4/2024,18:15,392
1/4/2024,18:30,384
1/4/2024,18:45,384
1/4/2024,19:00,400
1/4/2024,19:15,392
1/4/2024,19:30,384
1/4/2024,19:45,376
1/4/2024,20:00,376
1/4/2024,20:15,376
1/4/2024,20:30,384
1/4/2024,20:45,384
1/4/2024,21:00,368
1/4/2024,21:15,368
1/4/2024,21:30,376
1/4/2024,21:45,376
1/4/2024,22:00,352
1/4/2024,22:15,360
1/4/2024,22:30,368
1/4/2024,22:45,368
1/4/2024,23:00,368
1/4/2024,23:15,360
1/4/2024,23:30,360
1/4/2024,23:45,368
1/5/2024,0:00,368
1/5/2024,0:15,368
1/5/2024,0:30,368
1/5/2024,0:45,352
1/5/2024,1:00,360
1/5/2024,1:15,368
1/5/2024,1:30,360
1/5/2024,1:45,360
1/5/2024,2:00,352
1/5/2024,2:15,368
1/5/2024,2:30,368
1/5/2024,2:45,368
1/5/2024,3:00,352
1/5/2024,3:15,360
1/5/2024,3:30,360
1/5/2024,3:45,360
1/5/2024,4:00,368
1/5/2024,4:15,360
1/5/2024,4:30,360
1/5/2024,4:45,360
1/5/2024,5:00,360
1/5/2024,5:15,352
1/5/2024,5:30,352
1/5/2024,5:45,368
1/5/2024,6:00,400
1/5/2024,6:15,400
1/5/2024,6:30,408
1/5/2024,6:45,400
1/5/2024,7:00,408
1/5/2024,7:15,416
1/5/2024,7:30,432
1/5/2024,7:45,440
1/5/2024,8:00,440
1/5/2024,8:15,448
1/5/2024,8:30,448
1/5/2024,8:45,448
1/5/2024,9:00,456
1/5/2024,9:15,448
1/5/2024,9:30,448
1/5/2024,9:45,456
1/5/2024,10:00,464
1/5/2024,10:15,456
1/5/2024,10:30,456
1/5/2024,10:45,448
1/5/2024,11:00,464
1/5/2024,11:15,464
1/5/2024,11:30,480
1/5/2024,11:45,488
1/5/2024,12:00,472
1/5/2024,12:15,496
1/5/2024,12:30,488
1/5/2024,12:45,496
1/5/2024,13:00,488
1/5/2024,13:15,504
1/5/2024,13:30,504
1/5/2024,13:45,504
1/5/2024,14:00,496
1/5/2024,14:15,504
1/5/2024,14:30,496
1/5/2024,14:45,496
1/5/2024,15:00,504
1/5/2024,15:15,504
1/5/2024,15:30,488
1/5/2024,15:45,496
1/5/2024,16:00,480
1/5/2024,16:15,480
1/5/2024,16:30,448
1/5/2024,16:45,440
1/5/2024,17:00,440
1/5/2024,17:15,424
1/5/2024,17:30,416
1/5/2024,17:45,392
1/5/2024,18:00,392
1/5/2024,18:15,384
1/5/2024,18:30,400
1/5/2024,18:45,384
1/5/2024,19:00,384
1/5/2024,19:15,376
1/5/2024,19:30,376
1/5/2024,19:45,368
1/5/2024,20:00,384
1/5/2024,20:15,368
1/5/2024,20:30,384
1/5/2024,20:45,376
1/5/2024,21:00,376
1/5/2024,21:15,368
1/5/2024,21:30,368
1/5/2024,21:45,360
1/5/2024,22:00,376
1/5/2024,22:15,360
1/5/2024,22:30,368
1/5/2024,22:45,360
1/5/2024,23:00,352
1/5/2024,23:15,352
1/5/2024,23:30,352
1/5/2024,23:45,368
1/6/2024,0:00,352
1/6/2024,0:15,352
1/6/2024,0:30,360
1/6/2024,0:45,360
1/6/2024,1:00,352
1/6/2024,1:15,360
1/6/2024,1:30,352
1/6/2024,1:45,352
1/6/2024,2:00,360
1/6/2024,2:15,352
1/6/2024,2:30,360
1/6/2024,2:45,352
1/6/2024,3:00,344
1/6/2024,3:15,360
1/6/2024,3:30,360
1/6/2024,3:45,360
1/6/2024,4:00,344
1/6/2024,4:15,344
1/6/2024,4:30,360
1/6/2024,4:45,352
1/6/2024,5:00,360
1/6/2024,5:15,344
1/6/2024,5:30,344
1/6/2024,5:45,344
1/6/2024,6:00,352
1/6/2024,6:15,344
1/6/2024,6:30,360
1/6/2024,6:45,352
1/6/2024,7:00,344
1/6/2024,7:15,336
1/6/2024,7:30,352
1/6/2024,7:45,352
1/6/2024,8:00,352
1/6/2024,8:15,344
1/6/2024,8:30,344
1/6/2024,8:45,344
1/6/2024,9:00,336
1/6/2024,9:15,336
1/6/2024,9:30,328
1/6/2024,9:45,320
1/6/2024,10:00,320
1/6/2024,10:15,336
1/6/2024,10:30,336
1/6/2024,10:45,344
1/6/2024,11:00,344
1/6/2024,11:15,336
1/6/2024,11:30,328
1/6/2024,11:45,336
1/6/2024,12:00,336
1/6/2024,12:15,336
1/6/2024,12:30,336
1/6/2024,12:45,328
1/6/2024,13:00,344
1/6/2024,13:15,328
1/6/2024,13:30,336
1/6/2024,13:45,336
1/6/2024,14:00,328
1/6/2024,14:15,336
1/6/2024,14:30,344
1/6/2024,14:45,336
1/6/2024,15:00,352
1/6/2024,15:15,344
1/6/2024,15:30,352
1/6/2024,15:45,336
1/6/2024,16:00,344
1/6/2024,16:15,336
1/6/2024,16:30,328
1/6/2024,16:45,328
1/6/2024,17:00,344
1/6/2024,17:15,344
1/6/2024,17:30,352
1/6/2024,17:45,336
1/6/2024,18:00,344
1/6/2024,18:15,344
1/6/2024,18:30,344
1/6/2024,18:45,352
1/6/2024,19:00,344
1/6/2024,19:15,352
1/6/2024,19:30,352
1/6/2024,19:45,352
1/6/2024,20:00,344
1/6/2024,20:15,344
1/6/2024,20:30,344
1/6/2024,20:45,344
1/6/2024,21:00,344
1/6/2024,21:15,352
1/6/2024,21:30,344
1/6/2024,21:45,352
1/6/2024,22:00,344
1/6/2024,22:15,344
1/6/2024,22:30,352
1/6/2024,22:45,344
1/6/2024,23:00,352
1/6/2024,23:15,344
1/6/2024,23:30,344
1/6/2024,23:45,352
1/7/2024,0:00,344
1/7/2024,0:15,352
1/7/2024,0:30,344
1/7/2024,0:45,336
1/7/2024,1:00,344
1/7/2024,1:15,352
1/7/2024,1:30,344
1/7/2024,1:45,352
1/7/2024,2:00,344
1/7/2024,2:15,336
1/7/2024,2:30,344
1/7/2024,2:45,352
1/7/2024,3:00,352
1/7/2024,3:15,352
1/7/2024,3:30,352
1/7/2024,3:45,336
1/7/2024,4:00,344
1/7/2024,4:15,352
1/7/2024,4:30,344
1/7/2024,4:45,344
1/7/2024,5:00,352
1/7/2024,5:15,344
1/7/2024,5:30,344
1/7/2024,5:45,352
1/7/2024,6:00,352
1/7/2024,6:15,352
1/7/2024,6:30,344
1/7/2024,6:45,352
1/7/2024,7:00,344
1/7/2024,7:15,344
1/7/2024,7:30,328
1/7/2024,7:45,344
1/7/2024,8:00,336
1/7/2024,8:15,336
1/7/2024,8:30,336
1/7/2024,8:45,336
1/7/2024,9:00,328
1/7/2024,9:15,320
1/7/2024,9:30,336
1/7/2024,9:45,328
1/7/2024,10:00,328
1/7/2024,10:15,336
1/7/2024,10:30,320
1/7/2024,10:45,336
1/7/2024,11:00,344
1/7/2024,11:15,336
1/7/2024,11:30,336
1/7/2024,11:45,328
1/7/2024,12:00,344
1/7/2024,12:15,336
1/7/2024,12:30,336
1/7/2024,12:45,344
1/7/2024,13:00,344
1/7/2024,13:15,328
1/7/2024,13:30,336
1/7/2024,13:45,328
1/7/2024,14:00,336
1/7/2024,14:15,328
1/7/2024,14:30,328
1/7/2024,14:45,352
1/7/2024,15:00,360
1/7/2024,15:15,352
1/7/2024,15:30,344
1/7/2024,15:45,336
1/7/2024,16:00,352
1/7/2024,16:15,344
1/7/2024,16:30,336
1/7/2024,16:45,336
1/7/2024,17:00,328
1/7/2024,17:15,336
1/7/2024,17:30,344
1/7/2024,17:45,344
1/7/2024,18:00,344
1/7/2024,18:15,344
1/7/2024,18:30,352
1/7/2024,18:45,352
1/7/2024,19:00,352
1/7/2024,19:15,344
1/7/2024,19:30,344
1/7/2024,19:45,344
1/7/2024,20:00,344
1/7/2024,20:15,352
1/7/2024,20:30,360
1/7/2024,20:45,344
1/7/2024,21:00,336
1/7/2024,21:15,336
1/7/2024,21:30,352
1/7/2024,21:45,344
1/7/2024,22:00,352
1/7/2024,22:15,360
1/7/2024,22:30,352
1/7/2024,22:45,344
1/7/2024,23:00,352
1/7/2024,23:15,344
1/7/2024,23:30,352
1/7/2024,23:45,344
1/8/2024,0:00,352
1/8/2024,0:15,352
1/8/2024,0:30,352
1/8/2024,0:45,344
1/8/2024,1:00,344
1/8/2024,1:15,344
1/8/2024,1:30,352
1/8/2024,1:45,344
1/8/2024,2:00,360
1/8/2024,2:15,352
1/8/2024,2:30,352
1/8/2024,2:45,352
1/8/2024,3:00,344
1/8/2024,3:15,352
1/8/2024,3:30,352
1/8/2024,3:45,352
1/8/2024,4:00,352
1/8/2024,4:15,360
1/8/2024,4:30,336
1/8/2024,4:45,336
1/8/2024,5:00,352
1/8/2024,5:15,352
1/8/2024,5:30,344
1/8/2024,5:45,376
1/8/2024,6:00,392
1/8/2024,6:15,376
1/8/2024,6:30,400
1/8/2024,6:45,392
1/8/2024,7:00,424
1/8/2024,7:15,440
1/8/2024,7:30,440
1/8/2024,7:45,456
1/8/2024,8:00,464
1/8/2024,8:15,472
1/8/2024,8:30,472
1/8/2024,8:45,488
1/8/2024,9:00,480
1/8/2024,9:15,488
1/8/2024,9:30,472
1/8/2024,9:45,488
1/8/2024,10:00,488
1/8/2024,10:15,512
1/8/2024,10:30,496
1/8/2024,10:45,496
1/8/2024,11:00,488
1/8/2024,11:15,488
1/8/2024,11:30,488
1/8/2024,11:45,488
1/8/2024,12:00,496
1/8/2024,12:15,488
1/8/2024,12:30,464
1/8/2024,12:45,480
1/8/2024,13:00,480
1/8/2024,13:15,472
1/8/2024,13:30,480
1/8/2024,13:45,504
1/8/2024,14:00,480
1/8/2024,14:15,488
1/8/2024,14:30,504
1/8/2024,14:45,496
1/8/2024,15:00,480
1/8/2024,15:15,488
1/8/2024,15:30,488
1/8/2024,15:45,456
1/8/2024,16:00,448
1/8/2024,16:15,440
1/8/2024,16:30,448
1/8/2024,16:45,448
1/8/2024,17:00,424
1/8/2024,17:15,408
1/8/2024,17:30,392
1/8/2024,17:45,400
1/8/2024,18:00,392
1/8/2024,18:15,376
1/8/2024,18:30,376
1/8/2024,18:45,360
1/8/2024,19:00,384
1/8/2024,19:15,376
1/8/2024,19:30,368
1/8/2024,19:45,360
1/8/2024,20:00,368
1/8/2024,20:15,368
1/8/2024,20:30,368
1/8/2024,20:45,368
1/8/2024,21:00,352
1/8/2024,21:15,376
1/8/2024,21:30,368
1/8/2024,21:45,368
1/8/2024,22:00,360
1/8/2024,22:15,352
1/8/2024,22:30,360
1/8/2024,22:45,360
1/8/2024,23:00,360
1/8/2024,23:15,360
1/8/2024,23:30,360
1/8/2024,23:45,352
1/9/2024,0:00,352
1/9/2024,0:15,368
1/9/2024,0:30,352
1/9/2024,0:45,360
1/9/2024,1:00,352
1/9/2024,1:15,352
1/9/2024,1:30,360
1/9/2024,1:45,360
1/9/2024,2:00,352
1/9/2024,2:15,352
1/9/2024,2:30,344
1/9/2024,2:45,352
1/9/2024,3:00,352
1/9/2024,3:15,368
1/9/2024,3:30,360
1/9/2024,3:45,352
1/9/2024,4:00,352
1/9/2024,4:15,352
1/9/2024,4:30,352
1/9/2024,4:45,360
1/9/2024,5:00,360
1/9/2024,5:15,352
1/9/2024,5:30,352
1/9/2024,5:45,376
1/9/2024,6:00,384
1/9/2024,6:15,400
1/9/2024,6:30,400
1/9/2024,6:45,416
1/9/2024,7:00,432
1/9/2024,7:15,440
1/9/2024,7:30,440
1/9/2024,7:45,440
1/9/2024,8:00,456
1/9/2024,8:15,472
1/9/2024,8:30,480
1/9/2024,8:45,488
1/9/2024,9:00,488
1/9/2024,9:15,488
1/9/2024,9:30,488
1/9/2024,9:45,480
1/9/2024,10:00,488
1/9/2024,10:15,480
1/9/2024,10:30,480
1/9/2024,10:45,472
1/9/2024,11:00,480
1/9/2024,11:15,480
1/9/2024,11:30,472
1/9/2024,11:45,472
1/9/2024,12:00,480
1/9/2024,12:15,472
1/9/2024,12:30,472
1/9/2024,12:45,488
1/9/2024,13:00,472
1/9/2024,13:15,464
1/9/2024,13:30,472
1/9/2024,13:45,472
1/9/2024,14:00,472
1/9/2024,14:15,472
1/9/2024,14:30,464
1/9/2024,14:45,456
1/9/2024,15:00,448
1/9/2024,15:15,440
1/9/2024,15:30,432
1/9/2024,15:45,416
1/9/2024,16:00,440
1/9/2024,16:15,432
1/9/2024,16:30,424
1/9/2024,16:45,408
1/9/2024,17:00,416
1/9/2024,17:15,400
1/9/2024,17:30,408
1/9/2024,17:45,400
1/9/2024,18:00,384
1/9/2024,18:15,384
1/9/2024,18:30,376
1/9/2024,18:45,384
1/9/2024,19:00,384
1/9/2024,19:15,376
1/9/2024,19:30,376
1/9/2024,19:45,368
1/9/2024,20:00,368
1/9/2024,20:15,376
1/9/2024,20:30,360
1/9/2024,20:45,360
1/9/2024,21:00,360
1/9/2024,21:15,376
1/9/2024,21:30,376
1/9/2024,21:45,352
1/9/2024,22:00,360
1/9/2024,22:15,360
1/9/2024,22:30,352
1/9/2024,22:45,360
1/9/2024,23:00,360
1/9/2024,23:15,360
1/9/2024,23:30,344
1/9/2024,23:45,360
1/10/2024,0:00,352
1/10/2024,0:15,352
1/10/2024,0:30,352
1/10/2024,0:45,344
1/10/2024,1:00,352
1/10/2024,1:15,352
1/10/2024,1:30,344
1/10/2024,1:45,352
1/10/2024,2:00,352
1/10/2024,2:15,352
1/10/2024,2:30,344
1/10/2024,2:45,352
1/10/2024,3:00,352
1/10/2024,3:15,360
1/10/2024,3:30,352
1/10/2024,3:45,352
1/10/2024,4:00,344
1/10/2024,4:15,352
1/10/2024,4:30,352
1/10/2024,4:45,352
1/10/2024,5:00,352
1/10/2024,5:15,352
1/10/2024,5:30,352
1/10/2024,5:45,376
1/10/2024,6:00,400
1/10/2024,6:15,392
1/10/2024,6:30,400
1/10/2024,6:45,408
1/10/2024,7:00,416
1/10/2024,7:15,432
1/10/2024,7:30,432
1/10/2024,7:45,456
1/10/2024,8:00,480
1/10/2024,8:15,464
1/10/2024,8:30,480
1/10/2024,8:45,480
1/10/2024,9:00,480
1/10/2024,9:15,472
1/10/2024,9:30,464
1/10/2024,9:45,464
1/10/2024,10:00,480
1/10/2024,10:15,488
1/10/2024,10:30,480
1/10/2024,10:45,488
1/10/2024,11:00,480
1/10/2024,11:15,480
1/10/2024,11:30,480
1/10/2024,11:45,464
1/10/2024,12:00,472
1/10/2024,12:15,480
1/10/2024,12:30,464
1/10/2024,12:45,464
1/10/2024,13:00,480
1/10/2024,13:15,472
1/10/2024,13:30,464
1/10/2024,13:45,472
1/10/2024,14:00,464
1/10/2024,14:15,456
1/10/2024,14:30,456
1/10/2024,14:45,448
1/10/2024,15:00,448
1/10/2024,15:15,440
1/10/2024,15:30,432
1/10/2024,15:45,448
1/10/2024,16:00,440
1/10/2024,16:15,424
1/10/2024,16:30,408
1/10/2024,16:45,400
1/10/2024,17:00,392
1/10/2024,17:15,400
1/10/2024,17:30,392
1/10/2024,17:45,392
1/10/2024,18:00,376
1/10/2024,18:15,384
1/10/2024,18:30,384
1/10/2024,18:45,368
1/10/2024,19:00,376
1/10/2024,19:15,368
1/10/2024,19:30,376
1/10/2024,19:45,376
1/10/2024,20:00,376
1/10/2024,20:15,368
1/10/2024,20:30,360
1/10/2024,20:45,376
1/10/2024,21:00,376
1/10/2024,21:15,376
1/10/2024,21:30,360
1/10/2024,21:45,360
1/10/2024,22:00,360
1/10/2024,22:15,352
1/10/2024,22:30,352
1/10/2024,22:45,352
1/10/2024,23:00,360
1/10/2024,23:15,352
1/10/2024,23:30,360
1/10/2024,23:45,360
1/11/2024,0:00,344
1/11/2024,0:15,352
1/11/2024,0:30,360
1/11/2024,0:45,352
1/11/2024,1:00,360
1/11/2024,1:15,352
1/11/2024,1:30,352
1/11/2024,1:45,352
1/11/2024,2:00,352
1/11/2024,2:15,360
1/11/2024,2:30,360
1/11/2024,2:45,352
1/11/2024,3:00,344
1/11/2024,3:15,360
1/11/2024,3:30,352
1/11/2024,3:45,352
1/11/2024,4:00,360
1/11/2024,4:15,344
1/11/2024,4:30,344
1/11/2024,4:45,360
1/11/2024,5:00,352
1/11/2024,5:15,352
1/11/2024,5:30,360
1/11/2024,5:45,376
1/11/2024,6:00,392
1/11/2024,6:15,392
1/11/2024,6:30,400
1/11/2024,6:45,408
1/11/2024,7:00,432
1/11/2024,7:15,424
1/11/2024,7:30,440
1/11/2024,7:45,448
1/11/2024,8:00,480
1/11/2024,8:15,480
1/11/2024,8:30,488
1/11/2024,8:45,488
1/11/2024,9:00,496
1/11/2024,9:15,504
1/11/2024,9:30,496
1/11/2024,9:45,504
1/11/2024,10:00,496
1/11/2024,10:15,480
1/11/2024,10:30,488
1/11/2024,10:45,496
1/11/2024,11:00,496
1/11/2024,11:15,480
1/11/2024,11:30,480
1/11/2024,11:45,472
1/11/2024,12:00,480
1/11/2024,12:15,480
1/11/2024,12:30,488
1/11/2024,12:45,480
1/11/2024,13:00,472
1/11/2024,13:15,472
1/11/2024,13:30,480
1/11/2024,13:45,488
1/11/2024,14:00,472
1/11/2024,14:15,456
1/11/2024,14:30,472
1/11/2024,14:45,448
1/11/2024,15:00,472
1/11/2024,15:15,448
1/11/2024,15:30,456
1/11/2024,15:45,456
1/11/2024,16:00,456
1/11/2024,16:15,440
1/11/2024,16:30,416
1/11/2024,16:45,424
1/11/2024,17:00,416
1/11/2024,17:15,408
1/11/2024,17:30,392
1/11/2024,17:45,384
1/11/2024,18:00,368
1/11/2024,18:15,384
1/11/2024,18:30,376
1/11/2024,18:45,376
1/11/2024,19:00,376
1/11/2024,19:15,376
1/11/2024,19:30,368
1/11/2024,19:45,376
1/11/2024,20:00,384
1/11/2024,20:15,384
1/11/2024,20:30,248
1/11/2024,20:45,256
1/11/2024,21:00,344
1/11/2024,21:15,344
1/11/2024,21:30,344
1/11/2024,21:45,344
1/11/2024,22:00,336
1/11/2024,22:15,344
1/11/2024,22:30,336
1/11/2024,22:45,336
1/11/2024,23:00,336
1/11/2024,23:15,328
1/11/2024,23:30,344
1/11/2024,23:45,344
1/12/2024,0:00,336
1/12/2024,0:15,336
1/12/2024,0:30,328
1/12/2024,0:45,336
1/12/2024,1:00,344
1/12/2024,1:15,336
1/12/2024,1:30,344
1/12/2024,1:45,344
1/12/2024,2:00,336
1/12/2024,2:15,344
1/12/2024,2:30,336
1/12/2024,2:45,328
1/12/2024,3:00,336
1/12/2024,3:15,344
1/12/2024,3:30,344
1/12/2024,3:45,344
1/12/2024,4:00,336
1/12/2024,4:15,344
1/12/2024,4:30,336
1/12/2024,4:45,344
1/12/2024,5:00,336
1/12/2024,5:15,352
1/12/2024,5:30,344
1/12/2024,5:45,360
1/12/2024,6:00,384
1/12/2024,6:15,384
1/12/2024,6:30,392
1/12/2024,6:45,392
1/12/2024,7:00,400
1/12/2024,7:15,400
1/12/2024,7:30,424
1/12/2024,7:45,424
1/12/2024,8:00,448
1/12/2024,8:15,448
1/12/2024,8:30,456
1/12/2024,8:45,464
1/12/2024,9:00,464
1/12/2024,9:15,464
1/12/2024,9:30,464
1/12/2024,9:45,448
1/12/2024,10:00,464
1/12/2024,10:15,448
1/12/2024,10:30,456
1/12/2024,10:45,456
1/12/2024,11:00,456
1/12/2024,11:15,448
1/12/2024,11:30,432
1/12/2024,11:45,440
1/12/2024,12:00,448
1/12/2024,12:15,440
1/12/2024,12:30,424
1/12/2024,12:45,432
1/12/2024,13:00,440
1/12/2024,13:15,440
1/12/2024,13:30,432
1/12/2024,13:45,432
1/12/2024,14:00,440
1/12/2024,14:15,440
1/12/2024,14:30,424
1/12/2024,14:45,416
1/12/2024,15:00,408
1/12/2024,15:15,416
1/12/2024,15:30,408
1/12/2024,15:45,400
1/12/2024,16:00,400
1/12/2024,16:15,400
1/12/2024,16:30,392
1/12/2024,16:45,400
1/12/2024,17:00,384
1/12/2024,17:15,392
1/12/2024,17:30,376
1/12/2024,17:45,368
1/12/2024,18:00,368
1/12/2024,18:15,360
1/12/2024,18:30,368
1/12/2024,18:45,368
1/12/2024,19:00,352
1/12/2024,19:15,368
1/12/2024,19:30,360
1/12/2024,19:45,368
1/12/2024,20:00,360
1/12/2024,20:15,352
1/12/2024,20:30,368
1/12/2024,20:45,360
1/12/2024,21:00,352
1/12/2024,21:15,344
1/12/2024,21:30,336
1/12/2024,21:45,352
1/12/2024,22:00,352
1/12/2024,22:15,352
1/12/2024,22:30,336
1/12/2024,22:45,344
1/12/2024,23:00,336
1/12/2024,23:15,352
1/12/2024,23:30,344
1/12/2024,23:45,336
1/13/2024,0:00,336
1/13/2024,0:15,344
1/13/2024,0:30,352
1/13/2024,0:45,344
1/13/2024,1:00,344
1/13/2024,1:15,336
1/13/2024,1:30,344
1/13/2024,1:45,344
1/13/2024,2:00,336
1/13/2024,2:15,336
1/13/2024,2:30,344
1/13/2024,2:45,344
1/13/2024,3:00,344
1/13/2024,3:15,344
1/13/2024,3:30,336
1/13/2024,3:45,344
1/13/2024,4:00,336
1/13/2024,4:15,344
1/13/2024,4:30,352
1/13/2024,4:45,344
1/13/2024,5:00,336
1/13/2024,5:15,336
1/13/2024,5:30,344
1/13/2024,5:45,344
1/13/2024,6:00,344
1/13/2024,6:15,344
1/13/2024,6:30,336
1/13/2024,6:45,336
1/13/2024,7:00,336
1/13/2024,7:15,328
1/13/2024,7:30,328
1/13/2024,7:45,344
1/13/2024,8:00,336
1/13/2024,8:15,336
1/13/2024,8:30,344
1/13/2024,8:45,344
1/13/2024,9:00,336
1/13/2024,9:15,328
1/13/2024,9:30,336
1/13/2024,9:45,328
1/13/2024,10:00,328
1/13/2024,10:15,328
1/13/2024,10:30,328
1/13/2024,10:45,312
1/13/2024,11:00,320
1/13/2024,11:15,320
1/13/2024,11:30,328
1/13/2024,11:45,320
1/13/2024,12:00,320
1/13/2024,12:15,328
1/13/2024,12:30,336
1/13/2024,12:45,336
1/13/2024,13:00,328
1/13/2024,13:15,320
1/13/2024,13:30,320
1/13/2024,13:45,328
1/13/2024,14:00,328
1/13/2024,14:15,320
1/13/2024,14:30,328
1/13/2024,14:45,320
1/13/2024,15:00,328
1/13/2024,15:15,336
1/13/2024,15:30,328
1/13/2024,15:45,312
1/13/2024,16:00,320
1/13/2024,16:15,328
1/13/2024,16:30,328
1/13/2024,16:45,336
1/13/2024,17:00,328
1/13/2024,17:15,336
1/13/2024,17:30,336
1/13/2024,17:45,344
1/13/2024,18:00,336
1/13/2024,18:15,336
1/13/2024,18:30,336
1/13/2024,18:45,352
1/13/2024,19:00,344
1/13/2024,19:15,328
1/13/2024,19:30,328
1/13/2024,19:45,336
1/13/2024,20:00,344
1/13/2024,20:15,336
1/13/2024,20:30,344
1/13/2024,20:45,344
1/13/2024,21:00,344
1/13/2024,21:15,344
1/13/2024,21:30,336
1/13/2024,21:45,336
1/13/2024,22:00,336
1/13/2024,22:15,344
1/13/2024,22:30,344
1/13/2024,22:45,344
1/13/2024,23:00,336
1/13/2024,23:15,344
1/13/2024,23:30,336
1/13/2024,23:45,344
1/14/2024,0:00,336
1/14/2024,0:15,336
1/14/2024,0:30,336
1/14/2024,0:45,352
1/14/2024,1:00,344
1/14/2024,1:15,344
1/14/2024,1:30,336
1/14/2024,1:45,344
1/14/2024,2:00,352
1/14/2024,2:15,344
1/14/2024,2:30,336
1/14/2024,2:45,336
1/14/2024,3:00,352
1/14/2024,3:15,344
1/14/2024,3:30,344
1/14/2024,3:45,336
1/14/2024,4:00,336
1/14/2024,4:15,336
1/14/2024,4:30,344
1/14/2024,4:45,344
1/14/2024,5:00,344
1/14/2024,5:15,344
1/14/2024,5:30,344
1/14/2024,5:45,344
1/14/2024,6:00,344
1/14/2024,6:15,328
1/14/2024,6:30,344
1/14/2024,6:45,352
1/14/2024,7:00,344
1/14/2024,7:15,328
1/14/2024,7:30,328
1/14/2024,7:45,336
1/14/2024,8:00,328
1/14/2024,8:15,320
1/14/2024,8:30,320
1/14/2024,8:45,328
1/14/2024,9:00,344
1/14/2024,9:15,336
1/14/2024,9:30,328
1/14/2024,9:45,320
1/14/2024,10:00,320
1/14/2024,10:15,328
1/14/2024,10:30,336
1/14/2024,10:45,328
1/14/2024,11:00,328
1/14/2024,11:15,328
1/14/2024,11:30,336
1/14/2024,11:45,344
1/14/2024,12:00,336
1/14/2024,12:15,336
1/14/2024,12:30,360
1/14/2024,12:45,352
1/14/2024,13:00,352
1/14/2024,13:15,360
1/14/2024,13:30,352
1/14/2024,13:45,360
1/14/2024,14:00,368
1/14/2024,14:15,376
1/14/2024,14:30,368
1/14/2024,14:45,352
1/14/2024,15:00,376
1/14/2024,15:15,368
1/14/2024,15:30,352
1/14/2024,15:45,352
1/14/2024,16:00,360
1/14/2024,16:15,352
1/14/2024,16:30,360
1/14/2024,16:45,344
1/14/2024,17:00,328
1/14/2024,17:15,336
1/14/2024,17:30,344
1/14/2024,17:45,352
1/14/2024,18:00,352
1/14/2024,18:15,336
1/14/2024,18:30,352
1/14/2024,18:45,352
1/14/2024,19:00,344
1/14/2024,19:15,352
1/14/2024,19:30,344
1/14/2024,19:45,352
1/14/2024,20:00,344
1/14/2024,20:15,344
1/14/2024,20:30,344
1/14/2024,20:45,336
1/14/2024,21:00,344
1/14/2024,21:15,344
1/14/2024,21:30,352
1/14/2024,21:45,344
1/14/2024,22:00,344
1/14/2024,22:15,344
1/14/2024,22:30,344
1/14/2024,22:45,344
1/14/2024,23:00,344
1/14/2024,23:15,352
1/14/2024,23:30,352
1/14/2024,23:45,352
1/15/2024,0:00,344
1/15/2024,0:15,336
1/15/2024,0:30,344
1/15/2024,0:45,352
1/15/2024,1:00,344
1/15/2024,1:15,344
1/15/2024,1:30,344
1/15/2024,1:45,344
1/15/2024,2:00,344
1/15/2024,2:15,344
1/15/2024,2:30,344
1/15/2024,2:45,344
1/15/2024,3:00,352
1/15/2024,3:15,352
1/15/2024,3:30,352
1/15/2024,3:45,344
1/15/2024,4:00,336
1/15/2024,4:15,344
1/15/2024,4:30,352
1/15/2024,4:45,344
1/15/2024,5:00,352
1/15/2024,5:15,336
1/15/2024,5:30,344
1/15/2024,5:45,344
1/15/2024,6:00,336
1/15/2024,6:15,352
1/15/2024,6:30,336
1/15/2024,6:45,344
1/15/2024,7:00,352
1/15/2024,7:15,344
1/15/2024,7:30,344
1/15/2024,7:45,328
1/15/2024,8:00,336
1/15/2024,8:15,344
1/15/2024,8:30,344
1/15/2024,8:45,336
1/15/2024,9:00,336
1/15/2024,9:15,336
1/15/2024,9:30,344
1/15/2024,9:45,336
1/15/2024,10:00,336
1/15/2024,10:15,328
1/15/2024,10:30,320
1/15/2024,10:45,328
1/15/2024,11:00,336
1/15/2024,11:15,336
1/15/2024,11:30,328
1/15/2024,11:45,328
1/15/2024,12:00,328
1/15/2024,12:15,328
1/15/2024,12:30,336
1/15/2024,12:45,328
1/15/2024,13:00,328
1/15/2024,13:15,344
1/15/2024,13:30,336
1/15/2024,13:45,336
1/15/2024,14:00,328
1/15/2024,14:15,336
1/15/2024,14:30,352
1/15/2024,14:45,368
1/15/2024,15:00,368
1/15/2024,15:15,360
1/15/2024,15:30,360
1/15/2024,15:45,360
1/15/2024,16:00,352
1/15/2024,16:15,352
1/15/2024,16:30,336
1/15/2024,16:45,344
1/15/2024,17:00,344
1/15/2024,17:15,352
1/15/2024,17:30,344
1/15/2024,17:45,336
1/15/2024,18:00,352
1/15/2024,18:15,344
1/15/2024,18:30,344
1/15/2024,18:45,344
1/15/2024,19:00,352
1/15/2024,19:15,352
1/15/2024,19:30,344
1/15/2024,19:45,352
1/15/2024,20:00,344
1/15/2024,20:15,336
1/15/2024,20:30,352
1/15/2024,20:45,352
1/15/2024,21:00,352
1/15/2024,21:15,344
1/15/2024,21:30,344
1/15/2024,21:45,344
1/15/2024,22:00,352
1/15/2024,22:15,336
1/15/2024,22:30,336
1/15/2024,22:45,344
1/15/2024,23:00,344
1/15/2024,23:15,352
1/15/2024,23:30,344
1/15/2024,23:45,336
1/16/2024,0:00,344
1/16/2024,0:15,344
1/16/2024,0:30,344
1/16/2024,0:45,344
1/16/2024,1:00,344
1/16/2024,1:15,344
1/16/2024,1:30,344
1/16/2024,1:45,344
1/16/2024,2:00,344
1/16/2024,2:15,336
1/16/2024,2:30,336
1/16/2024,2:45,336
1/16/2024,3:00,352
1/16/2024,3:15,352
1/16/2024,3:30,344
1/16/2024,3:45,344
1/16/2024,4:00,336
1/16/2024,4:15,344
1/16/2024,4:30,344
1/16/2024,4:45,344
1/16/2024,5:00,336
1/16/2024,5:15,344
1/16/2024,5:30,344
1/16/2024,5:45,368
1/16/2024,6:00,376
1/16/2024,6:15,376
1/16/2024,6:30,392
1/16/2024,6:45,400
1/16/2024,7:00,408
1/16/2024,7:15,416
1/16/2024,7:30,416
1/16/2024,7:45,424
1/16/2024,8:00,432
1/16/2024,8:15,448
1/16/2024,8:30,456
1/16/2024,8:45,464
1/16/2024,9:00,456
1/16/2024,9:15,464
1/16/2024,9:30,464
1/16/2024,9:45,464
1/16/2024,10:00,472
1/16/2024,10:15,456
1/16/2024,10:30,456
1/16/2024,10:45,456
1/16/2024,11:00,464
1/16/2024,11:15,448
1/16/2024,11:30,472
1/16/2024,11:45,464
1/16/2024,12:00,472
1/16/2024,12:15,488
1/16/2024,12:30,488
1/16/2024,12:45,480
1/16/2024,13:00,488
1/16/2024,13:15,480
1/16/2024,13:30,488
1/16/2024,13:45,472
1/16/2024,14:00,480
1/16/2024,14:15,472
1/16/2024,14:30,472
1/16/2024,14:45,472
1/16/2024,15:00,464
1/16/2024,15:15,456
1/16/2024,15:30,480
1/16/2024,15:45,464
1/16/2024,16:00,448
1/16/2024,16:15,440
1/16/2024,16:30,432
1/16/2024,16:45,440
1/16/2024,17:00,424
1/16/2024,17:15,416
1/16/2024,17:30,400
1/16/2024,17:45,392
1/16/2024,18:00,368
1/16/2024,18:15,384
1/16/2024,18:30,368
1/16/2024,18:45,368
1/16/2024,19:00,368
1/16/2024,19:15,376
1/16/2024,19:30,368
1/16/2024,19:45,360
1/16/2024,20:00,368
1/16/2024,20:15,376
1/16/2024,20:30,360
1/16/2024,20:45,368
1/16/2024,21:00,352
1/16/2024,21:15,352
1/16/2024,21:30,360
1/16/2024,21:45,360
1/16/2024,22:00,352
1/16/2024,22:15,352
1/16/2024,22:30,352
1/16/2024,22:45,352
1/16/2024,23:00,344
1/16/2024,23:15,344
1/16/2024,23:30,344
1/16/2024,23:45,360
1/17/2024,0:00,352
1/17/2024,0:15,352
1/17/2024,0:30,344
1/17/2024,0:45,344
1/17/2024,1:00,352
1/17/2024,1:15,352
1/17/2024,1:30,352
1/17/2024,1:45,352
1/17/2024,2:00,360
1/17/2024,2:15,352
1/17/2024,2:30,344
1/17/2024,2:45,336
1/17/2024,3:00,344
1/17/2024,3:15,352
1/17/2024,3:30,352
1/17/2024,3:45,360
1/17/2024,4:00,344
1/17/2024,4:15,344
1/17/2024,4:30,352
1/17/2024,4:45,344
1/17/2024,5:00,344
1/17/2024,5:15,352
1/17/2024,5:30,360
1/17/2024,5:45,368
1/17/2024,6:00,384
1/17/2024,6:15,384
1/17/2024,6:30,400
1/17/2024,6:45,416
1/17/2024,7:00,432
1/17/2024,7:15,440
1/17/2024,7:30,424
1/17/2024,7:45,432
1/17/2024,8:00,456
1/17/2024,8:15,440
1/17/2024,8:30,448
1/17/2024,8:45,456
1/17/2024,9:00,464
1/17/2024,9:15,464
1/17/2024,9:30,456
1/17/2024,9:45,456
1/17/2024,10:00,448
1/17/2024,10:15,448
1/17/2024,10:30,464
1/17/2024,10:45,480
1/17/2024,11:00,472
1/17/2024,11:15,488
1/17/2024,11:30,480
1/17/2024,11:45,488
1/17/2024,12:00,488
1/17/2024,12:15,480
1/17/2024,12:30,496
1/17/2024,12:45,488
1/17/2024,13:00,496
1/17/2024,13:15,512
1/17/2024,13:30,504
1/17/2024,13:45,512
1/17/2024,14:00,480
1/17/2024,14:15,504
1/17/2024,14:30,464
1/17/2024,14:45,480
1/17/2024,15:00,456
1/17/2024,15:15,480
1/17/2024,15:30,472
1/17/2024,15:45,464
1/17/2024,16:00,464
1/17/2024,16:15,456
1/17/2024,16:30,432
1/17/2024,16:45,408
1/17/2024,17:00,400
1/17/2024,17:15,392
1/17/2024,17:30,400
1/17/2024,17:45,384
1/17/2024,18:00,376
1/17/2024,18:15,368
1/17/2024,18:30,368
1/17/2024,18:45,376
1/17/2024,19:00,376
1/17/2024,19:15,376
1/17/2024,19:30,368
1/17/2024,19:45,384
1/17/2024,20:00,368
1/17/2024,20:15,360
1/17/2024,20:30,360
1/17/2024,20:45,360
1/17/2024,21:00,360
1/17/2024,21:15,352
1/17/2024,21:30,360
1/17/2024,21:45,336
1/17/2024,22:00,352
1/17/2024,22:15,344
1/17/2024,22:30,344
1/17/2024,22:45,344
1/17/2024,23:00,336
1/17/2024,23:15,344
1/17/2024,23:30,344
1/17/2024,23:45,352
1/18/2024,0:00,352
1/18/2024,0:15,336
1/18/2024,0:30,344
1/18/2024,0:45,344
1/18/2024,1:00,344
1/18/2024,1:15,344
1/18/2024,1:30,344
1/18/2024,1:45,336
1/18/2024,2:00,344
1/18/2024,2:15,352
1/18/2024,2:30,336
1/18/2024,2:45,344
1/18/2024,3:00,336
1/18/2024,3:15,336
1/18/2024,3:30,344
1/18/2024,3:45,352
1/18/2024,4:00,344
1/18/2024,4:15,336
1/18/2024,4:30,344
1/18/2024,4:45,344
1/18/2024,5:00,344
1/18/2024,5:15,336
1/18/2024,5:30,344
1/18/2024,5:45,360
1/18/2024,6:00,384
1/18/2024,6:15,376
1/18/2024,6:30,384
1/18/2024,6:45,400
1/18/2024,7:00,416
1/18/2024,7:15,416
1/18/2024,7:30,432
1/18/2024,7:45,424
1/18/2024,8:00,424
1/18/2024,8:15,432
1/18/2024,8:30,440
1/18/2024,8:45,464
1/18/2024,9:00,456
1/18/2024,9:15,452
1/18/2024,9:30,448
1/18/2024,9:45,456
1/18/2024,10:00,456
1/18/2024,10:15,456
1/18/2024,10:30,448
1/18/2024,10:45,456
1/18/2024,11:00,448
1/18/2024,11:15,456
1/18/2024,11:30,464
1/18/2024,11:45,448
1/18/2024,12:00,464
1/18/2024,12:15,464
1/18/2024,12:30,472
1/18/2024,12:45,472
1/18/2024,13:00,456
1/18/2024,13:15,456
1/18/2024,13:30,464
1/18/2024,13:45,472
1/18/2024,14:00,448
1/18/2024,14:15,456
1/18/2024,14:30,472
1/18/2024,14:45,504
1/18/2024,15:00,480
1/18/2024,15:15,472
1/18/2024,15:30,464
1/18/2024,15:45,464
1/18/2024,16:00,456
1/18/2024,16:15,440
1/18/2024,16:30,408
1/18/2024,16:45,400
1/18/2024,17:00,416
1/18/2024,17:15,408
1/18/2024,17:30,400
1/18/2024,17:45,384
1/18/2024,18:00,368
1/18/2024,18:15,376
1/18/2024,18:30,368
1/18/2024,18:45,352
1/18/2024,19:00,360
1/18/2024,19:15,352
1/18/2024,19:30,352
1/18/2024,19:45,352
1/18/2024,20:00,344
1/18/2024,20:15,344
1/18/2024,20:30,352
1/18/2024,20:45,344
1/18/2024,21:00,352
1/18/2024,21:15,344
1/18/2024,21:30,344
1/18/2024,21:45,352
1/18/2024,22:00,344
1/18/2024,22:15,344
1/18/2024,22:30,336
1/18/2024,22:45,336
1/18/2024,23:00,344
1/18/2024,23:15,344
1/18/2024,23:30,336
1/18/2024,23:45,344
1/19/2024,0:00,328
1/19/2024,0:15,344
1/19/2024,0:30,336
1/19/2024,0:45,328
1/19/2024,1:00,328
1/19/2024,1:15,328
1/19/2024,1:30,344
1/19/2024,1:45,340
1/19/2024,2:00,336
1/19/2024,2:15,336
1/19/2024,2:30,336
1/19/2024,2:45,336
1/19/2024,3:00,336
1/19/2024,3:15,328
1/19/2024,3:30,336
1/19/2024,3:45,344
1/19/2024,4:00,336
1/19/2024,4:15,344
1/19/2024,4:30,328
1/19/2024,4:45,328
1/19/2024,5:00,336
1/19/2024,5:15,336
1/19/2024,5:30,336
1/19/2024,5:45,352
1/19/2024,6:00,376
1/19/2024,6:15,384
1/19/2024,6:30,384
1/19/2024,6:45,384
1/19/2024,7:00,392
1/19/2024,7:15,408
1/19/2024,7:30,408
1/19/2024,7:45,408
1/19/2024,8:00,400
1/19/2024,8:15,416
1/19/2024,8:30,424
1/19/2024,8:45,432
1/19/2024,9:00,432
1/19/2024,9:15,424
1/19/2024,9:30,424
1/19/2024,9:45,432
1/19/2024,10:00,440
1/19/2024,10:15,456
1/19/2024,10:30,464
1/19/2024,10:45,448
1/19/2024,11:00,456
1/19/2024,11:15,464
1/19/2024,11:30,456
1/19/2024,11:45,464
1/19/2024,12:00,448
1/19/2024,12:15,456
1/19/2024,12:30,456
1/19/2024,12:45,440
1/19/2024,13:00,448
1/19/2024,13:15,440
1/19/2024,13:30,456
1/19/2024,13:45,448
1/19/2024,14:00,440
1/19/2024,14:15,440
1/19/2024,14:30,464
1/19/2024,14:45,448
1/19/2024,15:00,440
1/19/2024,15:15,424
1/19/2024,15:30,416
1/19/2024,15:45,416
1/19/2024,16:00,416
1/19/2024,16:15,408
1/19/2024,16:30,424
1/19/2024,16:45,392
1/19/2024,17:00,392
1/19/2024,17:15,376
1/19/2024,17:30,384
1/19/2024,17:45,368
1/19/2024,18:00,376
1/19/2024,18:15,368
1/19/2024,18:30,360
1/19/2024,18:45,360
1/19/2024,19:00,368
1/19/2024,19:15,360
1/19/2024,19:30,368
1/19/2024,19:45,336
1/19/2024,20:00,352
1/19/2024,20:15,352
1/19/2024,20:30,360
1/19/2024,20:45,352
1/19/2024,21:00,336
1/19/2024,21:15,352
1/19/2024,21:30,352
1/19/2024,21:45,352
1/19/2024,22:00,336
1/19/2024,22:15,344
1/19/2024,22:30,344
1/19/2024,22:45,344
1/19/2024,23:00,352
1/19/2024,23:15,344
1/19/2024,23:30,336
1/19/2024,23:45,352
1/20/2024,0:00,344
1/20/2024,0:15,344
1/20/2024,0:30,336
1/20/2024,0:45,344
1/20/2024,1:00,352
1/20/2024,1:15,344
1/20/2024,1:30,344
1/20/2024,1:45,344
1/20/2024,2:00,344
1/20/2024,2:15,352
1/20/2024,2:30,352
1/20/2024,2:45,336
1/20/2024,3:00,344
1/20/2024,3:15,344
1/20/2024,3:30,344
1/20/2024,3:45,336
1/20/2024,4:00,336
1/20/2024,4:15,344
1/20/2024,4:30,344
1/20/2024,4:45,344
1/20/2024,5:00,344
1/20/2024,5:15,336
1/20/2024,5:30,336
1/20/2024,5:45,344
1/20/2024,6:00,344
1/20/2024,6:15,336
1/20/2024,6:30,336
1/20/2024,6:45,352
1/20/2024,7:00,344
1/20/2024,7:15,344
1/20/2024,7:30,328
1/20/2024,7:45,336
1/20/2024,8:00,328
1/20/2024,8:15,328
1/20/2024,8:30,336
1/20/2024,8:45,336
1/20/2024,9:00,336
1/20/2024,9:15,336
1/20/2024,9:30,344
1/20/2024,9:45,336
1/20/2024,10:00,336
1/20/2024,10:15,352
1/20/2024,10:30,368
1/20/2024,10:45,368
1/20/2024,11:00,352
1/20/2024,11:15,376
1/20/2024,11:30,384
1/20/2024,11:45,392
1/20/2024,12:00,368
1/20/2024,12:15,384
1/20/2024,12:30,376
1/20/2024,12:45,376
1/20/2024,13:00,384
1/20/2024,13:15,368
1/20/2024,13:30,344
1/20/2024,13:45,352
1/20/2024,14:00,344
1/20/2024,14:15,360
1/20/2024,14:30,368
1/20/2024,14:45,368
1/20/2024,15:00,376
1/20/2024,15:15,368
1/20/2024,15:30,360
1/20/2024,15:45,344
1/20/2024,16:00,352
1/20/2024,16:15,344
1/20/2024,16:30,352
1/20/2024,16:45,336
1/20/2024,17:00,360
1/20/2024,17:15,360
1/20/2024,17:30,368
1/20/2024,17:45,344
1/20/2024,18:00,352
1/20/2024,18:15,344
1/20/2024,18:30,344
1/20/2024,18:45,352
1/20/2024,19:00,336
1/20/2024,19:15,344
1/20/2024,19:30,352
1/20/2024,19:45,352
1/20/2024,20:00,344
1/20/2024,20:15,336
1/20/2024,20:30,336
1/20/2024,20:45,344
1/20/2024,21:00,344
1/20/2024,21:15,336
1/20/2024,21:30,336
1/20/2024,21:45,336
1/20/2024,22:00,344
1/20/2024,22:15,344
1/20/2024,22:30,344
1/20/2024,22:45,328
1/20/2024,23:00,344
1/20/2024,23:15,344
1/20/2024,23:30,344
1/20/2024,23:45,344
1/21/2024,0:00,336
1/21/2024,0:15,344
1/21/2024,0:30,344
1/21/2024,0:45,336
1/21/2024,1:00,344
1/21/2024,1:15,336
1/21/2024,1:30,336
1/21/2024,1:45,344
1/21/2024,2:00,336
1/21/2024,2:15,344
1/21/2024,2:30,336
1/21/2024,2:45,344
1/21/2024,3:00,352
1/21/2024,3:15,352
1/21/2024,3:30,336
1/21/2024,3:45,336
1/21/2024,4:00,344
1/21/2024,4:15,344
1/21/2024,4:30,344
1/21/2024,4:45,336
1/21/2024,5:00,336
1/21/2024,5:15,344
1/21/2024,5:30,336
1/21/2024,5:45,328
1/21/2024,6:00,336
1/21/2024,6:15,344
1/21/2024,6:30,344
1/21/2024,6:45,336
1/21/2024,7:00,336
1/21/2024,7:15,328
1/21/2024,7:30,336
1/21/2024,7:45,328
1/21/2024,8:00,328
1/21/2024,8:15,320
1/21/2024,8:30,336
1/21/2024,8:45,328
1/21/2024,9:00,328
1/21/2024,9:15,320
1/21/2024,9:30,336
1/21/2024,9:45,336
1/21/2024,10:00,344
1/21/2024,10:15,336
1/21/2024,10:30,344
1/21/2024,10:45,360
1/21/2024,11:00,360
1/21/2024,11:15,376
1/21/2024,11:30,360
1/21/2024,11:45,368
1/21/2024,12:00,376
1/21/2024,12:15,368
1/21/2024,12:30,376
1/21/2024,12:45,368
1/21/2024,13:00,368
1/21/2024,13:15,376
1/21/2024,13:30,368
1/21/2024,13:45,376
1/21/2024,14:00,392
1/21/2024,14:15,368
1/21/2024,14:30,376
1/21/2024,14:45,392
1/21/2024,15:00,376
1/21/2024,15:15,368
1/21/2024,15:30,392
1/21/2024,15:45,384
1/21/2024,16:00,368
1/21/2024,16:15,360
1/21/2024,16:30,360
1/21/2024,16:45,360
1/21/2024,17:00,360
1/21/2024,17:15,352
1/21/2024,17:30,368
1/21/2024,17:45,368
1/21/2024,18:00,368
1/21/2024,18:15,376
1/21/2024,18:30,360
1/21/2024,18:45,368
1/21/2024,19:00,376
1/21/2024,19:15,368
1/21/2024,19:30,352
1/21/2024,19:45,352
1/21/2024,20:00,352
1/21/2024,20:15,360
1/21/2024,20:30,344
1/21/2024,20:45,360
1/21/2024,21:00,336
1/21/2024,21:15,352
1/21/2024,21:30,360
1/21/2024,21:45,344
1/21/2024,22:00,336
1/21/2024,22:15,352
1/21/2024,22:30,352
1/21/2024,22:45,344
1/21/2024,23:00,336
1/21/2024,23:15,336
1/21/2024,23:30,352
1/21/2024,23:45,344
1/22/2024,0:00,344
1/22/2024,0:15,336
1/22/2024,0:30,336
1/22/2024,0:45,344
1/22/2024,1:00,344
1/22/2024,1:15,344
1/22/2024,1:30,344
1/22/2024,1:45,336
1/22/2024,2:00,344
1/22/2024,2:15,344
1/22/2024,2:30,344
1/22/2024,2:45,336
1/22/2024,3:00,352
1/22/2024,3:15,352
1/22/2024,3:30,344
1/22/2024,3:45,336
1/22/2024,4:00,336
1/22/2024,4:15,336
1/22/2024,4:30,344
1/22/2024,4:45,336
1/22/2024,5:00,344
1/22/2024,5:15,344
1/22/2024,5:30,344
1/22/2024,5:45,360
1/22/2024,6:00,360
1/22/2024,6:15,376
1/22/2024,6:30,392
1/22/2024,6:45,392
1/22/2024,7:00,408
1/22/2024,7:15,408
1/22/2024,7:30,408
1/22/2024,7:45,424
1/22/2024,8:00,440
1/22/2024,8:15,424
1/22/2024,8:30,432
1/22/2024,8:45,456
1/22/2024,9:00,464
1/22/2024,9:15,464
1/22/2024,9:30,464
1/22/2024,9:45,456
1/22/2024,10:00,472
1/22/2024,10:15,488
1/22/2024,10:30,480
1/22/2024,10:45,480
1/22/2024,11:00,472
1/22/2024,11:15,472
1/22/2024,11:30,480
1/22/2024,11:45,472
1/22/2024,12:00,456
1/22/2024,12:15,448
1/22/2024,12:30,480
1/22/2024,12:45,488
1/22/2024,13:00,480
1/22/2024,13:15,480
1/22/2024,13:30,488
1/22/2024,13:45,496
1/22/2024,14:00,480
1/22/2024,14:15,464
1/22/2024,14:30,456
1/22/2024,14:45,440
1/22/2024,15:00,464
1/22/2024,15:15,440
1/22/2024,15:30,432
1/22/2024,15:45,432
1/22/2024,16:00,448
1/22/2024,16:15,432
1/22/2024,16:30,424
1/22/2024,16:45,408
1/22/2024,17:00,416
1/22/2024,17:15,384
1/22/2024,17:30,376
1/22/2024,17:45,392
1/22/2024,18:00,368
1/22/2024,18:15,376
1/22/2024,18:30,384
1/22/2024,18:45,376
1/22/2024,19:00,376
1/22/2024,19:15,360
1/22/2024,19:30,384
1/22/2024,19:45,368
1/22/2024,20:00,360
1/22/2024,20:15,352
1/22/2024,20:30,368
1/22/2024,20:45,368
1/22/2024,21:00,352
1/22/2024,21:15,360
1/22/2024,21:30,352
1/22/2024,21:45,352
1/22/2024,22:00,344
1/22/2024,22:15,344
1/22/2024,22:30,336
1/22/2024,22:45,344
1/22/2024,23:00,352
1/22/2024,23:15,344
1/22/2024,23:30,352
1/22/2024,23:45,344
1/23/2024,0:00,344
1/23/2024,0:15,352
1/23/2024,0:30,344
1/23/2024,0:45,344
1/23/2024,1:00,336
1/23/2024,1:15,344
1/23/2024,1:30,344
1/23/2024,1:45,352
1/23/2024,2:00,336
1/23/2024,2:15,344
1/23/2024,2:30,352
1/23/2024,2:45,336
1/23/2024,3:00,352
1/23/2024,3:15,336
1/23/2024,3:30,336
1/23/2024,3:45,352
1/23/2024,4:00,344
1/23/2024,4:15,352
1/23/2024,4:30,336
1/23/2024,4:45,336
1/23/2024,5:00,344
1/23/2024,5:15,344
1/23/2024,5:30,336
1/23/2024,5:45,352
1/23/2024,6:00,376
1/23/2024,6:15,376
1/23/2024,6:30,392
1/23/2024,6:45,392
1/23/2024,7:00,408
1/23/2024,7:15,408
1/23/2024,7:30,424
1/23/2024,7:45,408
1/23/2024,8:00,424
1/23/2024,8:15,416
1/23/2024,8:30,440
1/23/2024,8:45,472
1/23/2024,9:00,464
1/23/2024,9:15,448
1/23/2024,9:30,464
1/23/2024,9:45,472
1/23/2024,10:00,456
1/23/2024,10:15,464
1/23/2024,10:30,456
1/23/2024,10:45,456
1/23/2024,11:00,464
1/23/2024,11:15,456
1/23/2024,11:30,456
1/23/2024,11:45,448
1/23/2024,12:00,456
1/23/2024,12:15,464
1/23/2024,12:30,472
1/23/2024,12:45,456
1/23/2024,13:00,472
1/23/2024,13:15,472
1/23/2024,13:30,504
1/23/2024,13:45,480
1/23/2024,14:00,480
1/23/2024,14:15,480
1/23/2024,14:30,496
1/23/2024,14:45,496
1/23/2024,15:00,512
1/23/2024,15:15,488
1/23/2024,15:30,496
1/23/2024,15:45,472
1/23/2024,16:00,488
1/23/2024,16:15,456
1/23/2024,16:30,448
1/23/2024,16:45,448
1/23/2024,17:00,424
1/23/2024,17:15,416
1/23/2024,17:30,384
1/23/2024,17:45,392
1/23/2024,18:00,392
1/23/2024,18:15,376
1/23/2024,18:30,376
1/23/2024,18:45,360
1/23/2024,19:00,368
1/23/2024,19:15,368
1/23/2024,19:30,376
1/23/2024,19:45,368
1/23/2024,20:00,360
1/23/2024,20:15,360
1/23/2024,20:30,376
1/23/2024,20:45,368
1/23/2024,21:00,368
1/23/2024,21:15,336
1/23/2024,21:30,352
1/23/2024,21:45,360
1/23/2024,22:00,352
1/23/2024,22:15,344
1/23/2024,22:30,344
1/23/2024,22:45,352
1/23/2024,23:00,352
1/23/2024,23:15,344
1/23/2024,23:30,344
1/23/2024,23:45,352
1/24/2024,0:00,352
1/24/2024,0:15,352
1/24/2024,0:30,336
1/24/2024,0:45,352
1/24/2024,1:00,344
1/24/2024,1:15,352
1/24/2024,1:30,352
1/24/2024,1:45,344
1/24/2024,2:00,344
1/24/2024,2:15,352
1/24/2024,2:30,360
1/24/2024,2:45,344
1/24/2024,3:00,344
1/24/2024,3:15,336
1/24/2024,3:30,352
1/24/2024,3:45,336
1/24/2024,4:00,344
1/24/2024,4:15,344
1/24/2024,4:30,344
1/24/2024,4:45,344
1/24/2024,5:00,352
1/24/2024,5:15,344
1/24/2024,5:30,336
1/24/2024,5:45,360
1/24/2024,6:00,384
1/24/2024,6:15,384
1/24/2024,6:30,384
1/24/2024,6:45,400
1/24/2024,7:00,408
1/24/2024,7:15,400
1/24/2024,7:30,408
1/24/2024,7:45,408
1/24/2024,8:00,424
1/24/2024,8:15,440
1/24/2024,8:30,448
1/24/2024,8:45,448
1/24/2024,9:00,432
1/24/2024,9:15,432
1/24/2024,9:30,440
1/24/2024,9:45,448
1/24/2024,10:00,440
1/24/2024,10:15,432
1/24/2024,10:30,448
1/24/2024,10:45,448
1/24/2024,11:00,440
1/24/2024,11:15,432
1/24/2024,11:30,432
1/24/2024,11:45,432
1/24/2024,12:00,448
1/24/2024,12:15,448
1/24/2024,12:30,472
1/24/2024,12:45,472
1/24/2024,13:00,480
1/24/2024,13:15,472
1/24/2024,13:30,496
1/24/2024,13:45,480
1/24/2024,14:00,480
1/24/2024,14:15,464
1/24/2024,14:30,480
1/24/2024,14:45,472
1/24/2024,15:00,456
1/24/2024,15:15,448
1/24/2024,15:30,456
1/24/2024,15:45,456
1/24/2024,16:00,440
1/24/2024,16:15,456
1/24/2024,16:30,440
1/24/2024,16:45,440
1/24/2024,17:00,432
1/24/2024,17:15,400
1/24/2024,17:30,408
1/24/2024,17:45,408
1/24/2024,18:00,384
1/24/2024,18:15,368
1/24/2024,18:30,352
1/24/2024,18:45,360
1/24/2024,19:00,360
1/24/2024,19:15,360
1/24/2024,19:30,360
1/24/2024,19:45,368
1/24/2024,20:00,360
1/24/2024,20:15,360
1/24/2024,20:30,360
1/24/2024,20:45,360
1/24/2024,21:00,360
1/24/2024,21:15,344
1/24/2024,21:30,352
1/24/2024,21:45,336
1/24/2024,22:00,344
1/24/2024,22:15,344
1/24/2024,22:30,352
1/24/2024,22:45,344
1/24/2024,23:00,336
1/24/2024,23:15,336
1/24/2024,23:30,344
1/24/2024,23:45,344
1/25/2024,0:00,352
1/25/2024,0:15,344
1/25/2024,0:30,336
1/25/2024,0:45,352
1/25/2024,1:00,336
1/25/2024,1:15,336
1/25/2024,1:30,336
1/25/2024,1:45,344
1/25/2024,2:00,344
1/25/2024,2:15,344
1/25/2024,2:30,344
1/25/2024,2:45,336
1/25/2024,3:00,344
1/25/2024,3:15,336
1/25/2024,3:30,344
1/25/2024,3:45,328
1/25/2024,4:00,336
1/25/2024,4:15,336
1/25/2024,4:30,336
1/25/2024,4:45,336
1/25/2024,5:00,328
1/25/2024,5:15,336
1/25/2024,5:30,336
1/25/2024,5:45,352
1/25/2024,6:00,376
1/25/2024,6:15,368
1/25/2024,6:30,376
1/25/2024,6:45,384
1/25/2024,7:00,400
1/25/2024,7:15,400
1/25/2024,7:30,392
1/25/2024,7:45,400
1/25/2024,8:00,424
1/25/2024,8:15,432
1/25/2024,8:30,424
1/25/2024,8:45,432
1/25/2024,9:00,432
1/25/2024,9:15,440
1/25/2024,9:30,448
1/25/2024,9:45,448
1/25/2024,10:00,464
1/25/2024,10:15,456
1/25/2024,10:30,464
1/25/2024,10:45,456
1/25/2024,11:00,472
1/25/2024,11:15,456
1/25/2024,11:30,456
1/25/2024,11:45,472
1/25/2024,12:00,472
1/25/2024,12:15,464
1/25/2024,12:30,472
1/25/2024,12:45,464
1/25/2024,13:00,480
1/25/2024,13:15,480
1/25/2024,13:30,472
1/25/2024,13:45,480
1/25/2024,14:00,472
1/25/2024,14:15,488
1/25/2024,14:30,480
1/25/2024,14:45,464
1/25/2024,15:00,448
1/25/2024,15:15,472
1/25/2024,15:30,464
1/25/2024,15:45,480
1/25/2024,16:00,456
1/25/2024,16:15,456
1/25/2024,16:30,448
1/25/2024,16:45,432
1/25/2024,17:00,424
1/25/2024,17:15,376
1/25/2024,17:30,376
1/25/2024,17:45,384
1/25/2024,18:00,376
1/25/2024,18:15,360
1/25/2024,18:30,368
1/25/2024,18:45,368
1/25/2024,19:00,360
1/25/2024,19:15,368
1/25/2024,19:30,360
1/25/2024,19:45,360
1/25/2024,20:00,368
1/25/2024,20:15,368
1/25/2024,20:30,352
1/25/2024,20:45,360
1/25/2024,21:00,360
1/25/2024,21:15,344
1/25/2024,21:30,352
1/25/2024,21:45,344
1/25/2024,22:00,344
1/25/2024,22:15,352
1/25/2024,22:30,352
1/25/2024,22:45,352
1/25/2024,23:00,344
1/25/2024,23:15,344
1/25/2024,23:30,344
1/25/2024,23:45,344
1/26/2024,0:00,336
1/26/2024,0:15,336
1/26/2024,0:30,344
1/26/2024,0:45,344
1/26/2024,1:00,344
1/26/2024,1:15,344
1/26/2024,1:30,328
1/26/2024,1:45,344
1/26/2024,2:00,344
1/26/2024,2:15,344
1/26/2024,2:30,336
1/26/2024,2:45,336
1/26/2024,3:00,336
1/26/2024,3:15,344
1/26/2024,3:30,344
1/26/2024,3:45,328
1/26/2024,4:00,336
1/26/2024,4:15,336
1/26/2024,4:30,344
1/26/2024,4:45,336
1/26/2024,5:00,344
1/26/2024,5:15,336
1/26/2024,5:30,344
1/26/2024,5:45,352
1/26/2024,6:00,360
1/26/2024,6:15,360
1/26/2024,6:30,376
1/26/2024,6:45,376
1/26/2024,7:00,384
1/26/2024,7:15,384
1/26/2024,7:30,392
1/26/2024,7:45,400
1/26/2024,8:00,424
1/26/2024,8:15,416
1/26/2024,8:30,424
1/26/2024,8:45,424
1/26/2024,9:00,424
1/26/2024,9:15,440
1/26/2024,9:30,440
1/26/2024,9:45,424
1/26/2024,10:00,424
1/26/2024,10:15,432
1/26/2024,10:30,448
1/26/2024,10:45,456
1/26/2024,11:00,448
1/26/2024,11:15,432
1/26/2024,11:30,448
1/26/2024,11:45,448
1/26/2024,12:00,448
1/26/2024,12:15,464
1/26/2024,12:30,448
1/26/2024,12:45,456
1/26/2024,13:00,456
1/26/2024,13:15,464
1/26/2024,13:30,448
1/26/2024,13:45,464
1/26/2024,14:00,456
1/26/2024,14:15,448
1/26/2024,14:30,448
1/26/2024,14:45,432
1/26/2024,15:00,424
1/26/2024,15:15,440
1/26/2024,15:30,424
1/26/2024,15:45,424
1/26/2024,16:00,424
1/26/2024,16:15,416
1/26/2024,16:30,440
1/26/2024,16:45,416
1/26/2024,17:00,408
1/26/2024,17:15,400
1/26/2024,17:30,392
1/26/2024,17:45,416
1/26/2024,18:00,400
1/26/2024,18:15,368
1/26/2024,18:30,368
1/26/2024,18:45,352
1/26/2024,19:00,360
1/26/2024,19:15,360
1/26/2024,19:30,360
1/26/2024,19:45,368
1/26/2024,20:00,360
1/26/2024,20:15,360
1/26/2024,20:30,352
1/26/2024,20:45,360
1/26/2024,21:00,352
1/26/2024,21:15,360
1/26/2024,21:30,352
1/26/2024,21:45,344
1/26/2024,22:00,344
1/26/2024,22:15,344
1/26/2024,22:30,352
1/26/2024,22:45,344
1/26/2024,23:00,344
1/26/2024,23:15,352
1/26/2024,23:30,352
1/26/2024,23:45,344
1/27/2024,0:00,344
1/27/2024,0:15,344
1/27/2024,0:30,344
1/27/2024,0:45,352
1/27/2024,1:00,344
1/27/2024,1:15,336
1/27/2024,1:30,344
1/27/2024,1:45,344
1/27/2024,2:00,344
1/27/2024,2:15,344
1/27/2024,2:30,336
1/27/2024,2:45,344
1/27/2024,3:00,352
1/27/2024,3:15,352
1/27/2024,3:30,344
1/27/2024,3:45,336
1/27/2024,4:00,344
1/27/2024,4:15,344
1/27/2024,4:30,344
1/27/2024,4:45,344
1/27/2024,5:00,336
1/27/2024,5:15,336
1/27/2024,5:30,344
1/27/2024,5:45,344
1/27/2024,6:00,336
1/27/2024,6:15,336
1/27/2024,6:30,336
1/27/2024,6:45,352
1/27/2024,7:00,344
1/27/2024,7:15,328
1/27/2024,7:30,320
1/27/2024,7:45,336
1/27/2024,8:00,328
1/27/2024,8:15,344
1/27/2024,8:30,328
1/27/2024,8:45,336
1/27/2024,9:00,336
1/27/2024,9:15,336
1/27/2024,9:30,336
1/27/2024,9:45,328
1/27/2024,10:00,320
1/27/2024,10:15,328
1/27/2024,10:30,344
1/27/2024,10:45,360
1/27/2024,11:00,352
1/27/2024,11:15,352
1/27/2024,11:30,352
1/27/2024,11:45,368
1/27/2024,12:00,360
1/27/2024,12:15,352
1/27/2024,12:30,360
1/27/2024,12:45,376
1/27/2024,13:00,392
1/27/2024,13:15,392
1/27/2024,13:30,408
1/27/2024,13:45,408
1/27/2024,14:00,400
1/27/2024,14:15,424
1/27/2024,14:30,432
1/27/2024,14:45,432
1/27/2024,15:00,440
1/27/2024,15:15,432
1/27/2024,15:30,440
1/27/2024,15:45,424
1/27/2024,16:00,400
1/27/2024,16:15,384
1/27/2024,16:30,384
1/27/2024,16:45,368
1/27/2024,17:00,368
1/27/2024,17:15,368
1/27/2024,17:30,384
1/27/2024,17:45,384
1/27/2024,18:00,376
1/27/2024,18:15,352
1/27/2024,18:30,360
1/27/2024,18:45,368
1/27/2024,19:00,376
1/27/2024,19:15,360
1/27/2024,19:30,368
1/27/2024,19:45,368
1/27/2024,20:00,376
1/27/2024,20:15,352
1/27/2024,20:30,352
1/27/2024,20:45,344
1/27/2024,21:00,352
1/27/2024,21:15,352
1/27/2024,21:30,352
1/27/2024,21:45,352
1/27/2024,22:00,352
1/27/2024,22:15,344
1/27/2024,22:30,344
1/27/2024,22:45,344
1/27/2024,23:00,344
1/27/2024,23:15,352
1/27/2024,23:30,352
1/27/2024,23:45,352
1/28/2024,0:00,352
1/28/2024,0:15,344
1/28/2024,0:30,344
1/28/2024,0:45,352
1/28/2024,1:00,344
1/28/2024,1:15,344
1/28/2024,1:30,336
1/28/2024,1:45,352
1/28/2024,2:00,352
1/28/2024,2:15,352
1/28/2024,2:30,344
1/28/2024,2:45,344
1/28/2024,3:00,360
1/28/2024,3:15,344
1/28/2024,3:30,344
1/28/2024,3:45,344
1/28/2024,4:00,352
1/28/2024,4:15,344
1/28/2024,4:30,344
1/28/2024,4:45,352
1/28/2024,5:00,344
1/28/2024,5:15,344
1/28/2024,5:30,344
1/28/2024,5:45,344
1/28/2024,6:00,344
1/28/2024,6:15,344
1/28/2024,6:30,352
1/28/2024,6:45,344
1/28/2024,7:00,320
1/28/2024,7:15,320
1/28/2024,7:30,320
1/28/2024,7:45,328
1/28/2024,8:00,336
1/28/2024,8:15,328
1/28/2024,8:30,320
1/28/2024,8:45,328
1/28/2024,9:00,328
1/28/2024,9:15,328
1/28/2024,9:30,344
1/28/2024,9:45,360
1/28/2024,10:00,360
1/28/2024,10:15,400
1/28/2024,10:30,400
1/28/2024,10:45,416
1/28/2024,11:00,432
1/28/2024,11:15,432
1/28/2024,11:30,456
1/28/2024,11:45,432
1/28/2024,12:00,456
1/28/2024,12:15,432
1/28/2024,12:30,448
1/28/2024,12:45,424
1/28/2024,13:00,416
1/28/2024,13:15,416
1/28/2024,13:30,432
1/28/2024,13:45,424
1/28/2024,14:00,440
1/28/2024,14:15,440
1/28/2024,14:30,480
1/28/2024,14:45,464
1/28/2024,15:00,488
1/28/2024,15:15,488
1/28/2024,15:30,480
1/28/2024,15:45,480
1/28/2024,16:00,448
1/28/2024,16:15,488
1/28/2024,16:30,456
1/28/2024,16:45,440
1/28/2024,17:00,440
1/28/2024,17:15,416
1/28/2024,17:30,440
1/28/2024,17:45,408
1/28/2024,18:00,384
1/28/2024,18:15,392
1/28/2024,18:30,368
1/28/2024,18:45,384
1/28/2024,19:00,376
1/28/2024,19:15,368
1/28/2024,19:30,376
1/28/2024,19:45,384
1/28/2024,20:00,376
1/28/2024,20:15,384
1/28/2024,20:30,368
1/28/2024,20:45,376
1/28/2024,21:00,384
1/28/2024,21:15,384
1/28/2024,21:30,344
1/28/2024,21:45,352
1/28/2024,22:00,352
1/28/2024,22:15,352
1/28/2024,22:30,352
1/28/2024,22:45,352
1/28/2024,23:00,360
1/28/2024,23:15,360
1/28/2024,23:30,352
1/28/2024,23:45,352
1/29/2024,0:00,352
1/29/2024,0:15,360
1/29/2024,0:30,352
1/29/2024,0:45,352
1/29/2024,1:00,344
1/29/2024,1:15,352
1/29/2024,1:30,352
1/29/2024,1:45,352
1/29/2024,2:00,352
1/29/2024,2:15,344
1/29/2024,2:30,352
1/29/2024,2:45,360
1/29/2024,3:00,352
1/29/2024,3:15,344
1/29/2024,3:30,344
1/29/2024,3:45,352
1/29/2024,4:00,352
1/29/2024,4:15,344
1/29/2024,4:30,344
1/29/2024,4:45,352
1/29/2024,5:00,344
1/29/2024,5:15,352
1/29/2024,5:30,344
1/29/2024,5:45,360
1/29/2024,6:00,376
1/29/2024,6:15,376
1/29/2024,6:30,376
1/29/2024,6:45,376
1/29/2024,7:00,384
1/29/2024,7:15,392
1/29/2024,7:30,408
1/29/2024,7:45,408
1/29/2024,8:00,408
1/29/2024,8:15,416
1/29/2024,8:30,440
1/29/2024,8:45,440
1/29/2024,9:00,464
1/29/2024,9:15,448
1/29/2024,9:30,480
1/29/2024,9:45,488
1/29/2024,10:00,504
1/29/2024,10:15,544
1/29/2024,10:30,584
1/29/2024,10:45,616
1/29/2024,11:00,656
1/29/2024,11:15,664
1/29/2024,11:30,656
1/29/2024,11:45,672
1/29/2024,12:00,664
1/29/2024,12:15,688
1/29/2024,12:30,672
1/29/2024,12:45,704
1/29/2024,13:00,688
1/29/2024,13:15,696
1/29/2024,13:30,736
1/29/2024,13:45,672
1/29/2024,14:00,656
1/29/2024,14:15,664
1/29/2024,14:30,648
1/29/2024,14:45,656
1/29/2024,15:00,624
1/29/2024,15:15,648
1/29/2024,15:30,624
1/29/2024,15:45,592
1/29/2024,16:00,552
1/29/2024,16:15,576
1/29/2024,16:30,560
1/29/2024,16:45,520
1/29/2024,17:00,544
1/29/2024,17:15,512
1/29/2024,17:30,496
1/29/2024,17:45,472
1/29/2024,18:00,472
1/29/2024,18:15,464
1/29/2024,18:30,456
1/29/2024,18:45,432
1/29/2024,19:00,440
1/29/2024,19:15,432
1/29/2024,19:30,424
1/29/2024,19:45,408
1/29/2024,20:00,400
1/29/2024,20:15,416
1/29/2024,20:30,424
1/29/2024,20:45,432
1/29/2024,21:00,424
1/29/2024,21:15,408
1/29/2024,21:30,416
1/29/2024,21:45,400
1/29/2024,22:00,392
1/29/2024,22:15,376
1/29/2024,22:30,384
1/29/2024,22:45,384
1/29/2024,23:00,384
1/29/2024,23:15,376
1/29/2024,23:30,376
1/29/2024,23:45,384
1/30/2024,0:00,384
1/30/2024,0:15,376
1/30/2024,0:30,368
1/30/2024,0:45,384
1/30/2024,1:00,384
1/30/2024,1:15,384
1/30/2024,1:30,368
1/30/2024,1:45,368
1/30/2024,2:00,376
1/30/2024,2:15,376
1/30/2024,2:30,376
1/30/2024,2:45,368
1/30/2024,3:00,376
1/30/2024,3:15,384
1/30/2024,3:30,376
1/30/2024,3:45,376
1/30/2024,4:00,376
1/30/2024,4:15,376
1/30/2024,4:30,368
1/30/2024,4:45,368
1/30/2024,5:00,368
1/30/2024,5:15,368
1/30/2024,5:30,384
1/30/2024,5:45,400
1/30/2024,6:00,400
1/30/2024,6:15,400
1/30/2024,6:30,400
1/30/2024,6:45,416
1/30/2024,7:00,408
1/30/2024,7:15,416
1/30/2024,7:30,424
1/30/2024,7:45,440
1/30/2024,8:00,448
1/30/2024,8:15,448
1/30/2024,8:30,456
1/30/2024,8:45,464
1/30/2024,9:00,464
1/30/2024,9:15,480
1/30/2024,9:30,504
1/30/2024,9:45,512
1/30/2024,10:00,512
1/30/2024,10:15,528
1/30/2024,10:30,520
1/30/2024,10:45,576
1/30/2024,11:00,584
1/30/2024,11:15,600
1/30/2024,11:30,568
1/30/2024,11:45,584
1/30/2024,12:00,592
1/30/2024,12:15,616
1/30/2024,12:30,608
1/30/2024,12:45,632
1/30/2024,13:00,600
1/30/2024,13:15,616
1/30/2024,13:30,624
1/30/2024,13:45,608
1/30/2024,14:00,632
1/30/2024,14:15,648
1/30/2024,14:30,600
1/30/2024,14:45,592
1/30/2024,15:00,600
1/30/2024,15:15,608
1/30/2024,15:30,632
1/30/2024,15:45,592
1/30/2024,16:00,584
1/30/2024,16:15,576
1/30/2024,16:30,552
1/30/2024,16:45,504
1/30/2024,17:00,488
1/30/2024,17:15,456
1/30/2024,17:30,440
1/30/2024,17:45,456
1/30/2024,18:00,440
1/30/2024,18:15,440
1/30/2024,18:30,432
1/30/2024,18:45,408
1/30/2024,19:00,424
1/30/2024,19:15,424
1/30/2024,19:30,424
1/30/2024,19:45,408
1/30/2024,20:00,408
1/30/2024,20:15,392
1/30/2024,20:30,392
1/30/2024,20:45,392
1/30/2024,21:00,400
1/30/2024,21:15,400
1/30/2024,21:30,400
1/30/2024,21:45,384
1/30/2024,22:00,376
1/30/2024,22:15,368
1/30/2024,22:30,368
1/30/2024,22:45,376
1/30/2024,23:00,392
1/30/2024,23:15,392
1/30/2024,23:30,384
1/30/2024,23:45,376
1/31/2024,0:00,384
1/31/2024,0:15,384
1/31/2024,0:30,376
1/31/2024,0:45,376
1/31/2024,1:00,384
1/31/2024,1:15,384
1/31/2024,1:30,376
1/31/2024,1:45,384
1/31/2024,2:00,384
1/31/2024,2:15,384
1/31/2024,2:30,376
1/31/2024,2:45,376
1/31/2024,3:00,376
1/31/2024,3:15,384
1/31/2024,3:30,376
1/31/2024,3:45,376
1/31/2024,4:00,368
1/31/2024,4:15,376
1/31/2024,4:30,376
1/31/2024,4:45,376
1/31/2024,5:00,368
1/31/2024,5:15,368
1/31/2024,5:30,376
1/31/2024,5:45,408
1/31/2024,6:00,416
1/31/2024,6:15,400
1/31/2024,6:30,416
1/31/2024,6:45,408
1/31/2024,7:00,416
1/31/2024,7:15,424
1/31/2024,7:30,448
1/31/2024,7:45,448
1/31/2024,8:00,464
1/31/2024,8:15,472
1/31/2024,8:30,480
1/31/2024,8:45,480
1/31/2024,9:00,496
1/31/2024,9:15,496
1/31/2024,9:30,488
1/31/2024,9:45,488
1/31/2024,10:00,504
1/31/2024,10:15,504
1/31/2024,10:30,480
1/31/2024,10:45,496
1/31/2024,11:00,496
1/31/2024,11:15,504
1/31/2024,11:30,520
1/31/2024,11:45,496
1/31/2024,12:00,504
1/31/2024,12:15,512
1/31/2024,12:30,496
1/31/2024,12:45,504
1/31/2024,13:00,488
1/31/2024,13:15,496
1/31/2024,13:30,496
1/31/2024,13:45,480
1/31/2024,14:00,464
1/31/2024,14:15,472
1/31/2024,14:30,472
1/31/2024,14:45,464
1/31/2024,15:00,448
1/31/2024,15:15,464
1/31/2024,15:30,456
1/31/2024,15:45,464
1/31/2024,16:00,448
1/31/2024,16:15,432
1/31/2024,16:30,432
1/31/2024,16:45,416
1/31/2024,17:00,424
1/31/2024,17:15,416
1/31/2024,17:30,400
1/31/2024,17:45,400
1/31/2024,18:00,400
1/31/2024,18:15,392
1/31/2024,18:30,392
1/31/2024,18:45,384
1/31/2024,19:00,400
1/31/2024,19:15,400
1/31/2024,19:30,392
1/31/2024,19:45,376
1/31/2024,20:00,384
1/31/2024,20:15,376
1/31/2024,20:30,376
1/31/2024,20:45,376
1/31/2024,21:00,368
1/31/2024,21:15,376
1/31/2024,21:30,376
1/31/2024,21:45,368
1/31/2024,22:00,368
1/31/2024,22:15,360
1/31/2024,22:30,368
1/31/2024,22:45,368
1/31/2024,23:00,368
1/31/2024,23:15,368
1/31/2024,23:30,368
1/31/2024,23:45,376
2/1/2024,0:00,376
2/1/2024,0:15,368
2/1/2024,0:30,360
2/1/2024,0:45,368
2/1/2024,1:00,376
2/1/2024,1:15,376
2/1/2024,1:30,368
2/1/2024,1:45,376
2/1/2024,2:00,376
2/1/2024,2:15,368
2/1/2024,2:30,368
2/1/2024,2:45,368
2/1/2024,3:00,368
2/1/2024,3:15,376
2/1/2024,3:30,368
2/1/2024,3:45,376
2/1/2024,4:00,368
2/1/2024,4:15,360
2/1/2024,4:30,368
2/1/2024,4:45,368
2/1/2024,5:00,368
2/1/2024,5:15,368
2/1/2024,5:30,360
2/1/2024,5:45,384
2/1/2024,6:00,408
2/1/2024,6:15,400
2/1/2024,6:30,408
2/1/2024,6:45,408
2/1/2024,7:00,408
2/1/2024,7:15,432
2/1/2024,7:30,432
2/1/2024,7:45,432
2/1/2024,8:00,448
2/1/2024,8:15,456
2/1/2024,8:30,456
2/1/2024,8:45,464
2/1/2024,9:00,472
2/1/2024,9:15,472
2/1/2024,9:30,472
2/1/2024,9:45,480
2/1/2024,10:00,464
2/1/2024,10:15,472
2/1/2024,10:30,480
2/1/2024,10:45,488
2/1/2024,11:00,472
2/1/2024,11:15,496
2/1/2024,11:30,504
2/1/2024,11:45,496
2/1/2024,12:00,488
2/1/2024,12:15,496
2/1/2024,12:30,496
2/1/2024,12:45,504
2/1/2024,13:00,504
2/1/2024,13:15,528
2/1/2024,13:30,528
2/1/2024,13:45,504
2/1/2024,14:00,496
2/1/2024,14:15,504
2/1/2024,14:30,504
2/1/2024,14:45,464
2/1/2024,15:00,504
2/1/2024,15:15,488
2/1/2024,15:30,488
2/1/2024,15:45,464
2/1/2024,16:00,464
2/1/2024,16:15,448
2/1/2024,16:30,456
2/1/2024,16:45,432
2/1/2024,17:00,440
2/1/2024,17:15,424
2/1/2024,17:30,432
2/1/2024,17:45,424
2/1/2024,18:00,424
2/1/2024,18:15,400
2/1/2024,18:30,408
2/1/2024,18:45,416
2/1/2024,19:00,408
2/1/2024,19:15,416
2/1/2024,19:30,408
2/1/2024,19:45,400
2/1/2024,20:00,384
2/1/2024,20:15,392
2/1/2024,20:30,400
2/1/2024,20:45,400
2/1/2024,21:00,392
2/1/2024,21:15,408
2/1/2024,21:30,400
2/1/2024,21:45,400
2/1/2024,22:00,384
2/1/2024,22:15,392
2/1/2024,22:30,392
2/1/2024,22:45,384
2/1/2024,23:00,392
2/1/2024,23:15,376
2/1/2024,23:30,376
2/1/2024,23:45,384
2/2/2024,0:00,384
2/2/2024,0:15,376
2/2/2024,0:30,368
2/2/2024,0:45,376
2/2/2024,1:00,384
2/2/2024,1:15,376
2/2/2024,1:30,368
2/2/2024,1:45,376
2/2/2024,2:00,384
2/2/2024,2:15,384
2/2/2024,2:30,368
2/2/2024,2:45,376
2/2/2024,3:00,368
2/2/2024,3:15,376
2/2/2024,3:30,376
2/2/2024,3:45,384
2/2/2024,4:00,368
2/2/2024,4:15,376
2/2/2024,4:30,376
2/2/2024,4:45,376
2/2/2024,5:00,376
2/2/2024,5:15,368
2/2/2024,5:30,368
2/2/2024,5:45,400
2/2/2024,6:00,408
2/2/2024,6:15,400
2/2/2024,6:30,392
2/2/2024,6:45,408
2/2/2024,7:00,424
2/2/2024,7:15,424
2/2/2024,7:30,448
2/2/2024,7:45,440
2/2/2024,8:00,448
2/2/2024,8:15,464
2/2/2024,8:30,472
2/2/2024,8:45,472
2/2/2024,9:00,464
2/2/2024,9:15,464
2/2/2024,9:30,472
2/2/2024,9:45,472
2/2/2024,10:00,480
2/2/2024,10:15,480
2/2/2024,10:30,480
2/2/2024,10:45,504
2/2/2024,11:00,504
2/2/2024,11:15,496
2/2/2024,11:30,472
2/2/2024,11:45,464
2/2/2024,12:00,480
2/2/2024,12:15,488
2/2/2024,12:30,496
2/2/2024,12:45,488
2/2/2024,13:00,496
2/2/2024,13:15,488
2/2/2024,13:30,496
2/2/2024,13:45,488
2/2/2024,14:00,472
2/2/2024,14:15,464
2/2/2024,14:30,464
2/2/2024,14:45,464
2/2/2024,15:00,456
2/2/2024,15:15,448
2/2/2024,15:30,464
2/2/2024,15:45,440
2/2/2024,16:00,432
2/2/2024,16:15,440
2/2/2024,16:30,424
2/2/2024,16:45,432
2/2/2024,17:00,416
2/2/2024,17:15,400
2/2/2024,17:30,400
2/2/2024,17:45,408
2/2/2024,18:00,416
2/2/2024,18:15,400
2/2/2024,18:30,400
2/2/2024,18:45,400
2/2/2024,19:00,392
2/2/2024,19:15,408
2/2/2024,19:30,408
2/2/2024,19:45,400
2/2/2024,20:00,400
2/2/2024,20:15,408
2/2/2024,20:30,408
2/2/2024,20:45,392
2/2/2024,21:00,392
2/2/2024,21:15,376
2/2/2024,21:30,392
2/2/2024,21:45,392
2/2/2024,22:00,384
2/2/2024,22:15,376
2/2/2024,22:30,376
2/2/2024,22:45,368
2/2/2024,23:00,392
2/2/2024,23:15,376
2/2/2024,23:30,376
2/2/2024,23:45,376
2/3/2024,0:00,384
2/3/2024,0:15,376
2/3/2024,0:30,376
2/3/2024,0:45,376
2/3/2024,1:00,368
2/3/2024,1:15,376
2/3/2024,1:30,376
2/3/2024,1:45,376
2/3/2024,2:00,376
2/3/2024,2:15,392
2/3/2024,2:30,376
2/3/2024,2:45,384
2/3/2024,3:00,392
2/3/2024,3:15,376
2/3/2024,3:30,360
2/3/2024,3:45,368
2/3/2024,4:00,376
2/3/2024,4:15,376
2/3/2024,4:30,368
2/3/2024,4:45,376
2/3/2024,5:00,368
2/3/2024,5:15,368
2/3/2024,5:30,368
2/3/2024,5:45,376
2/3/2024,6:00,368
2/3/2024,6:15,368
2/3/2024,6:30,384
2/3/2024,6:45,376
2/3/2024,7:00,360
2/3/2024,7:15,352
2/3/2024,7:30,360
2/3/2024,7:45,368
2/3/2024,8:00,376
2/3/2024,8:15,376
2/3/2024,8:30,368
2/3/2024,8:45,352
2/3/2024,9:00,360
2/3/2024,9:15,368
2/3/2024,9:30,368
2/3/2024,9:45,360
2/3/2024,10:00,368
2/3/2024,10:15,368
2/3/2024,10:30,360
2/3/2024,10:45,360
2/3/2024,11:00,360
2/3/2024,11:15,352
2/3/2024,11:30,352
2/3/2024,11:45,360
2/3/2024,12:00,360
2/3/2024,12:15,368
2/3/2024,12:30,368
2/3/2024,12:45,360
2/3/2024,13:00,368
2/3/2024,13:15,376
2/3/2024,13:30,368
2/3/2024,13:45,352
2/3/2024,14:00,360
2/3/2024,14:15,376
2/3/2024,14:30,376
2/3/2024,14:45,352
2/3/2024,15:00,360
2/3/2024,15:15,368
2/3/2024,15:30,392
2/3/2024,15:45,368
2/3/2024,16:00,368
2/3/2024,16:15,360
2/3/2024,16:30,360
2/3/2024,16:45,360
2/3/2024,17:00,360
2/3/2024,17:15,352
2/3/2024,17:30,368
2/3/2024,17:45,384
2/3/2024,18:00,376
2/3/2024,18:15,376
2/3/2024,18:30,368
2/3/2024,18:45,376
2/3/2024,19:00,376
2/3/2024,19:15,376
2/3/2024,19:30,376
2/3/2024,19:45,368
2/3/2024,20:00,376
2/3/2024,20:15,376
2/3/2024,20:30,368
2/3/2024,20:45,368
2/3/2024,21:00,368
2/3/2024,21:15,376
2/3/2024,21:30,368
2/3/2024,21:45,376
2/3/2024,22:00,376
2/3/2024,22:15,368
2/3/2024,22:30,376
2/3/2024,22:45,368
2/3/2024,23:00,376
2/3/2024,23:15,376
2/3/2024,23:30,360
2/3/2024,23:45,376
2/4/2024,0:00,368
2/4/2024,0:15,376
2/4/2024,0:30,368
2/4/2024,0:45,360
2/4/2024,1:00,368
2/4/2024,1:15,376
2/4/2024,1:30,376
2/4/2024,1:45,376
2/4/2024,2:00,368
2/4/2024,2:15,376
2/4/2024,2:30,368
2/4/2024,2:45,376
2/4/2024,3:00,368
2/4/2024,3:15,368
2/4/2024,3:30,368
2/4/2024,3:45,376
2/4/2024,4:00,376
2/4/2024,4:15,368
2/4/2024,4:30,360
2/4/2024,4:45,368
2/4/2024,5:00,376
2/4/2024,5:15,376
2/4/2024,5:30,384
2/4/2024,5:45,360
2/4/2024,6:00,384
2/4/2024,6:15,384
2/4/2024,6:30,376
2/4/2024,6:45,376
2/4/2024,7:00,29.6
2/4/2024,7:15,28.88
2/4/2024,7:30,29.12
2/4/2024,7:45,29.44
2/4/2024,8:00,29.44
2/4/2024,8:15,28.72
2/4/2024,8:30,28.96
2/4/2024,8:45,29.2
2/4/2024,9:00,29.68
2/4/2024,9:15,29.2
2/4/2024,9:30,29.92
2/4/2024,9:45,30.16
2/4/2024,10:00,30.4
2/4/2024,10:15,31.6
2/4/2024,10:30,32
2/4/2024,10:45,30.4
2/4/2024,11:00,33.2
2/4/2024,11:15,33.68
2/4/2024,11:30,34.16
2/4/2024,11:45,33.92
2/4/2024,12:00,34.64
2/4/2024,12:15,33.68
2/4/2024,12:30,35.12
2/4/2024,12:45,33.92
2/4/2024,13:00,33.68
2/4/2024,13:15,34.16
2/4/2024,13:30,34.16
2/4/2024,13:45,34.4
2/4/2024,14:00,35.6
2/4/2024,14:15,35.12
2/4/2024,14:30,36.32
2/4/2024,14:45,35.84
2/4/2024,15:00,36.8
2/4/2024,15:15,36.32
2/4/2024,15:30,36.32
2/4/2024,15:45,376
2/4/2024,16:00,360
2/4/2024,16:15,352
2/4/2024,16:30,336
2/4/2024,16:45,328
2/4/2024,17:00,328
2/4/2024,17:15,320
2/4/2024,17:30,328
2/4/2024,17:45,328
2/4/2024,18:00,344
2/4/2024,18:15,344
2/4/2024,18:30,344
2/4/2024,18:45,336
2/4/2024,19:00,336
2/4/2024,19:15,336
2/4/2024,19:30,336
2/4/2024,19:45,328
2/4/2024,20:00,344
2/4/2024,20:15,336
2/4/2024,20:30,344
2/4/2024,20:45,328
2/4/2024,21:00,320
2/4/2024,21:15,336
2/4/2024,21:30,328
2/4/2024,21:45,328
2/4/2024,22:00,328
2/4/2024,22:15,31.12
2/4/2024,22:30,31.12
2/4/2024,22:45,336
2/4/2024,23:00,320
2/4/2024,23:15,336
2/4/2024,23:30,328
2/4/2024,23:45,336
2/5/2024,0:00,328
2/5/2024,0:15,336
2/5/2024,0:30,336
2/5/2024,0:45,336
2/5/2024,1:00,336
2/5/2024,1:15,336
2/5/2024,1:30,328
2/5/2024,1:45,332
2/5/2024,2:00,336
2/5/2024,2:15,336
2/5/2024,2:30,328
2/5/2024,2:45,336
2/5/2024,3:00,344
2/5/2024,3:15,336
2/5/2024,3:30,336
2/5/2024,3:45,328
2/5/2024,4:00,344
2/5/2024,4:15,336
2/5/2024,4:30,336
2/5/2024,4:45,344
2/5/2024,5:00,344
2/5/2024,5:15,336
2/5/2024,5:30,344
2/5/2024,5:45,336
2/5/2024,6:00,328
2/5/2024,6:15,336
2/5/2024,6:30,336
2/5/2024,6:45,344
2/5/2024,7:00,344
2/5/2024,7:15,344
2/5/2024,7:30,344
2/5/2024,7:45,408
2/5/2024,8:00,424
2/5/2024,8:15,432
2/5/2024,8:30,432
2/5/2024,8:45,424
2/5/2024,9:00,448
2/5/2024,9:15,448
2/5/2024,9:30,456
2/5/2024,9:45,448
2/5/2024,10:00,448
2/5/2024,10:15,448
2/5/2024,10:30,472
2/5/2024,10:45,448
2/5/2024,11:00,440
2/5/2024,11:15,432
2/5/2024,11:30,440
2/5/2024,11:45,448
2/5/2024,12:00,440
2/5/2024,12:15,424
2/5/2024,12:30,448
2/5/2024,12:45,456
2/5/2024,13:00,464
2/5/2024,13:15,456
2/5/2024,13:30,440
2/5/2024,13:45,456
2/5/2024,14:00,452
2/5/2024,14:15,448
2/5/2024,14:30,440
2/5/2024,14:45,432
2/5/2024,15:00,440
2/5/2024,15:15,440
2/5/2024,15:30,440
2/5/2024,15:45,408
2/5/2024,16:00,408
2/5/2024,16:15,400
2/5/2024,16:30,416
2/5/2024,16:45,400
2/5/2024,17:00,384
2/5/2024,17:15,384
2/5/2024,17:30,376
2/5/2024,17:45,368
2/5/2024,18:00,376
2/5/2024,18:15,368
2/5/2024,18:30,368
2/5/2024,18:45,352
2/5/2024,19:00,360
2/5/2024,19:15,360
2/5/2024,19:30,352
2/5/2024,19:45,352
2/5/2024,20:00,368
2/5/2024,20:15,360
2/5/2024,20:30,360
2/5/2024,20:45,352
2/5/2024,21:00,344
2/5/2024,21:15,344
2/5/2024,21:30,352
2/5/2024,21:45,352
2/5/2024,22:00,352
2/5/2024,22:15,344
2/5/2024,22:30,352
2/5/2024,22:45,344
2/5/2024,23:00,352
2/5/2024,23:15,344
2/5/2024,23:30,344
2/5/2024,23:45,336
2/6/2024,0:00,336
2/6/2024,0:15,352
2/6/2024,0:30,352
2/6/2024,0:45,344
2/6/2024,1:00,344
2/6/2024,1:15,344
2/6/2024,1:30,352
2/6/2024,1:45,344
2/6/2024,2:00,336
2/6/2024,2:15,336
2/6/2024,2:30,352
2/6/2024,2:45,352
2/6/2024,3:00,344
2/6/2024,3:15,344
2/6/2024,3:30,344
2/6/2024,3:45,352
2/6/2024,4:00,344
2/6/2024,4:15,352
2/6/2024,4:30,344
2/6/2024,4:45,352
2/6/2024,5:00,344
2/6/2024,5:15,352
2/6/2024,5:30,344
2/6/2024,5:45,368
2/6/2024,6:00,368
2/6/2024,6:15,376
2/6/2024,6:30,384
2/6/2024,6:45,392
2/6/2024,7:00,384
2/6/2024,7:15,408
2/6/2024,7:30,424
2/6/2024,7:45,432
2/6/2024,8:00,440
2/6/2024,8:15,448
2/6/2024,8:30,448
2/6/2024,8:45,456
2/6/2024,9:00,480
2/6/2024,9:15,464
2/6/2024,9:30,472
2/6/2024,9:45,472
2/6/2024,10:00,456
2/6/2024,10:15,456
2/6/2024,10:30,464
2/6/2024,10:45,456
2/6/2024,11:00,448
2/6/2024,11:15,440
2/6/2024,11:30,448
2/6/2024,11:45,448
2/6/2024,12:00,464
2/6/2024,12:15,432
2/6/2024,12:30,440
2/6/2024,12:45,456
2/6/2024,13:00,432
2/6/2024,13:15,464
2/6/2024,13:30,472
2/6/2024,13:45,472
2/6/2024,14:00,472
2/6/2024,14:15,464
2/6/2024,14:30,464
2/6/2024,14:45,432
2/6/2024,15:00,440
2/6/2024,15:15,472
2/6/2024,15:30,464
2/6/2024,15:45,456
2/6/2024,16:00,448
2/6/2024,16:15,448
2/6/2024,16:30,440
2/6/2024,16:45,432
2/6/2024,17:00,424
2/6/2024,17:15,400
2/6/2024,17:30,408
2/6/2024,17:45,400
2/6/2024,18:00,392
2/6/2024,18:15,376
2/6/2024,18:30,384
2/6/2024,18:45,384
2/6/2024,19:00,392
2/6/2024,19:15,368
2/6/2024,19:30,360
2/6/2024,19:45,360
2/6/2024,20:00,368
2/6/2024,20:15,376
2/6/2024,20:30,368
2/6/2024,20:45,376
2/6/2024,21:00,352
2/6/2024,21:15,344
2/6/2024,21:30,344
2/6/2024,21:45,360
2/6/2024,22:00,344
2/6/2024,22:15,344
2/6/2024,22:30,344
2/6/2024,22:45,352
2/6/2024,23:00,344
2/6/2024,23:15,344
2/6/2024,23:30,336
2/6/2024,23:45,344
2/7/2024,0:00,344
2/7/2024,0:15,352
2/7/2024,0:30,336
2/7/2024,0:45,344
2/7/2024,1:00,336
2/7/2024,1:15,344
2/7/2024,1:30,352
2/7/2024,1:45,344
2/7/2024,2:00,344
2/7/2024,2:15,336
2/7/2024,2:30,344
2/7/2024,2:45,344
2/7/2024,3:00,352
2/7/2024,3:15,336
2/7/2024,3:30,344
2/7/2024,3:45,360
2/7/2024,4:00,344
2/7/2024,4:15,344
2/7/2024,4:30,344
2/7/2024,4:45,344
2/7/2024,5:00,352
2/7/2024,5:15,352
2/7/2024,5:30,368
2/7/2024,5:45,360
2/7/2024,6:00,376
2/7/2024,6:15,376
2/7/2024,6:30,384
2/7/2024,6:45,400
2/7/2024,7:00,392
2/7/2024,7:15,416
2/7/2024,7:30,416
2/7/2024,7:45,448
2/7/2024,8:00,456
2/7/2024,8:15,448
2/7/2024,8:30,448
2/7/2024,8:45,456
2/7/2024,9:00,456
2/7/2024,9:15,464
2/7/2024,9:30,464
2/7/2024,9:45,464
2/7/2024,10:00,472
2/7/2024,10:15,456
2/7/2024,10:30,480
2/7/2024,10:45,480
2/7/2024,11:00,464
2/7/2024,11:15,472
2/7/2024,11:30,464
2/7/2024,11:45,472
2/7/2024,12:00,456
2/7/2024,12:15,464
2/7/2024,12:30,464
2/7/2024,12:45,472
2/7/2024,13:00,480
2/7/2024,13:15,472
2/7/2024,13:30,464
2/7/2024,13:45,456
2/7/2024,14:00,472
2/7/2024,14:15,456
2/7/2024,14:30,448
2/7/2024,14:45,440
2/7/2024,15:00,440
2/7/2024,15:15,432
2/7/2024,15:30,448
2/7/2024,15:45,440
2/7/2024,16:00,424
2/7/2024,16:15,416
2/7/2024,16:30,424
2/7/2024,16:45,408
2/7/2024,17:00,408
2/7/2024,17:15,408
2/7/2024,17:30,392
2/7/2024,17:45,392
2/7/2024,18:00,392
2/7/2024,18:15,392
2/7/2024,18:30,400
2/7/2024,18:45,384
2/7/2024,19:00,376
2/7/2024,19:15,384
2/7/2024,19:30,376
2/7/2024,19:45,376
2/7/2024,20:00,376
2/7/2024,20:15,368
2/7/2024,20:30,368
2/7/2024,20:45,376
2/7/2024,21:00,360
2/7/2024,21:15,360
2/7/2024,21:30,360
2/7/2024,21:45,360
2/7/2024,22:00,368
2/7/2024,22:15,352
2/7/2024,22:30,360
2/7/2024,22:45,352
2/7/2024,23:00,344
2/7/2024,23:15,360
2/7/2024,23:30,360
2/7/2024,23:45,368
2/8/2024,0:00,352
2/8/2024,0:15,344
2/8/2024,0:30,360
2/8/2024,0:45,352
2/8/2024,1:00,360
2/8/2024,1:15,352
2/8/2024,1:30,360
2/8/2024,1:45,360
2/8/2024,2:00,360
2/8/2024,2:15,352
2/8/2024,2:30,360
2/8/2024,2:45,352
2/8/2024,3:00,344
2/8/2024,3:15,368
2/8/2024,3:30,360
2/8/2024,3:45,360
2/8/2024,4:00,368
2/8/2024,4:15,352
2/8/2024,4:30,360
2/8/2024,4:45,360
2/8/2024,5:00,360
2/8/2024,5:15,376
2/8/2024,5:30,360
2/8/2024,5:45,376
2/8/2024,6:00,384
2/8/2024,6:15,392
2/8/2024,6:30,408
2/8/2024,6:45,408
2/8/2024,7:00,416
2/8/2024,7:15,424
2/8/2024,7:30,440
2/8/2024,7:45,448
2/8/2024,8:00,448
2/8/2024,8:15,464
2/8/2024,8:30,472
2/8/2024,8:45,472
2/8/2024,9:00,472
2/8/2024,9:15,464
2/8/2024,9:30,472
2/8/2024,9:45,472
2/8/2024,10:00,456
2/8/2024,10:15,448
2/8/2024,10:30,448
2/8/2024,10:45,448
2/8/2024,11:00,448
2/8/2024,11:15,440
2/8/2024,11:30,440
2/8/2024,11:45,440
2/8/2024,12:00,464
2/8/2024,12:15,464
2/8/2024,12:30,440
2/8/2024,12:45,448
2/8/2024,13:00,448
2/8/2024,13:15,448
2/8/2024,13:30,448
2/8/2024,13:45,440
2/8/2024,14:00,440
2/8/2024,14:15,448
2/8/2024,14:30,464
2/8/2024,14:45,448
2/8/2024,15:00,440
2/8/2024,15:15,424
2/8/2024,15:30,424
2/8/2024,15:45,440
2/8/2024,16:00,432
2/8/2024,16:15,424
2/8/2024,16:30,392
2/8/2024,16:45,392
2/8/2024,17:00,400
2/8/2024,17:15,400
2/8/2024,17:30,376
2/8/2024,17:45,360
2/8/2024,18:00,384
2/8/2024,18:15,384
2/8/2024,18:30,376
2/8/2024,18:45,368
2/8/2024,19:00,368
2/8/2024,19:15,360
2/8/2024,19:30,376
2/8/2024,19:45,368
2/8/2024,20:00,368
2/8/2024,20:15,352
2/8/2024,20:30,360
2/8/2024,20:45,368
2/8/2024,21:00,360
2/8/2024,21:15,352
2/8/2024,21:30,344
2/8/2024,21:45,352
2/8/2024,22:00,360
2/8/2024,22:15,344
2/8/2024,22:30,352
2/8/2024,22:45,344
2/8/2024,23:00,336
2/8/2024,23:15,352
2/8/2024,23:30,336
2/8/2024,23:45,352
2/9/2024,0:00,344
2/9/2024,0:15,336
2/9/2024,0:30,336
2/9/2024,0:45,344
2/9/2024,1:00,344
2/9/2024,1:15,336
2/9/2024,1:30,336
2/9/2024,1:45,344
2/9/2024,2:00,344
2/9/2024,2:15,336
2/9/2024,2:30,344
2/9/2024,2:45,336
2/9/2024,3:00,336
2/9/2024,3:15,344
2/9/2024,3:30,344
2/9/2024,3:45,336
2/9/2024,4:00,344
2/9/2024,4:15,344
2/9/2024,4:30,336
2/9/2024,4:45,336
2/9/2024,5:00,336
2/9/2024,5:15,344
2/9/2024,5:30,352
2/9/2024,5:45,360
2/9/2024,6:00,368
2/9/2024,6:15,368
2/9/2024,6:30,376
2/9/2024,6:45,392
2/9/2024,7:00,400
2/9/2024,7:15,408
2/9/2024,7:30,416
2/9/2024,7:45,424
2/9/2024,8:00,424
2/9/2024,8:15,432
2/9/2024,8:30,432
2/9/2024,8:45,448
2/9/2024,9:00,440
2/9/2024,9:15,448
2/9/2024,9:30,424
2/9/2024,9:45,432
2/9/2024,10:00,440
2/9/2024,10:15,432
2/9/2024,10:30,432
2/9/2024,10:45,440
2/9/2024,11:00,456
2/9/2024,11:15,456
2/9/2024,11:30,448
2/9/2024,11:45,448
2/9/2024,12:00,464
2/9/2024,12:15,464
2/9/2024,12:30,480
2/9/2024,12:45,472
2/9/2024,13:00,448
2/9/2024,13:15,456
2/9/2024,13:30,464
2/9/2024,13:45,472
2/9/2024,14:00,472
2/9/2024,14:15,472
2/9/2024,14:30,464
2/9/2024,14:45,456
2/9/2024,15:00,464
2/9/2024,15:15,448
2/9/2024,15:30,456
2/9/2024,15:45,440
2/9/2024,16:00,432
2/9/2024,16:15,448
2/9/2024,16:30,424
2/9/2024,16:45,400
2/9/2024,17:00,408
2/9/2024,17:15,416
2/9/2024,17:30,392
2/9/2024,17:45,392
2/9/2024,18:00,400
2/9/2024,18:15,384
2/9/2024,18:30,392
2/9/2024,18:45,392
2/9/2024,19:00,384
2/9/2024,19:15,368
2/9/2024,19:30,376
2/9/2024,19:45,376
2/9/2024,20:00,392
2/9/2024,20:15,368
2/9/2024,20:30,368
2/9/2024,20:45,376
2/9/2024,21:00,368
2/9/2024,21:15,368
2/9/2024,21:30,352
2/9/2024,21:45,368
2/9/2024,22:00,376
2/9/2024,22:15,368
2/9/2024,22:30,360
2/9/2024,22:45,352
2/9/2024,23:00,360
2/9/2024,23:15,344
2/9/2024,23:30,360
2/9/2024,23:45,352
2/10/2024,0:00,360
2/10/2024,0:15,352
2/10/2024,0:30,352
2/10/2024,0:45,352
2/10/2024,1:00,360
2/10/2024,1:15,352
2/10/2024,1:30,352
2/10/2024,1:45,344
2/10/2024,2:00,352
2/10/2024,2:15,352
2/10/2024,2:30,352
2/10/2024,2:45,352
2/10/2024,3:00,344
2/10/2024,3:15,344
2/10/2024,3:30,360
2/10/2024,3:45,360
2/10/2024,4:00,344
2/10/2024,4:15,352
2/10/2024,4:30,344
2/10/2024,4:45,352
2/10/2024,5:00,360
2/10/2024,5:15,352
2/10/2024,5:30,344
2/10/2024,5:45,344
2/10/2024,6:00,352
2/10/2024,6:15,352
2/10/2024,6:30,352
2/10/2024,6:45,344
2/10/2024,7:00,344
2/10/2024,7:15,336
2/10/2024,7:30,344
2/10/2024,7:45,352
2/10/2024,8:00,344
2/10/2024,8:15,336
2/10/2024,8:30,344
2/10/2024,8:45,352
2/10/2024,9:00,352
2/10/2024,9:15,344
2/10/2024,9:30,344
2/10/2024,9:45,344
2/10/2024,10:00,336
2/10/2024,10:15,352
2/10/2024,10:30,360
2/10/2024,10:45,352
2/10/2024,11:00,336
2/10/2024,11:15,360
2/10/2024,11:30,368
2/10/2024,11:45,384
2/10/2024,12:00,368
2/10/2024,12:15,376
2/10/2024,12:30,384
2/10/2024,12:45,400
2/10/2024,13:00,400
2/10/2024,13:15,392
2/10/2024,13:30,392
2/10/2024,13:45,416
2/10/2024,14:00,424
2/10/2024,14:15,416
2/10/2024,14:30,424
2/10/2024,14:45,400
2/10/2024,15:00,432
2/10/2024,15:15,416
2/10/2024,15:30,432
2/10/2024,15:45,408
2/10/2024,16:00,384
2/10/2024,16:15,400
2/10/2024,16:30,400
2/10/2024,16:45,360
2/10/2024,17:00,376
2/10/2024,17:15,368
2/10/2024,17:30,368
2/10/2024,17:45,352
2/10/2024,18:00,352
2/10/2024,18:15,352
2/10/2024,18:30,368
2/10/2024,18:45,360
2/10/2024,19:00,368
2/10/2024,19:15,352
2/10/2024,19:30,360
2/10/2024,19:45,352
2/10/2024,20:00,360
2/10/2024,20:15,352
2/10/2024,20:30,352
2/10/2024,20:45,352
2/10/2024,21:00,368
2/10/2024,21:15,360
2/10/2024,21:30,352
2/10/2024,21:45,352
2/10/2024,22:00,352
2/10/2024,22:15,360
2/10/2024,22:30,360
2/10/2024,22:45,360
2/10/2024,23:00,352
2/10/2024,23:15,352
2/10/2024,23:30,352
2/10/2024,23:45,360
2/11/2024,0:00,352
2/11/2024,0:15,352
2/11/2024,0:30,360
2/11/2024,0:45,360
2/11/2024,1:00,360
2/11/2024,1:15,352
2/11/2024,1:30,344
2/11/2024,1:45,352
2/11/2024,2:00,344
2/11/2024,2:15,360
2/11/2024,2:30,360
2/11/2024,2:45,352
2/11/2024,3:00,352
2/11/2024,3:15,360
2/11/2024,3:30,352
2/11/2024,3:45,360
2/11/2024,4:00,352
2/11/2024,4:15,344
2/11/2024,4:30,352
2/11/2024,4:45,360
2/11/2024,5:00,352
2/11/2024,5:15,352
2/11/2024,5:30,344
2/11/2024,5:45,352
2/11/2024,6:00,352
2/11/2024,6:15,360
2/11/2024,6:30,352
2/11/2024,6:45,344
2/11/2024,7:00,336
2/11/2024,7:15,336
2/11/2024,7:30,336
2/11/2024,7:45,344
2/11/2024,8:00,344
2/11/2024,8:15,328
2/11/2024,8:30,336
2/11/2024,8:45,336
2/11/2024,9:00,336
2/11/2024,9:15,336
2/11/2024,9:30,336
2/11/2024,9:45,328
2/11/2024,10:00,344
2/11/2024,10:15,344
2/11/2024,10:30,352
2/11/2024,10:45,336
2/11/2024,11:00,352
2/11/2024,11:15,360
2/11/2024,11:30,368
2/11/2024,11:45,368
2/11/2024,12:00,384
2/11/2024,12:15,376
2/11/2024,12:30,384
2/11/2024,12:45,384
2/11/2024,13:00,384
2/11/2024,13:15,400
2/11/2024,13:30,384
2/11/2024,13:45,408
2/11/2024,14:00,424
2/11/2024,14:15,416
2/11/2024,14:30,416
2/11/2024,14:45,424
2/11/2024,15:00,408
2/11/2024,15:15,424
2/11/2024,15:30,416
2/11/2024,15:45,424
2/11/2024,16:00,408
2/11/2024,16:15,408
2/11/2024,16:30,400
2/11/2024,16:45,392
2/11/2024,17:00,384
2/11/2024,17:15,384
2/11/2024,17:30,392
2/11/2024,17:45,360
2/11/2024,18:00,368
2/11/2024,18:15,368
2/11/2024,18:30,368
2/11/2024,18:45,360
2/11/2024,19:00,360
2/11/2024,19:15,360
2/11/2024,19:30,360
2/11/2024,19:45,360
2/11/2024,20:00,368
2/11/2024,20:15,360
2/11/2024,20:30,352
2/11/2024,20:45,352
2/11/2024,21:00,352
2/11/2024,21:15,360
2/11/2024,21:30,352
2/11/2024,21:45,360
2/11/2024,22:00,352
2/11/2024,22:15,360
2/11/2024,22:30,360
2/11/2024,22:45,360
2/11/2024,23:00,352
2/11/2024,23:15,352
2/11/2024,23:30,352
2/11/2024,23:45,360
2/12/2024,0:00,360
2/12/2024,0:15,352
2/12/2024,0:30,352
2/12/2024,0:45,352
2/12/2024,1:00,360
2/12/2024,1:15,352
2/12/2024,1:30,344
2/12/2024,1:45,352
2/12/2024,2:00,360
2/12/2024,2:15,360
2/12/2024,2:30,360
2/12/2024,2:45,360
2/12/2024,3:00,352
2/12/2024,3:15,344
2/12/2024,3:30,360
2/12/2024,3:45,368
2/12/2024,4:00,360
2/12/2024,4:15,352
2/12/2024,4:30,352
2/12/2024,4:45,352
2/12/2024,5:00,352
2/12/2024,5:15,360
2/12/2024,5:30,352
2/12/2024,5:45,368
2/12/2024,6:00,376
2/12/2024,6:15,392
2/12/2024,6:30,392
2/12/2024,6:45,384
2/12/2024,7:00,408
2/12/2024,7:15,424
2/12/2024,7:30,440
2/12/2024,7:45,456
2/12/2024,8:00,464
2/12/2024,8:15,472
2/12/2024,8:30,488
2/12/2024,8:45,472
2/12/2024,9:00,472
2/12/2024,9:15,480
2/12/2024,9:30,472
2/12/2024,9:45,480
2/12/2024,10:00,464
2/12/2024,10:15,472
2/12/2024,10:30,464
2/12/2024,10:45,464
2/12/2024,11:00,472
2/12/2024,11:15,496
2/12/2024,11:30,488
2/12/2024,11:45,488
2/12/2024,12:00,512
2/12/2024,12:15,504
2/12/2024,12:30,496
2/12/2024,12:45,488
2/12/2024,13:00,528
2/12/2024,13:15,504
2/12/2024,13:30,528
2/12/2024,13:45,520
2/12/2024,14:00,520
2/12/2024,14:15,504
2/12/2024,14:30,520
2/12/2024,14:45,512
2/12/2024,15:00,512
2/12/2024,15:15,496
2/12/2024,15:30,520
2/12/2024,15:45,520
2/12/2024,16:00,512
2/12/2024,16:15,496
2/12/2024,16:30,480
2/12/2024,16:45,496
2/12/2024,17:00,456
2/12/2024,17:15,448
2/12/2024,17:30,456
2/12/2024,17:45,416
2/12/2024,18:00,400
2/12/2024,18:15,392
2/12/2024,18:30,392
2/12/2024,18:45,384
2/12/2024,19:00,400
2/12/2024,19:15,400
2/12/2024,19:30,384
2/12/2024,19:45,376
2/12/2024,20:00,384
2/12/2024,20:15,392
2/12/2024,20:30,376
2/12/2024,20:45,384
2/12/2024,21:00,376
2/12/2024,21:15,376
2/12/2024,21:30,376
2/12/2024,21:45,376
2/12/2024,22:00,360
2/12/2024,22:15,360
2/12/2024,22:30,360
2/12/2024,22:45,368
2/12/2024,23:00,376
2/12/2024,23:15,360
2/12/2024,23:30,368
2/12/2024,23:45,360
2/13/2024,0:00,368
2/13/2024,0:15,368
2/13/2024,0:30,360
2/13/2024,0:45,360
2/13/2024,1:00,360
2/13/2024,1:15,368
2/13/2024,1:30,368
2/13/2024,1:45,368
2/13/2024,2:00,352
2/13/2024,2:15,360
2/13/2024,2:30,360
2/13/2024,2:45,360
2/13/2024,3:00,368
2/13/2024,3:15,360
2/13/2024,3:30,368
2/13/2024,3:45,368
2/13/2024,4:00,376
2/13/2024,4:15,368
2/13/2024,4:30,360
2/13/2024,4:45,368
2/13/2024,5:00,368
2/13/2024,5:15,368
2/13/2024,5:30,368
2/13/2024,5:45,376
2/13/2024,6:00,400
2/13/2024,6:15,400
2/13/2024,6:30,408
2/13/2024,6:45,408
2/13/2024,7:00,408
2/13/2024,7:15,432
2/13/2024,7:30,440
2/13/2024,7:45,464
2/13/2024,8:00,464
2/13/2024,8:15,464
2/13/2024,8:30,496
2/13/2024,8:45,488
2/13/2024,9:00,496
2/13/2024,9:15,488
2/13/2024,9:30,480
2/13/2024,9:45,472
2/13/2024,10:00,480
2/13/2024,10:15,504
2/13/2024,10:30,504
2/13/2024,10:45,512
2/13/2024,11:00,504
2/13/2024,11:15,512
2/13/2024,11:30,520
2/13/2024,11:45,528
2/13/2024,12:00,512
2/13/2024,12:15,512
2/13/2024,12:30,520
2/13/2024,12:45,544
2/13/2024,13:00,544
2/13/2024,13:15,544
2/13/2024,13:30,568
2/13/2024,13:45,560
2/13/2024,14:00,552
2/13/2024,14:15,552
2/13/2024,14:30,536
2/13/2024,14:45,504
2/13/2024,15:00,528
2/13/2024,15:15,520
2/13/2024,15:30,504
2/13/2024,15:45,488
2/13/2024,16:00,472
2/13/2024,16:15,496
2/13/2024,16:30,472
2/13/2024,16:45,464
2/13/2024,17:00,448
2/13/2024,17:15,440
2/13/2024,17:30,432
2/13/2024,17:45,408
2/13/2024,18:00,408
2/13/2024,18:15,400
2/13/2024,18:30,392
2/13/2024,18:45,392
2/13/2024,19:00,384
2/13/2024,19:15,384
2/13/2024,19:30,384
2/13/2024,19:45,400
2/13/2024,20:00,392
2/13/2024,20:15,376
2/13/2024,20:30,376
2/13/2024,20:45,376
2/13/2024,21:00,384
2/13/2024,21:15,384
2/13/2024,21:30,376
2/13/2024,21:45,376
2/13/2024,22:00,384
2/13/2024,22:15,384
2/13/2024,22:30,376
2/13/2024,22:45,360
2/13/2024,23:00,368
2/13/2024,23:15,360
2/13/2024,23:30,376
2/13/2024,23:45,368
2/14/2024,0:00,368
2/14/2024,0:15,368
2/14/2024,0:30,376
2/14/2024,0:45,368
2/14/2024,1:00,368
2/14/2024,1:15,376
2/14/2024,1:30,360
2/14/2024,1:45,368
2/14/2024,2:00,368
2/14/2024,2:15,368
2/14/2024,2:30,368
2/14/2024,2:45,360
2/14/2024,3:00,368
2/14/2024,3:15,376
2/14/2024,3:30,368
2/14/2024,3:45,368
2/14/2024,4:00,360
2/14/2024,4:15,376
2/14/2024,4:30,376
2/14/2024,4:45,376
2/14/2024,5:00,376
2/14/2024,5:15,368
2/14/2024,5:30,360
2/14/2024,5:45,384
2/14/2024,6:00,392
2/14/2024,6:15,400
2/14/2024,6:30,400
2/14/2024,6:45,392
2/14/2024,7:00,424
2/14/2024,7:15,432
2/14/2024,7:30,440
2/14/2024,7:45,448
2/14/2024,8:00,464
2/14/2024,8:15,480
2/14/2024,8:30,472
2/14/2024,8:45,480
2/14/2024,9:00,480
2/14/2024,9:15,464
2/14/2024,9:30,480
2/14/2024,9:45,472
2/14/2024,10:00,472
2/14/2024,10:15,488
2/14/2024,10:30,472
2/14/2024,10:45,488
2/14/2024,11:00,496
2/14/2024,11:15,472
2/14/2024,11:30,480
2/14/2024,11:45,472
2/14/2024,12:00,472
2/14/2024,12:15,472
2/14/2024,12:30,472
2/14/2024,12:45,488
2/14/2024,13:00,504
2/14/2024,13:15,496
2/14/2024,13:30,504
2/14/2024,13:45,512
2/14/2024,14:00,504
2/14/2024,14:15,496
2/14/2024,14:30,496
2/14/2024,14:45,480
2/14/2024,15:00,472
2/14/2024,15:15,464
2/14/2024,15:30,456
2/14/2024,15:45,472
2/14/2024,16:00,448
2/14/2024,16:15,448
2/14/2024,16:30,448
2/14/2024,16:45,448
2/14/2024,17:00,432
2/14/2024,17:15,416
2/14/2024,17:30,408
2/14/2024,17:45,408
2/14/2024,18:00,408
2/14/2024,18:15,416
2/14/2024,18:30,392
2/14/2024,18:45,392
2/14/2024,19:00,392
2/14/2024,19:15,400
2/14/2024,19:30,400
2/14/2024,19:45,384
2/14/2024,20:00,384
2/14/2024,20:15,392
2/14/2024,20:30,392
2/14/2024,20:45,384
2/14/2024,21:00,384
2/14/2024,21:15,384
2/14/2024,21:30,376
2/14/2024,21:45,384
2/14/2024,22:00,368
2/14/2024,22:15,376
2/14/2024,22:30,376
2/14/2024,22:45,384
2/14/2024,23:00,376
2/14/2024,23:15,368
2/14/2024,23:30,368
2/14/2024,23:45,376
2/15/2024,0:00,376
2/15/2024,0:15,368
2/15/2024,0:30,368
2/15/2024,0:45,376
2/15/2024,1:00,368
2/15/2024,1:15,368
2/15/2024,1:30,376
2/15/2024,1:45,360
2/15/2024,2:00,368
2/15/2024,2:15,368
2/15/2024,2:30,376
2/15/2024,2:45,376
2/15/2024,3:00,368
2/15/2024,3:15,368
2/15/2024,3:30,368
2/15/2024,3:45,368
2/15/2024,4:00,368
2/15/2024,4:15,368
2/15/2024,4:30,360
2/15/2024,4:45,376
2/15/2024,5:00,376
2/15/2024,5:15,376
2/15/2024,5:30,368
2/15/2024,5:45,392
2/15/2024,6:00,400
2/15/2024,6:15,408
2/15/2024,6:30,416
2/15/2024,6:45,400
2/15/2024,7:00,408
2/15/2024,7:15,432
2/15/2024,7:30,448
2/15/2024,7:45,456
2/15/2024,8:00,464
2/15/2024,8:15,472
2/15/2024,8:30,472
2/15/2024,8:45,472
2/15/2024,9:00,488
2/15/2024,9:15,488
2/15/2024,9:30,480
2/15/2024,9:45,480
2/15/2024,10:00,504
2/15/2024,10:15,496
2/15/2024,10:30,520
2/15/2024,10:45,512
2/15/2024,11:00,528
2/15/2024,11:15,520
2/15/2024,11:30,536
2/15/2024,11:45,528
2/15/2024,12:00,512
2/15/2024,12:15,528
2/15/2024,12:30,552
2/15/2024,12:45,544
2/15/2024,13:00,576
2/15/2024,13:15,560
2/15/2024,13:30,552
2/15/2024,13:45,560
2/15/2024,14:00,552
2/15/2024,14:15,544
2/15/2024,14:30,568
2/15/2024,14:45,552
2/15/2024,15:00,528
2/15/2024,15:15,528
2/15/2024,15:30,528
2/15/2024,15:45,520
2/15/2024,16:00,488
2/15/2024,16:15,488
2/15/2024,16:30,480
2/15/2024,16:45,488
2/15/2024,17:00,464
2/15/2024,17:15,448
2/15/2024,17:30,456
2/15/2024,17:45,408
2/15/2024,18:00,416
2/15/2024,18:15,416
2/15/2024,18:30,416
2/15/2024,18:45,408
2/15/2024,19:00,400
2/15/2024,19:15,400
2/15/2024,19:30,384
2/15/2024,19:45,392
2/15/2024,20:00,400
2/15/2024,20:15,392
2/15/2024,20:30,272
2/15/2024,20:45,272
2/15/2024,21:00,344
2/15/2024,21:15,360
2/15/2024,21:30,352
2/15/2024,21:45,352
2/15/2024,22:00,352
2/15/2024,22:15,352
2/15/2024,22:30,344
2/15/2024,22:45,352
2/15/2024,23:00,352
2/15/2024,23:15,344
2/15/2024,23:30,352
2/15/2024,23:45,344
2/16/2024,0:00,344
2/16/2024,0:15,352
2/16/2024,0:30,352
2/16/2024,0:45,344
2/16/2024,1:00,344
2/16/2024,1:15,352
2/16/2024,1:30,352
2/16/2024,1:45,336
2/16/2024,2:00,352
2/16/2024,2:15,344
2/16/2024,2:30,354.64
2/16/2024,2:45,365.36
2/16/2024,3:00,376
2/16/2024,3:15,376
2/16/2024,3:30,368
2/16/2024,3:45,376
2/16/2024,4:00,368
2/16/2024,4:15,368
2/16/2024,4:30,376
2/16/2024,4:45,368
2/16/2024,5:00,368
2/16/2024,5:15,368
2/16/2024,5:30,384
2/16/2024,5:45,384
2/16/2024,6:00,400
2/16/2024,6:15,400
2/16/2024,6:30,408
2/16/2024,6:45,400
2/16/2024,7:00,408
2/16/2024,7:15,432
2/16/2024,7:30,448
2/16/2024,7:45,448
2/16/2024,8:00,456
2/16/2024,8:15,456
2/16/2024,8:30,464
2/16/2024,8:45,464
2/16/2024,9:00,456
2/16/2024,9:15,448
2/16/2024,9:30,448
2/16/2024,9:45,456
2/16/2024,10:00,456
2/16/2024,10:15,464
2/16/2024,10:30,464
2/16/2024,10:45,472
2/16/2024,11:00,472
2/16/2024,11:15,480
2/16/2024,11:30,496
2/16/2024,11:45,480
2/16/2024,12:00,480
2/16/2024,12:15,480
2/16/2024,12:30,496
2/16/2024,12:45,512
2/16/2024,13:00,504
2/16/2024,13:15,504
2/16/2024,13:30,512
2/16/2024,13:45,504
2/16/2024,14:00,496
2/16/2024,14:15,496
2/16/2024,14:30,504
2/16/2024,14:45,488
2/16/2024,15:00,512
2/16/2024,15:15,480
2/16/2024,15:30,480
2/16/2024,15:45,480
2/16/2024,16:00,480
2/16/2024,16:15,456
2/16/2024,16:30,456
2/16/2024,16:45,452
2/16/2024,17:00,448
2/16/2024,17:15,440
2/16/2024,17:30,424
2/16/2024,17:45,416
2/16/2024,18:00,416
2/16/2024,18:15,424
2/16/2024,18:30,408
2/16/2024,18:45,400
2/16/2024,19:00,424
2/16/2024,19:15,392
2/16/2024,19:30,392
2/16/2024,19:45,408
2/16/2024,20:00,400
2/16/2024,20:15,384
2/16/2024,20:30,392
2/16/2024,20:45,384
2/16/2024,21:00,384
2/16/2024,21:15,384
2/16/2024,21:30,384
2/16/2024,21:45,376
2/16/2024,22:00,384
2/16/2024,22:15,384
2/16/2024,22:30,376
2/16/2024,22:45,376
2/16/2024,23:00,368
2/16/2024,23:15,392
2/16/2024,23:30,384
2/16/2024,23:45,376
2/17/2024,0:00,376
2/17/2024,0:15,376
2/17/2024,0:30,384
2/17/2024,0:45,384
2/17/2024,1:00,376
2/17/2024,1:15,368
2/17/2024,1:30,376
2/17/2024,1:45,376
2/17/2024,2:00,376
2/17/2024,2:15,368
2/17/2024,2:30,376
2/17/2024,2:45,384
2/17/2024,3:00,384
2/17/2024,3:15,368
2/17/2024,3:30,376
2/17/2024,3:45,376
2/17/2024,4:00,376
2/17/2024,4:15,376
2/17/2024,4:30,368
2/17/2024,4:45,372
2/17/2024,5:00,376
2/17/2024,5:15,376
2/17/2024,5:30,376
2/17/2024,5:45,376
2/17/2024,6:00,368
2/17/2024,6:15,376
2/17/2024,6:30,376
2/17/2024,6:45,360
2/17/2024,7:00,352
2/17/2024,7:15,360
2/17/2024,7:30,376
2/17/2024,7:45,376
2/17/2024,8:00,368
2/17/2024,8:15,360
2/17/2024,8:30,368
2/17/2024,8:45,368
2/17/2024,9:00,376
2/17/2024,9:15,360
2/17/2024,9:30,368
2/17/2024,9:45,360
2/17/2024,10:00,368
2/17/2024,10:15,368
2/17/2024,10:30,368
2/17/2024,10:45,360
2/17/2024,11:00,376
2/17/2024,11:15,368
2/17/2024,11:30,368
2/17/2024,11:45,352
2/17/2024,12:00,360
2/17/2024,12:15,368
2/17/2024,12:30,376
2/17/2024,12:45,376
2/17/2024,13:00,360
2/17/2024,13:15,360
2/17/2024,13:30,368
2/17/2024,13:45,368
2/17/2024,14:00,384
2/17/2024,14:15,376
2/17/2024,14:30,384
2/17/2024,14:45,392
2/17/2024,15:00,384
2/17/2024,15:15,368
2/17/2024,15:30,384
2/17/2024,15:45,376
2/17/2024,16:00,360
2/17/2024,16:15,360
2/17/2024,16:30,360
2/17/2024,16:45,360
2/17/2024,17:00,360
2/17/2024,17:15,368
2/17/2024,17:30,360
2/17/2024,17:45,360
2/17/2024,18:00,376
2/17/2024,18:15,376
2/17/2024,18:30,376
2/17/2024,18:45,376
2/17/2024,19:00,360
2/17/2024,19:15,368
2/17/2024,19:30,376
2/17/2024,19:45,384
2/17/2024,20:00,368
2/17/2024,20:15,368
2/17/2024,20:30,376
2/17/2024,20:45,376
2/17/2024,21:00,376
2/17/2024,21:15,376
2/17/2024,21:30,368
2/17/2024,21:45,368
2/17/2024,22:00,368
2/17/2024,22:15,376
2/17/2024,22:30,360
2/17/2024,22:45,376
2/17/2024,23:00,376
2/17/2024,23:15,384
2/17/2024,23:30,368
2/17/2024,23:45,368
2/18/2024,0:00,368
2/18/2024,0:15,376
2/18/2024,0:30,368
2/18/2024,0:45,368
2/18/2024,1:00,368
2/18/2024,1:15,376
2/18/2024,1:30,368
2/18/2024,1:45,368
2/18/2024,2:00,368
2/18/2024,2:15,368
2/18/2024,2:30,376
2/18/2024,2:45,376
2/18/2024,3:00,368
2/18/2024,3:15,368
2/18/2024,3:30,368
2/18/2024,3:45,368
2/18/2024,4:00,368
2/18/2024,4:15,368
2/18/2024,4:30,376
2/18/2024,4:45,368
2/18/2024,5:00,368
2/18/2024,5:15,376
2/18/2024,5:30,368
2/18/2024,5:45,368
2/18/2024,6:00,368
2/18/2024,6:15,376
2/18/2024,6:30,368
2/18/2024,6:45,344
2/18/2024,7:00,352
2/18/2024,7:15,352
2/18/2024,7:30,368
2/18/2024,7:45,368
2/18/2024,8:00,368
2/18/2024,8:15,368
2/18/2024,8:30,368
2/18/2024,8:45,368
2/18/2024,9:00,376
2/18/2024,9:15,376
2/18/2024,9:30,376
2/18/2024,9:45,392
2/18/2024,10:00,392
2/18/2024,10:15,384
2/18/2024,10:30,416
2/18/2024,10:45,424
2/18/2024,11:00,456
2/18/2024,11:15,448
2/18/2024,11:30,472
2/18/2024,11:45,456
2/18/2024,12:00,480
2/18/2024,12:15,480
2/18/2024,12:30,496
2/18/2024,12:45,472
2/18/2024,13:00,488
2/18/2024,13:15,464
2/18/2024,13:30,432
2/18/2024,13:45,440
2/18/2024,14:00,448
2/18/2024,14:15,424
2/18/2024,14:30,424
2/18/2024,14:45,416
2/18/2024,15:00,408
2/18/2024,15:15,408
2/18/2024,15:30,416
2/18/2024,15:45,424
2/18/2024,16:00,408
2/18/2024,16:15,408
2/18/2024,16:30,400
2/18/2024,16:45,384
2/18/2024,17:00,400
2/18/2024,17:15,384
2/18/2024,17:30,384
2/18/2024,17:45,408
2/18/2024,18:00,400
2/18/2024,18:15,416
2/18/2024,18:30,416
2/18/2024,18:45,400
2/18/2024,19:00,408
2/18/2024,19:15,408
2/18/2024,19:30,400
2/18/2024,19:45,384
2/18/2024,20:00,392
2/18/2024,20:15,384
2/18/2024,20:30,392
2/18/2024,20:45,376
2/18/2024,21:00,376
2/18/2024,21:15,392
2/18/2024,21:30,376
2/18/2024,21:45,392
2/18/2024,22:00,384
2/18/2024,22:15,392
2/18/2024,22:30,392
2/18/2024,22:45,376
2/18/2024,23:00,384
2/18/2024,23:15,392
2/18/2024,23:30,384
2/18/2024,23:45,384
2/19/2024,0:00,376
2/19/2024,0:15,368
2/19/2024,0:30,376
2/19/2024,0:45,376
2/19/2024,1:00,376
2/19/2024,1:15,376
2/19/2024,1:30,376
2/19/2024,1:45,376
2/19/2024,2:00,376
2/19/2024,2:15,376
2/19/2024,2:30,376
2/19/2024,2:45,376
2/19/2024,3:00,376
2/19/2024,3:15,376
2/19/2024,3:30,376
2/19/2024,3:45,368
2/19/2024,4:00,376
2/19/2024,4:15,376
2/19/2024,4:30,376
2/19/2024,4:45,368
2/19/2024,5:00,376
2/19/2024,5:15,376
2/19/2024,5:30,376
2/19/2024,5:45,368
2/19/2024,6:00,368
2/19/2024,6:15,360
2/19/2024,6:30,368
2/19/2024,6:45,368
2/19/2024,7:00,376
2/19/2024,7:15,368
2/19/2024,7:30,392
2/19/2024,7:45,400
2/19/2024,8:00,376
2/19/2024,8:15,368
2/19/2024,8:30,368
2/19/2024,8:45,360
2/19/2024,9:00,368
2/19/2024,9:15,376
2/19/2024,9:30,352
2/19/2024,9:45,368
2/19/2024,10:00,368
2/19/2024,10:15,376
2/19/2024,10:30,368
2/19/2024,10:45,376
2/19/2024,11:00,376
2/19/2024,11:15,384
2/19/2024,11:30,384
2/19/2024,11:45,376
2/19/2024,12:00,392
2/19/2024,12:15,384
2/19/2024,12:30,400
2/19/2024,12:45,392
2/19/2024,13:00,424
2/19/2024,13:15,440
2/19/2024,13:30,432
2/19/2024,13:45,448
2/19/2024,14:00,464
2/19/2024,14:15,440
2/19/2024,14:30,464
2/19/2024,14:45,448
2/19/2024,15:00,464
2/19/2024,15:15,424
2/19/2024,15:30,464
2/19/2024,15:45,432
2/19/2024,16:00,432
2/19/2024,16:15,432
2/19/2024,16:30,400
2/19/2024,16:45,416
2/19/2024,17:00,408
2/19/2024,17:15,400
2/19/2024,17:30,368
2/19/2024,17:45,360
2/19/2024,18:00,376
2/19/2024,18:15,392
2/19/2024,18:30,392
2/19/2024,18:45,384
2/19/2024,19:00,384
2/19/2024,19:15,392
2/19/2024,19:30,384
2/19/2024,19:45,392
2/19/2024,20:00,384
2/19/2024,20:15,376
2/19/2024,20:30,392
2/19/2024,20:45,392
2/19/2024,21:00,384
2/19/2024,21:15,376
2/19/2024,21:30,392
2/19/2024,21:45,384
2/19/2024,22:00,384
2/19/2024,22:15,376
2/19/2024,22:30,384
2/19/2024,22:45,384
2/19/2024,23:00,376
2/19/2024,23:15,376
2/19/2024,23:30,368
2/19/2024,23:45,376
2/20/2024,0:00,384
2/20/2024,0:15,392
2/20/2024,0:30,376
2/20/2024,0:45,376
2/20/2024,1:00,376
2/20/2024,1:15,384
2/20/2024,1:30,376
2/20/2024,1:45,368
2/20/2024,2:00,376
2/20/2024,2:15,376
2/20/2024,2:30,376
2/20/2024,2:45,376
2/20/2024,3:00,368
2/20/2024,3:15,368
2/20/2024,3:30,384
2/20/2024,3:45,376
2/20/2024,4:00,376
2/20/2024,4:15,376
2/20/2024,4:30,368
2/20/2024,4:45,368
2/20/2024,5:00,368
2/20/2024,5:15,368
2/20/2024,5:30,368
2/20/2024,5:45,400
2/20/2024,6:00,416
2/20/2024,6:15,400
2/20/2024,6:30,400
2/20/2024,6:45,408
2/20/2024,7:00,432
2/20/2024,7:15,440
2/20/2024,7:30,448
2/20/2024,7:45,448
2/20/2024,8:00,448
2/20/2024,8:15,456
2/20/2024,8:30,472
2/20/2024,8:45,464
2/20/2024,9:00,456
2/20/2024,9:15,464
2/20/2024,9:30,496
2/20/2024,9:45,464
2/20/2024,10:00,488
2/20/2024,10:15,504
2/20/2024,10:30,496
2/20/2024,10:45,520
2/20/2024,11:00,520
2/20/2024,11:15,528
2/20/2024,11:30,504
2/20/2024,11:45,528
2/20/2024,12:00,512
2/20/2024,12:15,504
2/20/2024,12:30,520
2/20/2024,12:45,512
2/20/2024,13:00,528
2/20/2024,13:15,520
2/20/2024,13:30,504
2/20/2024,13:45,504
2/20/2024,14:00,472
2/20/2024,14:15,464
2/20/2024,14:30,464
2/20/2024,14:45,456
2/20/2024,15:00,448
2/20/2024,15:15,456
2/20/2024,15:30,448
2/20/2024,15:45,440
2/20/2024,16:00,440
2/20/2024,16:15,440
2/20/2024,16:30,432
2/20/2024,16:45,440
2/20/2024,17:00,432
2/20/2024,17:15,424
2/20/2024,17:30,424
2/20/2024,17:45,408
2/20/2024,18:00,408
2/20/2024,18:15,400
2/20/2024,18:30,400
2/20/2024,18:45,408
2/20/2024,19:00,408
2/20/2024,19:15,400
2/20/2024,19:30,384
2/20/2024,19:45,368
2/20/2024,20:00,384
2/20/2024,20:15,376
2/20/2024,20:30,392
2/20/2024,20:45,368
2/20/2024,21:00,368
2/20/2024,21:15,360
2/20/2024,21:30,360
2/20/2024,21:45,360
2/20/2024,22:00,352
2/20/2024,22:15,352
2/20/2024,22:30,360
2/20/2024,22:45,360
2/20/2024,23:00,352
2/20/2024,23:15,352
2/20/2024,23:30,352
2/20/2024,23:45,360
2/21/2024,0:00,360
2/21/2024,0:15,360
2/21/2024,0:30,352
2/21/2024,0:45,352
2/21/2024,1:00,360
2/21/2024,1:15,352
2/21/2024,1:30,344
2/21/2024,1:45,352
2/21/2024,2:00,360
2/21/2024,2:15,352
2/21/2024,2:30,368
2/21/2024,2:45,352
2/21/2024,3:00,352
2/21/2024,3:15,352
2/21/2024,3:30,360
2/21/2024,3:45,360
2/21/2024,4:00,344
2/21/2024,4:15,352
2/21/2024,4:30,360
2/21/2024,4:45,360
2/21/2024,5:00,360
2/21/2024,5:15,352
2/21/2024,5:30,344
2/21/2024,5:45,376
2/21/2024,6:00,392
2/21/2024,6:15,384
2/21/2024,6:30,384
2/21/2024,6:45,376
2/21/2024,7:00,400
2/21/2024,7:15,432
2/21/2024,7:30,440
2/21/2024,7:45,440
2/21/2024,8:00,440
2/21/2024,8:15,440
2/21/2024,8:30,448
2/21/2024,8:45,448
2/21/2024,9:00,448
2/21/2024,9:15,448
2/21/2024,9:30,464
2/21/2024,9:45,456
2/21/2024,10:00,456
2/21/2024,10:15,472
2/21/2024,10:30,472
2/21/2024,10:45,480
2/21/2024,11:00,488
2/21/2024,11:15,496
2/21/2024,11:30,488
2/21/2024,11:45,496
2/21/2024,12:00,512
2/21/2024,12:15,504
2/21/2024,12:30,504
2/21/2024,12:45,496
2/21/2024,13:00,480
2/21/2024,13:15,496
2/21/2024,13:30,512
2/21/2024,13:45,528
2/21/2024,14:00,488
2/21/2024,14:15,536
2/21/2024,14:30,528
2/21/2024,14:45,504
2/21/2024,15:00,488
2/21/2024,15:15,480
2/21/2024,15:30,488
2/21/2024,15:45,472
2/21/2024,16:00,488
2/21/2024,16:15,464
2/21/2024,16:30,440
2/21/2024,16:45,464
2/21/2024,17:00,448
2/21/2024,17:15,432
2/21/2024,17:30,424
2/21/2024,17:45,400
2/21/2024,18:00,392
2/21/2024,18:15,408
2/21/2024,18:30,392
2/21/2024,18:45,392
2/21/2024,19:00,392
2/21/2024,19:15,400
2/21/2024,19:30,376
2/21/2024,19:45,376
2/21/2024,20:00,376
2/21/2024,20:15,368
2/21/2024,20:30,384
2/21/2024,20:45,376
2/21/2024,21:00,368
2/21/2024,21:15,368
2/21/2024,21:30,360
2/21/2024,21:45,368
2/21/2024,22:00,368
2/21/2024,22:15,352
2/21/2024,22:30,352
2/21/2024,22:45,360
2/21/2024,23:00,368
2/21/2024,23:15,360
2/21/2024,23:30,352
2/21/2024,23:45,352
2/22/2024,0:00,352
2/22/2024,0:15,360
2/22/2024,0:30,360
2/22/2024,0:45,352
2/22/2024,1:00,360
2/22/2024,1:15,368
2/22/2024,1:30,360
2/22/2024,1:45,360
2/22/2024,2:00,344
2/22/2024,2:15,352
2/22/2024,2:30,360
2/22/2024,2:45,352
2/22/2024,3:00,368
2/22/2024,3:15,352
2/22/2024,3:30,360
2/22/2024,3:45,368
2/22/2024,4:00,368
2/22/2024,4:15,352
2/22/2024,4:30,360
2/22/2024,4:45,352
2/22/2024,5:00,360
2/22/2024,5:15,368
2/22/2024,5:30,360
2/22/2024,5:45,384
2/22/2024,6:00,392
2/22/2024,6:15,392
2/22/2024,6:30,392
2/22/2024,6:45,384
2/22/2024,7:00,400
2/22/2024,7:15,424
2/22/2024,7:30,440
2/22/2024,7:45,456
2/22/2024,8:00,464
2/22/2024,8:15,464
2/22/2024,8:30,464
2/22/2024,8:45,472
2/22/2024,9:00,472
2/22/2024,9:15,480
2/22/2024,9:30,488
2/22/2024,9:45,480
2/22/2024,10:00,504
2/22/2024,10:15,496
2/22/2024,10:30,520
2/22/2024,10:45,512
2/22/2024,11:00,512
2/22/2024,11:15,528
2/22/2024,11:30,544
2/22/2024,11:45,568
2/22/2024,12:00,584
2/22/2024,12:15,568
2/22/2024,12:30,568
2/22/2024,12:45,576
2/22/2024,13:00,584
2/22/2024,13:15,576
2/22/2024,13:30,592
2/22/2024,13:45,576
2/22/2024,14:00,576
2/22/2024,14:15,576
2/22/2024,14:30,568
2/22/2024,14:45,568
2/22/2024,15:00,552
2/22/2024,15:15,584
2/22/2024,15:30,576
2/22/2024,15:45,544
2/22/2024,16:00,544
2/22/2024,16:15,528
2/22/2024,16:30,536
2/22/2024,16:45,520
2/22/2024,17:00,480
2/22/2024,17:15,472
2/22/2024,17:30,456
2/22/2024,17:45,456
2/22/2024,18:00,432
2/22/2024,18:15,440
2/22/2024,18:30,408
2/22/2024,18:45,416
2/22/2024,19:00,400
2/22/2024,19:15,400
2/22/2024,19:30,392
2/22/2024,19:45,392
2/22/2024,20:00,408
2/22/2024,20:15,392
2/22/2024,20:30,392
2/22/2024,20:45,384
2/22/2024,21:00,376
2/22/2024,21:15,384
2/22/2024,21:30,392
2/22/2024,21:45,368
2/22/2024,22:00,368
2/22/2024,22:15,376
2/22/2024,22:30,376
2/22/2024,22:45,376
2/22/2024,23:00,360
2/22/2024,23:15,376
2/22/2024,23:30,376
2/22/2024,23:45,368
2/23/2024,0:00,376
2/23/2024,0:15,352
2/23/2024,0:30,360
2/23/2024,0:45,360
2/23/2024,1:00,360
2/23/2024,1:15,368
2/23/2024,1:30,360
2/23/2024,1:45,360
2/23/2024,2:00,368
2/23/2024,2:15,368
2/23/2024,2:30,360
2/23/2024,2:45,352
2/23/2024,3:00,368
2/23/2024,3:15,360
2/23/2024,3:30,368
2/23/2024,3:45,360
2/23/2024,4:00,360
2/23/2024,4:15,360
2/23/2024,4:30,368
2/23/2024,4:45,376
2/23/2024,5:00,368
2/23/2024,5:15,368
2/23/2024,5:30,360
2/23/2024,5:45,384
2/23/2024,6:00,400
2/23/2024,6:15,400
2/23/2024,6:30,392
2/23/2024,6:45,384
2/23/2024,7:00,408
2/23/2024,7:15,432
2/23/2024,7:30,432
2/23/2024,7:45,440
2/23/2024,8:00,448
2/23/2024,8:15,440
2/23/2024,8:30,456
2/23/2024,8:45,464
2/23/2024,9:00,472
2/23/2024,9:15,464
2/23/2024,9:30,456
2/23/2024,9:45,456
2/23/2024,10:00,464
2/23/2024,10:15,456
2/23/2024,10:30,464
2/23/2024,10:45,456
2/23/2024,11:00,488
2/23/2024,11:15,504
2/23/2024,11:30,504
2/23/2024,11:45,488
2/23/2024,12:00,496
2/23/2024,12:15,512
2/23/2024,12:30,528
2/23/2024,12:45,536
2/23/2024,13:00,544
2/23/2024,13:15,528
2/23/2024,13:30,544
2/23/2024,13:45,552
2/23/2024,14:00,536
2/23/2024,14:15,568
2/23/2024,14:30,568
2/23/2024,14:45,568
2/23/2024,15:00,568
2/23/2024,15:15,544
2/23/2024,15:30,552
2/23/2024,15:45,536
2/23/2024,16:00,528
2/23/2024,16:15,528
2/23/2024,16:30,496
2/23/2024,16:45,496
2/23/2024,17:00,456
2/23/2024,17:15,472
2/23/2024,17:30,456
2/23/2024,17:45,432
2/23/2024,18:00,416
2/23/2024,18:15,408
2/23/2024,18:30,400
2/23/2024,18:45,400
2/23/2024,19:00,400
2/23/2024,19:15,384
2/23/2024,19:30,384
2/23/2024,19:45,400
2/23/2024,20:00,392
2/23/2024,20:15,376
2/23/2024,20:30,384
2/23/2024,20:45,384
2/23/2024,21:00,384
2/23/2024,21:15,376
2/23/2024,21:30,376
2/23/2024,21:45,376
2/23/2024,22:00,384
2/23/2024,22:15,376
2/23/2024,22:30,376
2/23/2024,22:45,368
2/23/2024,23:00,376
2/23/2024,23:15,376
2/23/2024,23:30,384
2/23/2024,23:45,368
2/24/2024,0:00,368
2/24/2024,0:15,368
2/24/2024,0:30,368
2/24/2024,0:45,376
2/24/2024,1:00,368
2/24/2024,1:15,360
2/24/2024,1:30,376
2/24/2024,1:45,376
2/24/2024,2:00,376
2/24/2024,2:15,360
2/24/2024,2:30,360
2/24/2024,2:45,368
2/24/2024,3:00,368
2/24/2024,3:15,368
2/24/2024,3:30,360
2/24/2024,3:45,376
2/24/2024,4:00,368
2/24/2024,4:15,368
2/24/2024,4:30,368
2/24/2024,4:45,360
2/24/2024,5:00,360
2/24/2024,5:15,360
2/24/2024,5:30,376
2/24/2024,5:45,376
2/24/2024,6:00,368
2/24/2024,6:15,360
2/24/2024,6:30,360
2/24/2024,6:45,360
2/24/2024,7:00,360
2/24/2024,7:15,352
2/24/2024,7:30,352
2/24/2024,7:45,352
2/24/2024,8:00,368
2/24/2024,8:15,368
2/24/2024,8:30,352
2/24/2024,8:45,352
2/24/2024,9:00,376
2/24/2024,9:15,400
2/24/2024,9:30,384
2/24/2024,9:45,400
2/24/2024,10:00,408
2/24/2024,10:15,416
2/24/2024,10:30,424
2/24/2024,10:45,432
2/24/2024,11:00,448
2/24/2024,11:15,448
2/24/2024,11:30,480
2/24/2024,11:45,496
2/24/2024,12:00,504
2/24/2024,12:15,512
2/24/2024,12:30,544
2/24/2024,12:45,544
2/24/2024,13:00,568
2/24/2024,13:15,560
2/24/2024,13:30,568
2/24/2024,13:45,560
2/24/2024,14:00,560
2/24/2024,14:15,560
2/24/2024,14:30,568
2/24/2024,14:45,544
2/24/2024,15:00,576
2/24/2024,15:15,544
2/24/2024,15:30,568
2/24/2024,15:45,560
2/24/2024,16:00,544
2/24/2024,16:15,552
2/24/2024,16:30,520
2/24/2024,16:45,496
2/24/2024,17:00,512
2/24/2024,17:15,520
2/24/2024,17:30,472
2/24/2024,17:45,456
2/24/2024,18:00,424
2/24/2024,18:15,424
2/24/2024,18:30,416
2/24/2024,18:45,400
2/24/2024,19:00,416
2/24/2024,19:15,424
2/24/2024,19:30,416
2/24/2024,19:45,408
2/24/2024,20:00,384
2/24/2024,20:15,400
2/24/2024,20:30,392
2/24/2024,20:45,384
2/24/2024,21:00,384
2/24/2024,21:15,392
2/24/2024,21:30,384
2/24/2024,21:45,384
2/24/2024,22:00,384
2/24/2024,22:15,384
2/24/2024,22:30,384
2/24/2024,22:45,376
2/24/2024,23:00,384
2/24/2024,23:15,384
2/24/2024,23:30,376
2/24/2024,23:45,384
2/25/2024,0:00,384
2/25/2024,0:15,384
2/25/2024,0:30,376
2/25/2024,0:45,384
2/25/2024,1:00,376
2/25/2024,1:15,384
2/25/2024,1:30,376
2/25/2024,1:45,376
2/25/2024,2:00,384
2/25/2024,2:15,384
2/25/2024,2:30,376
2/25/2024,2:45,368
2/25/2024,3:00,368
2/25/2024,3:15,368
2/25/2024,3:30,376
2/25/2024,3:45,368
2/25/2024,4:00,376
2/25/2024,4:15,376
2/25/2024,4:30,376
2/25/2024,4:45,376
2/25/2024,5:00,360
2/25/2024,5:15,360
2/25/2024,5:30,368
2/25/2024,5:45,376
2/25/2024,6:00,376
2/25/2024,6:15,368
2/25/2024,6:30,352
2/25/2024,6:45,360
2/25/2024,7:00,360
2/25/2024,7:15,352
2/25/2024,7:30,352
2/25/2024,7:45,352
2/25/2024,8:00,360
2/25/2024,8:15,352
2/25/2024,8:30,360
2/25/2024,8:45,344
2/25/2024,9:00,352
2/25/2024,9:15,376
2/25/2024,9:30,376
2/25/2024,9:45,376
2/25/2024,10:00,376
2/25/2024,10:15,400
2/25/2024,10:30,408
2/25/2024,10:45,424
2/25/2024,11:00,416
2/25/2024,11:15,456
2/25/2024,11:30,456
2/25/2024,11:45,480
2/25/2024,12:00,488
2/25/2024,12:15,496
2/25/2024,12:30,472
2/25/2024,12:45,512
2/25/2024,13:00,520
2/25/2024,13:15,512
2/25/2024,13:30,520
2/25/2024,13:45,504
2/25/2024,14:00,512
2/25/2024,14:15,520
2/25/2024,14:30,512
2/25/2024,14:45,512
2/25/2024,15:00,488
2/25/2024,15:15,520
2/25/2024,15:30,528
2/25/2024,15:45,496
2/25/2024,16:00,496
2/25/2024,16:15,496
2/25/2024,16:30,496
2/25/2024,16:45,488
2/25/2024,17:00,472
2/25/2024,17:15,472
2/25/2024,17:30,416
2/25/2024,17:45,432
2/25/2024,18:00,416
2/25/2024,18:15,400
2/25/2024,18:30,416
2/25/2024,18:45,384
2/25/2024,19:00,392
2/25/2024,19:15,392
2/25/2024,19:30,384
2/25/2024,19:45,392
2/25/2024,20:00,392
2/25/2024,20:15,392
2/25/2024,20:30,384
2/25/2024,20:45,376
2/25/2024,21:00,368
2/25/2024,21:15,384
2/25/2024,21:30,376
2/25/2024,21:45,368
2/25/2024,22:00,376
2/25/2024,22:15,384
2/25/2024,22:30,376
2/25/2024,22:45,368
2/25/2024,23:00,376
2/25/2024,23:15,368
2/25/2024,23:30,376
2/25/2024,23:45,376
2/26/2024,0:00,376
2/26/2024,0:15,368
2/26/2024,0:30,384
2/26/2024,0:45,384
2/26/2024,1:00,368
2/26/2024,1:15,360
2/26/2024,1:30,368
2/26/2024,1:45,368
2/26/2024,2:00,376
2/26/2024,2:15,368
2/26/2024,2:30,368
2/26/2024,2:45,376
2/26/2024,3:00,368
2/26/2024,3:15,376
2/26/2024,3:30,368
2/26/2024,3:45,360
2/26/2024,4:00,368
2/26/2024,4:15,368
2/26/2024,4:30,384
2/26/2024,4:45,376
2/26/2024,5:00,368
2/26/2024,5:15,368
2/26/2024,5:30,376
2/26/2024,5:45,384
2/26/2024,6:00,392
2/26/2024,6:15,392
2/26/2024,6:30,392
2/26/2024,6:45,392
2/26/2024,7:00,416
2/26/2024,7:15,424
2/26/2024,7:30,432
2/26/2024,7:45,440
2/26/2024,8:00,464
2/26/2024,8:15,472
2/26/2024,8:30,472
2/26/2024,8:45,472
2/26/2024,9:00,480
2/26/2024,9:15,496
2/26/2024,9:30,488
2/26/2024,9:45,488
2/26/2024,10:00,496
2/26/2024,10:15,504
2/26/2024,10:30,512
2/26/2024,10:45,528
2/26/2024,11:00,528
2/26/2024,11:15,504
2/26/2024,11:30,520
2/26/2024,11:45,512
2/26/2024,12:00,512
2/26/2024,12:15,512
2/26/2024,12:30,552
2/26/2024,12:45,552
2/26/2024,13:00,520
2/26/2024,13:15,512
2/26/2024,13:30,496
2/26/2024,13:45,504
2/26/2024,14:00,512
2/26/2024,14:15,496
2/26/2024,14:30,496
2/26/2024,14:45,488
2/26/2024,15:00,488
2/26/2024,15:15,504
2/26/2024,15:30,488
2/26/2024,15:45,504
2/26/2024,16:00,504
2/26/2024,16:15,512
2/26/2024,16:30,504
2/26/2024,16:45,480
2/26/2024,17:00,472
2/26/2024,17:15,464
2/26/2024,17:30,472
2/26/2024,17:45,440
2/26/2024,18:00,432
2/26/2024,18:15,432
2/26/2024,18:30,416
2/26/2024,18:45,400
2/26/2024,19:00,408
2/26/2024,19:15,408
2/26/2024,19:30,408
2/26/2024,19:45,408
2/26/2024,20:00,400
2/26/2024,20:15,384
2/26/2024,20:30,392
2/26/2024,20:45,392
2/26/2024,21:00,392
2/26/2024,21:15,392
2/26/2024,21:30,384
2/26/2024,21:45,384
2/26/2024,22:00,384
2/26/2024,22:15,384
2/26/2024,22:30,376
2/26/2024,22:45,368
2/26/2024,23:00,368
2/26/2024,23:15,384
2/26/2024,23:30,376
2/26/2024,23:45,376
2/27/2024,0:00,368
2/27/2024,0:15,392
2/27/2024,0:30,376
2/27/2024,0:45,376
2/27/2024,1:00,360
2/27/2024,1:15,368
2/27/2024,1:30,376
2/27/2024,1:45,376
2/27/2024,2:00,368
2/27/2024,2:15,376
2/27/2024,2:30,376
2/27/2024,2:45,376
2/27/2024,3:00,384
2/27/2024,3:15,368
2/27/2024,3:30,368
2/27/2024,3:45,376
2/27/2024,4:00,368
2/27/2024,4:15,376
2/27/2024,4:30,376
2/27/2024,4:45,376
2/27/2024,5:00,376
2/27/2024,5:15,368
2/27/2024,5:30,376
2/27/2024,5:45,400
2/27/2024,6:00,400
2/27/2024,6:15,400
2/27/2024,6:30,408
2/27/2024,6:45,408
2/27/2024,7:00,416
2/27/2024,7:15,432
2/27/2024,7:30,440
2/27/2024,7:45,456
2/27/2024,8:00,472
2/27/2024,8:15,472
2/27/2024,8:30,464
2/27/2024,8:45,464
2/27/2024,9:00,456
2/27/2024,9:15,448
2/27/2024,9:30,456
2/27/2024,9:45,480
2/27/2024,10:00,488
2/27/2024,10:15,496
2/27/2024,10:30,496
2/27/2024,10:45,504
2/27/2024,11:00,496
2/27/2024,11:15,496
2/27/2024,11:30,536
2/27/2024,11:45,528
2/27/2024,12:00,544
2/27/2024,12:15,544
2/27/2024,12:30,536
2/27/2024,12:45,544
2/27/2024,13:00,544
2/27/2024,13:15,536
2/27/2024,13:30,520
2/27/2024,13:45,528
2/27/2024,14:00,552
2/27/2024,14:15,536
2/27/2024,14:30,536
2/27/2024,14:45,528
2/27/2024,15:00,528
2/27/2024,15:15,536
2/27/2024,15:30,504
2/27/2024,15:45,512
2/27/2024,16:00,520
2/27/2024,16:15,504
2/27/2024,16:30,496
2/27/2024,16:45,488
2/27/2024,17:00,496
2/27/2024,17:15,472
2/27/2024,17:30,504
2/27/2024,17:45,448
2/27/2024,18:00,432
2/27/2024,18:15,416
2/27/2024,18:30,392
2/27/2024,18:45,408
2/27/2024,19:00,392
2/27/2024,19:15,392
2/27/2024,19:30,392
2/27/2024,19:45,400
2/27/2024,20:00,408
2/27/2024,20:15,392
2/27/2024,20:30,392
2/27/2024,20:45,392
2/27/2024,21:00,376
2/27/2024,21:15,384
2/27/2024,21:30,368
2/27/2024,21:45,376
2/27/2024,22:00,376
2/27/2024,22:15,384
2/27/2024,22:30,368
2/27/2024,22:45,368
2/27/2024,23:00,368
2/27/2024,23:15,376
2/27/2024,23:30,376
2/27/2024,23:45,368
2/28/2024,0:00,368
2/28/2024,0:15,376
2/28/2024,0:30,384
2/28/2024,0:45,368
2/28/2024,1:00,360
2/28/2024,1:15,368
2/28/2024,1:30,360
2/28/2024,1:45,368
2/28/2024,2:00,368
2/28/2024,2:15,376
2/28/2024,2:30,368
2/28/2024,2:45,368
2/28/2024,3:00,376
2/28/2024,3:15,368
2/28/2024,3:30,368
2/28/2024,3:45,368
2/28/2024,4:00,360
2/28/2024,4:15,368
2/28/2024,4:30,376
2/28/2024,4:45,384
2/28/2024,5:00,368
2/28/2024,5:15,360
2/28/2024,5:30,376
2/28/2024,5:45,392
2/28/2024,6:00,416
2/28/2024,6:15,408
2/28/2024,6:30,400
2/28/2024,6:45,400
2/28/2024,7:00,432
2/28/2024,7:15,448
2/28/2024,7:30,472
2/28/2024,7:45,464
2/28/2024,8:00,480
2/28/2024,8:15,488
2/28/2024,8:30,488
2/28/2024,8:45,512
2/28/2024,9:00,496
2/28/2024,9:15,496
2/28/2024,9:30,504
2/28/2024,9:45,520
2/28/2024,10:00,536
2/28/2024,10:15,536
2/28/2024,10:30,528
2/28/2024,10:45,544
2/28/2024,11:00,544
2/28/2024,11:15,576
2/28/2024,11:30,568
2/28/2024,11:45,560
2/28/2024,12:00,592
2/28/2024,12:15,584
2/28/2024,12:30,608
2/28/2024,12:45,616
2/28/2024,13:00,600
2/28/2024,13:15,608
2/28/2024,13:30,584
2/28/2024,13:45,608
2/28/2024,14:00,600
2/28/2024,14:15,600
2/28/2024,14:30,624
2/28/2024,14:45,592
2/28/2024,15:00,600
2/28/2024,15:15,608
2/28/2024,15:30,600
2/28/2024,15:45,576
2/28/2024,16:00,568
2/28/2024,16:15,560
2/28/2024,16:30,512
2/28/2024,16:45,520
2/28/2024,17:00,512
2/28/2024,17:15,480
2/28/2024,17:30,456
2/28/2024,17:45,432
2/28/2024,18:00,424
2/28/2024,18:15,448
2/28/2024,18:30,456
2/28/2024,18:45,424
2/28/2024,19:00,424
2/28/2024,19:15,408
2/28/2024,19:30,424
2/28/2024,19:45,392
2/28/2024,20:00,416
2/28/2024,20:15,416
2/28/2024,20:30,400
2/28/2024,20:45,392
2/28/2024,21:00,392
2/28/2024,21:15,384
2/28/2024,21:30,384
2/28/2024,21:45,384
2/28/2024,22:00,368
2/28/2024,22:15,360
2/28/2024,22:30,368
2/28/2024,22:45,376
2/28/2024,23:00,376
2/28/2024,23:15,360
2/28/2024,23:30,360
2/28/2024,23:45,376
2/29/2024,0:00,376
2/29/2024,0:15,368
2/29/2024,0:30,360
2/29/2024,0:45,360
2/29/2024,1:00,376
2/29/2024,1:15,368
2/29/2024,1:30,368
2/29/2024,1:45,360
2/29/2024,2:00,360
2/29/2024,2:15,376
2/29/2024,2:30,360
2/29/2024,2:45,360
2/29/2024,3:00,360
2/29/2024,3:15,360
2/29/2024,3:30,368
2/29/2024,3:45,368
2/29/2024,4:00,368
2/29/2024,4:15,360
2/29/2024,4:30,376
2/29/2024,4:45,368
2/29/2024,5:00,368
2/29/2024,5:15,360
2/29/2024,5:30,360
2/29/2024,5:45,384
2/29/2024,6:00,400
2/29/2024,6:15,392
2/29/2024,6:30,392
2/29/2024,6:45,384
2/29/2024,7:00,416
2/29/2024,7:15,424
2/29/2024,7:30,448
2/29/2024,7:45,456
2/29/2024,8:00,472
2/29/2024,8:15,480
2/29/2024,8:30,480
2/29/2024,8:45,488
2/29/2024,9:00,480
2/29/2024,9:15,488
2/29/2024,9:30,488
2/29/2024,9:45,488
2/29/2024,10:00,504
2/29/2024,10:15,488
2/29/2024,10:30,504
2/29/2024,10:45,520
2/29/2024,11:00,520
2/29/2024,11:15,496
2/29/2024,11:30,512
2/29/2024,11:45,520
2/29/2024,12:00,528
2/29/2024,12:15,536
2/29/2024,12:30,520
2/29/2024,12:45,528
2/29/2024,13:00,504
2/29/2024,13:15,512
2/29/2024,13:30,504
2/29/2024,13:45,512
2/29/2024,14:00,504
2/29/2024,14:15,528
2/29/2024,14:30,520
2/29/2024,14:45,528
2/29/2024,15:00,512
2/29/2024,15:15,528
2/29/2024,15:30,520
2/29/2024,15:45,496
2/29/2024,16:00,488
2/29/2024,16:15,480
2/29/2024,16:30,464
2/29/2024,16:45,456
2/29/2024,17:00,448
2/29/2024,17:15,416
2/29/2024,17:30,424
2/29/2024,17:45,416
2/29/2024,18:00,432
2/29/2024,18:15,408
2/29/2024,18:30,400
2/29/2024,18:45,416
2/29/2024,19:00,400
2/29/2024,19:15,392
2/29/2024,19:30,384
2/29/2024,19:45,400
2/29/2024,20:00,400
2/29/2024,20:15,392
2/29/2024,20:30,384
2/29/2024,20:45,408
2/29/2024,21:00,392
2/29/2024,21:15,376
2/29/2024,21:30,384
2/29/2024,21:45,376
2/29/2024,22:00,384
2/29/2024,22:15,368
2/29/2024,22:30,376
2/29/2024,22:45,368
2/29/2024,23:00,376
2/29/2024,23:15,384
2/29/2024,23:30,384
2/29/2024,23:45,368
3/1/2024,0:00,376
3/1/2024,0:15,384
3/1/2024,0:30,376
3/1/2024,0:45,368
3/1/2024,1:00,376
3/1/2024,1:15,368
3/1/2024,1:30,376
3/1/2024,1:45,384
3/1/2024,2:00,376
3/1/2024,2:15,376
3/1/2024,2:30,368
3/1/2024,2:45,384
3/1/2024,3:00,376
3/1/2024,3:15,368
3/1/2024,3:30,376
3/1/2024,3:45,384
3/1/2024,4:00,376
3/1/2024,4:15,376
3/1/2024,4:30,368
3/1/2024,4:45,376
3/1/2024,5:00,376
3/1/2024,5:15,376
3/1/2024,5:30,384
3/1/2024,5:45,384
3/1/2024,6:00,408
3/1/2024,6:15,400
3/1/2024,6:30,400
3/1/2024,6:45,392
3/1/2024,7:00,392
3/1/2024,7:15,408
3/1/2024,7:30,432
3/1/2024,7:45,440
3/1/2024,8:00,448
3/1/2024,8:15,440
3/1/2024,8:30,464
3/1/2024,8:45,480
3/1/2024,9:00,464
3/1/2024,9:15,456
3/1/2024,9:30,448
3/1/2024,9:45,448
3/1/2024,10:00,472
3/1/2024,10:15,472
3/1/2024,10:30,456
3/1/2024,10:45,464
3/1/2024,11:00,472
3/1/2024,11:15,456
3/1/2024,11:30,456
3/1/2024,11:45,464
3/1/2024,12:00,472
3/1/2024,12:15,480
3/1/2024,12:30,472
3/1/2024,12:45,464
3/1/2024,13:00,456
3/1/2024,13:15,456
3/1/2024,13:30,464
3/1/2024,13:45,480
3/1/2024,14:00,472
3/1/2024,14:15,456
3/1/2024,14:30,456
3/1/2024,14:45,448
3/1/2024,15:00,440
3/1/2024,15:15,432
3/1/2024,15:30,440
3/1/2024,15:45,448
3/1/2024,16:00,440
3/1/2024,16:15,416
3/1/2024,16:30,416
3/1/2024,16:45,408
3/1/2024,17:00,416
3/1/2024,17:15,400
3/1/2024,17:30,400
3/1/2024,17:45,384
3/1/2024,18:00,384
3/1/2024,18:15,384
3/1/2024,18:30,392
3/1/2024,18:45,392
3/1/2024,19:00,376
3/1/2024,19:15,384
3/1/2024,19:30,392
3/1/2024,19:45,384
3/1/2024,20:00,376
3/1/2024,20:15,384
3/1/2024,20:30,392
3/1/2024,20:45,392
3/1/2024,21:00,376
3/1/2024,21:15,384
3/1/2024,21:30,368
3/1/2024,21:45,384
3/1/2024,22:00,376
3/1/2024,22:15,360
3/1/2024,22:30,360
3/1/2024,22:45,368
3/1/2024,23:00,368
3/1/2024,23:15,360
3/1/2024,23:30,360
3/1/2024,23:45,360
3/2/2024,0:00,368
3/2/2024,0:15,368
3/2/2024,0:30,368
3/2/2024,0:45,368
3/2/2024,1:00,360
3/2/2024,1:15,360
3/2/2024,1:30,368
3/2/2024,1:45,368
3/2/2024,2:00,368
3/2/2024,2:15,360
3/2/2024,2:30,368
3/2/2024,2:45,376
3/2/2024,3:00,368
3/2/2024,3:15,360
3/2/2024,3:30,360
3/2/2024,3:45,368
3/2/2024,4:00,368
3/2/2024,4:15,360
3/2/2024,4:30,352
3/2/2024,4:45,368
3/2/2024,5:00,368
3/2/2024,5:15,376
3/2/2024,5:30,360
3/2/2024,5:45,360
3/2/2024,6:00,368
3/2/2024,6:15,368
3/2/2024,6:30,352
3/2/2024,6:45,352
3/2/2024,7:00,352
3/2/2024,7:15,352
3/2/2024,7:30,368
3/2/2024,7:45,368
3/2/2024,8:00,376
3/2/2024,8:15,368
3/2/2024,8:30,360
3/2/2024,8:45,368
3/2/2024,9:00,376
3/2/2024,9:15,376
3/2/2024,9:30,368
3/2/2024,9:45,368
3/2/2024,10:00,376
3/2/2024,10:15,360
3/2/2024,10:30,360
3/2/2024,10:45,352
3/2/2024,11:00,360
3/2/2024,11:15,376
3/2/2024,11:30,368
3/2/2024,11:45,360
3/2/2024,12:00,368
3/2/2024,12:15,360
3/2/2024,12:30,368
3/2/2024,12:45,360
3/2/2024,13:00,368
3/2/2024,13:15,360
3/2/2024,13:30,368
3/2/2024,13:45,360
3/2/2024,14:00,352
3/2/2024,14:15,352
3/2/2024,14:30,352
3/2/2024,14:45,360
3/2/2024,15:00,360
3/2/2024,15:15,360
3/2/2024,15:30,368
3/2/2024,15:45,352
3/2/2024,16:00,344
3/2/2024,16:15,352
3/2/2024,16:30,352
3/2/2024,16:45,344
3/2/2024,17:00,344
3/2/2024,17:15,352
3/2/2024,17:30,352
3/2/2024,17:45,368
3/2/2024,18:00,344
3/2/2024,18:15,352
3/2/2024,18:30,368
3/2/2024,18:45,368
3/2/2024,19:00,368
3/2/2024,19:15,360
3/2/2024,19:30,368
3/2/2024,19:45,368
3/2/2024,20:00,368
3/2/2024,20:15,360
3/2/2024,20:30,360
3/2/2024,20:45,352
3/2/2024,21:00,368
3/2/2024,21:15,376
3/2/2024,21:30,368
3/2/2024,21:45,360
3/2/2024,22:00,368
3/2/2024,22:15,360
3/2/2024,22:30,368
3/2/2024,22:45,360
3/2/2024,23:00,368
3/2/2024,23:15,360
3/2/2024,23:30,368
3/2/2024,23:45,360
3/3/2024,0:00,360
3/3/2024,0:15,360
3/3/2024,0:30,352
3/3/2024,0:45,368
3/3/2024,1:00,368
3/3/2024,1:15,376
3/3/2024,1:30,360
3/3/2024,1:45,360
3/3/2024,2:00,368
3/3/2024,2:15,360
3/3/2024,2:30,368
3/3/2024,2:45,360
3/3/2024,3:00,352
3/3/2024,3:15,376
3/3/2024,3:30,360
3/3/2024,3:45,368
3/3/2024,4:00,360
3/3/2024,4:15,360
3/3/2024,4:30,360
3/3/2024,4:45,368
3/3/2024,5:00,360
3/3/2024,5:15,368
3/3/2024,5:30,360
3/3/2024,5:45,368
3/3/2024,6:00,360
3/3/2024,6:15,360
3/3/2024,6:30,352
3/3/2024,6:45,336
3/3/2024,7:00,344
3/3/2024,7:15,344
3/3/2024,7:30,360
3/3/2024,7:45,360
3/3/2024,8:00,360
3/3/2024,8:15,352
3/3/2024,8:30,352
3/3/2024,8:45,360
3/3/2024,9:00,344
3/3/2024,9:15,360
3/3/2024,9:30,352
3/3/2024,9:45,344
3/3/2024,10:00,368
3/3/2024,10:15,368
3/3/2024,10:30,352
3/3/2024,10:45,352
3/3/2024,11:00,352
3/3/2024,11:15,360
3/3/2024,11:30,360
3/3/2024,11:45,360
3/3/2024,12:00,360
3/3/2024,12:15,384
3/3/2024,12:30,368
3/3/2024,12:45,376
3/3/2024,13:00,368
3/3/2024,13:15,368
3/3/2024,13:30,376
3/3/2024,13:45,368
3/3/2024,14:00,392
3/3/2024,14:15,376
3/3/2024,14:30,360
3/3/2024,14:45,360
3/3/2024,15:00,368
3/3/2024,15:15,376
3/3/2024,15:30,360
3/3/2024,15:45,352
3/3/2024,16:00,352
3/3/2024,16:15,360
3/3/2024,16:30,352
3/3/2024,16:45,360
3/3/2024,17:00,352
3/3/2024,17:15,360
3/3/2024,17:30,360
3/3/2024,17:45,352
3/3/2024,18:00,344
3/3/2024,18:15,360
3/3/2024,18:30,368
3/3/2024,18:45,376
3/3/2024,19:00,368
3/3/2024,19:15,368
3/3/2024,19:30,368
3/3/2024,19:45,376
3/3/2024,20:00,368
3/3/2024,20:15,368
3/3/2024,20:30,360
3/3/2024,20:45,368
3/3/2024,21:00,368
3/3/2024,21:15,376
3/3/2024,21:30,368
3/3/2024,21:45,360
3/3/2024,22:00,360
3/3/2024,22:15,376
3/3/2024,22:30,360
3/3/2024,22:45,368
3/3/2024,23:00,360
3/3/2024,23:15,368
3/3/2024,23:30,376
3/3/2024,23:45,368
3/4/2024,0:00,368
3/4/2024,0:15,360
3/4/2024,0:30,360
3/4/2024,0:45,368
3/4/2024,1:00,368
3/4/2024,1:15,360
3/4/2024,1:30,368
3/4/2024,1:45,368
3/4/2024,2:00,368
3/4/2024,2:15,368
3/4/2024,2:30,368
3/4/2024,2:45,368
3/4/2024,3:00,360
3/4/2024,3:15,368
3/4/2024,3:30,368
3/4/2024,3:45,368
3/4/2024,4:00,368
3/4/2024,4:15,360
3/4/2024,4:30,368
3/4/2024,4:45,368
3/4/2024,5:00,368
3/4/2024,5:15,368
3/4/2024,5:30,360
3/4/2024,5:45,384
3/4/2024,6:00,408
3/4/2024,6:15,408
3/4/2024,6:30,392
3/4/2024,6:45,392
3/4/2024,7:00,432
3/4/2024,7:15,440
3/4/2024,7:30,464
3/4/2024,7:45,472
3/4/2024,8:00,480
3/4/2024,8:15,472
3/4/2024,8:30,480
3/4/2024,8:45,480
3/4/2024,9:00,488
3/4/2024,9:15,480
3/4/2024,9:30,472
3/4/2024,9:45,472
3/4/2024,10:00,488
3/4/2024,10:15,488
3/4/2024,10:30,488
3/4/2024,10:45,488
3/4/2024,11:00,488
3/4/2024,11:15,472
3/4/2024,11:30,480
3/4/2024,11:45,480
3/4/2024,12:00,504
3/4/2024,12:15,496
3/4/2024,12:30,520
3/4/2024,12:45,496
3/4/2024,13:00,504
3/4/2024,13:15,504
3/4/2024,13:30,512
3/4/2024,13:45,504
3/4/2024,14:00,512
3/4/2024,14:15,496
3/4/2024,14:30,480
3/4/2024,14:45,504
3/4/2024,15:00,488
3/4/2024,15:15,496
3/4/2024,15:30,480
3/4/2024,15:45,472
3/4/2024,16:00,488
3/4/2024,16:15,464
3/4/2024,16:30,456
3/4/2024,16:45,448
3/4/2024,17:00,424
3/4/2024,17:15,424
3/4/2024,17:30,424
3/4/2024,17:45,408
3/4/2024,18:00,400
3/4/2024,18:15,400
3/4/2024,18:30,400
3/4/2024,18:45,408
3/4/2024,19:00,400
3/4/2024,19:15,392
3/4/2024,19:30,408
3/4/2024,19:45,400
3/4/2024,20:00,392
3/4/2024,20:15,384
3/4/2024,20:30,392
3/4/2024,20:45,400
3/4/2024,21:00,392
3/4/2024,21:15,384
3/4/2024,21:30,368
3/4/2024,21:45,376
3/4/2024,22:00,376
3/4/2024,22:15,376
3/4/2024,22:30,368
3/4/2024,22:45,368
3/4/2024,23:00,376
3/4/2024,23:15,368
3/4/2024,23:30,376
3/4/2024,23:45,360
3/5/2024,0:00,368
3/5/2024,0:15,368
3/5/2024,0:30,376
3/5/2024,0:45,368
3/5/2024,1:00,360
3/5/2024,1:15,360
3/5/2024,1:30,376
3/5/2024,1:45,384
3/5/2024,2:00,368
3/5/2024,2:15,360
3/5/2024,2:30,360
3/5/2024,2:45,368
3/5/2024,3:00,368
3/5/2024,3:15,376
3/5/2024,3:30,368
3/5/2024,3:45,368
3/5/2024,4:00,368
3/5/2024,4:15,368
3/5/2024,4:30,376
3/5/2024,4:45,368
3/5/2024,5:00,368
3/5/2024,5:15,376
3/5/2024,5:30,376
3/5/2024,5:45,392
3/5/2024,6:00,408
3/5/2024,6:15,392
3/5/2024,6:30,400
3/5/2024,6:45,400
3/5/2024,7:00,432
3/5/2024,7:15,448
3/5/2024,7:30,456
3/5/2024,7:45,472
3/5/2024,8:00,488
3/5/2024,8:15,488
3/5/2024,8:30,480
3/5/2024,8:45,480
3/5/2024,9:00,472
3/5/2024,9:15,472
3/5/2024,9:30,480
3/5/2024,9:45,472
3/5/2024,10:00,472
3/5/2024,10:15,472
3/5/2024,10:30,472
3/5/2024,10:45,480
3/5/2024,11:00,472
3/5/2024,11:15,480
3/5/2024,11:30,488
3/5/2024,11:45,480
3/5/2024,12:00,488
3/5/2024,12:15,496
3/5/2024,12:30,480
3/5/2024,12:45,488
3/5/2024,13:00,496
3/5/2024,13:15,496
3/5/2024,13:30,496
3/5/2024,13:45,480
3/5/2024,14:00,496
3/5/2024,14:15,496
3/5/2024,14:30,504
3/5/2024,14:45,480
3/5/2024,15:00,504
3/5/2024,15:15,472
3/5/2024,15:30,488
3/5/2024,15:45,496
3/5/2024,16:00,480
3/5/2024,16:15,480
3/5/2024,16:30,472
3/5/2024,16:45,456
3/5/2024,17:00,440
3/5/2024,17:15,424
3/5/2024,17:30,408
3/5/2024,17:45,408
3/5/2024,18:00,400
3/5/2024,18:15,392
3/5/2024,18:30,400
3/5/2024,18:45,392
3/5/2024,19:00,408
3/5/2024,19:15,400
3/5/2024,19:30,392
3/5/2024,19:45,384
3/5/2024,20:00,392
3/5/2024,20:15,384
3/5/2024,20:30,392
3/5/2024,20:45,384
3/5/2024,21:00,384
3/5/2024,21:15,384
3/5/2024,21:30,384
3/5/2024,21:45,376
3/5/2024,22:00,368
3/5/2024,22:15,376
3/5/2024,22:30,376
3/5/2024,22:45,376
3/5/2024,23:00,368
3/5/2024,23:15,368
3/5/2024,23:30,376
3/5/2024,23:45,376
3/6/2024,0:00,376
3/6/2024,0:15,376
3/6/2024,0:30,368
3/6/2024,0:45,368
3/6/2024,1:00,384
3/6/2024,1:15,376
3/6/2024,1:30,376
3/6/2024,1:45,368
3/6/2024,2:00,368
3/6/2024,2:15,376
3/6/2024,2:30,368
3/6/2024,2:45,368
3/6/2024,3:00,368
3/6/2024,3:15,384
3/6/2024,3:30,376
3/6/2024,3:45,376
3/6/2024,4:00,368
3/6/2024,4:15,368
3/6/2024,4:30,384
3/6/2024,4:45,368
3/6/2024,5:00,360
3/6/2024,5:15,368
3/6/2024,5:30,360
3/6/2024,5:45,392
3/6/2024,6:00,400
3/6/2024,6:15,392
3/6/2024,6:30,392
3/6/2024,6:45,400
3/6/2024,7:00,408
3/6/2024,7:15,432
3/6/2024,7:30,432
3/6/2024,7:45,440
3/6/2024,8:00,456
3/6/2024,8:15,464
3/6/2024,8:30,464
3/6/2024,8:45,464
3/6/2024,9:00,456
3/6/2024,9:15,472
3/6/2024,9:30,480
3/6/2024,9:45,464
3/6/2024,10:00,496
3/6/2024,10:15,496
3/6/2024,10:30,504
3/6/2024,10:45,520
3/6/2024,11:00,512
3/6/2024,11:15,512
3/6/2024,11:30,512
3/6/2024,11:45,512
3/6/2024,12:00,520
3/6/2024,12:15,496
3/6/2024,12:30,512
3/6/2024,12:45,496
3/6/2024,13:00,512
3/6/2024,13:15,504
3/6/2024,13:30,504
3/6/2024,13:45,496
3/6/2024,14:00,496
3/6/2024,14:15,488
3/6/2024,14:30,472
3/6/2024,14:45,448
3/6/2024,15:00,456
3/6/2024,15:15,440
3/6/2024,15:30,440
3/6/2024,15:45,424
3/6/2024,16:00,432
3/6/2024,16:15,424
3/6/2024,16:30,432
3/6/2024,16:45,424
3/6/2024,17:00,408
3/6/2024,17:15,408
3/6/2024,17:30,400
3/6/2024,17:45,392
3/6/2024,18:00,384
3/6/2024,18:15,384
3/6/2024,18:30,384
3/6/2024,18:45,408
3/6/2024,19:00,400
3/6/2024,19:15,400
3/6/2024,19:30,392
3/6/2024,19:45,392
3/6/2024,20:00,392
3/6/2024,20:15,392
3/6/2024,20:30,392
3/6/2024,20:45,384
3/6/2024,21:00,384
3/6/2024,21:15,376
3/6/2024,21:30,376
3/6/2024,21:45,368
3/6/2024,22:00,360
3/6/2024,22:15,368
3/6/2024,22:30,376
3/6/2024,22:45,368
3/6/2024,23:00,368
3/6/2024,23:15,360
3/6/2024,23:30,368
3/6/2024,23:45,368
3/7/2024,0:00,376
3/7/2024,0:15,360
3/7/2024,0:30,352
3/7/2024,0:45,360
3/7/2024,1:00,368
3/7/2024,1:15,376
3/7/2024,1:30,360
3/7/2024,1:45,360
3/7/2024,2:00,376
3/7/2024,2:15,368
3/7/2024,2:30,368
3/7/2024,2:45,360
3/7/2024,3:00,360
3/7/2024,3:15,360
3/7/2024,3:30,368
3/7/2024,3:45,368
3/7/2024,4:00,368
3/7/2024,4:15,360
3/7/2024,4:30,376
3/7/2024,4:45,376
3/7/2024,5:00,368
3/7/2024,5:15,360
3/7/2024,5:30,360
3/7/2024,5:45,392
3/7/2024,6:00,392
3/7/2024,6:15,392
3/7/2024,6:30,392
3/7/2024,6:45,392
3/7/2024,7:00,416
3/7/2024,7:15,440
3/7/2024,7:30,448
3/7/2024,7:45,448
3/7/2024,8:00,472
3/7/2024,8:15,472
3/7/2024,8:30,488
3/7/2024,8:45,480
3/7/2024,9:00,448
3/7/2024,9:15,448
3/7/2024,9:30,440
3/7/2024,9:45,440
3/7/2024,10:00,464
3/7/2024,10:15,440
3/7/2024,10:30,448
3/7/2024,10:45,456
3/7/2024,11:00,472
3/7/2024,11:15,488
3/7/2024,11:30,488
3/7/2024,11:45,472
3/7/2024,12:00,480
3/7/2024,12:15,488
3/7/2024,12:30,480
3/7/2024,12:45,480
3/7/2024,13:00,472
3/7/2024,13:15,480
3/7/2024,13:30,488
3/7/2024,13:45,488
3/7/2024,14:00,480
3/7/2024,14:15,512
3/7/2024,14:30,504
3/7/2024,14:45,504
3/7/2024,15:00,472
3/7/2024,15:15,472
3/7/2024,15:30,472
3/7/2024,15:45,488
3/7/2024,16:00,496
3/7/2024,16:15,488
3/7/2024,16:30,480
3/7/2024,16:45,464
3/7/2024,17:00,440
3/7/2024,17:15,440
3/7/2024,17:30,432
3/7/2024,17:45,416
3/7/2024,18:00,408
3/7/2024,18:15,400
3/7/2024,18:30,408
3/7/2024,18:45,400
3/7/2024,19:00,400
3/7/2024,19:15,408
3/7/2024,19:30,392
3/7/2024,19:45,392
3/7/2024,20:00,392
3/7/2024,20:15,392
3/7/2024,20:30,384
3/7/2024,20:45,376
3/7/2024,21:00,368
3/7/2024,21:15,368
3/7/2024,21:30,368
3/7/2024,21:45,376
3/7/2024,22:00,360
3/7/2024,22:15,368
3/7/2024,22:30,360
3/7/2024,22:45,368
3/7/2024,23:00,360
3/7/2024,23:15,352
3/7/2024,23:30,360
3/7/2024,23:45,360
3/8/2024,0:00,352
3/8/2024,0:15,360
3/8/2024,0:30,360
3/8/2024,0:45,360
3/8/2024,1:00,360
3/8/2024,1:15,360
3/8/2024,1:30,360
3/8/2024,1:45,360
3/8/2024,2:00,352
3/8/2024,2:15,360
3/8/2024,2:30,368
3/8/2024,2:45,352
3/8/2024,3:00,352
3/8/2024,3:15,360
3/8/2024,3:30,360
3/8/2024,3:45,360
3/8/2024,4:00,360
3/8/2024,4:15,360
3/8/2024,4:30,360
3/8/2024,4:45,368
3/8/2024,5:00,368
3/8/2024,5:15,360
3/8/2024,5:30,360
3/8/2024,5:45,376
3/8/2024,6:00,384
3/8/2024,6:15,384
3/8/2024,6:30,384
3/8/2024,6:45,400
3/8/2024,7:00,424
3/8/2024,7:15,424
3/8/2024,7:30,448
3/8/2024,7:45,456
3/8/2024,8:00,464
3/8/2024,8:15,464
3/8/2024,8:30,472
3/8/2024,8:45,472
3/8/2024,9:00,472
3/8/2024,9:15,464
3/8/2024,9:30,480
3/8/2024,9:45,480
3/8/2024,10:00,488
3/8/2024,10:15,496
3/8/2024,10:30,496
3/8/2024,10:45,504
3/8/2024,11:00,496
3/8/2024,11:15,504
3/8/2024,11:30,520
3/8/2024,11:45,512
3/8/2024,12:00,528
3/8/2024,12:15,536
3/8/2024,12:30,528
3/8/2024,12:45,528
3/8/2024,13:00,536
3/8/2024,13:15,536
3/8/2024,13:30,536
3/8/2024,13:45,552
3/8/2024,14:00,568
3/8/2024,14:15,568
3/8/2024,14:30,568
3/8/2024,14:45,552
3/8/2024,15:00,552
3/8/2024,15:15,552
3/8/2024,15:30,560
3/8/2024,15:45,536
3/8/2024,16:00,552
3/8/2024,16:15,544
3/8/2024,16:30,552
3/8/2024,16:45,512
3/8/2024,17:00,520
3/8/2024,17:15,480
3/8/2024,17:30,480
3/8/2024,17:45,456
3/8/2024,18:00,448
3/8/2024,18:15,416
3/8/2024,18:30,408
3/8/2024,18:45,416
3/8/2024,19:00,416
3/8/2024,19:15,400
3/8/2024,19:30,384
3/8/2024,19:45,384
3/8/2024,20:00,400
3/8/2024,20:15,384
3/8/2024,20:30,384
3/8/2024,20:45,392
3/8/2024,21:00,384
3/8/2024,21:15,384
3/8/2024,21:30,384
3/8/2024,21:45,376
3/8/2024,22:00,384
3/8/2024,22:15,392
3/8/2024,22:30,384
3/8/2024,22:45,368
3/8/2024,23:00,368
3/8/2024,23:15,368
3/8/2024,23:30,376
3/8/2024,23:45,360
3/9/2024,0:00,368
3/9/2024,0:15,360
3/9/2024,0:30,368
3/9/2024,0:45,376
3/9/2024,1:00,368
3/9/2024,1:15,360
3/9/2024,1:30,360
3/9/2024,1:45,376
3/9/2024,2:00,368
3/9/2024,2:15,368
3/9/2024,2:30,368
3/9/2024,2:45,360
3/9/2024,3:00,368
3/9/2024,3:15,360
3/9/2024,3:30,352
3/9/2024,3:45,368
3/9/2024,4:00,368
3/9/2024,4:15,376
3/9/2024,4:30,360
3/9/2024,4:45,360
3/9/2024,5:00,352
3/9/2024,5:15,360
3/9/2024,5:30,368
3/9/2024,5:45,360
3/9/2024,6:00,360
3/9/2024,6:15,344
3/9/2024,6:30,352
3/9/2024,6:45,352
3/9/2024,7:00,328
3/9/2024,7:15,328
3/9/2024,7:30,336
3/9/2024,7:45,344
3/9/2024,8:00,344
3/9/2024,8:15,344
3/9/2024,8:30,328
3/9/2024,8:45,328
3/9/2024,9:00,336
3/9/2024,9:15,344
3/9/2024,9:30,336
3/9/2024,9:45,344
3/9/2024,10:00,352
3/9/2024,10:15,360
3/9/2024,10:30,376
3/9/2024,10:45,384
3/9/2024,11:00,384
3/9/2024,11:15,400
3/9/2024,11:30,400
3/9/2024,11:45,432
3/9/2024,12:00,416
3/9/2024,12:15,408
3/9/2024,12:30,432
3/9/2024,12:45,424
3/9/2024,13:00,440
3/9/2024,13:15,432
3/9/2024,13:30,448
3/9/2024,13:45,440
3/9/2024,14:00,440
3/9/2024,14:15,424
3/9/2024,14:30,432
3/9/2024,14:45,408
3/9/2024,15:00,416
3/9/2024,15:15,392
3/9/2024,15:30,416
3/9/2024,15:45,408
3/9/2024,16:00,416
3/9/2024,16:15,424
3/9/2024,16:30,424
3/9/2024,16:45,424
3/9/2024,17:00,400
3/9/2024,17:15,408
3/9/2024,17:30,392
3/9/2024,17:45,384
3/9/2024,18:00,352
3/9/2024,18:15,360
3/9/2024,18:30,376
3/9/2024,18:45,368
3/9/2024,19:00,368
3/9/2024,19:15,368
3/9/2024,19:30,368
3/9/2024,19:45,376
3/9/2024,20:00,376
3/9/2024,20:15,360
3/9/2024,20:30,360
3/9/2024,20:45,360
3/9/2024,21:00,368
3/9/2024,21:15,368
3/9/2024,21:30,360
3/9/2024,21:45,368
3/9/2024,22:00,376
3/9/2024,22:15,376
3/9/2024,22:30,360
3/9/2024,22:45,360
3/9/2024,23:00,368
3/9/2024,23:15,368
3/9/2024,23:30,360
3/9/2024,23:45,368
3/10/2024,0:00,360
3/10/2024,0:15,376
3/10/2024,0:30,368
3/10/2024,0:45,368
3/10/2024,1:00,368
3/10/2024,1:15,368
3/10/2024,1:30,360
3/10/2024,1:45,368
3/10/2024,2:00,360
3/10/2024,2:15,360
3/10/2024,2:30,368
3/10/2024,2:45,376
3/10/2024,3:00,368
3/10/2024,3:15,360
3/10/2024,3:30,360
3/10/2024,3:45,376
3/10/2024,4:00,368
3/10/2024,4:15,360
3/10/2024,4:30,376
3/10/2024,4:45,360
3/10/2024,5:00,360
3/10/2024,5:15,368
3/10/2024,5:30,360
3/10/2024,5:45,360
3/10/2024,6:00,360
3/10/2024,6:15,360
3/10/2024,6:30,360
3/10/2024,6:45,360
3/10/2024,7:00,352
3/10/2024,7:15,360
3/10/2024,7:30,352
3/10/2024,7:45,352
3/10/2024,8:00,360
3/10/2024,8:15,352
3/10/2024,8:30,352
3/10/2024,8:45,360
3/10/2024,9:00,360
3/10/2024,9:15,360
3/10/2024,9:30,376
3/10/2024,9:45,376
3/10/2024,10:00,376
3/10/2024,10:15,384
3/10/2024,10:30,384
3/10/2024,10:45,392
3/10/2024,11:00,416
3/10/2024,11:15,408
3/10/2024,11:30,408
3/10/2024,11:45,416
3/10/2024,12:00,424
3/10/2024,12:15,440
3/10/2024,12:30,432
3/10/2024,12:45,424
3/10/2024,13:00,440
3/10/2024,13:15,440
3/10/2024,13:30,456
3/10/2024,13:45,432
3/10/2024,14:00,456
3/10/2024,14:15,448
3/10/2024,14:30,456
3/10/2024,14:45,416
3/10/2024,15:00,424
3/10/2024,15:15,400
3/10/2024,15:30,408
3/10/2024,15:45,416
3/10/2024,16:00,408
3/10/2024,16:15,416
3/10/2024,16:30,400
3/10/2024,16:45,384
3/10/2024,17:00,392
3/10/2024,17:15,392
3/10/2024,17:30,392
3/10/2024,17:45,384
3/10/2024,18:00,384
3/10/2024,18:15,368
3/10/2024,18:30,368
3/10/2024,18:45,368
3/10/2024,19:00,376
3/10/2024,19:15,376
3/10/2024,19:30,368
3/10/2024,19:45,360
3/10/2024,20:00,360
3/10/2024,20:15,384
3/10/2024,20:30,368
3/10/2024,20:45,360
3/10/2024,21:00,360
3/10/2024,21:15,368
3/10/2024,21:30,368
3/10/2024,21:45,360
3/10/2024,22:00,368
3/10/2024,22:15,360
3/10/2024,22:30,376
3/10/2024,22:45,376
3/10/2024,23:00,368
3/10/2024,23:15,360
3/10/2024,23:30,360
3/10/2024,23:45,368
3/11/2024,0:00,360
3/11/2024,0:15,360
3/11/2024,0:30,368
3/11/2024,0:45,376
3/11/2024,1:00,368
3/11/2024,1:15,360
3/11/2024,1:30,360
3/11/2024,1:45,360
3/11/2024,2:00,376
3/11/2024,2:15,360
3/11/2024,2:30,360
3/11/2024,2:45,360
3/11/2024,3:00,368
3/11/2024,3:15,368
3/11/2024,3:30,368
3/11/2024,3:45,360
3/11/2024,4:00,360
3/11/2024,4:15,376
3/11/2024,4:30,368
3/11/2024,4:45,384
3/11/2024,5:00,392
3/11/2024,5:15,392
3/11/2024,5:30,400
3/11/2024,5:45,416
3/11/2024,6:00,416
3/11/2024,6:15,424
3/11/2024,6:30,432
3/11/2024,6:45,432
3/11/2024,7:00,456
3/11/2024,7:15,448
3/11/2024,7:30,456
3/11/2024,7:45,472
3/11/2024,8:00,464
3/11/2024,8:15,464
3/11/2024,8:30,456
3/11/2024,8:45,464
3/11/2024,9:00,456
3/11/2024,9:15,472
3/11/2024,9:30,456
3/11/2024,9:45,464
3/11/2024,10:00,456
3/11/2024,10:15,472
3/11/2024,10:30,480
3/11/2024,10:45,480
3/11/2024,11:00,464
3/11/2024,11:15,472
3/11/2024,11:30,488
3/11/2024,11:45,488
3/11/2024,12:00,488
3/11/2024,12:15,480
3/11/2024,12:30,496
3/11/2024,12:45,480
3/11/2024,13:00,480
3/11/2024,13:15,464
3/11/2024,13:30,472
3/11/2024,13:45,480
3/11/2024,14:00,488
3/11/2024,14:15,480
3/11/2024,14:30,472
3/11/2024,14:45,504
3/11/2024,15:00,472
3/11/2024,15:15,456
3/11/2024,15:30,448
3/11/2024,15:45,440
3/11/2024,16:00,432
3/11/2024,16:15,432
3/11/2024,16:30,416
3/11/2024,16:45,408
3/11/2024,17:00,400
3/11/2024,17:15,392
3/11/2024,17:30,384
3/11/2024,17:45,384
3/11/2024,18:00,376
3/11/2024,18:15,376
3/11/2024,18:30,384
3/11/2024,18:45,384
3/11/2024,19:00,392
3/11/2024,19:15,384
3/11/2024,19:30,384
3/11/2024,19:45,392
3/11/2024,20:00,384
3/11/2024,20:15,376
3/11/2024,20:30,376
3/11/2024,20:45,376
3/11/2024,21:00,384
3/11/2024,21:15,376
3/11/2024,21:30,368
3/11/2024,21:45,368
3/11/2024,22:00,368
3/11/2024,22:15,376
3/11/2024,22:30,368
3/11/2024,22:45,376
3/11/2024,23:00,368
3/11/2024,23:15,376
3/11/2024,23:30,376
3/11/2024,23:45,360
3/12/2024,0:00,360
3/12/2024,0:15,368
3/12/2024,0:30,368
3/12/2024,0:45,368
3/12/2024,1:00,368
3/12/2024,1:15,360
3/12/2024,1:30,376
3/12/2024,1:45,376
3/12/2024,2:00,368
3/12/2024,2:15,368
3/12/2024,2:30,360
3/12/2024,2:45,368
3/12/2024,3:00,360
3/12/2024,3:15,360
3/12/2024,3:30,360
3/12/2024,3:45,368
3/12/2024,4:00,360
3/12/2024,4:15,368
3/12/2024,4:30,368
3/12/2024,4:45,376
3/12/2024,5:00,408
3/12/2024,5:15,408
3/12/2024,5:30,408
3/12/2024,5:45,400
3/12/2024,6:00,424
3/12/2024,6:15,416
3/12/2024,6:30,432
3/12/2024,6:45,440
3/12/2024,7:00,456
3/12/2024,7:15,456
3/12/2024,7:30,472
3/12/2024,7:45,488
3/12/2024,8:00,480
3/12/2024,8:15,464
3/12/2024,8:30,464
3/12/2024,8:45,464
3/12/2024,9:00,464
3/12/2024,9:15,480
3/12/2024,9:30,464
3/12/2024,9:45,464
3/12/2024,10:00,496
3/12/2024,10:15,488
3/12/2024,10:30,496
3/12/2024,10:45,480
3/12/2024,11:00,496
3/12/2024,11:15,512
3/12/2024,11:30,536
3/12/2024,11:45,560
3/12/2024,12:00,488
3/12/2024,12:15,488
3/12/2024,12:30,504
3/12/2024,12:45,504
3/12/2024,13:00,496
3/12/2024,13:15,488
3/12/2024,13:30,488
3/12/2024,13:45,512
3/12/2024,14:00,496
3/12/2024,14:15,496
3/12/2024,14:30,488
3/12/2024,14:45,496
3/12/2024,15:00,480
3/12/2024,15:15,456
3/12/2024,15:30,440
3/12/2024,15:45,456
3/12/2024,16:00,448
3/12/2024,16:15,440
3/12/2024,16:30,440
3/12/2024,16:45,424
3/12/2024,17:00,416
3/12/2024,17:15,392
3/12/2024,17:30,376
3/12/2024,17:45,384
3/12/2024,18:00,376
3/12/2024,18:15,392
3/12/2024,18:30,384
3/12/2024,18:45,368
3/12/2024,19:00,368
3/12/2024,19:15,392
3/12/2024,19:30,392
3/12/2024,19:45,384
3/12/2024,20:00,368
3/12/2024,20:15,368
3/12/2024,20:30,368
3/12/2024,20:45,376
3/12/2024,21:00,368
3/12/2024,21:15,360
3/12/2024,21:30,368
3/12/2024,21:45,368
3/12/2024,22:00,376
3/12/2024,22:15,360
3/12/2024,22:30,360
3/12/2024,22:45,360
3/12/2024,23:00,360
3/12/2024,23:15,368
3/12/2024,23:30,360
3/12/2024,23:45,360
3/13/2024,0:00,360
3/13/2024,0:15,360
3/13/2024,0:30,368
3/13/2024,0:45,352
3/13/2024,1:00,352
3/13/2024,1:15,360
3/13/2024,1:30,368
3/13/2024,1:45,360
3/13/2024,2:00,368
3/13/2024,2:15,360
3/13/2024,2:30,352
3/13/2024,2:45,360
3/13/2024,3:00,360
3/13/2024,3:15,352
3/13/2024,3:30,360
3/13/2024,3:45,360
3/13/2024,4:00,368
3/13/2024,4:15,360
3/13/2024,4:30,368
3/13/2024,4:45,384
3/13/2024,5:00,384
3/13/2024,5:15,400
3/13/2024,5:30,392
3/13/2024,5:45,400
3/13/2024,6:00,416
3/13/2024,6:15,432
3/13/2024,6:30,432
3/13/2024,6:45,448
3/13/2024,7:00,472
3/13/2024,7:15,480
3/13/2024,7:30,480
3/13/2024,7:45,488
3/13/2024,8:00,472
3/13/2024,8:15,464
3/13/2024,8:30,472
3/13/2024,8:45,472
3/13/2024,9:00,472
3/13/2024,9:15,472
3/13/2024,9:30,488
3/13/2024,9:45,472
3/13/2024,10:00,496
3/13/2024,10:15,496
3/13/2024,10:30,488
3/13/2024,10:45,488
3/13/2024,11:00,504
3/13/2024,11:15,504
3/13/2024,11:30,504
3/13/2024,11:45,480
3/13/2024,12:00,488
3/13/2024,12:15,488
3/13/2024,12:30,504
3/13/2024,12:45,504
3/13/2024,13:00,512
3/13/2024,13:15,528
3/13/2024,13:30,520
3/13/2024,13:45,528
3/13/2024,14:00,528
3/13/2024,14:15,520
3/13/2024,14:30,528
3/13/2024,14:45,512
3/13/2024,15:00,512
3/13/2024,15:15,504
3/13/2024,15:30,496
3/13/2024,15:45,504
3/13/2024,16:00,488
3/13/2024,16:15,464
3/13/2024,16:30,464
3/13/2024,16:45,464
3/13/2024,17:00,440
3/13/2024,17:15,440
3/13/2024,17:30,432
3/13/2024,17:45,416
3/13/2024,18:00,416
3/13/2024,18:15,400
3/13/2024,18:30,376
3/13/2024,18:45,392
3/13/2024,19:00,384
3/13/2024,19:15,400
3/13/2024,19:30,400
3/13/2024,19:45,384
3/13/2024,20:00,384
3/13/2024,20:15,384
3/13/2024,20:30,392
3/13/2024,20:45,376
3/13/2024,21:00,376
3/13/2024,21:15,368
3/13/2024,21:30,368
3/13/2024,21:45,376
3/13/2024,22:00,368
3/13/2024,22:15,360
3/13/2024,22:30,360
3/13/2024,22:45,368
3/13/2024,23:00,368
3/13/2024,23:15,376
3/13/2024,23:30,352
3/13/2024,23:45,368
3/14/2024,0:00,376
3/14/2024,0:15,368
3/14/2024,0:30,368
3/14/2024,0:45,352
3/14/2024,1:00,360
3/14/2024,1:15,360
3/14/2024,1:30,368
3/14/2024,1:45,360
3/14/2024,2:00,368
3/14/2024,2:15,360
3/14/2024,2:30,368
3/14/2024,2:45,368
3/14/2024,3:00,360
3/14/2024,3:15,352
3/14/2024,3:30,360
3/14/2024,3:45,360
3/14/2024,4:00,368
3/14/2024,4:15,352
3/14/2024,4:30,368
3/14/2024,4:45,384
3/14/2024,5:00,392
3/14/2024,5:15,400
3/14/2024,5:30,392
3/14/2024,5:45,408
3/14/2024,6:00,432
3/14/2024,6:15,432
3/14/2024,6:30,432
3/14/2024,6:45,440
3/14/2024,7:00,448
3/14/2024,7:15,448
3/14/2024,7:30,456
3/14/2024,7:45,480
3/14/2024,8:00,456
3/14/2024,8:15,472
3/14/2024,8:30,464
3/14/2024,8:45,472
3/14/2024,9:00,488
3/14/2024,9:15,488
3/14/2024,9:30,488
3/14/2024,9:45,496
3/14/2024,10:00,504
3/14/2024,10:15,504
3/14/2024,10:30,520
3/14/2024,10:45,496
3/14/2024,11:00,512
3/14/2024,11:15,528
3/14/2024,11:30,528
3/14/2024,11:45,560
3/14/2024,12:00,552
3/14/2024,12:15,552
3/14/2024,12:30,592
3/14/2024,12:45,584
3/14/2024,13:00,584
3/14/2024,13:15,568
3/14/2024,13:30,584
3/14/2024,13:45,576
3/14/2024,14:00,592
3/14/2024,14:15,576
3/14/2024,14:30,584
3/14/2024,14:45,584
3/14/2024,15:00,592
3/14/2024,15:15,584
3/14/2024,15:30,592
3/14/2024,15:45,560
3/14/2024,16:00,560
3/14/2024,16:15,536
3/14/2024,16:30,520
3/14/2024,16:45,504
3/14/2024,17:00,488
3/14/2024,17:15,488
3/14/2024,17:30,480
3/14/2024,17:45,448
3/14/2024,18:00,456
3/14/2024,18:15,448
3/14/2024,18:30,456
3/14/2024,18:45,424
3/14/2024,19:00,416
3/14/2024,19:15,416
3/14/2024,19:30,288
3/14/2024,19:45,280
3/14/2024,20:00,360
3/14/2024,20:15,392
3/14/2024,20:30,392
3/14/2024,20:45,392
3/14/2024,21:00,384
3/14/2024,21:15,376
3/14/2024,21:30,384
3/14/2024,21:45,368
3/14/2024,22:00,360
3/14/2024,22:15,376
3/14/2024,22:30,360
3/14/2024,22:45,352
3/14/2024,23:00,352
3/14/2024,23:15,352
3/14/2024,23:30,352
3/14/2024,23:45,344
3/15/2024,0:00,344
3/15/2024,0:15,344
3/15/2024,0:30,352
3/15/2024,0:45,352
3/15/2024,1:00,344
3/15/2024,1:15,336
3/15/2024,1:30,344
3/15/2024,1:45,336
3/15/2024,2:00,328
3/15/2024,2:15,344
3/15/2024,2:30,352
3/15/2024,2:45,344
3/15/2024,3:00,344
3/15/2024,3:15,344
3/15/2024,3:30,344
3/15/2024,3:45,344
3/15/2024,4:00,336
3/15/2024,4:15,344
3/15/2024,4:30,344
3/15/2024,4:45,368
3/15/2024,5:00,368
3/15/2024,5:15,360
3/15/2024,5:30,384
3/15/2024,5:45,400
3/15/2024,6:00,400
3/15/2024,6:15,400
3/15/2024,6:30,416
3/15/2024,6:45,432
3/15/2024,7:00,440
3/15/2024,7:15,448
3/15/2024,7:30,432
3/15/2024,7:45,424
3/15/2024,8:00,448
3/15/2024,8:15,480
3/15/2024,8:30,464
3/15/2024,8:45,464
3/15/2024,9:00,472
3/15/2024,9:15,480
3/15/2024,9:30,488
3/15/2024,9:45,488
3/15/2024,10:00,504
3/15/2024,10:15,520
3/15/2024,10:30,512
3/15/2024,10:45,536
3/15/2024,11:00,536
3/15/2024,11:15,544
3/15/2024,11:30,544
3/15/2024,11:45,560
3/15/2024,12:00,576
3/15/2024,12:15,600
3/15/2024,12:30,592
3/15/2024,12:45,600
3/15/2024,13:00,592
3/15/2024,13:15,592
3/15/2024,13:30,584
3/15/2024,13:45,576
3/15/2024,14:00,576
3/15/2024,14:15,568
3/15/2024,14:30,592
3/15/2024,14:45,568
3/15/2024,15:00,560
3/15/2024,15:15,560
3/15/2024,15:30,576
3/15/2024,15:45,568
3/15/2024,16:00,552
3/15/2024,16:15,536
3/15/2024,16:30,536
3/15/2024,16:45,504
3/15/2024,17:00,528
3/15/2024,17:15,480
3/15/2024,17:30,456
3/15/2024,17:45,464
3/15/2024,18:00,488
3/15/2024,18:15,448
3/15/2024,18:30,448
3/15/2024,18:45,432
3/15/2024,19:00,440
3/15/2024,19:15,432
3/15/2024,19:30,424
3/15/2024,19:45,416
3/15/2024,20:00,400
3/15/2024,20:15,392
3/15/2024,20:30,384
3/15/2024,20:45,376
3/15/2024,21:00,360
3/15/2024,21:15,376
3/15/2024,21:30,360
3/15/2024,21:45,368
3/15/2024,22:00,360
3/15/2024,22:15,360
3/15/2024,22:30,376
3/15/2024,22:45,368
3/15/2024,23:00,368
3/15/2024,23:15,360
3/15/2024,23:30,352
3/15/2024,23:45,360
3/16/2024,0:00,360
3/16/2024,0:15,368
3/16/2024,0:30,360
3/16/2024,0:45,368
3/16/2024,1:00,368
3/16/2024,1:15,368
3/16/2024,1:30,352
3/16/2024,1:45,360
3/16/2024,2:00,352
3/16/2024,2:15,352
3/16/2024,2:30,352
3/16/2024,2:45,352
3/16/2024,3:00,352
3/16/2024,3:15,352
3/16/2024,3:30,360
3/16/2024,3:45,344
3/16/2024,4:00,336
3/16/2024,4:15,336
3/16/2024,4:30,344
3/16/2024,4:45,344
3/16/2024,5:00,344
3/16/2024,5:15,344
3/16/2024,5:30,336
3/16/2024,5:45,336
3/16/2024,6:00,336
3/16/2024,6:15,336
3/16/2024,6:30,328
3/16/2024,6:45,336
3/16/2024,7:00,352
3/16/2024,7:15,344
3/16/2024,7:30,344
3/16/2024,7:45,336
3/16/2024,8:00,328
3/16/2024,8:15,336
3/16/2024,8:30,344
3/16/2024,8:45,352
3/16/2024,9:00,344
3/16/2024,9:15,352
3/16/2024,9:30,376
3/16/2024,9:45,376
3/16/2024,10:00,392
3/16/2024,10:15,392
3/16/2024,10:30,424
3/16/2024,10:45,424
3/16/2024,11:00,480
3/16/2024,11:15,464
3/16/2024,11:30,504
3/16/2024,11:45,512
3/16/2024,12:00,504
3/16/2024,12:15,520
3/16/2024,12:30,504
3/16/2024,12:45,504
3/16/2024,13:00,528
3/16/2024,13:15,504
3/16/2024,13:30,520
3/16/2024,13:45,520
3/16/2024,14:00,528
3/16/2024,14:15,528
3/16/2024,14:30,544
3/16/2024,14:45,520
3/16/2024,15:00,512
3/16/2024,15:15,504
3/16/2024,15:30,496
3/16/2024,15:45,496
3/16/2024,16:00,480
3/16/2024,16:15,480
3/16/2024,16:30,488
3/16/2024,16:45,448
3/16/2024,17:00,472
3/16/2024,17:15,440
3/16/2024,17:30,440
3/16/2024,17:45,424
3/16/2024,18:00,408
3/16/2024,18:15,392
3/16/2024,18:30,400
3/16/2024,18:45,400
3/16/2024,19:00,392
3/16/2024,19:15,376
3/16/2024,19:30,368
3/16/2024,19:45,368
3/16/2024,20:00,360
3/16/2024,20:15,368
3/16/2024,20:30,376
3/16/2024,20:45,360
3/16/2024,21:00,360
3/16/2024,21:15,368
3/16/2024,21:30,368
3/16/2024,21:45,368
3/16/2024,22:00,352
3/16/2024,22:15,344
3/16/2024,22:30,344
3/16/2024,22:45,352
3/16/2024,23:00,360
3/16/2024,23:15,352
3/16/2024,23:30,352
3/16/2024,23:45,352
3/17/2024,0:00,344
3/17/2024,0:15,344
3/17/2024,0:30,352
3/17/2024,0:45,344
3/17/2024,1:00,344
3/17/2024,1:15,352
3/17/2024,1:30,360
3/17/2024,1:45,352
3/17/2024,2:00,336
3/17/2024,2:15,352
3/17/2024,2:30,344
3/17/2024,2:45,344
3/17/2024,3:00,328
3/17/2024,3:15,336
3/17/2024,3:30,336
3/17/2024,3:45,352
3/17/2024,4:00,352
3/17/2024,4:15,336
3/17/2024,4:30,328
3/17/2024,4:45,344
3/17/2024,5:00,344
3/17/2024,5:15,336
3/17/2024,5:30,336
3/17/2024,5:45,336
3/17/2024,6:00,336
3/17/2024,6:15,328
3/17/2024,6:30,328
3/17/2024,6:45,312
3/17/2024,7:00,328
3/17/2024,7:15,328
3/17/2024,7:30,320
3/17/2024,7:45,320
3/17/2024,8:00,320
3/17/2024,8:15,328
3/17/2024,8:30,352
3/17/2024,8:45,344
3/17/2024,9:00,336
3/17/2024,9:15,336
3/17/2024,9:30,352
3/17/2024,9:45,344
3/17/2024,10:00,376
3/17/2024,10:15,368
3/17/2024,10:30,384
3/17/2024,10:45,408
3/17/2024,11:00,424
3/17/2024,11:15,432
3/17/2024,11:30,424
3/17/2024,11:45,448
3/17/2024,12:00,464
3/17/2024,12:15,464
3/17/2024,12:30,448
3/17/2024,12:45,472
3/17/2024,13:00,464
3/17/2024,13:15,472
3/17/2024,13:30,472
3/17/2024,13:45,472
3/17/2024,14:00,480
3/17/2024,14:15,456
3/17/2024,14:30,472
3/17/2024,14:45,496
3/17/2024,15:00,488
3/17/2024,15:15,504
3/17/2024,15:30,496
3/17/2024,15:45,496
3/17/2024,16:00,488
3/17/2024,16:15,472
3/17/2024,16:30,440
3/17/2024,16:45,424
3/17/2024,17:00,424
3/17/2024,17:15,440
3/17/2024,17:30,400
3/17/2024,17:45,408
3/17/2024,18:00,368
3/17/2024,18:15,368
3/17/2024,18:30,368
3/17/2024,18:45,368
3/17/2024,19:00,368
3/17/2024,19:15,360
3/17/2024,19:30,352
3/17/2024,19:45,352
3/17/2024,20:00,344
3/17/2024,20:15,344
3/17/2024,20:30,368
3/17/2024,20:45,360
3/17/2024,21:00,352
3/17/2024,21:15,344
3/17/2024,21:30,352
3/17/2024,21:45,352
3/17/2024,22:00,352
3/17/2024,22:15,344
3/17/2024,22:30,352
3/17/2024,22:45,352
3/17/2024,23:00,352
3/17/2024,23:15,344
3/17/2024,23:30,336
3/17/2024,23:45,344
3/18/2024,0:00,352
3/18/2024,0:15,352
3/18/2024,0:30,352
3/18/2024,0:45,352
3/18/2024,1:00,352
3/18/2024,1:15,352
3/18/2024,1:30,344
3/18/2024,1:45,344
3/18/2024,2:00,336
3/18/2024,2:15,344
3/18/2024,2:30,336
3/18/2024,2:45,344
3/18/2024,3:00,336
3/18/2024,3:15,344
3/18/2024,3:30,352
3/18/2024,3:45,344
3/18/2024,4:00,344
3/18/2024,4:15,344
3/18/2024,4:30,336
3/18/2024,4:45,368
3/18/2024,5:00,376
3/18/2024,5:15,368
3/18/2024,5:30,368
3/18/2024,5:45,392
3/18/2024,6:00,408
3/18/2024,6:15,400
3/18/2024,6:30,416
3/18/2024,6:45,424
3/18/2024,7:00,432
3/18/2024,7:15,440
3/18/2024,7:30,448
3/18/2024,7:45,440
3/18/2024,8:00,432
3/18/2024,8:15,432
3/18/2024,8:30,472
3/18/2024,8:45,472
3/18/2024,9:00,464
3/18/2024,9:15,456
3/18/2024,9:30,472
3/18/2024,9:45,472
3/18/2024,10:00,488
3/18/2024,10:15,488
3/18/2024,10:30,504
3/18/2024,10:45,504
3/18/2024,11:00,536
3/18/2024,11:15,528
3/18/2024,11:30,552
3/18/2024,11:45,552
3/18/2024,12:00,552
3/18/2024,12:15,608
3/18/2024,12:30,592
3/18/2024,12:45,568
3/18/2024,13:00,592
3/18/2024,13:15,584
3/18/2024,13:30,608
3/18/2024,13:45,600
3/18/2024,14:00,600
3/18/2024,14:15,616
3/18/2024,14:30,592
3/18/2024,14:45,584
3/18/2024,15:00,616
3/18/2024,15:15,592
3/18/2024,15:30,584
3/18/2024,15:45,576
3/18/2024,16:00,576
3/18/2024,16:15,568
3/18/2024,16:30,544
3/18/2024,16:45,520
3/18/2024,17:00,512
3/18/2024,17:15,472
3/18/2024,17:30,472
3/18/2024,17:45,464
3/18/2024,18:00,440
3/18/2024,18:15,432
3/18/2024,18:30,432
3/18/2024,18:45,416
3/18/2024,19:00,416
3/18/2024,19:15,400
3/18/2024,19:30,400
3/18/2024,19:45,408
3/18/2024,20:00,408
3/18/2024,20:15,392
3/18/2024,20:30,384
3/18/2024,20:45,368
3/18/2024,21:00,368
3/18/2024,21:15,352
3/18/2024,21:30,360
3/18/2024,21:45,352
3/18/2024,22:00,360
3/18/2024,22:15,360
3/18/2024,22:30,352
3/18/2024,22:45,352
3/18/2024,23:00,360
3/18/2024,23:15,368
3/18/2024,23:30,352
3/18/2024,23:45,360
3/19/2024,0:00,368
3/19/2024,0:15,368
3/19/2024,0:30,360
3/19/2024,0:45,352
3/19/2024,1:00,352
3/19/2024,1:15,352
3/19/2024,1:30,360
3/19/2024,1:45,352
3/19/2024,2:00,360
3/19/2024,2:15,352
3/19/2024,2:30,360
3/19/2024,2:45,360
3/19/2024,3:00,352
3/19/2024,3:15,352
3/19/2024,3:30,360
3/19/2024,3:45,360
3/19/2024,4:00,352
3/19/2024,4:15,344
3/19/2024,4:30,352
3/19/2024,4:45,376
3/19/2024,5:00,392
3/19/2024,5:15,384
3/19/2024,5:30,384
3/19/2024,5:45,400
3/19/2024,6:00,424
3/19/2024,6:15,416
3/19/2024,6:30,416
3/19/2024,6:45,432
3/19/2024,7:00,440
3/19/2024,7:15,440
3/19/2024,7:30,448
3/19/2024,7:45,456
3/19/2024,8:00,472
3/19/2024,8:15,464
3/19/2024,8:30,464
3/19/2024,8:45,456
3/19/2024,9:00,456
3/19/2024,9:15,464
3/19/2024,9:30,472
3/19/2024,9:45,472
3/19/2024,10:00,472
3/19/2024,10:15,488
3/19/2024,10:30,488
3/19/2024,10:45,504
3/19/2024,11:00,512
3/19/2024,11:15,528
3/19/2024,11:30,552
3/19/2024,11:45,560
3/19/2024,12:00,584
3/19/2024,12:15,600
3/19/2024,12:30,584
3/19/2024,12:45,600
3/19/2024,13:00,600
3/19/2024,13:15,608
3/19/2024,13:30,608
3/19/2024,13:45,616
3/19/2024,14:00,600
3/19/2024,14:15,632
3/19/2024,14:30,608
3/19/2024,14:45,600
3/19/2024,15:00,600
3/19/2024,15:15,600
3/19/2024,15:30,568
3/19/2024,15:45,576
3/19/2024,16:00,560
3/19/2024,16:15,568
3/19/2024,16:30,536
3/19/2024,16:45,496
3/19/2024,17:00,488
3/19/2024,17:15,448
3/19/2024,17:30,440
3/19/2024,17:45,424
3/19/2024,18:00,416
3/19/2024,18:15,400
3/19/2024,18:30,400
3/19/2024,18:45,400
3/19/2024,19:00,392
3/19/2024,19:15,392
3/19/2024,19:30,392
3/19/2024,19:45,376
3/19/2024,20:00,368
3/19/2024,20:15,360
3/19/2024,20:30,360
3/19/2024,20:45,360
3/19/2024,21:00,376
3/19/2024,21:15,368
3/19/2024,21:30,360
3/19/2024,21:45,352
3/19/2024,22:00,352
3/19/2024,22:15,352
3/19/2024,22:30,352
3/19/2024,22:45,360
3/19/2024,23:00,352
3/19/2024,23:15,352
3/19/2024,23:30,352
3/19/2024,23:45,360
3/20/2024,0:00,352
3/20/2024,0:15,360
3/20/2024,0:30,344
3/20/2024,0:45,344
3/20/2024,1:00,352
3/20/2024,1:15,352
3/20/2024,1:30,344
3/20/2024,1:45,352
3/20/2024,2:00,352
3/20/2024,2:15,360
3/20/2024,2:30,352
3/20/2024,2:45,344
3/20/2024,3:00,344
3/20/2024,3:15,352
3/20/2024,3:30,344
3/20/2024,3:45,344
3/20/2024,4:00,344
3/20/2024,4:15,344
3/20/2024,4:30,352
3/20/2024,4:45,376
3/20/2024,5:00,384
3/20/2024,5:15,376
3/20/2024,5:30,384
3/20/2024,5:45,400
3/20/2024,6:00,408
3/20/2024,6:15,432
3/20/2024,6:30,440
3/20/2024,6:45,440
3/20/2024,7:00,448
3/20/2024,7:15,448
3/20/2024,7:30,448
3/20/2024,7:45,440
3/20/2024,8:00,456
3/20/2024,8:15,456
3/20/2024,8:30,480
3/20/2024,8:45,480
3/20/2024,9:00,472
3/20/2024,9:15,464
3/20/2024,9:30,480
3/20/2024,9:45,488
3/20/2024,10:00,488
3/20/2024,10:15,504
3/20/2024,10:30,528
3/20/2024,10:45,552
3/20/2024,11:00,568
3/20/2024,11:15,552
3/20/2024,11:30,592
3/20/2024,11:45,600
3/20/2024,12:00,584
3/20/2024,12:15,592
3/20/2024,12:30,600
3/20/2024,12:45,592
3/20/2024,13:00,600
3/20/2024,13:15,600
3/20/2024,13:30,600
3/20/2024,13:45,576
3/20/2024,14:00,568
3/20/2024,14:15,560
3/20/2024,14:30,568
3/20/2024,14:45,576
3/20/2024,15:00,560
3/20/2024,15:15,560
3/20/2024,15:30,560
3/20/2024,15:45,552
3/20/2024,16:00,544
3/20/2024,16:15,496
3/20/2024,16:30,488
3/20/2024,16:45,472
3/20/2024,17:00,480
3/20/2024,17:15,456
3/20/2024,17:30,440
3/20/2024,17:45,424
3/20/2024,18:00,432
3/20/2024,18:15,400
3/20/2024,18:30,392
3/20/2024,18:45,400
3/20/2024,19:00,376
3/20/2024,19:15,384
3/20/2024,19:30,392
3/20/2024,19:45,384
3/20/2024,20:00,368
3/20/2024,20:15,360
3/20/2024,20:30,368
3/20/2024,20:45,368
3/20/2024,21:00,376
3/20/2024,21:15,360
3/20/2024,21:30,360
3/20/2024,21:45,368
3/20/2024,22:00,360
3/20/2024,22:15,352
3/20/2024,22:30,352
3/20/2024,22:45,360
3/20/2024,23:00,352
3/20/2024,23:15,352
3/20/2024,23:30,352
3/20/2024,23:45,360
3/21/2024,0:00,360
3/21/2024,0:15,360
3/21/2024,0:30,352
3/21/2024,0:45,352
3/21/2024,1:00,360
3/21/2024,1:15,352
3/21/2024,1:30,344
3/21/2024,1:45,352
3/21/2024,2:00,352
3/21/2024,2:15,352
3/21/2024,2:30,360
3/21/2024,2:45,336
3/21/2024,3:00,352
3/21/2024,3:15,344
3/21/2024,3:30,352
3/21/2024,3:45,352
3/21/2024,4:00,352
3/21/2024,4:15,344
3/21/2024,4:30,352
3/21/2024,4:45,384
3/21/2024,5:00,384
3/21/2024,5:15,376
3/21/2024,5:30,376
3/21/2024,5:45,384
3/21/2024,6:00,408
3/21/2024,6:15,432
3/21/2024,6:30,432
3/21/2024,6:45,440
3/21/2024,7:00,440
3/21/2024,7:15,440
3/21/2024,7:30,440
3/21/2024,7:45,432
3/21/2024,8:00,456
3/21/2024,8:15,480
3/21/2024,8:30,496
3/21/2024,8:45,496
3/21/2024,9:00,512
3/21/2024,9:15,504
3/21/2024,9:30,528
3/21/2024,9:45,520
3/21/2024,10:00,544
3/21/2024,10:15,552
3/21/2024,10:30,568
3/21/2024,10:45,600
3/21/2024,11:00,624
3/21/2024,11:15,608
3/21/2024,11:30,600
3/21/2024,11:45,632
3/21/2024,12:00,640
3/21/2024,12:15,632
3/21/2024,12:30,648
3/21/2024,12:45,664
3/21/2024,13:00,664
3/21/2024,13:15,680
3/21/2024,13:30,688
3/21/2024,13:45,672
3/21/2024,14:00,664
3/21/2024,14:15,656
3/21/2024,14:30,680
3/21/2024,14:45,640
3/21/2024,15:00,632
3/21/2024,15:15,616
3/21/2024,15:30,616
3/21/2024,15:45,608
3/21/2024,16:00,568
3/21/2024,16:15,552
3/21/2024,16:30,504
3/21/2024,16:45,512
3/21/2024,17:00,504
3/21/2024,17:15,496
3/21/2024,17:30,456
3/21/2024,17:45,488
3/21/2024,18:00,464
3/21/2024,18:15,448
3/21/2024,18:30,424
3/21/2024,18:45,456
3/21/2024,19:00,432
3/21/2024,19:15,440
3/21/2024,19:30,424
3/21/2024,19:45,416
3/21/2024,20:00,424
3/21/2024,20:15,424
3/21/2024,20:30,408
3/21/2024,20:45,392
3/21/2024,21:00,392
3/21/2024,21:15,392
3/21/2024,21:30,392
3/21/2024,21:45,384
3/21/2024,22:00,400
3/21/2024,22:15,384
3/21/2024,22:30,384
3/21/2024,22:45,400
3/21/2024,23:00,392
3/21/2024,23:15,384
3/21/2024,23:30,384
3/21/2024,23:45,392
3/22/2024,0:00,400
3/22/2024,0:15,376
3/22/2024,0:30,376
3/22/2024,0:45,384
3/22/2024,1:00,384
3/22/2024,1:15,384
3/22/2024,1:30,376
3/22/2024,1:45,384
3/22/2024,2:00,392
3/22/2024,2:15,392
3/22/2024,2:30,376
3/22/2024,2:45,384
3/22/2024,3:00,376
3/22/2024,3:15,376
3/22/2024,3:30,384
3/22/2024,3:45,384
3/22/2024,4:00,384
3/22/2024,4:15,384
3/22/2024,4:30,400
3/22/2024,4:45,408
3/22/2024,5:00,416
3/22/2024,5:15,408
3/22/2024,5:30,416
3/22/2024,5:45,432
3/22/2024,6:00,424
3/22/2024,6:15,424
3/22/2024,6:30,440
3/22/2024,6:45,440
3/22/2024,7:00,464
3/22/2024,7:15,472
3/22/2024,7:30,456
3/22/2024,7:45,456
3/22/2024,8:00,480
3/22/2024,8:15,472
3/22/2024,8:30,488
3/22/2024,8:45,488
3/22/2024,9:00,488
3/22/2024,9:15,488
3/22/2024,9:30,520
3/22/2024,9:45,504
3/22/2024,10:00,512
3/22/2024,10:15,520
3/22/2024,10:30,568
3/22/2024,10:45,552
3/22/2024,11:00,584
3/22/2024,11:15,608
3/22/2024,11:30,592
3/22/2024,11:45,592
3/22/2024,12:00,568
3/22/2024,12:15,552
3/22/2024,12:30,568
3/22/2024,12:45,552
3/22/2024,13:00,544
3/22/2024,13:15,560
3/22/2024,13:30,552
3/22/2024,13:45,536
3/22/2024,14:00,544
3/22/2024,14:15,536
3/22/2024,14:30,520
3/22/2024,14:45,496
3/22/2024,15:00,480
3/22/2024,15:15,488
3/22/2024,15:30,480
3/22/2024,15:45,472
3/22/2024,16:00,464
3/22/2024,16:15,464
3/22/2024,16:30,432
3/22/2024,16:45,424
3/22/2024,17:00,424
3/22/2024,17:15,432
3/22/2024,17:30,424
3/22/2024,17:45,416
3/22/2024,18:00,424
3/22/2024,18:15,416
3/22/2024,18:30,424
3/22/2024,18:45,424
3/22/2024,19:00,408
3/22/2024,19:15,416
3/22/2024,19:30,416
3/22/2024,19:45,400
3/22/2024,20:00,392
3/22/2024,20:15,392
3/22/2024,20:30,400
3/22/2024,20:45,400
3/22/2024,21:00,392
3/22/2024,21:15,392
3/22/2024,21:30,384
3/22/2024,21:45,392
3/22/2024,22:00,384
3/22/2024,22:15,384
3/22/2024,22:30,384
3/22/2024,22:45,384
3/22/2024,23:00,392
3/22/2024,23:15,392
3/22/2024,23:30,392
3/22/2024,23:45,376
3/23/2024,0:00,392
3/23/2024,0:15,384
3/23/2024,0:30,376
3/23/2024,0:45,376
3/23/2024,1:00,376
3/23/2024,1:15,392
3/23/2024,1:30,384
3/23/2024,1:45,376
3/23/2024,2:00,384
3/23/2024,2:15,376
3/23/2024,2:30,376
3/23/2024,2:45,376
3/23/2024,3:00,376
3/23/2024,3:15,368
3/23/2024,3:30,368
3/23/2024,3:45,392
3/23/2024,4:00,384
3/23/2024,4:15,384
3/23/2024,4:30,368
3/23/2024,4:45,384
3/23/2024,5:00,376
3/23/2024,5:15,384
3/23/2024,5:30,384
3/23/2024,5:45,376
3/23/2024,6:00,368
3/23/2024,6:15,368
3/23/2024,6:30,384
3/23/2024,6:45,376
3/23/2024,7:00,376
3/23/2024,7:15,360
3/23/2024,7:30,376
3/23/2024,7:45,368
3/23/2024,8:00,384
3/23/2024,8:15,360
3/23/2024,8:30,368
3/23/2024,8:45,376
3/23/2024,9:00,368
3/23/2024,9:15,360
3/23/2024,9:30,368
3/23/2024,9:45,352
3/23/2024,10:00,392
3/23/2024,10:15,392
3/23/2024,10:30,392
3/23/2024,10:45,376
3/23/2024,11:00,408
3/23/2024,11:15,424
3/23/2024,11:30,400
3/23/2024,11:45,392
3/23/2024,12:00,400
3/23/2024,12:15,392
3/23/2024,12:30,400
3/23/2024,12:45,384
3/23/2024,13:00,376
3/23/2024,13:15,384
3/23/2024,13:30,400
3/23/2024,13:45,440
3/23/2024,14:00,400
3/23/2024,14:15,400
3/23/2024,14:30,400
3/23/2024,14:45,392
3/23/2024,15:00,400
3/23/2024,15:15,368
3/23/2024,15:30,384
3/23/2024,15:45,400
3/23/2024,16:00,400
3/23/2024,16:15,400
3/23/2024,16:30,376
3/23/2024,16:45,384
3/23/2024,17:00,400
3/23/2024,17:15,392
3/23/2024,17:30,392
3/23/2024,17:45,384
3/23/2024,18:00,384
3/23/2024,18:15,384
3/23/2024,18:30,392
3/23/2024,18:45,392
3/23/2024,19:00,384
3/23/2024,19:15,384
3/23/2024,19:30,376
3/23/2024,19:45,384
3/23/2024,20:00,376
3/23/2024,20:15,384
3/23/2024,20:30,392
3/23/2024,20:45,384
3/23/2024,21:00,384
3/23/2024,21:15,376
3/23/2024,21:30,376
3/23/2024,21:45,376
3/23/2024,22:00,392
3/23/2024,22:15,376
3/23/2024,22:30,384
3/23/2024,22:45,384
3/23/2024,23:00,384
3/23/2024,23:15,384
3/23/2024,23:30,376
3/23/2024,23:45,376
3/24/2024,0:00,376
3/24/2024,0:15,376
3/24/2024,0:30,384
3/24/2024,0:45,376
3/24/2024,1:00,376
3/24/2024,1:15,384
3/24/2024,1:30,376
3/24/2024,1:45,376
3/24/2024,2:00,376
3/24/2024,2:15,368
3/24/2024,2:30,384
3/24/2024,2:45,376
3/24/2024,3:00,376
3/24/2024,3:15,376
3/24/2024,3:30,368
3/24/2024,3:45,368
3/24/2024,4:00,384
3/24/2024,4:15,368
3/24/2024,4:30,376
3/24/2024,4:45,368
3/24/2024,5:00,376
3/24/2024,5:15,384
3/24/2024,5:30,384
3/24/2024,5:45,368
3/24/2024,6:00,352
3/24/2024,6:15,368
3/24/2024,6:30,360
3/24/2024,6:45,360
3/24/2024,7:00,352
3/24/2024,7:15,368
3/24/2024,7:30,360
3/24/2024,7:45,360
3/24/2024,8:00,376
3/24/2024,8:15,368
3/24/2024,8:30,360
3/24/2024,8:45,368
3/24/2024,9:00,368
3/24/2024,9:15,368
3/24/2024,9:30,352
3/24/2024,9:45,368
3/24/2024,10:00,384
3/24/2024,10:15,392
3/24/2024,10:30,368
3/24/2024,10:45,368
3/24/2024,11:00,384
3/24/2024,11:15,392
3/24/2024,11:30,392
3/24/2024,11:45,400
3/24/2024,12:00,400
3/24/2024,12:15,396
3/24/2024,12:30,392
3/24/2024,12:45,408
3/24/2024,13:00,408
3/24/2024,13:15,400
3/24/2024,13:30,408
3/24/2024,13:45,408
3/24/2024,14:00,408
3/24/2024,14:15,400
3/24/2024,14:30,400
3/24/2024,14:45,408
3/24/2024,15:00,408
3/24/2024,15:15,424
3/24/2024,15:30,400
3/24/2024,15:45,400
3/24/2024,16:00,408
3/24/2024,16:15,400
3/24/2024,16:30,400
3/24/2024,16:45,400
3/24/2024,17:00,400
3/24/2024,17:15,400
3/24/2024,17:30,376
3/24/2024,17:45,368
3/24/2024,18:00,376
3/24/2024,18:15,376
3/24/2024,18:30,376
3/24/2024,18:45,384
3/24/2024,19:00,376
3/24/2024,19:15,392
3/24/2024,19:30,392
3/24/2024,19:45,384
3/24/2024,20:00,376
3/24/2024,20:15,384
3/24/2024,20:30,392
3/24/2024,20:45,384
3/24/2024,21:00,376
3/24/2024,21:15,384
3/24/2024,21:30,384
3/24/2024,21:45,376
3/24/2024,22:00,376
3/24/2024,22:15,376
3/24/2024,22:30,400
3/24/2024,22:45,384
3/24/2024,23:00,376
3/24/2024,23:15,376
3/24/2024,23:30,384
3/24/2024,23:45,384
3/25/2024,0:00,384
3/25/2024,0:15,392
3/25/2024,0:30,376
3/25/2024,0:45,384
3/25/2024,1:00,384
3/25/2024,1:15,376
3/25/2024,1:30,376
3/25/2024,1:45,392
3/25/2024,2:00,392
3/25/2024,2:15,392
3/25/2024,2:30,376
3/25/2024,2:45,376
3/25/2024,3:00,384
3/25/2024,3:15,384
3/25/2024,3:30,384
3/25/2024,3:45,384
3/25/2024,4:00,384
3/25/2024,4:15,384
3/25/2024,4:30,384
3/25/2024,4:45,392
3/25/2024,5:00,416
3/25/2024,5:15,408
3/25/2024,5:30,424
3/25/2024,5:45,424
3/25/2024,6:00,424
3/25/2024,6:15,424
3/25/2024,6:30,456
3/25/2024,6:45,456
3/25/2024,7:00,464
3/25/2024,7:15,464
3/25/2024,7:30,472
3/25/2024,7:45,488
3/25/2024,8:00,488
3/25/2024,8:15,480
3/25/2024,8:30,480
3/25/2024,8:45,480
3/25/2024,9:00,496
3/25/2024,9:15,504
3/25/2024,9:30,496
3/25/2024,9:45,504
3/25/2024,10:00,496
3/25/2024,10:15,512
3/25/2024,10:30,496
3/25/2024,10:45,496
3/25/2024,11:00,512
3/25/2024,11:15,512
3/25/2024,11:30,496
3/25/2024,11:45,528
3/25/2024,12:00,512
3/25/2024,12:15,496
3/25/2024,12:30,512
3/25/2024,12:45,520
3/25/2024,13:00,544
3/25/2024,13:15,544
3/25/2024,13:30,552
3/25/2024,13:45,552
3/25/2024,14:00,520
3/25/2024,14:15,520
3/25/2024,14:30,520
3/25/2024,14:45,512
3/25/2024,15:00,512
3/25/2024,15:15,512
3/25/2024,15:30,488
3/25/2024,15:45,488
3/25/2024,16:00,456
3/25/2024,16:15,456
3/25/2024,16:30,456
3/25/2024,16:45,440
3/25/2024,17:00,448
3/25/2024,17:15,440
3/25/2024,17:30,432
3/25/2024,17:45,400
3/25/2024,18:00,392
3/25/2024,18:15,392
3/25/2024,18:30,408
3/25/2024,18:45,408
3/25/2024,19:00,384
3/25/2024,19:15,392
3/25/2024,19:30,400
3/25/2024,19:45,392
3/25/2024,20:00,376
3/25/2024,20:15,376
3/25/2024,20:30,384
3/25/2024,20:45,384
3/25/2024,21:00,376
3/25/2024,21:15,376
3/25/2024,21:30,384
3/25/2024,21:45,384
3/25/2024,22:00,392
3/25/2024,22:15,368
3/25/2024,22:30,384
3/25/2024,22:45,376
3/25/2024,23:00,376
3/25/2024,23:15,368
3/25/2024,23:30,376
3/25/2024,23:45,376
3/26/2024,0:00,384
3/26/2024,0:15,384
3/26/2024,0:30,384
3/26/2024,0:45,368
3/26/2024,1:00,376
3/26/2024,1:15,376
3/26/2024,1:30,384
3/26/2024,1:45,368
3/26/2024,2:00,376
3/26/2024,2:15,368
3/26/2024,2:30,384
3/26/2024,2:45,368
3/26/2024,3:00,368
3/26/2024,3:15,368
3/26/2024,3:30,376
3/26/2024,3:45,376
3/26/2024,4:00,384
3/26/2024,4:15,376
3/26/2024,4:30,384
3/26/2024,4:45,400
3/26/2024,5:00,416
3/26/2024,5:15,408
3/26/2024,5:30,416
3/26/2024,5:45,408
3/26/2024,6:00,416
3/26/2024,6:15,440
3/26/2024,6:30,448
3/26/2024,6:45,448
3/26/2024,7:00,464
3/26/2024,7:15,456
3/26/2024,7:30,456
3/26/2024,7:45,472
3/26/2024,8:00,448
3/26/2024,8:15,472
3/26/2024,8:30,472
3/26/2024,8:45,480
3/26/2024,9:00,472
3/26/2024,9:15,472
3/26/2024,9:30,472
3/26/2024,9:45,480
3/26/2024,10:00,480
3/26/2024,10:15,472
3/26/2024,10:30,472
3/26/2024,10:45,472
3/26/2024,11:00,488
3/26/2024,11:15,496
3/26/2024,11:30,488
3/26/2024,11:45,464
3/26/2024,12:00,464
3/26/2024,12:15,496
3/26/2024,12:30,520
3/26/2024,12:45,520
3/26/2024,13:00,536
3/26/2024,13:15,536
3/26/2024,13:30,536
3/26/2024,13:45,552
3/26/2024,14:00,520
3/26/2024,14:15,536
3/26/2024,14:30,544
3/26/2024,14:45,528
3/26/2024,15:00,528
3/26/2024,15:15,512
3/26/2024,15:30,536
3/26/2024,15:45,512
3/26/2024,16:00,520
3/26/2024,16:15,488
3/26/2024,16:30,480
3/26/2024,16:45,480
3/26/2024,17:00,472
3/26/2024,17:15,432
3/26/2024,17:30,440
3/26/2024,17:45,408
3/26/2024,18:00,400
3/26/2024,18:15,400
3/26/2024,18:30,384
3/26/2024,18:45,408
3/26/2024,19:00,400
3/26/2024,19:15,408
3/26/2024,19:30,400
3/26/2024,19:45,392
3/26/2024,20:00,392
3/26/2024,20:15,392
3/26/2024,20:30,384
3/26/2024,20:45,376
3/26/2024,21:00,376
3/26/2024,21:15,384
3/26/2024,21:30,384
3/26/2024,21:45,384
3/26/2024,22:00,376
3/26/2024,22:15,376
3/26/2024,22:30,384
3/26/2024,22:45,384
3/26/2024,23:00,376
3/26/2024,23:15,384
3/26/2024,23:30,384
3/26/2024,23:45,384
3/27/2024,0:00,368
3/27/2024,0:15,368
3/27/2024,0:30,376
3/27/2024,0:45,376
3/27/2024,1:00,376
3/27/2024,1:15,376
3/27/2024,1:30,376
3/27/2024,1:45,376
3/27/2024,2:00,376
3/27/2024,2:15,368
3/27/2024,2:30,368
3/27/2024,2:45,360
3/27/2024,3:00,368
3/27/2024,3:15,368
3/27/2024,3:30,376
3/27/2024,3:45,360
3/27/2024,4:00,368
3/27/2024,4:15,376
3/27/2024,4:30,376
3/27/2024,4:45,392
3/27/2024,5:00,408
3/27/2024,5:15,400
3/27/2024,5:30,408
3/27/2024,5:45,408
3/27/2024,6:00,440
3/27/2024,6:15,456
3/27/2024,6:30,456
3/27/2024,6:45,456
3/27/2024,7:00,480
3/27/2024,7:15,488
3/27/2024,7:30,480
3/27/2024,7:45,488
3/27/2024,8:00,480
3/27/2024,8:15,472
3/27/2024,8:30,488
3/27/2024,8:45,480
3/27/2024,9:00,488
3/27/2024,9:15,496
3/27/2024,9:30,496
3/27/2024,9:45,504
3/27/2024,10:00,512
3/27/2024,10:15,512
3/27/2024,10:30,520
3/27/2024,10:45,512
3/27/2024,11:00,536
3/27/2024,11:15,536
3/27/2024,11:30,560
3/27/2024,11:45,552
3/27/2024,12:00,576
3/27/2024,12:15,552
3/27/2024,12:30,552
3/27/2024,12:45,536
3/27/2024,13:00,552
3/27/2024,13:15,520
3/27/2024,13:30,512
3/27/2024,13:45,496
3/27/2024,14:00,512
3/27/2024,14:15,480
3/27/2024,14:30,488
3/27/2024,14:45,480
3/27/2024,15:00,464
3/27/2024,15:15,464
3/27/2024,15:30,448
3/27/2024,15:45,440
3/27/2024,16:00,424
3/27/2024,16:15,424
3/27/2024,16:30,432
3/27/2024,16:45,408
3/27/2024,17:00,392
3/27/2024,17:15,384
3/27/2024,17:30,400
3/27/2024,17:45,392
3/27/2024,18:00,416
3/27/2024,18:15,392
3/27/2024,18:30,392
3/27/2024,18:45,400
3/27/2024,19:00,400
3/27/2024,19:15,392
3/27/2024,19:30,392
3/27/2024,19:45,392
3/27/2024,20:00,392
3/27/2024,20:15,392
3/27/2024,20:30,384
3/27/2024,20:45,376
3/27/2024,21:00,384
3/27/2024,21:15,384
3/27/2024,21:30,392
3/27/2024,21:45,384
3/27/2024,22:00,384
3/27/2024,22:15,384
3/27/2024,22:30,376
3/27/2024,22:45,384
3/27/2024,23:00,368
3/27/2024,23:15,376
3/27/2024,23:30,392
3/27/2024,23:45,392
3/28/2024,0:00,384
3/28/2024,0:15,376
3/28/2024,0:30,376
3/28/2024,0:45,384
3/28/2024,1:00,376
3/28/2024,1:15,384
3/28/2024,1:30,376
3/28/2024,1:45,376
3/28/2024,2:00,384
3/28/2024,2:15,368
3/28/2024,2:30,376
3/28/2024,2:45,376
3/28/2024,3:00,384
3/28/2024,3:15,384
3/28/2024,3:30,384
3/28/2024,3:45,376
3/28/2024,4:00,376
3/28/2024,4:15,384
3/28/2024,4:30,384
3/28/2024,4:45,392
3/28/2024,5:00,400
3/28/2024,5:15,400
3/28/2024,5:30,416
3/28/2024,5:45,408
3/28/2024,6:00,440
3/28/2024,6:15,432
3/28/2024,6:30,456
3/28/2024,6:45,464
3/28/2024,7:00,472
3/28/2024,7:15,464
3/28/2024,7:30,472
3/28/2024,7:45,464
3/28/2024,8:00,472
3/28/2024,8:15,480
3/28/2024,8:30,472
3/28/2024,8:45,488
3/28/2024,9:00,496
3/28/2024,9:15,488
3/28/2024,9:30,496
3/28/2024,9:45,480
3/28/2024,10:00,472
3/28/2024,10:15,472
3/28/2024,10:30,472
3/28/2024,10:45,480
3/28/2024,11:00,464
3/28/2024,11:15,496
3/28/2024,11:30,488
3/28/2024,11:45,488
3/28/2024,12:00,496
3/28/2024,12:15,496
3/28/2024,12:30,512
3/28/2024,12:45,536
3/28/2024,13:00,528
3/28/2024,13:15,528
3/28/2024,13:30,520
3/28/2024,13:45,536
3/28/2024,14:00,528
3/28/2024,14:15,528
3/28/2024,14:30,520
3/28/2024,14:45,496
3/28/2024,15:00,480
3/28/2024,15:15,464
3/28/2024,15:30,464
3/28/2024,15:45,456
3/28/2024,16:00,464
3/28/2024,16:15,464
3/28/2024,16:30,456
3/28/2024,16:45,440
3/28/2024,17:00,432
3/28/2024,17:15,424
3/28/2024,17:30,400
3/28/2024,17:45,408
3/28/2024,18:00,392
3/28/2024,18:15,384
3/28/2024,18:30,400
3/28/2024,18:45,408
3/28/2024,19:00,400
3/28/2024,19:15,400
3/28/2024,19:30,408
3/28/2024,19:45,400
3/28/2024,20:00,400
3/28/2024,20:15,376
3/28/2024,20:30,376
3/28/2024,20:45,384
3/28/2024,21:00,384
3/28/2024,21:15,376
3/28/2024,21:30,376
3/28/2024,21:45,376
3/28/2024,22:00,384
3/28/2024,22:15,376
3/28/2024,22:30,384
3/28/2024,22:45,368
3/28/2024,23:00,384
3/28/2024,23:15,376
3/28/2024,23:30,376
3/28/2024,23:45,376
3/29/2024,0:00,376
3/29/2024,0:15,368
3/29/2024,0:30,368
3/29/2024,0:45,368
3/29/2024,1:00,368
3/29/2024,1:15,368
3/29/2024,1:30,368
3/29/2024,1:45,376
3/29/2024,2:00,376
3/29/2024,2:15,360
3/29/2024,2:30,360
3/29/2024,2:45,368
3/29/2024,3:00,376
3/29/2024,3:15,368
3/29/2024,3:30,360
3/29/2024,3:45,368
3/29/2024,4:00,360
3/29/2024,4:15,368
3/29/2024,4:30,376
3/29/2024,4:45,384
3/29/2024,5:00,392
3/29/2024,5:15,400
3/29/2024,5:30,408
3/29/2024,5:45,400
3/29/2024,6:00,392
3/29/2024,6:15,416
3/29/2024,6:30,432
3/29/2024,6:45,448
3/29/2024,7:00,456
3/29/2024,7:15,448
3/29/2024,7:30,448
3/29/2024,7:45,456
3/29/2024,8:00,464
3/29/2024,8:15,456
3/29/2024,8:30,464
3/29/2024,8:45,448
3/29/2024,9:00,456
3/29/2024,9:15,456
3/29/2024,9:30,448
3/29/2024,9:45,448
3/29/2024,10:00,456
3/29/2024,10:15,464
3/29/2024,10:30,456
3/29/2024,10:45,480
3/29/2024,11:00,456
3/29/2024,11:15,432
3/29/2024,11:30,448
3/29/2024,11:45,448
3/29/2024,12:00,464
3/29/2024,12:15,456
3/29/2024,12:30,448
3/29/2024,12:45,448
3/29/2024,13:00,456
3/29/2024,13:15,448
3/29/2024,13:30,448
3/29/2024,13:45,440
3/29/2024,14:00,448
3/29/2024,14:15,448
3/29/2024,14:30,440
3/29/2024,14:45,432
3/29/2024,15:00,440
3/29/2024,15:15,448
3/29/2024,15:30,432
3/29/2024,15:45,440
3/29/2024,16:00,408
3/29/2024,16:15,416
3/29/2024,16:30,392
3/29/2024,16:45,392
3/29/2024,17:00,400
3/29/2024,17:15,376
3/29/2024,17:30,368
3/29/2024,17:45,376
3/29/2024,18:00,376
3/29/2024,18:15,368
3/29/2024,18:30,360
3/29/2024,18:45,376
3/29/2024,19:00,376
3/29/2024,19:15,384
3/29/2024,19:30,384
3/29/2024,19:45,368
3/29/2024,20:00,368
3/29/2024,20:15,368
3/29/2024,20:30,368
3/29/2024,20:45,352
3/29/2024,21:00,360
3/29/2024,21:15,368
3/29/2024,21:30,368
3/29/2024,21:45,368
3/29/2024,22:00,360
3/29/2024,22:15,360
3/29/2024,22:30,376
3/29/2024,22:45,368
3/29/2024,23:00,376
3/29/2024,23:15,360
3/29/2024,23:30,360
3/29/2024,23:45,368
3/30/2024,0:00,360
3/30/2024,0:15,368
3/30/2024,0:30,368
3/30/2024,0:45,360
3/30/2024,1:00,368
3/30/2024,1:15,360
3/30/2024,1:30,368
3/30/2024,1:45,360
3/30/2024,2:00,368
3/30/2024,2:15,368
3/30/2024,2:30,376
3/30/2024,2:45,368
3/30/2024,3:00,360
3/30/2024,3:15,360
3/30/2024,3:30,360
3/30/2024,3:45,368
3/30/2024,4:00,360
3/30/2024,4:15,360
3/30/2024,4:30,360
3/30/2024,4:45,368
3/30/2024,5:00,368
3/30/2024,5:15,360
3/30/2024,5:30,360
3/30/2024,5:45,352
3/30/2024,6:00,352
3/30/2024,6:15,368
3/30/2024,6:30,368
3/30/2024,6:45,360
3/30/2024,7:00,368
3/30/2024,7:15,344
3/30/2024,7:30,360
3/30/2024,7:45,360
3/30/2024,8:00,368
3/30/2024,8:15,360
3/30/2024,8:30,384
3/30/2024,8:45,392
3/30/2024,9:00,384
3/30/2024,9:15,384
3/30/2024,9:30,376
3/30/2024,9:45,384
3/30/2024,10:00,400
3/30/2024,10:15,400
3/30/2024,10:30,384
3/30/2024,10:45,400
3/30/2024,11:00,408
3/30/2024,11:15,400
3/30/2024,11:30,424
3/30/2024,11:45,432
3/30/2024,12:00,464
3/30/2024,12:15,448
3/30/2024,12:30,448
3/30/2024,12:45,440
3/30/2024,13:00,448
3/30/2024,13:15,432
3/30/2024,13:30,432
3/30/2024,13:45,448
3/30/2024,14:00,424
3/30/2024,14:15,408
3/30/2024,14:30,400
3/30/2024,14:45,400
3/30/2024,15:00,392
3/30/2024,15:15,400
3/30/2024,15:30,400
3/30/2024,15:45,384
3/30/2024,16:00,360
3/30/2024,16:15,360
3/30/2024,16:30,344
3/30/2024,16:45,352
3/30/2024,17:00,352
3/30/2024,17:15,360
3/30/2024,17:30,352
3/30/2024,17:45,352
3/30/2024,18:00,344
3/30/2024,18:15,352
3/30/2024,18:30,352
3/30/2024,18:45,360
3/30/2024,19:00,368
3/30/2024,19:15,368
3/30/2024,19:30,376
3/30/2024,19:45,368
3/30/2024,20:00,360
3/30/2024,20:15,360
3/30/2024,20:30,368
3/30/2024,20:45,368
3/30/2024,21:00,368
3/30/2024,21:15,360
3/30/2024,21:30,368
3/30/2024,21:45,360
3/30/2024,22:00,376
3/30/2024,22:15,360
3/30/2024,22:30,360
3/30/2024,22:45,368
3/30/2024,23:00,376
3/30/2024,23:15,376
3/30/2024,23:30,360
3/30/2024,23:45,360
3/31/2024,0:00,352
3/31/2024,0:15,368
3/31/2024,0:30,368
3/31/2024,0:45,368
3/31/2024,1:00,360
3/31/2024,1:15,360
3/31/2024,1:30,368
3/31/2024,1:45,368
3/31/2024,2:00,360
3/31/2024,2:15,360
3/31/2024,2:30,368
3/31/2024,2:45,376
3/31/2024,3:00,368
3/31/2024,3:15,360
3/31/2024,3:30,352
3/31/2024,3:45,360
3/31/2024,4:00,360
3/31/2024,4:15,368
3/31/2024,4:30,368
3/31/2024,4:45,360
3/31/2024,5:00,368
3/31/2024,5:15,360
3/31/2024,5:30,368
3/31/2024,5:45,360
3/31/2024,6:00,344
3/31/2024,6:15,344
3/31/2024,6:30,360
3/31/2024,6:45,360
3/31/2024,7:00,360
3/31/2024,7:15,352
3/31/2024,7:30,344
3/31/2024,7:45,352
3/31/2024,8:00,360
3/31/2024,8:15,368
3/31/2024,8:30,360
3/31/2024,8:45,344
3/31/2024,9:00,360
3/31/2024,9:15,384
3/31/2024,9:30,392
3/31/2024,9:45,392
3/31/2024,10:00,368
3/31/2024,10:15,384
3/31/2024,10:30,384
3/31/2024,10:45,392
3/31/2024,11:00,392
3/31/2024,11:15,392
3/31/2024,11:30,424
3/31/2024,11:45,424
3/31/2024,12:00,424
3/31/2024,12:15,432
3/31/2024,12:30,448
3/31/2024,12:45,456
3/31/2024,13:00,464
3/31/2024,13:15,424
3/31/2024,13:30,408
3/31/2024,13:45,448
3/31/2024,14:00,448
3/31/2024,14:15,456
3/31/2024,14:30,448
3/31/2024,14:45,448
3/31/2024,15:00,472
3/31/2024,15:15,440
3/31/2024,15:30,472
3/31/2024,15:45,424
3/31/2024,16:00,448
3/31/2024,16:15,440
3/31/2024,16:30,424
3/31/2024,16:45,424
3/31/2024,17:00,408
3/31/2024,17:15,384
3/31/2024,17:30,384
3/31/2024,17:45,384
3/31/2024,18:00,392
3/31/2024,18:15,376
3/31/2024,18:30,352
3/31/2024,18:45,376
3/31/2024,19:00,376
3/31/2024,19:15,368
3/31/2024,19:30,360
3/31/2024,19:45,368
3/31/2024,20:00,376
3/31/2024,20:15,368
3/31/2024,20:30,360
3/31/2024,20:45,368
3/31/2024,21:00,376
3/31/2024,21:15,368
3/31/2024,21:30,368
3/31/2024,21:45,368
3/31/2024,22:00,368
3/31/2024,22:15,376
3/31/2024,22:30,376
3/31/2024,22:45,368
3/31/2024,23:00,368
3/31/2024,23:15,368
3/31/2024,23:30,360
3/31/2024,23:45,376
