datetime_local,load_kW
1/1/2024 0:00,62.18956521
1/1/2024 0:15,68.88231543
1/1/2024 0:30,63.44859743
1/1/2024 0:45,72.62627967
1/1/2024 1:00,64.70762965
1/1/2024 1:15,70.53893678
1/1/2024 1:30,60.53294387
1/1/2024 1:45,63.87931898
1/1/2024 2:00,67.22569409
1/1/2024 2:15,60.10222232
1/1/2024 2:30,68.45159388
1/1/2024 2:45,71.797969
1/1/2024 3:00,60.96366542
1/1/2024 3:15,67.62328321
1/1/2024 3:30,60.10222232
1/1/2024 3:45,68.05400476
1/1/2024 4:00,62.62028676
1/1/2024 4:15,59.70463319
1/1/2024 4:30,68.45159388
1/1/2024 4:45,59.70463319
1/1/2024 5:00,60.96366542
1/1/2024 5:15,65.53594032
1/1/2024 5:30,61.36125454
1/1/2024 5:45,61.79197609
1/1/2024 6:00,65.53594032
1/1/2024 6:15,61.79197609
1/1/2024 6:30,60.10222232
1/1/2024 6:45,67.22569409
1/1/2024 7:00,60.96366542
1/1/2024 7:15,58.44560097
1/1/2024 7:30,65.53594032
1/1/2024 7:45,61.79197609
1/1/2024 8:00,58.87632252
1/1/2024 8:15,65.96666187
1/1/2024 8:30,66.79497254
1/1/2024 8:45,62.62028676
1/1/2024 9:00,68.88231543
1/1/2024 9:15,67.22569409
1/1/2024 9:30,82.23468346
1/1/2024 9:45,69.71062611
1/1/2024 10:00,83.49371568
1/1/2024 10:15,76.40337633
1/1/2024 10:30,97.67439437
1/1/2024 10:45,80.14734056
1/1/2024 11:00,92.67139792
1/1/2024 11:15,95.18946236
1/1/2024 11:30,96.01777303
1/1/2024 11:45,101.8490802
1/1/2024 12:00,98.93342659
1/1/2024 12:15,110.1984517
1/1/2024 12:30,100.6231804
1/1/2024 12:45,114.8038591
1/1/2024 13:00,100.6231804
1/1/2024 13:15,116.0628913
1/1/2024 13:30,108.5418304
1/1/2024 13:45,108.5418304
1/1/2024 14:00,115.6321697
1/1/2024 14:15,98.93342659
1/1/2024 14:30,118.1502342
1/1/2024 14:45,111.0598948
1/1/2024 15:00,108.5418304
1/1/2024 15:15,110.6291733
1/1/2024 15:30,105.6261768
1/1/2024 15:45,109.8008626
1/1/2024 16:00,103.1081124
1/1/2024 16:15,107.7135197
1/1/2024 16:30,104.7978661
1/1/2024 16:45,101.451491
1/1/2024 17:00,110.6291733
1/1/2024 17:15,95.18946236
1/1/2024 17:30,112.2857946
1/1/2024 17:45,90.58405502
1/1/2024 18:00,100.1924588
1/1/2024 18:15,96.44849458
1/1/2024 18:30,86.84009079
1/1/2024 18:45,94.36115169
1/1/2024 19:00,95.58705148
1/1/2024 19:15,83.06299413
1/1/2024 19:30,91.01477657
1/1/2024 19:45,76.80096545
1/1/2024 20:00,93.10211947
1/1/2024 20:15,73.05700122
1/1/2024 20:30,80.57806211
1/1/2024 20:45,71.797969
1/1/2024 21:00,86.01178012
1/1/2024 21:15,67.22569409
1/1/2024 21:30,83.06299413
1/1/2024 21:45,73.48772277
1/1/2024 22:00,64.2769081
1/1/2024 22:15,80.97565124
1/1/2024 22:30,60.10222232
1/1/2024 22:45,69.31303698
1/1/2024 23:00,72.22869055
1/1/2024 23:15,69.71062611
1/1/2024 23:30,60.10222232
1/1/2024 23:45,69.71062611
1/2/2024 0:00,70.53893678
1/2/2024 0:15,67.62328321
1/2/2024 0:30,60.53294387
1/2/2024 0:45,63.44859743
1/2/2024 1:00,66.36425099
1/2/2024 1:15,60.10222232
1/2/2024 1:30,62.18956521
1/2/2024 1:45,68.45159388
1/2/2024 2:00,60.53294387
1/2/2024 2:15,61.36125454
1/2/2024 2:30,63.44859743
1/2/2024 2:45,63.44859743
1/2/2024 3:00,60.96366542
1/2/2024 3:15,60.96366542
1/2/2024 3:30,65.96666187
1/2/2024 3:45,59.27391165
1/2/2024 4:00,61.36125454
1/2/2024 4:15,63.87931898
1/2/2024 4:30,60.96366542
1/2/2024 4:45,61.36125454
1/2/2024 5:00,68.45159388
1/2/2024 5:15,70.14134765
1/2/2024 5:30,184.9452067
1/2/2024 5:45,1484.929107
1/2/2024 6:00,1824.337688
1/2/2024 6:15,1834.774402
1/2/2024 6:30,1832.256338
1/2/2024 6:45,1810.98532
1/2/2024 7:00,2161.658925
1/2/2024 7:15,2300.251867
1/2/2024 7:30,2348.260753
1/2/2024 7:45,2420.887033
1/2/2024 8:00,2492.287413
1/2/2024 8:15,2509.814467
1/2/2024 8:30,2501.067506
1/2/2024 8:45,2779.0817
1/2/2024 9:00,2791.605757
1/2/2024 9:15,2848.792326
1/2/2024 9:30,2770.732328
1/2/2024 9:45,2762.813678
1/2/2024 10:00,2789.949136
1/2/2024 10:15,2890.539184
1/2/2024 10:30,2804.129815
1/2/2024 10:45,2829.608651
1/2/2024 11:00,2911.843334
1/2/2024 11:15,2934.373385
1/2/2024 11:30,2901.40662
1/2/2024 11:45,2860.090483
1/2/2024 12:00,2797.867786
1/2/2024 12:15,2698.934359
1/2/2024 12:30,2746.114935
1/2/2024 12:45,2854.656765
1/2/2024 13:00,2779.512421
1/2/2024 13:15,2834.611647
1/2/2024 13:30,2826.692997
1/2/2024 13:45,2766.988364
1/2/2024 14:00,2744.027592
1/2/2024 14:15,1243.228053
1/2/2024 14:30,1121.333855
1/2/2024 14:45,1109.207386
1/2/2024 15:00,1112.553761
1/2/2024 15:15,1113.382072
1/2/2024 15:30,758.964502
1/2/2024 15:45,576.5373597
1/2/2024 16:00,571.1036417
1/2/2024 16:15,574.0192953
1/2/2024 16:30,582.3686668
1/2/2024 16:45,639.5552356
1/2/2024 17:00,647.507018
1/2/2024 17:15,637.8986143
1/2/2024 17:30,637.4678927
1/2/2024 17:45,569.4138879
1/2/2024 18:00,564.841613
1/2/2024 18:15,565.2392022
1/2/2024 18:30,564.4108915
1/2/2024 18:45,609.5041244
1/2/2024 19:00,635.3805498
1/2/2024 19:15,636.2088605
1/2/2024 19:30,627.4618998
1/2/2024 19:45,604.8987171
1/2/2024 20:00,550.2302128
1/2/2024 20:15,601.9830635
1/2/2024 20:30,616.5944638
1/2/2024 20:45,622.8564925
1/2/2024 21:00,581.1096346
1/2/2024 21:15,564.841613
1/2/2024 21:30,626.2028676
1/2/2024 21:45,571.1036417
1/2/2024 22:00,544.3657732
1/2/2024 22:15,581.5403562
1/2/2024 22:30,618.6818067
1/2/2024 22:45,552.7151448
1/2/2024 23:00,534.7905019
1/2/2024 23:15,533.5314697
1/2/2024 23:30,330.2308985
1/2/2024 23:45,149.029656
1/3/2024 0:00,100.6231804
1/3/2024 0:15,108.1111088
1/3/2024 0:30,93.10211947
1/3/2024 0:45,105.1954553
1/3/2024 1:00,86.84009079
1/3/2024 1:15,91.01477657
1/3/2024 1:30,86.84009079
1/3/2024 1:45,85.15033702
1/3/2024 2:00,91.84308725
1/3/2024 2:15,77.231687
1/3/2024 2:30,86.01178012
1/3/2024 2:45,85.58105857
1/3/2024 3:00,80.97565124
1/3/2024 3:15,85.15033702
1/3/2024 3:30,75.14434411
1/3/2024 3:45,82.23468346
1/3/2024 4:00,83.49371568
1/3/2024 4:15,73.48772277
1/3/2024 4:30,81.40637279
1/3/2024 4:45,74.31603344
1/3/2024 5:00,127.758638
1/3/2024 5:15,205.8186356
1/3/2024 5:30,1145.520526
1/3/2024 5:45,1911.575367
1/3/2024 6:00,1950.406572
1/3/2024 6:15,2116.134971
1/3/2024 6:30,2458.061616
1/3/2024 6:45,2889.710873
1/3/2024 7:00,2807.47619
1/3/2024 7:15,2833.352615
1/3/2024 7:30,2966.544971
1/3/2024 7:45,2890.539184
1/3/2024 8:00,2750.289621
1/3/2024 8:15,2751.117932
1/3/2024 8:30,2729.416192
1/3/2024 8:45,2677.630209
1/3/2024 9:00,2722.723442
1/3/2024 9:15,2752.774553
1/3/2024 9:30,2723.551752
1/3/2024 9:45,2773.647982
1/3/2024 10:00,2851.741112
1/3/2024 10:15,2939.409513
1/3/2024 10:30,2951.933571
1/3/2024 10:45,2788.690104
1/3/2024 11:00,2890.969905
1/3/2024 11:15,2885.138598
1/3/2024 11:30,2808.735222
1/3/2024 11:45,2794.123822
1/3/2024 12:00,2688.066923
1/3/2024 12:15,2583.30219
1/3/2024 12:30,2606.262961
1/3/2024 12:45,2727.726438
1/3/2024 13:00,2780.340732
1/3/2024 13:15,2799.126818
1/3/2024 13:30,2257.245977
1/3/2024 13:45,1203.137816
1/3/2024 14:00,1119.644101
1/3/2024 14:15,1122.559754
1/3/2024 14:30,993.144495
1/3/2024 14:45,961.006041
1/3/2024 15:00,1100.029704
1/3/2024 15:15,974.358409
1/3/2024 15:30,677.5581292
1/3/2024 15:45,587.3716633
1/3/2024 16:00,576.5373597
1/3/2024 16:15,577.3656704
1/3/2024 16:30,621.1998711
1/3/2024 16:45,598.6366884
1/3/2024 17:00,650.4226716
1/3/2024 17:15,642.9016107
1/3/2024 17:30,606.1577493
1/3/2024 17:45,576.1066382
1/3/2024 18:00,575.6759166
1/3/2024 18:15,571.1036417
1/3/2024 18:30,573.1909846
1/3/2024 18:45,640.3835463
1/3/2024 19:00,645.4196752
1/3/2024 19:15,643.7299214
1/3/2024 19:30,651.2509823
1/3/2024 19:45,632.8956178
1/3/2024 20:00,576.9349488
1/3/2024 20:15,623.287214
1/3/2024 20:30,646.2479858
1/3/2024 20:45,632.0341747
1/3/2024 21:00,611.1607458
1/3/2024 21:15,615.3354316
1/3/2024 21:30,624.5462462
1/3/2024 21:45,601.1547529
1/3/2024 22:00,556.8898306
1/3/2024 22:15,580.281324
1/3/2024 22:30,597.8083778
1/3/2024 22:45,601.1547529
1/3/2024 23:00,523.0947552
1/3/2024 23:15,319.3634625
1/3/2024 23:30,216.2553501
1/3/2024 23:45,147.3730347
1/4/2024 0:00,116.4604804
1/4/2024 0:15,118.1502342
1/4/2024 0:30,113.5448268
1/4/2024 0:45,108.1111088
1/4/2024 1:00,131.0718806
1/4/2024 1:15,100.1924588
1/4/2024 1:30,107.7135197
1/4/2024 1:45,103.1081124
1/4/2024 2:00,105.6261768
1/4/2024 2:15,108.9725519
1/4/2024 2:30,85.15033702
1/4/2024 2:45,100.6231804
1/4/2024 3:00,88.92743368
1/4/2024 3:15,94.36115169
1/4/2024 3:30,81.83709433
1/4/2024 3:45,100.1924588
1/4/2024 4:00,91.01477657
1/4/2024 4:15,78.49071922
1/4/2024 4:30,85.15033702
1/4/2024 4:45,78.49071922
1/4/2024 5:00,113.9755484
1/4/2024 5:15,640.3835463
1/4/2024 5:30,958.5211089
1/4/2024 5:45,1882.783289
1/4/2024 6:00,1912.8344
1/4/2024 6:15,1878.177881
1/4/2024 6:30,2378.311865
1/4/2024 6:45,2719.807788
1/4/2024 7:00,2664.277841
1/4/2024 7:15,2703.109045
1/4/2024 7:30,2745.286624
1/4/2024 7:45,2773.647982
1/4/2024 8:00,2794.521411
1/4/2024 8:15,2825.433965
1/4/2024 8:30,2837.129712
1/4/2024 8:45,2817.482183
1/4/2024 9:00,1934.13855
1/4/2024 9:15,1811.382909
1/4/2024 9:30,2671.36818
1/4/2024 9:45,2784.515418
1/4/2024 10:00,2841.701987
1/4/2024 10:15,2819.171936
1/4/2024 10:30,2736.937253
1/4/2024 10:45,2802.473193
1/4/2024 11:00,2808.735222
1/4/2024 11:15,2752.774553
1/4/2024 11:30,2781.997353
1/4/2024 11:45,2628.793012
1/4/2024 12:00,2592.910593
1/4/2024 12:15,2615.871365
1/4/2024 12:30,2545.730017
1/4/2024 12:45,2629.223733
1/4/2024 13:00,2744.855903
1/4/2024 13:15,2714.804792
1/4/2024 13:30,2615.440644
1/4/2024 13:45,2739.422185
1/4/2024 14:00,1718.711511
1/4/2024 14:15,1142.207283
1/4/2024 14:30,1067.89125
1/4/2024 14:45,832.0215032
1/4/2024 15:00,731.3983228
1/4/2024 15:15,667.5190039
1/4/2024 15:30,627.8594889
1/4/2024 15:45,571.5012308
1/4/2024 16:00,592.3746598
1/4/2024 16:15,627.8594889
1/4/2024 16:30,623.287214
1/4/2024 16:45,611.1607458
1/4/2024 17:00,576.1066382
1/4/2024 17:15,592.3746598
1/4/2024 17:30,578.1939811
1/4/2024 17:45,549.7994912
1/4/2024 18:00,546.055527
1/4/2024 18:15,551.489245
1/4/2024 18:30,583.6276991
1/4/2024 18:45,589.8897277
1/4/2024 19:00,597.8083778
1/4/2024 19:15,594.8927242
1/4/2024 19:30,561.0645164
1/4/2024 19:45,544.7964948
1/4/2024 20:00,523.9230659
1/4/2024 20:15,551.489245
1/4/2024 20:30,586.1126311
1/4/2024 20:45,584.0252882
1/4/2024 21:00,571.5012308
1/4/2024 21:15,554.4048986
1/4/2024 21:30,555.6639308
1/4/2024 21:45,546.8838377
1/4/2024 22:00,513.4863514
1/4/2024 22:15,526.0104088
1/4/2024 22:30,549.4019021
1/4/2024 22:45,558.5795844
1/4/2024 23:00,553.1458664
1/4/2024 23:15,382.4144708
1/4/2024 23:30,113.9755484
1/4/2024 23:45,93.93043014
1/5/2024 0:00,74.71362256
1/5/2024 0:15,78.49071922
1/5/2024 0:30,79.74975144
1/5/2024 0:45,73.05700122
1/5/2024 1:00,78.49071922
1/5/2024 1:15,70.96965833
1/5/2024 1:30,83.06299413
1/5/2024 1:45,72.22869055
1/5/2024 2:00,70.53893678
1/5/2024 2:15,72.62627967
1/5/2024 2:30,71.40037987
1/5/2024 2:45,70.53893678
1/5/2024 3:00,71.797969
1/5/2024 3:15,70.96965833
1/5/2024 3:30,77.231687
1/5/2024 3:45,70.96965833
1/5/2024 4:00,72.22869055
1/5/2024 4:15,70.14134765
1/5/2024 4:30,70.53893678
1/5/2024 4:45,70.14134765
1/5/2024 5:00,191.6048245
1/5/2024 5:15,1507.49229
1/5/2024 5:30,1802.205226
1/5/2024 5:45,1872.777296
1/5/2024 6:00,1864.427924
1/5/2024 6:15,1868.171888
1/5/2024 6:30,2235.544237
1/5/2024 6:45,2612.922579
1/5/2024 7:00,2638.401415
1/5/2024 7:15,2644.663444
1/5/2024 7:30,2628.793012
1/5/2024 7:45,2612.52499
1/5/2024 8:00,2638.832137
1/5/2024 8:15,2630.880355
1/5/2024 8:30,2642.576101
1/5/2024 8:45,2612.922579
1/5/2024 9:00,2566.172725
1/5/2024 9:15,2661.362187
1/5/2024 9:30,2581.214847
1/5/2024 9:45,2632.967697
1/5/2024 10:00,2667.624216
1/5/2024 10:15,2658.844123
1/5/2024 10:30,2595.395525
1/5/2024 10:45,2666.795905
1/5/2024 11:00,2661.362187
1/5/2024 11:15,2660.931466
1/5/2024 11:30,2649.268851
1/5/2024 11:45,2656.75678
1/5/2024 12:00,2621.702672
1/5/2024 12:15,2592.479872
1/5/2024 12:30,2569.5191
1/5/2024 12:45,1295.411625
1/5/2024 13:00,1195.219166
1/5/2024 13:15,1084.159272
1/5/2024 13:30,732.6573551
1/5/2024 13:45,710.5248939
1/5/2024 14:00,669.2087576
1/5/2024 14:15,606.98606
1/5/2024 14:30,588.6306955
1/5/2024 14:45,595.7210349
1/5/2024 15:00,656.2539787
1/5/2024 15:15,605.7601602
1/5/2024 15:30,645.4196752
1/5/2024 15:45,576.9349488
1/5/2024 16:00,576.1066382
1/5/2024 16:15,580.281324
1/5/2024 16:30,635.3805498
1/5/2024 16:45,628.720932
1/5/2024 17:00,617.0251853
1/5/2024 17:15,624.1155247
1/5/2024 17:30,578.6247026
1/5/2024 17:45,555.6639308
1/5/2024 18:00,543.5374626
1/5/2024 18:15,540.621809
1/5/2024 18:30,588.199974
1/5/2024 18:45,614.5071209
1/5/2024 19:00,613.2480887
1/5/2024 19:15,606.5884709
1/5/2024 19:30,578.6247026
1/5/2024 19:45,536.8778448
1/5/2024 20:00,527.269441
1/5/2024 20:15,580.7120455
1/5/2024 20:30,564.4108915
1/5/2024 20:45,617.0251853
1/5/2024 21:00,564.841613
1/5/2024 21:15,604.0704064
1/5/2024 21:30,597.8083778
1/5/2024 21:45,529.754373
1/5/2024 22:00,524.7513765
1/5/2024 22:15,571.9319524
1/5/2024 22:30,574.4500168
1/5/2024 22:45,576.9349488
1/5/2024 23:00,519.7483801
1/5/2024 23:15,434.9956322
1/5/2024 23:30,183.6861745
1/5/2024 23:45,96.8460837
1/6/2024 0:00,83.49371568
1/6/2024 0:15,78.05999767
1/6/2024 0:30,78.05999767
1/6/2024 0:45,77.66240855
1/6/2024 1:00,79.31902989
1/6/2024 1:15,78.05999767
1/6/2024 1:30,78.88830834
1/6/2024 1:45,79.74975144
1/6/2024 2:00,78.88830834
1/6/2024 2:15,83.06299413
1/6/2024 2:30,78.88830834
1/6/2024 2:45,79.74975144
1/6/2024 3:00,78.05999767
1/6/2024 3:15,89.75574435
1/6/2024 3:30,78.05999767
1/6/2024 3:45,78.88830834
1/6/2024 4:00,77.66240855
1/6/2024 4:15,77.66240855
1/6/2024 4:30,79.31902989
1/6/2024 4:45,91.01477657
1/6/2024 5:00,242.562497
1/6/2024 5:15,1159.303616
1/6/2024 5:30,1861.479138
1/6/2024 5:45,1891.563382
1/6/2024 6:00,1896.566378
1/6/2024 6:15,1926.617489
1/6/2024 6:30,2164.143857
1/6/2024 6:45,2446.796591
1/6/2024 7:00,1867.741167
1/6/2024 7:15,929.6958976
1/6/2024 7:30,831.5907817
1/6/2024 7:45,1097.11405
1/6/2024 8:00,2359.128189
1/6/2024 8:15,2121.99941
1/6/2024 8:30,1129.683226
1/6/2024 8:45,1097.51164
1/6/2024 9:00,1224.839556
1/6/2024 9:15,2070.644149
1/6/2024 9:30,1061.1985
1/6/2024 9:45,1097.51164
1/6/2024 10:00,1038.237728
1/6/2024 10:15,956.0030445
1/6/2024 10:30,919.6899047
1/6/2024 10:45,856.6388964
1/6/2024 11:00,985.225845
1/6/2024 11:15,966.0090374
1/6/2024 11:30,953.9157016
1/6/2024 11:45,832.4190923
1/6/2024 12:00,582.3686668
1/6/2024 12:15,573.1909846
1/6/2024 12:30,638.7269249
1/6/2024 12:45,647.507018
1/6/2024 13:00,647.0762965
1/6/2024 13:15,594.8927242
1/6/2024 13:30,628.720932
1/6/2024 13:45,626.6335891
1/6/2024 14:00,549.4019021
1/6/2024 14:15,521.4050014
1/6/2024 14:30,519.7483801
1/6/2024 14:45,556.4922415
1/6/2024 15:00,574.847606
1/6/2024 15:15,568.5855773
1/6/2024 15:30,525.1820981
1/6/2024 15:45,501.3930156
1/6/2024 16:00,503.8779476
1/6/2024 16:15,508.0526334
1/6/2024 16:30,284.706944
1/6/2024 16:45,132.7616344
1/6/2024 17:00,134.0206666
1/6/2024 17:15,136.5055986
1/6/2024 17:30,136.1080095
1/6/2024 17:45,136.1080095
1/6/2024 18:00,135.677288
1/6/2024 18:15,134.4182558
1/6/2024 18:30,110.1984517
1/6/2024 18:45,114.8038591
1/6/2024 19:00,116.8912019
1/6/2024 19:15,116.0628913
1/6/2024 19:30,116.8912019
1/6/2024 19:45,114.8038591
1/6/2024 20:00,118.5478233
1/6/2024 20:15,116.0628913
1/6/2024 20:30,116.0628913
1/6/2024 20:45,116.4604804
1/6/2024 21:00,116.0628913
1/6/2024 21:15,115.2345806
1/6/2024 21:30,119.4092664
1/6/2024 21:45,116.8912019
1/6/2024 22:00,115.6321697
1/6/2024 22:15,122.32492
1/6/2024 22:30,113.9755484
1/6/2024 22:45,118.9785448
1/6/2024 23:00,98.10511592
1/6/2024 23:15,62.62028676
1/6/2024 23:30,60.53294387
1/6/2024 23:45,52.61429385
1/7/2024 0:00,46.74985429
1/7/2024 0:15,44.6625114
1/7/2024 0:30,44.6625114
1/7/2024 0:45,44.26492228
1/7/2024 1:00,45.49082207
1/7/2024 1:15,43.83420073
1/7/2024 1:30,43.83420073
1/7/2024 1:45,45.92154362
1/7/2024 2:00,44.26492228
1/7/2024 2:15,45.09323295
1/7/2024 2:30,43.83420073
1/7/2024 2:45,45.92154362
1/7/2024 3:00,44.26492228
1/7/2024 3:15,43.83420073
1/7/2024 3:30,43.83420073
1/7/2024 3:45,45.49082207
1/7/2024 4:00,44.26492228
1/7/2024 4:15,43.83420073
1/7/2024 4:30,45.49082207
1/7/2024 4:45,44.6625114
1/7/2024 5:00,44.26492228
1/7/2024 5:15,44.6625114
1/7/2024 5:30,49.66550786
1/7/2024 5:45,45.09323295
1/7/2024 6:00,43.83420073
1/7/2024 6:15,55.92753653
1/7/2024 6:30,45.92154362
1/7/2024 6:45,44.26492228
1/7/2024 7:00,43.40347918
1/7/2024 7:15,43.83420073
1/7/2024 7:30,44.26492228
1/7/2024 7:45,43.00589006
1/7/2024 8:00,54.27091519
1/7/2024 8:15,45.09323295
1/7/2024 8:30,42.17757939
1/7/2024 8:45,41.74685784
1/7/2024 9:00,42.57516851
1/7/2024 9:15,47.18057584
1/7/2024 9:30,49.26791874
1/7/2024 9:45,40.91854717
1/7/2024 10:00,51.75285075
1/7/2024 10:15,42.17757939
1/7/2024 10:30,40.91854717
1/7/2024 10:45,41.31613629
1/7/2024 11:00,40.91854717
1/7/2024 11:15,43.40347918
1/7/2024 11:30,40.48782562
1/7/2024 11:45,40.48782562
1/7/2024 12:00,42.17757939
1/7/2024 12:15,40.91854717
1/7/2024 12:30,40.0902365
1/7/2024 12:45,40.48782562
1/7/2024 13:00,42.57516851
1/7/2024 13:15,45.92154362
1/7/2024 13:30,40.48782562
1/7/2024 13:45,41.74685784
1/7/2024 14:00,42.17757939
1/7/2024 14:15,40.91854717
1/7/2024 14:30,40.0902365
1/7/2024 14:45,43.40347918
1/7/2024 15:00,40.91854717
1/7/2024 15:15,40.91854717
1/7/2024 15:30,40.91854717
1/7/2024 15:45,42.57516851
1/7/2024 16:00,40.48782562
1/7/2024 16:15,40.48782562
1/7/2024 16:30,41.74685784
1/7/2024 16:45,41.74685784
1/7/2024 17:00,40.91854717
1/7/2024 17:15,40.48782562
1/7/2024 17:30,42.17757939
1/7/2024 17:45,40.0902365
1/7/2024 18:00,42.17757939
1/7/2024 18:15,40.91854717
1/7/2024 18:30,42.17757939
1/7/2024 18:45,41.31613629
1/7/2024 19:00,42.17757939
1/7/2024 19:15,42.57516851
1/7/2024 19:30,43.83420073
1/7/2024 19:45,42.57516851
1/7/2024 20:00,42.57516851
1/7/2024 20:15,42.57516851
1/7/2024 20:30,44.26492228
1/7/2024 20:45,42.57516851
1/7/2024 21:00,43.40347918
1/7/2024 21:15,45.49082207
1/7/2024 21:30,42.57516851
1/7/2024 21:45,42.57516851
1/7/2024 22:00,42.57516851
1/7/2024 22:15,43.83420073
1/7/2024 22:30,47.18057584
1/7/2024 22:45,42.57516851
1/7/2024 23:00,43.83420073
1/7/2024 23:15,43.40347918
1/7/2024 23:30,42.57516851
1/7/2024 23:45,43.00589006
1/8/2024 0:00,44.26492228
1/8/2024 0:15,42.57516851
1/8/2024 0:30,43.83420073
1/8/2024 0:45,42.17757939
1/8/2024 1:00,43.83420073
1/8/2024 1:15,42.17757939
1/8/2024 1:30,42.57516851
1/8/2024 1:45,42.57516851
1/8/2024 2:00,43.83420073
1/8/2024 2:15,42.57516851
1/8/2024 2:30,42.57516851
1/8/2024 2:45,43.40347918
1/8/2024 3:00,43.83420073
1/8/2024 3:15,42.57516851
1/8/2024 3:30,43.00589006
1/8/2024 3:45,45.09323295
1/8/2024 4:00,42.57516851
1/8/2024 4:15,42.17757939
1/8/2024 4:30,42.17757939
1/8/2024 4:45,44.6625114
1/8/2024 5:00,42.17757939
1/8/2024 5:15,42.57516851
1/8/2024 5:30,43.83420073
1/8/2024 5:45,42.57516851
1/8/2024 6:00,48.00888651
1/8/2024 6:15,42.57516851
1/8/2024 6:30,43.83420073
1/8/2024 6:45,54.27091519
1/8/2024 7:00,42.17757939
1/8/2024 7:15,43.00589006
1/8/2024 7:30,43.00589006
1/8/2024 7:45,40.91854717
1/8/2024 8:00,40.91854717
1/8/2024 8:15,40.48782562
1/8/2024 8:30,42.17757939
1/8/2024 8:45,40.91854717
1/8/2024 9:00,40.91854717
1/8/2024 9:15,41.31613629
1/8/2024 9:30,40.91854717
1/8/2024 9:45,40.91854717
1/8/2024 10:00,41.31613629
1/8/2024 10:15,42.57516851
1/8/2024 10:30,40.48782562
1/8/2024 10:45,40.48782562
1/8/2024 11:00,39.65951495
1/8/2024 11:15,42.17757939
1/8/2024 11:30,40.0902365
1/8/2024 11:45,40.48782562
1/8/2024 12:00,40.0902365
1/8/2024 12:15,42.17757939
1/8/2024 12:30,40.0902365
1/8/2024 12:45,40.0902365
1/8/2024 13:00,40.48782562
1/8/2024 13:15,40.91854717
1/8/2024 13:30,41.31613629
1/8/2024 13:45,39.65951495
1/8/2024 14:00,41.74685784
1/8/2024 14:15,39.65951495
1/8/2024 14:30,40.0902365
1/8/2024 14:45,40.91854717
1/8/2024 15:00,43.00589006
1/8/2024 15:15,40.48782562
1/8/2024 15:30,47.57816497
1/8/2024 15:45,40.48782562
1/8/2024 16:00,41.74685784
1/8/2024 16:15,39.65951495
1/8/2024 16:30,40.48782562
1/8/2024 16:45,41.74685784
1/8/2024 17:00,40.48782562
1/8/2024 17:15,41.31613629
1/8/2024 17:30,39.65951495
1/8/2024 17:45,42.17757939
1/8/2024 18:00,39.65951495
1/8/2024 18:15,40.48782562
1/8/2024 18:30,40.91854717
1/8/2024 18:45,47.18057584
1/8/2024 19:00,42.17757939
1/8/2024 19:15,42.17757939
1/8/2024 19:30,43.40347918
1/8/2024 19:45,42.57516851
1/8/2024 20:00,42.17757939
1/8/2024 20:15,42.57516851
1/8/2024 20:30,43.83420073
1/8/2024 20:45,43.83420073
1/8/2024 21:00,42.17757939
1/8/2024 21:15,43.00589006
1/8/2024 21:30,43.83420073
1/8/2024 21:45,42.17757939
1/8/2024 22:00,42.17757939
1/8/2024 22:15,43.83420073
1/8/2024 22:30,41.74685784
1/8/2024 22:45,43.00589006
1/8/2024 23:00,42.57516851
1/8/2024 23:15,43.83420073
1/8/2024 23:30,42.17757939
1/8/2024 23:45,42.17757939
1/9/2024 0:00,44.26492228
1/9/2024 0:15,43.40347918
1/9/2024 0:30,43.00589006
1/9/2024 0:45,42.17757939
1/9/2024 1:00,43.83420073
1/9/2024 1:15,42.57516851
1/9/2024 1:30,42.17757939
1/9/2024 1:45,47.18057584
1/9/2024 2:00,43.83420073
1/9/2024 2:15,42.17757939
1/9/2024 2:30,41.74685784
1/9/2024 2:45,42.17757939
1/9/2024 3:00,43.40347918
1/9/2024 3:15,43.40347918
1/9/2024 3:30,42.17757939
1/9/2024 3:45,43.83420073
1/9/2024 4:00,41.74685784
1/9/2024 4:15,41.74685784
1/9/2024 4:30,42.57516851
1/9/2024 4:45,44.26492228
1/9/2024 5:00,58.44560097
1/9/2024 5:15,104.7978661
1/9/2024 5:30,105.1954553
1/9/2024 5:45,165.33081
1/9/2024 6:00,176.9934243
1/9/2024 6:15,181.16811
1/9/2024 6:30,182.0295531
1/9/2024 6:45,315.1887767
1/9/2024 7:00,500.5315725
1/9/2024 7:15,544.3657732
1/9/2024 7:30,616.1968747
1/9/2024 7:45,692.1695295
1/9/2024 8:00,1290.408629
1/9/2024 8:15,2225.538244
1/9/2024 8:30,2233.026173
1/9/2024 8:45,2223.848491
1/9/2024 9:00,2292.333217
1/9/2024 9:15,2696.018706
1/9/2024 9:30,2650.097162
1/9/2024 9:45,2633.398419
1/9/2024 10:00,2691.015709
1/9/2024 10:15,2629.621322
1/9/2024 10:30,2073.559802
1/9/2024 10:45,2637.970694
1/9/2024 11:00,2638.401415
1/9/2024 11:15,2611.696679
1/9/2024 11:30,2560.341418
1/9/2024 11:45,2636.314073
1/9/2024 12:00,2547.81736
1/9/2024 12:15,2555.73601
1/9/2024 12:30,2586.648565
1/9/2024 12:45,2587.874464
1/9/2024 13:00,2704.368077
1/9/2024 13:15,2678.06093
1/9/2024 13:30,2630.880355
1/9/2024 13:45,2595.826247
1/9/2024 14:00,1645.25692
1/9/2024 14:15,1102.945358
1/9/2024 14:30,1021.141396
1/9/2024 14:45,923.4338689
1/9/2024 15:00,725.5670157
1/9/2024 15:15,685.0791901
1/9/2024 15:30,655.4256681
1/9/2024 15:45,559.8386166
1/9/2024 16:00,509.3116656
1/9/2024 16:15,523.4923443
1/9/2024 16:30,528.0977517
1/9/2024 16:45,584.8867313
1/9/2024 17:00,588.6306955
1/9/2024 17:15,589.8897277
1/9/2024 17:30,510.1399763
1/9/2024 17:45,505.9652905
1/9/2024 18:00,505.1369798
1/9/2024 18:15,518.9200694
1/9/2024 18:30,559.8386166
1/9/2024 18:45,579.0222917
1/9/2024 19:00,586.5433526
1/9/2024 19:15,593.2361029
1/9/2024 19:30,583.1969775
1/9/2024 19:45,574.4500168
1/9/2024 20:00,510.1399763
1/9/2024 20:15,555.6639308
1/9/2024 20:30,584.4560097
1/9/2024 20:45,571.1036417
1/9/2024 21:00,576.5373597
1/9/2024 21:15,540.621809
1/9/2024 21:30,580.281324
1/9/2024 21:45,519.3176585
1/9/2024 22:00,507.6550443
1/9/2024 22:15,505.9652905
1/9/2024 22:30,556.4922415
1/9/2024 22:45,559.407895
1/9/2024 23:00,560.2362057
1/9/2024 23:15,563.1518593
1/9/2024 23:30,160.7254027
1/9/2024 23:45,70.96965833
1/10/2024 0:00,60.53294387
1/10/2024 0:15,72.22869055
1/10/2024 0:30,58.01487943
1/10/2024 0:45,58.87632252
1/10/2024 1:00,61.36125454
1/10/2024 1:15,76.80096545
1/10/2024 1:30,59.70463319
1/10/2024 1:45,58.01487943
1/10/2024 2:00,58.87632252
1/10/2024 2:15,67.22569409
1/10/2024 2:30,65.1383512
1/10/2024 2:45,69.71062611
1/10/2024 3:00,59.27391165
1/10/2024 3:15,61.36125454
1/10/2024 3:30,69.31303698
1/10/2024 3:45,58.44560097
1/10/2024 4:00,59.27391165
1/10/2024 4:15,58.87632252
1/10/2024 4:30,83.49371568
1/10/2024 4:45,65.53594032
1/10/2024 5:00,84.32202635
1/10/2024 5:15,310.5833693
1/10/2024 5:30,1716.226579
1/10/2024 5:45,1961.671597
1/10/2024 6:00,1969.192658
1/10/2024 6:15,1954.183668
1/10/2024 6:30,2250.983948
1/10/2024 6:45,2587.874464
1/10/2024 7:00,2811.650875
1/10/2024 7:15,2829.177929
1/10/2024 7:30,2887.62353
1/10/2024 7:45,2904.322273
1/10/2024 8:00,2797.039475
1/10/2024 8:15,2811.220154
1/10/2024 8:30,2825.433965
1/10/2024 8:45,2755.723339
1/10/2024 9:00,2798.298507
1/10/2024 9:15,2781.599764
1/10/2024 9:30,2755.723339
1/10/2024 9:45,2822.518311
1/10/2024 10:00,2890.141595
1/10/2024 10:15,2825.831554
1/10/2024 10:30,2816.653872
1/10/2024 10:45,2771.16305
1/10/2024 11:00,2663.018809
1/10/2024 11:15,2736.07581
1/10/2024 11:30,2655.53088
1/10/2024 11:45,2663.44953
1/10/2024 12:00,2649.268851
1/10/2024 12:15,2552.389635
1/10/2024 12:30,2612.094268
1/10/2024 12:45,2541.12461
1/10/2024 13:00,2474.329638
1/10/2024 13:15,2607.919583
1/10/2024 13:30,2615.871365
1/10/2024 13:45,2465.980266
1/10/2024 14:00,1330.465733
1/10/2024 14:15,1031.57811
1/10/2024 14:30,1116.728447
1/10/2024 14:45,930.5242083
1/10/2024 15:00,895.4701006
1/10/2024 15:15,635.3805498
1/10/2024 15:30,637.4678927
1/10/2024 15:45,537.7061554
1/10/2024 16:00,518.4893479
1/10/2024 16:15,512.6580407
1/10/2024 16:30,487.609926
1/10/2024 16:45,559.407895
1/10/2024 17:00,547.7121484
1/10/2024 17:15,548.1428699
1/10/2024 17:30,510.1399763
1/10/2024 17:45,475.0858687
1/10/2024 18:00,474.6551471
1/10/2024 18:15,475.0858687
1/10/2024 18:30,525.5796872
1/10/2024 18:45,546.8838377
1/10/2024 19:00,548.9711806
1/10/2024 19:15,551.8868341
1/10/2024 19:30,536.0164017
1/10/2024 19:45,479.6581436
1/10/2024 20:00,485.9201723
1/10/2024 20:15,513.0556299
1/10/2024 20:30,556.4922415
1/10/2024 20:45,553.5765879
1/10/2024 21:00,551.0585235
1/10/2024 21:15,537.2754339
1/10/2024 21:30,538.1037446
1/10/2024 21:45,487.609926
1/10/2024 22:00,474.6551471
1/10/2024 22:15,507.6550443
1/10/2024 22:30,547.3145592
1/10/2024 22:45,491.7846118
1/10/2024 23:00,477.5708007
1/10/2024 23:15,402.8571781
1/10/2024 23:30,117.7195126
1/10/2024 23:45,57.6172903
1/11/2024 0:00,48.43960806
1/11/2024 0:15,48.83719719
1/11/2024 0:30,50.09622941
1/11/2024 0:45,49.26791874
1/11/2024 1:00,48.43960806
1/11/2024 1:15,51.35526163
1/11/2024 1:30,54.70163674
1/11/2024 1:45,48.43960806
1/11/2024 2:00,50.09622941
1/11/2024 2:15,51.35526163
1/11/2024 2:30,47.57816497
1/11/2024 2:45,58.01487943
1/11/2024 3:00,52.61429385
1/11/2024 3:15,49.66550786
1/11/2024 3:30,48.83719719
1/11/2024 3:45,48.00888651
1/11/2024 4:00,48.43960806
1/11/2024 4:15,50.92454008
1/11/2024 4:30,47.18057584
1/11/2024 4:45,54.70163674
1/11/2024 5:00,97.27680525
1/11/2024 5:15,151.1169989
1/11/2024 5:30,359.453699
1/11/2024 5:45,357.3663561
1/11/2024 6:00,384.5018137
1/11/2024 6:15,405.7728317
1/11/2024 6:30,1452.359931
1/11/2024 6:45,1897.394689
1/11/2024 7:00,2219.673805
1/11/2024 7:15,2508.986156
1/11/2024 7:30,2651.356194
1/11/2024 7:45,2558.254075
1/11/2024 8:00,2602.485865
1/11/2024 8:15,2667.193494
1/11/2024 8:30,2645.094166
1/11/2024 8:45,2545.730017
1/11/2024 9:00,2546.98905
1/11/2024 9:15,2614.612333
1/11/2024 9:30,2533.20596
1/11/2024 9:45,2480.591666
1/11/2024 10:00,2539.865578
1/11/2024 10:15,2501.895817
1/11/2024 10:30,2577.868472
1/11/2024 10:45,2685.15127
1/11/2024 11:00,2617.527986
1/11/2024 11:15,2546.127607
1/11/2024 11:30,2516.076495
1/11/2024 11:45,2625.446637
1/11/2024 12:00,2570.347411
1/11/2024 12:15,2443.019494
1/11/2024 12:30,2537.380646
1/11/2024 12:45,2548.21495
1/11/2024 13:00,1208.140813
1/11/2024 13:15,999.0089346
1/11/2024 13:30,1100.460426
1/11/2024 13:45,932.6115511
1/11/2024 14:00,945.56633
1/11/2024 14:15,943.0482656
1/11/2024 14:30,576.1066382
1/11/2024 14:45,494.7002654
1/11/2024 15:00,239.613711
1/11/2024 15:15,165.33081
1/11/2024 15:30,133.1592235
1/11/2024 15:45,105.6261768
1/11/2024 16:00,91.01477657
1/11/2024 16:15,94.36115169
1/11/2024 16:30,96.01777303
1/11/2024 16:45,91.84308725
1/11/2024 17:00,92.67139792
1/11/2024 17:15,93.93043014
1/11/2024 17:30,93.49970859
1/11/2024 17:45,93.49970859
1/11/2024 18:00,95.18946236
1/11/2024 18:15,93.49970859
1/11/2024 18:30,92.67139792
1/11/2024 18:45,98.93342659
1/11/2024 19:00,97.27680525
1/11/2024 19:15,96.01777303
1/11/2024 19:30,92.27380879
1/11/2024 19:45,109.3701411
1/11/2024 20:00,95.18946236
1/11/2024 20:15,91.84308725
1/11/2024 20:30,96.44849458
1/11/2024 20:45,95.58705148
1/11/2024 21:00,91.4123657
1/11/2024 21:15,96.8460837
1/11/2024 21:30,92.67139792
1/11/2024 21:45,89.3250228
1/11/2024 22:00,105.1954553
1/11/2024 22:15,95.18946236
1/11/2024 22:30,91.01477657
1/11/2024 22:45,91.4123657
1/11/2024 23:00,95.58705148
1/11/2024 23:15,93.49970859
1/11/2024 23:30,79.31902989
1/11/2024 23:45,46.35226517
1/12/2024 0:00,42.57516851
1/12/2024 0:15,38.83120428
1/12/2024 0:30,38.0028936
1/12/2024 0:45,57.18656875
1/12/2024 1:00,38.40048273
1/12/2024 1:15,43.40347918
1/12/2024 1:30,40.91854717
1/12/2024 1:45,42.57516851
1/12/2024 2:00,44.26492228
1/12/2024 2:15,44.6625114
1/12/2024 2:30,39.65951495
1/12/2024 2:45,41.31613629
1/12/2024 3:00,39.65951495
1/12/2024 3:15,40.91854717
1/12/2024 3:30,51.75285075
1/12/2024 3:45,40.0902365
1/12/2024 4:00,41.74685784
1/12/2024 4:15,39.2287934
1/12/2024 4:30,42.57516851
1/12/2024 4:45,53.84019364
1/12/2024 5:00,56.78897963
1/12/2024 5:15,333.146552
1/12/2024 5:30,501.3930156
1/12/2024 5:45,653.7690467
1/12/2024 6:00,671.2961005
1/12/2024 6:15,683.8201579
1/12/2024 6:30,678.8171614
1/12/2024 6:45,1031.147389
1/12/2024 7:00,1148.038591
1/12/2024 7:15,1170.999362
1/12/2024 7:30,1153.041587
1/12/2024 7:45,1165.565644
1/12/2024 8:00,1166.393955
1/12/2024 8:15,1184.35173
1/12/2024 8:30,1453.221374
1/12/2024 8:45,1542.115676
1/12/2024 9:00,1538.371711
1/12/2024 9:15,1329.206701
1/12/2024 9:30,1251.146703
1/12/2024 9:45,1282.887568
1/12/2024 10:00,1385.564959
1/12/2024 10:15,1891.563382
1/12/2024 10:30,2748.202278
1/12/2024 10:45,2704.765666
1/12/2024 11:00,2775.735325
1/12/2024 11:15,2678.491652
1/12/2024 11:30,1806.379912
1/12/2024 11:45,1465.31471
1/12/2024 12:00,1412.700416
1/12/2024 12:15,1327.119358
1/12/2024 12:30,1381.820994
1/12/2024 12:45,1502.058572
1/12/2024 13:00,1354.254815
1/12/2024 13:15,1322.116361
1/12/2024 13:30,1441.525628
1/12/2024 13:45,1400.60708
1/12/2024 14:00,1226.926899
1/12/2024 14:15,1006.927585
1/12/2024 14:30,875.0273933
1/12/2024 14:45,687.5641221
1/12/2024 15:00,653.7690467
1/12/2024 15:15,664.6033503
1/12/2024 15:30,585.2843204
1/12/2024 15:45,571.5012308
1/12/2024 16:00,526.8387194
1/12/2024 16:15,485.0918616
1/12/2024 16:30,498.4442296
1/12/2024 16:45,561.9259595
1/12/2024 17:00,558.1488628
1/12/2024 17:15,571.9319524
1/12/2024 17:30,518.9200694
1/12/2024 17:45,490.5255796
1/12/2024 18:00,485.9201723
1/12/2024 18:15,484.6942725
1/12/2024 18:30,511.3990085
1/12/2024 18:45,577.7632595
1/12/2024 19:00,556.4922415
1/12/2024 19:15,488.0075152
1/12/2024 19:30,540.621809
1/12/2024 19:45,543.1398735
1/12/2024 20:00,499.7032618
1/12/2024 20:15,528.9260623
1/12/2024 20:30,565.6699237
1/12/2024 20:45,562.3235486
1/12/2024 21:00,562.7542702
1/12/2024 21:15,576.5373597
1/12/2024 21:30,558.5795844
1/12/2024 21:45,501.3930156
1/12/2024 22:00,481.7454865
1/12/2024 22:15,503.8779476
1/12/2024 22:30,551.0585235
1/12/2024 22:45,540.621809
1/12/2024 23:00,502.2213263
1/12/2024 23:15,211.6499428
1/12/2024 23:30,61.79197609
1/12/2024 23:45,64.70762965
1/13/2024 0:00,49.26791874
1/13/2024 0:15,46.74985429
1/13/2024 0:30,47.57816497
1/13/2024 0:45,44.6625114
1/13/2024 1:00,45.09323295
1/13/2024 1:15,60.53294387
1/13/2024 1:30,44.6625114
1/13/2024 1:45,45.49082207
1/13/2024 2:00,45.09323295
1/13/2024 2:15,47.18057584
1/13/2024 2:30,45.09323295
1/13/2024 2:45,56.35825808
1/13/2024 3:00,47.18057584
1/13/2024 3:15,50.09622941
1/13/2024 3:30,46.35226517
1/13/2024 3:45,45.92154362
1/13/2024 4:00,45.09323295
1/13/2024 4:15,58.44560097
1/13/2024 4:30,56.78897963
1/13/2024 4:45,293.0563155
1/13/2024 5:00,373.6343777
1/13/2024 5:15,410.378239
1/13/2024 5:30,485.5225831
1/13/2024 5:45,456.2997827
1/13/2024 6:00,485.5225831
1/13/2024 6:15,418.2968891
1/13/2024 6:30,458.7847147
1/13/2024 6:45,737.6603515
1/13/2024 7:00,922.6055582
1/13/2024 7:15,932.6115511
1/13/2024 7:30,918.0001509
1/13/2024 7:45,857.0696179
1/13/2024 8:00,826.1570637
1/13/2024 8:15,805.7143563
1/13/2024 8:30,799.4523276
1/13/2024 8:45,580.281324
1/13/2024 9:00,594.4620027
1/13/2024 9:15,563.5825808
1/13/2024 9:30,527.6670301
1/13/2024 9:45,574.4500168
1/13/2024 10:00,581.1096346
1/13/2024 10:15,588.6306955
1/13/2024 10:30,595.7210349
1/13/2024 10:45,590.2873169
1/13/2024 11:00,504.3086692
1/13/2024 11:15,569.0162988
1/13/2024 11:30,562.3235486
1/13/2024 11:45,555.6639308
1/13/2024 12:00,495.5285761
1/13/2024 12:15,485.5225831
1/13/2024 12:30,526.4411303
1/13/2024 12:45,568.1879882
1/13/2024 13:00,563.5825808
1/13/2024 13:15,555.6639308
1/13/2024 13:30,543.5374626
1/13/2024 13:45,526.0104088
1/13/2024 14:00,582.3686668
1/13/2024 14:15,530.1850946
1/13/2024 14:30,487.1792045
1/13/2024 14:45,491.3538903
1/13/2024 15:00,592.8053813
1/13/2024 15:15,559.8386166
1/13/2024 15:30,543.1398735
1/13/2024 15:45,478.4322438
1/13/2024 16:00,514.3146621
1/13/2024 16:15,523.4923443
1/13/2024 16:30,475.9141794
1/13/2024 16:45,516.8327265
1/13/2024 17:00,542.2784304
1/13/2024 17:15,540.1910875
1/13/2024 17:30,405.7728317
1/13/2024 17:45,143.595938
1/13/2024 18:00,142.7676273
1/13/2024 18:15,142.3700382
1/13/2024 18:30,145.6832809
1/13/2024 18:45,147.7706238
1/13/2024 19:00,141.111006
1/13/2024 19:15,133.5899451
1/13/2024 19:30,118.5478233
1/13/2024 19:45,126.8971949
1/13/2024 20:00,118.5478233
1/13/2024 20:15,119.4092664
1/13/2024 20:30,123.5839522
1/13/2024 20:45,117.7195126
1/13/2024 21:00,118.9785448
1/13/2024 21:15,119.4092664
1/13/2024 21:30,118.9785448
1/13/2024 21:45,116.4604804
1/13/2024 22:00,132.7616344
1/13/2024 22:15,117.3219235
1/13/2024 22:30,121.8941984
1/13/2024 22:45,118.1502342
1/13/2024 23:00,118.1502342
1/13/2024 23:15,118.5478233
1/13/2024 23:30,114.8038591
1/13/2024 23:45,75.97265478
1/14/2024 0:00,52.61429385
1/14/2024 0:15,53.01188297
1/14/2024 0:30,53.44260452
1/14/2024 0:45,50.92454008
1/14/2024 1:00,63.44859743
1/14/2024 1:15,49.66550786
1/14/2024 1:30,49.66550786
1/14/2024 1:45,49.66550786
1/14/2024 2:00,53.44260452
1/14/2024 2:15,62.18956521
1/14/2024 2:30,50.09622941
1/14/2024 2:45,54.70163674
1/14/2024 3:00,51.35526163
1/14/2024 3:15,66.79497254
1/14/2024 3:30,53.01188297
1/14/2024 3:45,51.75285075
1/14/2024 4:00,50.09622941
1/14/2024 4:15,64.2769081
1/14/2024 4:30,49.26791874
1/14/2024 4:45,51.35526163
1/14/2024 5:00,57.6172903
1/14/2024 5:15,59.27391165
1/14/2024 5:30,51.35526163
1/14/2024 5:45,49.66550786
1/14/2024 6:00,63.44859743
1/14/2024 6:15,49.66550786
1/14/2024 6:30,53.44260452
1/14/2024 6:45,52.1835723
1/14/2024 7:00,61.36125454
1/14/2024 7:15,53.01188297
1/14/2024 7:30,50.52695096
1/14/2024 7:45,47.18057584
1/14/2024 8:00,60.96366542
1/14/2024 8:15,48.43960806
1/14/2024 8:30,49.66550786
1/14/2024 8:45,63.87931898
1/14/2024 9:00,47.57816497
1/14/2024 9:15,49.66550786
1/14/2024 9:30,53.84019364
1/14/2024 9:45,60.53294387
1/14/2024 10:00,47.18057584
1/14/2024 10:15,48.00888651
1/14/2024 10:30,60.10222232
1/14/2024 10:45,47.57816497
1/14/2024 11:00,53.84019364
1/14/2024 11:15,50.52695096
1/14/2024 11:30,60.53294387
1/14/2024 11:45,50.52695096
1/14/2024 12:00,51.35526163
1/14/2024 12:15,61.36125454
1/14/2024 12:30,47.57816497
1/14/2024 12:45,48.83719719
1/14/2024 13:00,48.43960806
1/14/2024 13:15,62.18956521
1/14/2024 13:30,47.18057584
1/14/2024 13:45,46.74985429
1/14/2024 14:00,64.70762965
1/14/2024 14:15,47.57816497
1/14/2024 14:30,47.57816497
1/14/2024 14:45,47.57816497
1/14/2024 15:00,61.36125454
1/14/2024 15:15,47.18057584
1/14/2024 15:30,49.66550786
1/14/2024 15:45,48.43960806
1/14/2024 16:00,60.53294387
1/14/2024 16:15,52.1835723
1/14/2024 16:30,46.74985429
1/14/2024 16:45,53.01188297
1/14/2024 17:00,55.92753653
1/14/2024 17:15,47.18057584
1/14/2024 17:30,47.57816497
1/14/2024 17:45,63.87931898
1/14/2024 18:00,50.52695096
1/14/2024 18:15,47.18057584
1/14/2024 18:30,53.44260452
1/14/2024 18:45,59.27391165
1/14/2024 19:00,52.1835723
1/14/2024 19:15,54.27091519
1/14/2024 19:30,51.35526163
1/14/2024 19:45,59.70463319
1/14/2024 20:00,53.44260452
1/14/2024 20:15,49.26791874
1/14/2024 20:30,50.09622941
1/14/2024 20:45,65.96666187
1/14/2024 21:00,51.75285075
1/14/2024 21:15,49.66550786
1/14/2024 21:30,49.26791874
1/14/2024 21:45,62.18956521
1/14/2024 22:00,50.92454008
1/14/2024 22:15,50.09622941
1/14/2024 22:30,48.83719719
1/14/2024 22:45,65.96666187
1/14/2024 23:00,50.09622941
1/14/2024 23:15,53.44260452
1/14/2024 23:30,62.62028676
1/14/2024 23:45,49.26791874
1/15/2024 0:00,50.09622941
1/15/2024 0:15,52.1835723
1/15/2024 0:30,62.62028676
1/15/2024 0:45,49.66550786
1/15/2024 1:00,53.84019364
1/15/2024 1:15,66.36425099
1/15/2024 1:30,49.26791874
1/15/2024 1:45,48.83719719
1/15/2024 2:00,50.52695096
1/15/2024 2:15,65.1383512
1/15/2024 2:30,53.44260452
1/15/2024 2:45,48.83719719
1/15/2024 3:00,69.31303698
1/15/2024 3:15,49.26791874
1/15/2024 3:30,54.27091519
1/15/2024 3:45,65.53594032
1/15/2024 4:00,50.09622941
1/15/2024 4:15,48.43960806
1/15/2024 4:30,63.05100831
1/15/2024 4:45,49.66550786
1/15/2024 5:00,55.09922586
1/15/2024 5:15,63.44859743
1/15/2024 5:30,49.66550786
1/15/2024 5:45,55.52994741
1/15/2024 6:00,63.44859743
1/15/2024 6:15,50.52695096
1/15/2024 6:30,50.09622941
1/15/2024 6:45,65.53594032
1/15/2024 7:00,48.83719719
1/15/2024 7:15,51.35526163
1/15/2024 7:30,65.1383512
1/15/2024 7:45,49.66550786
1/15/2024 8:00,48.43960806
1/15/2024 8:15,66.36425099
1/15/2024 8:30,49.26791874
1/15/2024 8:45,52.61429385
1/15/2024 9:00,62.18956521
1/15/2024 9:15,50.52695096
1/15/2024 9:30,48.00888651
1/15/2024 9:45,64.70762965
1/15/2024 10:00,48.43960806
1/15/2024 10:15,52.1835723
1/15/2024 10:30,66.79497254
1/15/2024 10:45,50.09622941
1/15/2024 11:00,52.1835723
1/15/2024 11:15,62.18956521
1/15/2024 11:30,49.26791874
1/15/2024 11:45,50.92454008
1/15/2024 12:00,63.44859743
1/15/2024 12:15,47.57816497
1/15/2024 12:30,54.27091519
1/15/2024 12:45,61.79197609
1/15/2024 13:00,48.43960806
1/15/2024 13:15,51.75285075
1/15/2024 13:30,64.2769081
1/15/2024 13:45,48.00888651
1/15/2024 14:00,52.1835723
1/15/2024 14:15,50.52695096
1/15/2024 14:30,62.62028676
1/15/2024 14:45,48.43960806
1/15/2024 15:00,50.09622941
1/15/2024 15:15,64.2769081
1/15/2024 15:30,50.52695096
1/15/2024 15:45,48.43960806
1/15/2024 16:00,58.01487943
1/15/2024 16:15,55.09922586
1/15/2024 16:30,49.66550786
1/15/2024 16:45,50.52695096
1/15/2024 17:00,60.10222232
1/15/2024 17:15,50.92454008
1/15/2024 17:30,48.83719719
1/15/2024 17:45,47.18057584
1/15/2024 18:00,60.53294387
1/15/2024 18:15,48.00888651
1/15/2024 18:30,57.6172903
1/15/2024 18:45,51.75285075
1/15/2024 19:00,62.62028676
1/15/2024 19:15,50.09622941
1/15/2024 19:30,52.1835723
1/15/2024 19:45,53.84019364
1/15/2024 20:00,57.18656875
1/15/2024 20:15,53.44260452
1/15/2024 20:30,48.83719719
1/15/2024 20:45,65.96666187
1/15/2024 21:00,48.43960806
1/15/2024 21:15,52.61429385
1/15/2024 21:30,64.2769081
1/15/2024 21:45,54.70163674
1/15/2024 22:00,48.83719719
1/15/2024 22:15,61.79197609
1/15/2024 22:30,55.52994741
1/15/2024 22:45,48.83719719
1/15/2024 23:00,55.92753653
1/15/2024 23:15,60.53294387
1/15/2024 23:30,51.75285075
1/15/2024 23:45,55.52994741
1/16/2024 0:00,59.70463319
1/16/2024 0:15,52.61429385
1/16/2024 0:30,59.70463319
1/16/2024 0:45,58.44560097
1/16/2024 1:00,50.52695096
1/16/2024 1:15,59.27391165
1/16/2024 1:30,57.18656875
1/16/2024 1:45,52.1835723
1/16/2024 2:00,64.70762965
1/16/2024 2:15,50.92454008
1/16/2024 2:30,58.87632252
1/16/2024 2:45,66.36425099
1/16/2024 3:00,50.52695096
1/16/2024 3:15,48.83719719
1/16/2024 3:30,70.53893678
1/16/2024 3:45,54.27091519
1/16/2024 4:00,48.83719719
1/16/2024 4:15,64.70762965
1/16/2024 4:30,52.1835723
1/16/2024 4:45,53.84019364
1/16/2024 5:00,92.67139792
1/16/2024 5:15,111.0598948
1/16/2024 5:30,131.9333237
1/16/2024 5:45,181.16811
1/16/2024 6:00,327.712834
1/16/2024 6:15,1863.997202
1/16/2024 6:30,1818.90397
1/16/2024 6:45,1874.003195
1/16/2024 7:00,1914.921743
1/16/2024 7:15,1298.758
1/16/2024 7:30,1108.379076
1/16/2024 7:45,1268.673757
1/16/2024 8:00,1095.424297
1/16/2024 8:15,1056.626225
1/16/2024 8:30,1117.987479
1/16/2024 8:45,1097.942361
1/16/2024 9:00,1068.719561
1/16/2024 9:15,1138.860908
1/16/2024 9:30,1077.897243
1/16/2024 9:45,1274.107475
1/16/2024 10:00,2387.920268
1/16/2024 10:15,2324.040949
1/16/2024 10:30,2377.483554
1/16/2024 10:45,2426.751473
1/16/2024 11:00,2339.083071
1/16/2024 11:15,2390.835922
1/16/2024 11:30,2415.055726
1/16/2024 11:45,2388.748579
1/16/2024 12:00,2304.426553
1/16/2024 12:15,2283.553124
1/16/2024 12:30,2322.384328
1/16/2024 12:45,2311.947614
1/16/2024 13:00,2317.381332
1/16/2024 13:15,2241.375544
1/16/2024 13:30,2240.547234
1/16/2024 13:45,2252.24298
1/16/2024 14:00,2177.529358
1/16/2024 14:15,1087.074925
1/16/2024 14:30,932.213962
1/16/2024 14:45,989.8312523
1/16/2024 15:00,802.3679812
1/16/2024 15:15,632.0341747
1/16/2024 15:30,622.8564925
1/16/2024 15:45,504.3086692
1/16/2024 16:00,463.8208436
1/16/2024 16:15,520.1791016
1/16/2024 16:30,444.604036
1/16/2024 16:45,182.4271423
1/16/2024 17:00,151.1169989
1/16/2024 17:15,164.0717778
1/16/2024 17:30,145.2856918
1/16/2024 17:45,149.8579667
1/16/2024 18:00,146.1140024
1/16/2024 18:15,146.9423131
1/16/2024 18:30,147.3730347
1/16/2024 18:45,150.2886882
1/16/2024 19:00,146.9423131
1/16/2024 19:15,151.5477204
1/16/2024 19:30,150.2886882
1/16/2024 19:45,150.2886882
1/16/2024 20:00,121.8941984
1/16/2024 20:15,126.0688842
1/16/2024 20:30,123.5839522
1/16/2024 20:45,122.32492
1/16/2024 21:00,132.3309129
1/16/2024 21:15,134.4182558
1/16/2024 21:30,125.6712951
1/16/2024 21:45,123.9815413
1/16/2024 22:00,118.9785448
1/16/2024 22:15,135.677288
1/16/2024 22:30,119.8068555
1/16/2024 22:45,120.6351662
1/16/2024 23:00,118.5478233
1/16/2024 23:15,125.2405735
1/16/2024 23:30,73.88531189
1/16/2024 23:45,52.61429385
1/17/2024 0:00,44.6625114
1/17/2024 0:15,54.27091519
1/17/2024 0:30,52.1835723
1/17/2024 0:45,47.18057584
1/17/2024 1:00,43.83420073
1/17/2024 1:15,66.36425099
1/17/2024 1:30,47.18057584
1/17/2024 1:45,48.83719719
1/17/2024 2:00,43.83420073
1/17/2024 2:15,59.70463319
1/17/2024 2:30,46.74985429
1/17/2024 2:45,47.18057584
1/17/2024 3:00,57.6172903
1/17/2024 3:15,45.09323295
1/17/2024 3:30,45.49082207
1/17/2024 3:45,54.70163674
1/17/2024 4:00,51.35526163
1/17/2024 4:15,44.26492228
1/17/2024 4:30,49.26791874
1/17/2024 4:45,153.2043418
1/17/2024 5:00,277.1858831
1/17/2024 5:15,327.712834
1/17/2024 5:30,340.2368914
1/17/2024 5:45,1160.562648
1/17/2024 6:00,1842.295463
1/17/2024 6:15,1876.52126
1/17/2024 6:30,2189.191972
1/17/2024 6:45,2167.092643
1/17/2024 7:00,2591.22084
1/17/2024 7:15,2746.114935
1/17/2024 7:30,2627.964701
1/17/2024 7:45,2650.097162
1/17/2024 8:00,2711.889138
1/17/2024 8:15,2797.039475
1/17/2024 8:30,2701.021702
1/17/2024 8:45,3027.906226
1/17/2024 9:00,2563.687793
1/17/2024 9:15,2002.590144
1/17/2024 9:30,2888.054252
1/17/2024 9:45,2952.33116
1/17/2024 10:00,2967.770871
1/17/2024 10:15,2995.33705
1/17/2024 10:30,2989.505743
1/17/2024 10:45,2984.469614
1/17/2024 11:00,3002.0298
1/17/2024 11:15,3090.095791
1/17/2024 11:30,2985.728646
1/17/2024 11:45,3144.797427
1/17/2024 12:00,2915.189709
1/17/2024 12:15,2878.015126
1/17/2024 12:30,2918.933674
1/17/2024 12:45,2973.204589
1/17/2024 13:00,3002.0298
1/17/2024 13:15,3070.912116
1/17/2024 13:30,2774.509425
1/17/2024 13:45,2583.30219
1/17/2024 14:00,1464.883989
1/17/2024 14:15,1065.803907
1/17/2024 14:30,1050.761785
1/17/2024 14:45,830.762471
1/17/2024 15:00,675.0400648
1/17/2024 15:15,654.5973574
1/17/2024 15:30,639.1576465
1/17/2024 15:45,538.5344661
1/17/2024 16:00,488.0075152
1/17/2024 16:15,479.2605545
1/17/2024 16:30,497.615919
1/17/2024 16:45,551.8868341
1/17/2024 17:00,559.8386166
1/17/2024 17:15,516.402005
1/17/2024 17:30,477.5708007
1/17/2024 17:45,541.0525306
1/17/2024 18:00,479.6581436
1/17/2024 18:15,479.6581436
1/17/2024 18:30,496.7876083
1/17/2024 18:45,561.4952379
1/17/2024 19:00,562.3235486
1/17/2024 19:15,561.9259595
1/17/2024 19:30,558.5795844
1/17/2024 19:45,537.7061554
1/17/2024 20:00,481.3478974
1/17/2024 20:15,482.6069296
1/17/2024 20:30,573.5885737
1/17/2024 20:45,562.3235486
1/17/2024 21:00,561.4952379
1/17/2024 21:15,562.3235486
1/17/2024 21:30,555.6639308
1/17/2024 21:45,480.0888651
1/17/2024 22:00,471.308772
1/17/2024 22:15,519.3176585
1/17/2024 22:30,504.7062583
1/17/2024 22:45,549.4019021
1/17/2024 23:00,533.9290588
1/17/2024 23:15,525.5796872
1/17/2024 23:30,380.3271279
1/17/2024 23:45,91.4123657
1/18/2024 0:00,48.00888651
1/18/2024 0:15,47.57816497
1/18/2024 0:30,65.53594032
1/18/2024 0:45,58.44560097
1/18/2024 1:00,46.74985429
1/18/2024 1:15,47.57816497
1/18/2024 1:30,49.26791874
1/18/2024 1:45,62.62028676
1/18/2024 2:00,47.18057584
1/18/2024 2:15,47.57816497
1/18/2024 2:30,47.57816497
1/18/2024 2:45,48.43960806
1/18/2024 3:00,60.53294387
1/18/2024 3:15,47.57816497
1/18/2024 3:30,50.52695096
1/18/2024 3:45,52.1835723
1/18/2024 4:00,47.18057584
1/18/2024 4:15,60.96366542
1/18/2024 4:30,46.74985429
1/18/2024 4:45,48.43960806
1/18/2024 5:00,65.53594032
1/18/2024 5:15,98.93342659
1/18/2024 5:30,81.40637279
1/18/2024 5:45,90.58405502
1/18/2024 6:00,82.23468346
1/18/2024 6:15,93.49970859
1/18/2024 6:30,101.8490802
1/18/2024 6:45,284.3093549
1/18/2024 7:00,678.8171614
1/18/2024 7:15,654.9949465
1/18/2024 7:30,592.8053813
1/18/2024 7:45,599.06741
1/18/2024 8:00,542.7091519
1/18/2024 8:15,560.2362057
1/18/2024 8:30,539.7934983
1/18/2024 8:45,575.2783275
1/18/2024 9:00,514.7453836
1/18/2024 9:15,510.5706979
1/18/2024 9:30,514.7453836
1/18/2024 9:45,512.6580407
1/18/2024 10:00,519.7483801
1/18/2024 10:15,520.5766908
1/18/2024 10:30,596.9800671
1/18/2024 10:45,662.5160074
1/18/2024 11:00,561.4952379
1/18/2024 11:15,593.2361029
1/18/2024 11:30,513.917073
1/18/2024 11:45,531.4441268
1/18/2024 12:00,513.0556299
1/18/2024 12:15,505.5677014
1/18/2024 12:30,525.1820981
1/18/2024 12:45,520.1791016
1/18/2024 13:00,513.4863514
1/18/2024 13:15,515.5736943
1/18/2024 13:30,535.188091
1/18/2024 13:45,533.5314697
1/18/2024 14:00,595.7210349
1/18/2024 14:15,615.3354316
1/18/2024 14:30,529.754373
1/18/2024 14:45,475.9141794
1/18/2024 15:00,393.2487744
1/18/2024 15:15,219.9993143
1/18/2024 15:30,225.8637539
1/18/2024 15:45,197.4692641
1/18/2024 16:00,126.0688842
1/18/2024 16:15,127.3279164
1/18/2024 16:30,129.8459808
1/18/2024 16:45,126.4996057
1/18/2024 17:00,128.1562271
1/18/2024 17:15,138.1953524
1/18/2024 17:30,128.9845378
1/18/2024 17:45,124.4122628
1/18/2024 18:00,123.9815413
1/18/2024 18:15,125.6712951
1/18/2024 18:30,127.758638
1/18/2024 18:45,127.3279164
1/18/2024 19:00,134.0206666
1/18/2024 19:15,127.758638
1/18/2024 19:30,131.5026022
1/18/2024 19:45,129.8459808
1/18/2024 20:00,125.2405735
1/18/2024 20:15,126.4996057
1/18/2024 20:30,129.8459808
1/18/2024 20:45,142.7676273
1/18/2024 21:00,125.2405735
1/18/2024 21:15,130.6742915
1/18/2024 21:30,123.9815413
1/18/2024 21:45,128.1562271
1/18/2024 22:00,132.3309129
1/18/2024 22:15,135.677288
1/18/2024 22:30,128.1562271
1/18/2024 22:45,134.8489773
1/18/2024 23:00,117.3219235
1/18/2024 23:15,118.1502342
1/18/2024 23:30,111.4574839
1/18/2024 23:45,77.231687
1/19/2024 0:00,46.74985429
1/19/2024 0:15,45.09323295
1/19/2024 0:30,45.92154362
1/19/2024 0:45,67.62328321
1/19/2024 1:00,44.6625114
1/19/2024 1:15,53.44260452
1/19/2024 1:30,57.18656875
1/19/2024 1:45,44.26492228
1/19/2024 2:00,55.09922586
1/19/2024 2:15,52.1835723
1/19/2024 2:30,56.35825808
1/19/2024 2:45,56.78897963
1/19/2024 3:00,46.74985429
1/19/2024 3:15,48.83719719
1/19/2024 3:30,58.01487943
1/19/2024 3:45,45.49082207
1/19/2024 4:00,57.6172903
1/19/2024 4:15,58.87632252
1/19/2024 4:30,53.84019364
1/19/2024 4:45,48.00888651
1/19/2024 5:00,68.45159388
1/19/2024 5:15,82.66540501
1/19/2024 5:30,502.2213263
1/19/2024 5:45,1537.94099
1/19/2024 6:00,1566.33548
1/19/2024 6:15,1552.55239
1/19/2024 6:30,1561.332483
1/19/2024 6:45,1618.949773
1/19/2024 7:00,1649.829195
1/19/2024 7:15,1659.437599
1/19/2024 7:30,1662.353253
1/19/2024 7:45,1669.046003
1/19/2024 8:00,1642.738856
1/19/2024 8:15,1647.344263
1/19/2024 8:30,1731.235568
1/19/2024 8:45,1785.108894
1/19/2024 9:00,1763.374022
1/19/2024 9:15,1759.630058
1/19/2024 9:30,1743.759625
1/19/2024 9:45,1753.368029
1/19/2024 10:00,1754.19634
1/19/2024 10:15,1760.458369
1/19/2024 10:30,1746.27769
1/19/2024 10:45,1739.187351
1/19/2024 11:00,1671.961656
1/19/2024 11:15,459.2154362
1/19/2024 11:30,386.9867457
1/19/2024 11:45,380.724717
1/19/2024 12:00,358.5922559
1/19/2024 12:15,353.5892594
1/19/2024 12:30,347.7579523
1/19/2024 12:45,371.1163132
1/19/2024 13:00,386.158435
1/19/2024 13:15,377.3783419
1/19/2024 13:30,363.6283847
1/19/2024 13:45,336.0622056
1/19/2024 14:00,316.845398
1/19/2024 14:15,326.8845234
1/19/2024 14:30,318.1044302
1/19/2024 14:45,314.360466
1/19/2024 15:00,338.58027
1/19/2024 15:15,319.3634625
1/19/2024 15:30,329.8001769
1/19/2024 15:45,221.6890681
1/19/2024 16:00,129.4152593
1/19/2024 16:15,117.3219235
1/19/2024 16:30,121.0658877
1/19/2024 16:45,116.8912019
1/19/2024 17:00,109.8008626
1/19/2024 17:15,121.0658877
1/19/2024 17:30,131.0718806
1/19/2024 17:45,106.885209
1/19/2024 18:00,115.6321697
1/19/2024 18:15,107.2827982
1/19/2024 18:30,116.0628913
1/19/2024 18:45,118.5478233
1/19/2024 19:00,109.8008626
1/19/2024 19:15,131.5026022
1/19/2024 19:30,111.4574839
1/19/2024 19:45,112.2857946
1/19/2024 20:00,116.4604804
1/19/2024 20:15,106.4544875
1/19/2024 20:30,126.8971949
1/19/2024 20:45,114.8038591
1/19/2024 21:00,111.8882055
1/19/2024 21:15,113.5448268
1/19/2024 21:30,109.3701411
1/19/2024 21:45,120.2375771
1/19/2024 22:00,118.1502342
1/19/2024 22:15,108.1111088
1/19/2024 22:30,114.3731375
1/19/2024 22:45,107.7135197
1/19/2024 23:00,126.0688842
1/19/2024 23:15,112.7165162
1/19/2024 23:30,110.1984517
1/19/2024 23:45,57.18656875
1/20/2024 0:00,54.70163674
1/20/2024 0:15,48.83719719
1/20/2024 0:30,45.92154362
1/20/2024 0:45,44.26492228
1/20/2024 1:00,46.35226517
1/20/2024 1:15,56.35825808
1/20/2024 1:30,43.40347918
1/20/2024 1:45,47.18057584
1/20/2024 2:00,42.57516851
1/20/2024 2:15,56.35825808
1/20/2024 2:30,50.52695096
1/20/2024 2:45,42.57516851
1/20/2024 3:00,50.52695096
1/20/2024 3:15,51.75285075
1/20/2024 3:30,43.83420073
1/20/2024 3:45,42.57516851
1/20/2024 4:00,63.05100831
1/20/2024 4:15,43.00589006
1/20/2024 4:30,43.40347918
1/20/2024 4:45,48.00888651
1/20/2024 5:00,123.1532306
1/20/2024 5:15,150.2886882
1/20/2024 5:30,192.4662676
1/20/2024 5:45,189.9482032
1/20/2024 6:00,195.7795103
1/20/2024 6:15,890.0363826
1/20/2024 6:30,2065.210431
1/20/2024 6:45,2230.110519
1/20/2024 7:00,2296.077181
1/20/2024 7:15,2247.239984
1/20/2024 7:30,2624.618326
1/20/2024 7:45,2650.097162
1/20/2024 8:00,2660.103155
1/20/2024 8:15,2666.795905
1/20/2024 8:30,2634.657451
1/20/2024 8:45,2571.606443
1/20/2024 9:00,2658.446534
1/20/2024 9:15,2665.106151
1/20/2024 9:30,2561.60045
1/20/2024 9:45,2553.648668
1/20/2024 10:00,2691.413298
1/20/2024 10:15,2642.576101
1/20/2024 10:30,2556.995043
1/20/2024 10:45,2658.015812
1/20/2024 11:00,2591.651561
1/20/2024 11:15,2622.133394
1/20/2024 11:30,2669.280837
1/20/2024 11:45,2623.790015
1/20/2024 12:00,2536.121614
1/20/2024 12:15,2478.106734
1/20/2024 12:30,2605.003929
1/20/2024 12:45,2601.259965
1/20/2024 13:00,2650.097162
1/20/2024 13:15,2633.796008
1/20/2024 13:30,2675.542866
1/20/2024 13:45,1419.823888
1/20/2024 14:00,1224.011245
1/20/2024 14:15,1109.207386
1/20/2024 14:30,975.6174412
1/20/2024 14:45,932.213962
1/20/2024 15:00,999.4065237
1/20/2024 15:15,768.9704949
1/20/2024 15:30,632.0341747
1/20/2024 15:45,533.1007481
1/20/2024 16:00,483.4352403
1/20/2024 16:15,465.9081865
1/20/2024 16:30,462.5618113
1/20/2024 16:45,505.1369798
1/20/2024 17:00,533.1007481
1/20/2024 17:15,535.188091
1/20/2024 17:30,521.4050014
1/20/2024 17:45,462.5618113
1/20/2024 18:00,476.3449009
1/20/2024 18:15,208.3035676
1/20/2024 18:30,118.5478233
1/20/2024 18:45,105.6261768
1/20/2024 19:00,118.9785448
1/20/2024 19:15,113.1472377
1/20/2024 19:30,112.2857946
1/20/2024 19:45,108.5418304
1/20/2024 20:00,108.1111088
1/20/2024 20:15,111.0598948
1/20/2024 20:30,111.8882055
1/20/2024 20:45,108.1111088
1/20/2024 21:00,108.9725519
1/20/2024 21:15,111.0598948
1/20/2024 21:30,111.8882055
1/20/2024 21:45,108.9725519
1/20/2024 22:00,106.885209
1/20/2024 22:15,106.0237659
1/20/2024 22:30,109.3701411
1/20/2024 22:45,104.3671446
1/20/2024 23:00,108.1111088
1/20/2024 23:15,104.7978661
1/20/2024 23:30,110.1984517
1/20/2024 23:45,58.44560097
1/21/2024 0:00,49.26791874
1/21/2024 0:15,49.26791874
1/21/2024 0:30,65.96666187
1/21/2024 0:45,48.43960806
1/21/2024 1:00,48.83719719
1/21/2024 1:15,50.09622941
1/21/2024 1:30,50.09622941
1/21/2024 1:45,48.83719719
1/21/2024 2:00,48.83719719
1/21/2024 2:15,61.79197609
1/21/2024 2:30,48.83719719
1/21/2024 2:45,50.52695096
1/21/2024 3:00,52.1835723
1/21/2024 3:15,48.83719719
1/21/2024 3:30,48.43960806
1/21/2024 3:45,61.36125454
1/21/2024 4:00,50.09622941
1/21/2024 4:15,48.83719719
1/21/2024 4:30,52.1835723
1/21/2024 4:45,51.75285075
1/21/2024 5:00,60.53294387
1/21/2024 5:15,48.43960806
1/21/2024 5:30,48.43960806
1/21/2024 5:45,50.52695096
1/21/2024 6:00,52.1835723
1/21/2024 6:15,61.36125454
1/21/2024 6:30,50.52695096
1/21/2024 6:45,45.09323295
1/21/2024 7:00,42.17757939
1/21/2024 7:15,59.70463319
1/21/2024 7:30,43.40347918
1/21/2024 7:45,46.74985429
1/21/2024 8:00,42.17757939
1/21/2024 8:15,57.18656875
1/21/2024 8:30,43.40347918
1/21/2024 8:45,41.31613629
1/21/2024 9:00,40.91854717
1/21/2024 9:15,53.44260452
1/21/2024 9:30,43.00589006
1/21/2024 9:45,40.48782562
1/21/2024 10:00,46.35226517
1/21/2024 10:15,42.57516851
1/21/2024 10:30,52.1835723
1/21/2024 10:45,41.74685784
1/21/2024 11:00,43.00589006
1/21/2024 11:15,41.31613629
1/21/2024 11:30,53.44260452
1/21/2024 11:45,41.74685784
1/21/2024 12:00,42.57516851
1/21/2024 12:15,41.31613629
1/21/2024 12:30,40.91854717
1/21/2024 12:45,54.27091519
1/21/2024 13:00,40.91854717
1/21/2024 13:15,40.48782562
1/21/2024 13:30,41.31613629
1/21/2024 13:45,43.00589006
1/21/2024 14:00,40.48782562
1/21/2024 14:15,40.48782562
1/21/2024 14:30,42.17757939
1/21/2024 14:45,40.48782562
1/21/2024 15:00,41.31613629
1/21/2024 15:15,42.17757939
1/21/2024 15:30,42.57516851
1/21/2024 15:45,40.48782562
1/21/2024 16:00,40.91854717
1/21/2024 16:15,41.31613629
1/21/2024 16:30,41.74685784
1/21/2024 16:45,40.91854717
1/21/2024 17:00,40.48782562
1/21/2024 17:15,42.57516851
1/21/2024 17:30,40.91854717
1/21/2024 17:45,40.48782562
1/21/2024 18:00,42.57516851
1/21/2024 18:15,43.40347918
1/21/2024 18:30,45.09323295
1/21/2024 18:45,42.17757939
1/21/2024 19:00,44.26492228
1/21/2024 19:15,42.57516851
1/21/2024 19:30,43.00589006
1/21/2024 19:45,44.26492228
1/21/2024 20:00,45.92154362
1/21/2024 20:15,42.57516851
1/21/2024 20:30,53.01188297
1/21/2024 20:45,44.26492228
1/21/2024 21:00,43.00589006
1/21/2024 21:15,43.00589006
1/21/2024 21:30,42.57516851
1/21/2024 21:45,46.74985429
1/21/2024 22:00,55.52994741
1/21/2024 22:15,43.83420073
1/21/2024 22:30,44.6625114
1/21/2024 22:45,43.00589006
1/21/2024 23:00,43.40347918
1/21/2024 23:15,58.01487943
1/21/2024 23:30,44.6625114
1/21/2024 23:45,43.00589006
1/22/2024 0:00,43.40347918
1/22/2024 0:15,45.92154362
1/22/2024 0:30,59.27391165
1/22/2024 0:45,43.00589006
1/22/2024 1:00,42.17757939
1/22/2024 1:15,44.26492228
1/22/2024 1:30,59.70463319
1/22/2024 1:45,43.83420073
1/22/2024 2:00,42.17757939
1/22/2024 2:15,49.26791874
1/22/2024 2:30,59.70463319
1/22/2024 2:45,42.57516851
1/22/2024 3:00,43.40347918
1/22/2024 3:15,49.26791874
1/22/2024 3:30,55.52994741
1/22/2024 3:45,42.57516851
1/22/2024 4:00,44.26492228
1/22/2024 4:15,60.53294387
1/22/2024 4:30,42.57516851
1/22/2024 4:45,43.00589006
1/22/2024 5:00,60.53294387
1/22/2024 5:15,45.09323295
1/22/2024 5:30,42.17757939
1/22/2024 5:45,45.92154362
1/22/2024 6:00,59.70463319
1/22/2024 6:15,43.00589006
1/22/2024 6:30,42.57516851
1/22/2024 6:45,62.62028676
1/22/2024 7:00,42.57516851
1/22/2024 7:15,42.57516851
1/22/2024 7:30,59.70463319
1/22/2024 7:45,44.6625114
1/22/2024 8:00,43.83420073
1/22/2024 8:15,55.52994741
1/22/2024 8:30,43.83420073
1/22/2024 8:45,54.27091519
1/22/2024 9:00,45.49082207
1/22/2024 9:15,45.49082207
1/22/2024 9:30,51.35526163
1/22/2024 9:45,47.57816497
1/22/2024 10:00,41.31613629
1/22/2024 10:15,46.74985429
1/22/2024 10:30,55.92753653
1/22/2024 10:45,42.57516851
1/22/2024 11:00,40.91854717
1/22/2024 11:15,55.09922586
1/22/2024 11:30,43.40347918
1/22/2024 11:45,40.91854717
1/22/2024 12:00,55.09922586
1/22/2024 12:15,40.91854717
1/22/2024 12:30,42.17757939
1/22/2024 12:45,40.48782562
1/22/2024 13:00,53.84019364
1/22/2024 13:15,41.31613629
1/22/2024 13:30,41.31613629
1/22/2024 13:45,41.31613629
1/22/2024 14:00,53.44260452
1/22/2024 14:15,42.17757939
1/22/2024 14:30,40.91854717
1/22/2024 14:45,40.91854717
1/22/2024 15:00,42.17757939
1/22/2024 15:15,43.00589006
1/22/2024 15:30,41.74685784
1/22/2024 15:45,51.75285075
1/22/2024 16:00,41.31613629
1/22/2024 16:15,42.17757939
1/22/2024 16:30,40.91854717
1/22/2024 16:45,41.74685784
1/22/2024 17:00,43.00589006
1/22/2024 17:15,40.91854717
1/22/2024 17:30,41.74685784
1/22/2024 17:45,40.48782562
1/22/2024 18:00,43.40347918
1/22/2024 18:15,52.1835723
1/22/2024 18:30,44.26492228
1/22/2024 18:45,42.17757939
1/22/2024 19:00,44.26492228
1/22/2024 19:15,45.09323295
1/22/2024 19:30,42.57516851
1/22/2024 19:45,55.92753653
1/22/2024 20:00,48.00888651
1/22/2024 20:15,42.17757939
1/22/2024 20:30,41.74685784
1/22/2024 20:45,44.26492228
1/22/2024 21:00,58.87632252
1/22/2024 21:15,43.40347918
1/22/2024 21:30,43.83420073
1/22/2024 21:45,44.6625114
1/22/2024 22:00,55.52994741
1/22/2024 22:15,43.00589006
1/22/2024 22:30,48.43960806
1/22/2024 22:45,43.00589006
1/22/2024 23:00,50.92454008
1/22/2024 23:15,47.18057584
1/22/2024 23:30,44.26492228
1/22/2024 23:45,45.49082207
1/23/2024 0:00,57.18656875
1/23/2024 0:15,45.09323295
1/23/2024 0:30,44.6625114
1/23/2024 0:45,43.00589006
1/23/2024 1:00,61.36125454
1/23/2024 1:15,45.09323295
1/23/2024 1:30,43.00589006
1/23/2024 1:45,43.00589006
1/23/2024 2:00,55.92753653
1/23/2024 2:15,46.35226517
1/23/2024 2:30,44.26492228
1/23/2024 2:45,47.18057584
1/23/2024 3:00,51.35526163
1/23/2024 3:15,43.40347918
1/23/2024 3:30,43.40347918
1/23/2024 3:45,58.87632252
1/23/2024 4:00,43.83420073
1/23/2024 4:15,43.40347918
1/23/2024 4:30,55.92753653
1/23/2024 4:45,51.35526163
1/23/2024 5:00,93.49970859
1/23/2024 5:15,152.3760311
1/23/2024 5:30,944.7380194
1/23/2024 5:45,1841.864741
1/23/2024 6:00,1887.786285
1/23/2024 6:15,2080.252553
1/23/2024 6:30,2331.131289
1/23/2024 6:45,2665.536873
1/23/2024 7:00,2661.792909
1/23/2024 7:15,2654.669437
1/23/2024 7:30,2723.154163
1/23/2024 7:45,2707.283731
1/23/2024 8:00,2679.717552
1/23/2024 8:15,2716.063824
1/23/2024 8:30,2685.581991
1/23/2024 8:45,2677.630209
1/23/2024 9:00,2650.494751
1/23/2024 9:15,2698.934359
1/23/2024 9:30,2647.181509
1/23/2024 9:45,2613.784022
1/23/2024 10:00,2606.262961
1/23/2024 10:15,2691.015709
1/23/2024 10:30,2688.928366
1/23/2024 10:45,2767.385953
1/23/2024 11:00,2792.434068
1/23/2024 11:15,2800.38585
1/23/2024 11:30,2795.780443
1/23/2024 11:45,2772.422082
1/23/2024 12:00,2721.895131
1/23/2024 12:15,2722.325853
1/23/2024 12:30,2756.949239
1/23/2024 12:45,2732.331846
1/23/2024 13:00,2804.560536
1/23/2024 13:15,2840.442954
1/23/2024 13:30,2655.100159
1/23/2024 13:45,1295.809214
1/23/2024 14:00,1269.5352
1/23/2024 14:15,1122.559754
1/23/2024 14:30,900.075508
1/23/2024 14:45,839.9401532
1/23/2024 15:00,689.2538759
1/23/2024 15:15,566.4982344
1/23/2024 15:30,516.0044159
1/23/2024 15:45,533.9290588
1/23/2024 16:00,473.3961149
1/23/2024 16:15,500.9622941
1/23/2024 16:30,524.7513765
1/23/2024 16:45,484.6942725
1/23/2024 17:00,530.1850946
1/23/2024 17:15,536.8778448
1/23/2024 17:30,508.0526334
1/23/2024 17:45,290.140662
1/23/2024 18:00,149.029656
1/23/2024 18:15,120.6351662
1/23/2024 18:30,113.5448268
1/23/2024 18:45,108.5418304
1/23/2024 19:00,108.5418304
1/23/2024 19:15,101.0207695
1/23/2024 19:30,102.2798017
1/23/2024 19:45,103.1081124
1/23/2024 20:00,101.0207695
1/23/2024 20:15,105.6261768
1/23/2024 20:30,105.6261768
1/23/2024 20:45,111.4574839
1/23/2024 21:00,123.1532306
1/23/2024 21:15,125.6712951
1/23/2024 21:30,120.6351662
1/23/2024 21:45,123.9815413
1/23/2024 22:00,121.0658877
1/23/2024 22:15,124.809852
1/23/2024 22:30,122.32492
1/23/2024 22:45,120.2375771
1/23/2024 23:00,123.1532306
1/23/2024 23:15,120.6351662
1/23/2024 23:30,116.4604804
1/23/2024 23:45,71.40037987
1/24/2024 0:00,60.53294387
1/24/2024 0:15,60.96366542
1/24/2024 0:30,62.18956521
1/24/2024 0:45,60.96366542
1/24/2024 1:00,60.53294387
1/24/2024 1:15,62.62028676
1/24/2024 1:30,60.53294387
1/24/2024 1:45,60.53294387
1/24/2024 2:00,62.18956521
1/24/2024 2:15,62.18956521
1/24/2024 2:30,60.96366542
1/24/2024 2:45,61.79197609
1/24/2024 3:00,60.96366542
1/24/2024 3:15,60.53294387
1/24/2024 3:30,60.53294387
1/24/2024 3:45,62.62028676
1/24/2024 4:00,60.53294387
1/24/2024 4:15,60.10222232
1/24/2024 4:30,66.79497254
1/24/2024 4:45,60.53294387
1/24/2024 5:00,86.84009079
1/24/2024 5:15,134.4182558
1/24/2024 5:30,950.1717374
1/24/2024 5:45,1853.560488
1/24/2024 6:00,2144.960182
1/24/2024 6:15,2400.444326
1/24/2024 6:30,2365.390218
1/24/2024 6:45,2377.052832
1/24/2024 7:00,2545.299296
1/24/2024 7:15,2886.79522
1/24/2024 7:30,2895.144591
1/24/2024 7:45,2771.99136
1/24/2024 8:00,2822.518311
1/24/2024 8:15,2825.433965
1/24/2024 8:30,2766.160053
1/24/2024 8:45,2766.160053
1/24/2024 9:00,2753.205274
1/24/2024 9:15,2764.4703
1/24/2024 9:30,2663.018809
1/24/2024 9:45,2739.852906
1/24/2024 10:00,2720.636099
1/24/2024 10:15,2674.714555
1/24/2024 10:30,2696.847016
1/24/2024 10:45,2688.066923
1/24/2024 11:00,2639.660448
1/24/2024 11:15,2685.97958
1/24/2024 11:30,2660.533877
1/24/2024 11:45,2617.097265
1/24/2024 12:00,2604.573208
1/24/2024 12:15,2597.91359
1/24/2024 12:30,2630.880355
1/24/2024 12:45,2759.036582
1/24/2024 13:00,2744.855903
1/24/2024 13:15,2716.461413
1/24/2024 13:30,2657.187501
1/24/2024 13:45,2613.784022
1/24/2024 14:00,1740.41325
1/24/2024 14:15,1093.336954
1/24/2024 14:30,1047.41541
1/24/2024 14:45,876.2532931
1/24/2024 15:00,660.8593861
1/24/2024 15:15,609.0734029
1/24/2024 15:30,532.703159
1/24/2024 15:45,486.7816154
1/24/2024 16:00,494.2695438
1/24/2024 16:15,535.6188126
1/24/2024 16:30,561.4952379
1/24/2024 16:45,520.1791016
1/24/2024 17:00,158.6380598
1/24/2024 17:15,148.2013453
1/24/2024 17:30,149.029656
1/24/2024 17:45,146.9423131
1/24/2024 18:00,150.2886882
1/24/2024 18:15,149.8579667
1/24/2024 18:30,144.8549702
1/24/2024 18:45,142.7676273
1/24/2024 19:00,149.029656
1/24/2024 19:15,150.7194098
1/24/2024 19:30,139.8519738
1/24/2024 19:45,144.8549702
1/24/2024 20:00,142.3700382
1/24/2024 20:15,141.111006
1/24/2024 20:30,137.3339093
1/24/2024 20:45,144.4573811
1/24/2024 21:00,135.2465664
1/24/2024 21:15,134.8489773
1/24/2024 21:30,134.4182558
1/24/2024 21:45,135.2465664
1/24/2024 22:00,139.8519738
1/24/2024 22:15,131.9333237
1/24/2024 22:30,132.3309129
1/24/2024 22:45,134.8489773
1/24/2024 23:00,131.0718806
1/24/2024 23:15,134.0206666
1/24/2024 23:30,130.24357
1/24/2024 23:45,75.57506566
1/25/2024 0:00,59.27391165
1/25/2024 0:15,56.78897963
1/25/2024 0:30,56.78897963
1/25/2024 0:45,57.6172903
1/25/2024 1:00,55.92753653
1/25/2024 1:15,55.92753653
1/25/2024 1:30,58.87632252
1/25/2024 1:45,56.35825808
1/25/2024 2:00,56.35825808
1/25/2024 2:15,55.52994741
1/25/2024 2:30,56.78897963
1/25/2024 2:45,55.52994741
1/25/2024 3:00,55.09922586
1/25/2024 3:15,57.6172903
1/25/2024 3:30,55.92753653
1/25/2024 3:45,55.52994741
1/25/2024 4:00,57.18656875
1/25/2024 4:15,55.52994741
1/25/2024 4:30,55.52994741
1/25/2024 4:45,61.36125454
1/25/2024 5:00,168.6440527
1/25/2024 5:15,300.1466549
1/25/2024 5:30,782.7535845
1/25/2024 5:45,2070.644149
1/25/2024 6:00,2073.559802
1/25/2024 6:15,2078.562799
1/25/2024 6:30,2232.628584
1/25/2024 6:45,2488.941038
1/25/2024 7:00,2858.003141
1/25/2024 7:15,2846.704983
1/25/2024 7:30,2814.566529
1/25/2024 7:45,2814.566529
1/25/2024 8:00,2789.518414
1/25/2024 8:15,2782.858796
1/25/2024 8:30,2792.434068
1/25/2024 8:45,2787.033482
1/25/2024 9:00,2769.904018
1/25/2024 9:15,2760.295614
1/25/2024 9:30,2706.45542
1/25/2024 9:45,2769.473296
1/25/2024 10:00,2812.081597
1/25/2024 10:15,2827.090586
1/25/2024 10:30,2812.909908
1/25/2024 10:45,2775.735325
1/25/2024 11:00,2756.120928
1/25/2024 11:15,2673.455523
1/25/2024 11:30,2648.407408
1/25/2024 11:45,2607.091272
1/25/2024 12:00,2568.690789
1/25/2024 12:15,2541.555332
1/25/2024 12:30,2578.299193
1/25/2024 12:45,2621.702672
1/25/2024 13:00,2626.705669
1/25/2024 13:15,2589.961807
1/25/2024 13:30,2620.44364
1/25/2024 13:45,2696.416295
1/25/2024 14:00,1423.567852
1/25/2024 14:15,1095.855018
1/25/2024 14:30,1030.716667
1/25/2024 14:45,935.5603371
1/25/2024 15:00,698.8291472
1/25/2024 15:15,611.1607458
1/25/2024 15:30,610.3324351
1/25/2024 15:45,522.6640337
1/25/2024 16:00,531.4441268
1/25/2024 16:15,585.2843204
1/25/2024 16:30,580.281324
1/25/2024 16:45,578.6247026
1/25/2024 17:00,541.4501197
1/25/2024 17:15,506.3960121
1/25/2024 17:30,555.6639308
1/25/2024 17:45,556.8898306
1/25/2024 18:00,509.7423872
1/25/2024 18:15,502.2213263
1/25/2024 18:30,565.2392022
1/25/2024 18:45,576.9349488
1/25/2024 19:00,574.0192953
1/25/2024 19:15,571.1036417
1/25/2024 19:30,533.5314697
1/25/2024 19:45,507.6550443
1/25/2024 20:00,500.5315725
1/25/2024 20:15,524.7513765
1/25/2024 20:30,574.0192953
1/25/2024 20:45,572.3626739
1/25/2024 21:00,528.5284732
1/25/2024 21:15,511.8297301
1/25/2024 21:30,558.5795844
1/25/2024 21:45,500.5315725
1/25/2024 22:00,497.615919
1/25/2024 22:15,566.4982344
1/25/2024 22:30,561.9259595
1/25/2024 22:45,536.0164017
1/25/2024 23:00,516.8327265
1/25/2024 23:15,394.9385281
1/25/2024 23:30,136.9363202
1/25/2024 23:45,72.62627967
1/26/2024 0:00,63.44859743
1/26/2024 0:15,56.78897963
1/26/2024 0:30,58.44560097
1/26/2024 0:45,61.79197609
1/26/2024 1:00,55.52994741
1/26/2024 1:15,56.78897963
1/26/2024 1:30,63.05100831
1/26/2024 1:45,56.78897963
1/26/2024 2:00,56.35825808
1/26/2024 2:15,58.01487943
1/26/2024 2:30,61.79197609
1/26/2024 2:45,57.18656875
1/26/2024 3:00,57.6172903
1/26/2024 3:15,55.92753653
1/26/2024 3:30,55.92753653
1/26/2024 3:45,63.05100831
1/26/2024 4:00,55.92753653
1/26/2024 4:15,55.52994741
1/26/2024 4:30,55.52994741
1/26/2024 4:45,58.87632252
1/26/2024 5:00,62.62028676
1/26/2024 5:15,123.5839522
1/26/2024 5:30,1208.571534
1/26/2024 5:45,1825.165998
1/26/2024 6:00,1828.081652
1/26/2024 6:15,1812.641941
1/26/2024 6:30,1810.157009
1/26/2024 6:45,1824.768409
1/26/2024 7:00,2140.785496
1/26/2024 7:15,2246.411673
1/26/2024 7:30,2283.983845
1/26/2024 7:45,2248.068295
1/26/2024 8:00,2233.456894
1/26/2024 8:15,2237.63158
1/26/2024 8:30,2202.975062
1/26/2024 8:45,2211.755155
1/26/2024 9:00,2229.282209
1/26/2024 9:15,2209.23709
1/26/2024 9:30,2217.188873
1/26/2024 9:45,2199.231097
1/26/2024 10:00,2161.658925
1/26/2024 10:15,2155.396897
1/26/2024 10:30,2199.231097
1/26/2024 10:45,2301.908488
1/26/2024 11:00,2288.986842
1/26/2024 11:15,2272.288099
1/26/2024 11:30,2157.881829
1/26/2024 11:45,2277.291095
1/26/2024 12:00,2283.122402
1/26/2024 12:15,2155.794486
1/26/2024 12:30,2178.755258
1/26/2024 12:45,2289.384431
1/26/2024 13:00,2253.899602
1/26/2024 13:15,2179.616701
1/26/2024 13:30,2285.640467
1/26/2024 13:45,2308.170517
1/26/2024 14:00,1842.693052
1/26/2024 14:15,670.865379
1/26/2024 14:30,642.9016107
1/26/2024 14:45,584.0252882
1/26/2024 15:00,531.0134052
1/26/2024 15:15,330.2308985
1/26/2024 15:30,189.5174816
1/26/2024 15:45,159.0687813
1/26/2024 16:00,136.9363202
1/26/2024 16:15,136.9363202
1/26/2024 16:30,135.2465664
1/26/2024 16:45,143.1983489
1/26/2024 17:00,134.8489773
1/26/2024 17:15,142.7676273
1/26/2024 17:30,138.1953524
1/26/2024 17:45,141.5085951
1/26/2024 18:00,132.7616344
1/26/2024 18:15,141.9393167
1/26/2024 18:30,143.1983489
1/26/2024 18:45,143.1983489
1/26/2024 19:00,144.8549702
1/26/2024 19:15,147.3730347
1/26/2024 19:30,133.5899451
1/26/2024 19:45,143.1983489
1/26/2024 20:00,136.9363202
1/26/2024 20:15,137.7646309
1/26/2024 20:30,131.9333237
1/26/2024 20:45,139.4212522
1/26/2024 21:00,130.24357
1/26/2024 21:15,139.4212522
1/26/2024 21:30,131.9333237
1/26/2024 21:45,139.4212522
1/26/2024 22:00,130.24357
1/26/2024 22:15,135.677288
1/26/2024 22:30,133.1592235
1/26/2024 22:45,133.1592235
1/26/2024 23:00,138.5929415
1/26/2024 23:15,134.0206666
1/26/2024 23:30,131.9333237
1/26/2024 23:45,75.97265478
1/27/2024 0:00,56.35825808
1/27/2024 0:15,62.62028676
1/27/2024 0:30,55.52994741
1/27/2024 0:45,57.18656875
1/27/2024 1:00,55.52994741
1/27/2024 1:15,60.96366542
1/27/2024 1:30,57.6172903
1/27/2024 1:45,55.92753653
1/27/2024 2:00,55.92753653
1/27/2024 2:15,56.35825808
1/27/2024 2:30,57.18656875
1/27/2024 2:45,56.78897963
1/27/2024 3:00,55.92753653
1/27/2024 3:15,62.62028676
1/27/2024 3:30,55.52994741
1/27/2024 3:45,55.92753653
1/27/2024 4:00,57.6172903
1/27/2024 4:15,55.52994741
1/27/2024 4:30,55.09922586
1/27/2024 4:45,55.92753653
1/27/2024 5:00,63.05100831
1/27/2024 5:15,75.97265478
1/27/2024 5:30,108.1111088
1/27/2024 5:45,172.4211494
1/27/2024 6:00,144.8549702
1/27/2024 6:15,136.1080095
1/27/2024 6:30,232.1257826
1/27/2024 6:45,1712.449482
1/27/2024 7:00,1821.422034
1/27/2024 7:15,1845.641838
1/27/2024 7:30,1909.488025
1/27/2024 7:45,2289.384431
1/27/2024 8:00,2307.772928
1/27/2024 8:15,2273.94472
1/27/2024 8:30,2278.947716
1/27/2024 8:45,2292.333217
1/27/2024 9:00,2246.411673
1/27/2024 9:15,2261.851384
1/27/2024 9:30,2251.812259
1/27/2024 9:45,2222.589458
1/27/2024 10:00,1929.963864
1/27/2024 10:15,1940.400579
1/27/2024 10:30,1930.792175
1/27/2024 10:45,1941.228889
1/27/2024 11:00,1922.873525
1/27/2024 11:15,1919.52715
1/27/2024 11:30,2134.092746
1/27/2024 11:45,2266.423659
1/27/2024 12:00,2253.899602
1/27/2024 12:15,2187.104629
1/27/2024 12:30,2124.915064
1/27/2024 12:45,2119.083757
1/27/2024 13:00,1439.835874
1/27/2024 13:15,727.6543586
1/27/2024 13:30,690.4797757
1/27/2024 13:45,694.2568723
1/27/2024 14:00,682.9918472
1/27/2024 14:15,684.6484686
1/27/2024 14:30,696.3442152
1/27/2024 14:45,562.7542702
1/27/2024 15:00,655.8563896
1/27/2024 15:15,503.049637
1/27/2024 15:30,313.1014338
1/27/2024 15:45,310.1857802
1/27/2024 16:00,605.3294387
1/27/2024 16:15,608.6758138
1/27/2024 16:30,595.3234458
1/27/2024 16:45,449.2094433
1/27/2024 17:00,333.146552
1/27/2024 17:15,598.2390993
1/27/2024 17:30,590.7180384
1/27/2024 17:45,558.9771735
1/27/2024 18:00,581.1096346
1/27/2024 18:15,586.9740742
1/27/2024 18:30,626.6335891
1/27/2024 18:45,604.501128
1/27/2024 19:00,435.4263537
1/27/2024 19:15,378.6373741
1/27/2024 19:30,283.4479118
1/27/2024 19:45,287.2250084
1/27/2024 20:00,256.7431757
1/27/2024 20:15,270.0955437
1/27/2024 20:30,293.4870371
1/27/2024 20:45,584.8867313
1/27/2024 21:00,597.4107886
1/27/2024 21:15,282.6196011
1/27/2024 21:30,228.3486859
1/27/2024 21:45,195.7795103
1/27/2024 22:00,171.5928387
1/27/2024 22:15,202.041539
1/27/2024 22:30,165.7283991
1/27/2024 22:45,155.7224062
1/27/2024 23:00,182.8578638
1/27/2024 23:15,148.2013453
1/27/2024 23:30,162.8127456
1/27/2024 23:45,110.6291733
1/28/2024 0:00,91.01477657
1/28/2024 0:15,83.49371568
1/28/2024 0:30,84.7527479
1/28/2024 0:45,96.44849458
1/28/2024 1:00,79.74975144
1/28/2024 1:15,91.01477657
1/28/2024 1:30,86.01178012
1/28/2024 1:45,101.451491
1/28/2024 2:00,75.97265478
1/28/2024 2:15,91.84308725
1/28/2024 2:30,91.4123657
1/28/2024 2:45,81.83709433
1/28/2024 3:00,91.84308725
1/28/2024 3:15,89.3250228
1/28/2024 3:30,95.18946236
1/28/2024 3:45,76.80096545
1/28/2024 4:00,108.9725519
1/28/2024 4:15,78.05999767
1/28/2024 4:30,93.10211947
1/28/2024 4:45,79.31902989
1/28/2024 5:00,102.2798017
1/28/2024 5:15,89.75574435
1/28/2024 5:30,76.80096545
1/28/2024 5:45,113.5448268
1/28/2024 6:00,79.74975144
1/28/2024 6:15,95.18946236
1/28/2024 6:30,85.15033702
1/28/2024 6:45,108.5418304
1/28/2024 7:00,79.31902989
1/28/2024 7:15,100.1924588
1/28/2024 7:30,93.10211947
1/28/2024 7:45,97.67439437
1/28/2024 8:00,77.231687
1/28/2024 8:15,103.5388339
1/28/2024 8:30,110.6291733
1/28/2024 8:45,120.2375771
1/28/2024 9:00,108.1111088
1/28/2024 9:15,118.1502342
1/28/2024 9:30,119.8068555
1/28/2024 9:45,93.93043014
1/28/2024 10:00,132.3309129
1/28/2024 10:15,100.6231804
1/28/2024 10:30,116.0628913
1/28/2024 10:45,99.76173726
1/28/2024 11:00,114.8038591
1/28/2024 11:15,106.0237659
1/28/2024 11:30,96.8460837
1/28/2024 11:45,117.3219235
1/28/2024 12:00,95.58705148
1/28/2024 12:15,111.4574839
1/28/2024 12:30,88.92743368
1/28/2024 12:45,99.36414814
1/28/2024 13:00,107.7135197
1/28/2024 13:15,94.75874081
1/28/2024 13:30,114.3731375
1/28/2024 13:45,90.58405502
1/28/2024 14:00,96.44849458
1/28/2024 14:15,97.27680525
1/28/2024 14:30,97.67439437
1/28/2024 14:45,104.7978661
1/28/2024 15:00,96.8460837
1/28/2024 15:15,100.1924588
1/28/2024 15:30,95.18946236
1/28/2024 15:45,87.66840146
1/28/2024 16:00,108.5418304
1/28/2024 16:15,93.10211947
1/28/2024 16:30,101.0207695
1/28/2024 16:45,99.76173726
1/28/2024 17:00,106.0237659
1/28/2024 17:15,106.4544875
1/28/2024 17:30,94.36115169
1/28/2024 17:45,105.1954553
1/28/2024 18:00,108.9725519
1/28/2024 18:15,109.8008626
1/28/2024 18:30,97.67439437
1/28/2024 18:45,109.3701411
1/28/2024 19:00,112.2857946
1/28/2024 19:15,88.49671213
1/28/2024 19:30,105.1954553
1/28/2024 19:45,108.9725519
1/28/2024 20:00,107.7135197
1/28/2024 20:15,95.58705148
1/28/2024 20:30,114.3731375
1/28/2024 20:45,99.36414814
1/28/2024 21:00,90.1864659
1/28/2024 21:15,108.1111088
1/28/2024 21:30,102.7105233
1/28/2024 21:45,114.3731375
1/28/2024 22:00,96.44849458
1/28/2024 22:15,109.8008626
1/28/2024 22:30,93.49970859
1/28/2024 22:45,94.75874081
1/28/2024 23:00,106.4544875
1/28/2024 23:15,109.3701411
1/28/2024 23:30,108.5418304
1/28/2024 23:45,83.92443723
1/29/2024 0:00,111.4574839
1/29/2024 0:15,102.2798017
1/29/2024 0:30,103.1081124
1/29/2024 0:45,92.27380879
1/29/2024 1:00,106.4544875
1/29/2024 1:15,103.936423
1/29/2024 1:30,88.09912301
1/29/2024 1:45,120.6351662
1/29/2024 2:00,100.6231804
1/29/2024 2:15,102.7105233
1/29/2024 2:30,88.49671213
1/29/2024 2:45,112.2857946
1/29/2024 3:00,106.4544875
1/29/2024 3:15,87.66840146
1/29/2024 3:30,104.3671446
1/29/2024 3:45,98.10511592
1/29/2024 4:00,116.8912019
1/29/2024 4:15,85.15033702
1/29/2024 4:30,105.1954553
1/29/2024 4:45,102.2798017
1/29/2024 5:00,97.27680525
1/29/2024 5:15,100.6231804
1/29/2024 5:30,106.885209
1/29/2024 5:45,94.75874081
1/29/2024 6:00,91.01477657
1/29/2024 6:15,106.0237659
1/29/2024 6:30,103.5388339
1/29/2024 6:45,105.1954553
1/29/2024 7:00,95.58705148
1/29/2024 7:15,126.0688842
1/29/2024 7:30,114.3731375
1/29/2024 7:45,117.7195126
1/29/2024 8:00,98.10511592
1/29/2024 8:15,140.6802844
1/29/2024 8:30,98.10511592
1/29/2024 8:45,103.936423
1/29/2024 9:00,109.3701411
1/29/2024 9:15,116.4604804
1/29/2024 9:30,113.5448268
1/29/2024 9:45,96.44849458
1/29/2024 10:00,118.5478233
1/29/2024 10:15,116.8912019
1/29/2024 10:30,109.8008626
1/29/2024 10:45,96.01777303
1/29/2024 11:00,131.9333237
1/29/2024 11:15,103.5388339
1/29/2024 11:30,108.5418304
1/29/2024 11:45,96.8460837
1/29/2024 12:00,127.3279164
1/29/2024 12:15,101.8490802
1/29/2024 12:30,97.27680525
1/29/2024 12:45,109.3701411
1/29/2024 13:00,110.6291733
1/29/2024 13:15,116.0628913
1/29/2024 13:30,94.75874081
1/29/2024 13:45,111.0598948
1/29/2024 14:00,96.01777303
1/29/2024 14:15,114.3731375
1/29/2024 14:30,97.67439437
1/29/2024 14:45,106.0237659
1/29/2024 15:00,111.4574839
1/29/2024 15:15,113.1472377
1/29/2024 15:30,97.27680525
1/29/2024 15:45,113.1472377
1/29/2024 16:00,118.5478233
1/29/2024 16:15,105.1954553
1/29/2024 16:30,105.6261768
1/29/2024 16:45,116.8912019
1/29/2024 17:00,106.885209
1/29/2024 17:15,101.0207695
1/29/2024 17:30,121.0658877
1/29/2024 17:45,98.93342659
1/29/2024 18:00,121.8941984
1/29/2024 18:15,94.36115169
1/29/2024 18:30,117.7195126
1/29/2024 18:45,100.1924588
1/29/2024 19:00,120.6351662
1/29/2024 19:15,98.10511592
1/29/2024 19:30,120.2375771
1/29/2024 19:45,100.1924588
1/29/2024 20:00,119.8068555
1/29/2024 20:15,94.36115169
1/29/2024 20:30,115.6321697
1/29/2024 20:45,115.6321697
1/29/2024 21:00,116.8912019
1/29/2024 21:15,96.44849458
1/29/2024 21:30,118.5478233
1/29/2024 21:45,91.84308725
1/29/2024 22:00,134.8489773
1/29/2024 22:15,98.53583747
1/29/2024 22:30,116.4604804
1/29/2024 22:45,107.2827982
1/29/2024 23:00,121.4966093
1/29/2024 23:15,103.936423
1/29/2024 23:30,118.9785448
1/29/2024 23:45,98.53583747
1/30/2024 0:00,140.2826953
1/30/2024 0:15,106.4544875
1/30/2024 0:30,119.8068555
1/30/2024 0:45,97.67439437
1/30/2024 1:00,150.2886882
1/30/2024 1:15,92.67139792
1/30/2024 1:30,124.4122628
1/30/2024 1:45,113.1472377
1/30/2024 2:00,131.0718806
1/30/2024 2:15,106.0237659
1/30/2024 2:30,128.9845378
1/30/2024 2:45,113.5448268
1/30/2024 3:00,136.5055986
1/30/2024 3:15,107.7135197
1/30/2024 3:30,123.5839522
1/30/2024 3:45,118.9785448
1/30/2024 4:00,128.9845378
1/30/2024 4:15,97.27680525
1/30/2024 4:30,131.9333237
1/30/2024 4:45,121.0658877
1/30/2024 5:00,229.6077181
1/30/2024 5:15,522.2664445
1/30/2024 5:30,1774.67218
1/30/2024 5:45,2223.848491
1/30/2024 6:00,2327.818046
1/30/2024 6:15,2326.559014
1/30/2024 6:30,2483.109731
1/30/2024 6:45,2837.129712
1/30/2024 7:00,3282.562058
1/30/2024 7:15,3348.097999
1/30/2024 7:30,3319.703509
1/30/2024 7:45,3313.44148
1/30/2024 8:00,3240.384479
1/30/2024 8:15,3361.052778
1/30/2024 8:30,3316.787855
1/30/2024 8:45,3222.857425
1/30/2024 9:00,3336.832974
1/30/2024 9:15,3251.251915
1/30/2024 9:30,3219.113461
1/30/2024 9:45,3256.685633
1/30/2024 10:00,3262.947662
1/30/2024 10:15,3269.607279
1/30/2024 10:30,3267.519937
1/30/2024 10:45,3219.51105
1/30/2024 11:00,3179.023224
1/30/2024 11:15,3280.043994
1/30/2024 11:30,3221.200804
1/30/2024 11:45,3248.733851
1/30/2024 12:00,3225.37549
1/30/2024 12:15,3126.408931
1/30/2024 12:30,3163.152792
1/30/2024 12:45,3161.065449
1/30/2024 13:00,3160.66786
1/30/2024 13:15,3124.752309
1/30/2024 13:30,3154.80342
1/30/2024 13:45,3098.875884
1/30/2024 14:00,1868.60261
1/30/2024 14:15,1748.365033
1/30/2024 14:30,1530.453061
1/30/2024 14:45,1215.661874
1/30/2024 15:00,985.6565665
1/30/2024 15:15,828.6751281
1/30/2024 15:30,767.3138736
1/30/2024 15:45,705.5218975
1/30/2024 16:00,604.501128
1/30/2024 16:15,650.4226716
1/30/2024 16:30,613.2480887
1/30/2024 16:45,637.0703036
1/30/2024 17:00,640.8142678
1/30/2024 17:15,647.507018
1/30/2024 17:30,600.3264422
1/30/2024 17:45,264.2642366
1/30/2024 18:00,245.8757397
1/30/2024 18:15,212.4782534
1/30/2024 18:30,228.3486859
1/30/2024 18:45,202.4722605
1/30/2024 19:00,219.1710037
1/30/2024 19:15,217.0836608
1/30/2024 19:30,212.4782534
1/30/2024 19:45,234.2131254
1/30/2024 20:00,194.1228889
1/30/2024 20:15,237.128779
1/30/2024 20:30,214.9963179
1/30/2024 20:45,219.1710037
1/30/2024 21:00,232.9540932
1/30/2024 21:15,201.6439498
1/30/2024 21:30,230.0384397
1/30/2024 21:45,214.1680072
1/30/2024 22:00,223.776411
1/30/2024 22:15,226.6920645
1/30/2024 22:30,213.7372856
1/30/2024 22:45,237.128779
1/30/2024 23:00,208.7342892
1/30/2024 23:15,223.776411
1/30/2024 23:30,219.1710037
1/30/2024 23:45,189.5174816
1/31/2024 0:00,150.2886882
1/31/2024 0:15,124.809852
1/31/2024 0:30,157.3790276
1/31/2024 0:45,132.3309129
1/31/2024 1:00,147.7706238
1/31/2024 1:15,152.8067527
1/31/2024 1:30,124.809852
1/31/2024 1:45,159.0687813
1/31/2024 2:00,141.111006
1/31/2024 2:15,146.1140024
1/31/2024 2:30,156.1199953
1/31/2024 2:45,134.0206666
1/31/2024 3:00,156.9814384
1/31/2024 3:15,139.4212522
1/31/2024 3:30,145.2856918
1/31/2024 3:45,148.2013453
1/31/2024 4:00,139.0236631
1/31/2024 4:15,155.2916847
1/31/2024 4:30,126.8971949
1/31/2024 4:45,169.0747742
1/31/2024 5:00,300.1466549
1/31/2024 5:15,424.9896393
1/31/2024 5:30,800.7113598
1/31/2024 5:45,2083.168206
1/31/2024 6:00,2022.635262
1/31/2024 6:15,1948.319229
1/31/2024 6:30,2179.185979
1/31/2024 6:45,2426.751473
1/31/2024 7:00,2462.236302
1/31/2024 7:15,2412.537662
1/31/2024 7:30,2358.697468
1/31/2024 7:45,2547.81736
1/31/2024 8:00,2574.522096
1/31/2024 8:15,2493.944034
1/31/2024 8:30,2445.537559
1/31/2024 8:45,2485.197074
1/31/2024 9:00,2606.262961
1/31/2024 9:15,2557.823353
1/31/2024 9:30,2550.302292
1/31/2024 9:45,2422.576787
1/31/2024 10:00,2469.757363
1/31/2024 10:15,2435.100844
1/31/2024 10:30,2579.127504
1/31/2024 10:45,2618.356297
1/31/2024 11:00,2592.479872
1/31/2024 11:15,2515.678906
1/31/2024 11:30,2405.447322
1/31/2024 11:45,2365.390218
1/31/2024 12:00,2340.739693
1/31/2024 12:15,2347.001721
1/31/2024 12:30,2371.652247
1/31/2024 12:45,2329.474667
1/31/2024 13:00,2279.80916
1/31/2024 13:15,2344.914378
1/31/2024 13:30,2339.911382
1/31/2024 13:45,2384.573893
1/31/2024 14:00,2265.595348
1/31/2024 14:15,1290.408629
1/31/2024 14:30,880.8587004
1/31/2024 14:45,818.6691352
1/31/2024 15:00,665.0340719
1/31/2024 15:15,807.3709776
1/31/2024 15:30,662.5160074
1/31/2024 15:45,605.7601602
1/31/2024 16:00,625.3745569
1/31/2024 16:15,738.9193837
1/31/2024 16:30,682.5611257
1/31/2024 16:45,578.1939811
1/31/2024 17:00,667.5190039
1/31/2024 17:15,664.2057612
1/31/2024 17:30,563.5825808
1/31/2024 17:45,365.2850061
1/31/2024 18:00,233.7824039
1/31/2024 18:15,199.556607
1/31/2024 18:30,208.3035676
1/31/2024 18:45,253.8275221
1/31/2024 19:00,223.3456894
1/31/2024 19:15,246.3064612
1/31/2024 19:30,243.3908077
1/31/2024 19:45,237.5263681
1/31/2024 20:00,254.6558328
1/31/2024 20:15,219.9993143
1/31/2024 20:30,255.4841435
1/31/2024 20:45,232.5233717
1/31/2024 21:00,250.0504255
1/31/2024 21:15,237.9570897
1/31/2024 21:30,237.9570897
1/31/2024 21:45,265.9208579
1/31/2024 22:00,230.8667503
1/31/2024 22:15,228.3486859
1/31/2024 22:30,160.7254027
1/31/2024 22:45,192.0355461
1/31/2024 23:00,178.683178
1/31/2024 23:15,166.9874314
1/31/2024 23:30,188.6891709
1/31/2024 23:45,126.8971949
2/1/2024 0:00,125.2405735
2/1/2024 0:15,93.93043014
2/1/2024 0:30,136.1080095
2/1/2024 0:45,114.8038591
2/1/2024 1:00,113.9755484
2/1/2024 1:15,130.6742915
2/1/2024 1:30,101.451491
2/1/2024 1:45,125.2405735
2/1/2024 2:00,95.18946236
2/1/2024 2:15,144.8549702
2/1/2024 2:30,112.7165162
2/1/2024 2:45,110.1984517
2/1/2024 3:00,130.6742915
2/1/2024 3:15,106.4544875
2/1/2024 3:30,134.8489773
2/1/2024 3:45,97.67439437
2/1/2024 4:00,135.2465664
2/1/2024 4:15,113.1472377
2/1/2024 4:30,120.2375771
2/1/2024 4:45,134.4182558
2/1/2024 5:00,121.0658877
2/1/2024 5:15,191.6048245
2/1/2024 5:30,915.912808
2/1/2024 5:45,1989.668498
2/1/2024 6:00,2006.76483
2/1/2024 6:15,2012.629269
2/1/2024 6:30,2056.861059
2/1/2024 6:45,2631.708665
2/1/2024 7:00,2912.274056
2/1/2024 7:15,2849.653769
2/1/2024 7:30,2847.566426
2/1/2024 7:45,2822.08759
2/1/2024 8:00,2869.268166
2/1/2024 8:15,2925.195702
2/1/2024 8:30,2782.858796
2/1/2024 8:45,2574.124507
2/1/2024 9:00,2786.172039
2/1/2024 9:15,2903.063241
2/1/2024 9:30,2851.741112
2/1/2024 9:45,2680.976584
2/1/2024 10:00,2850.051358
2/1/2024 10:15,2807.906911
2/1/2024 10:30,2842.961019
2/1/2024 10:45,2753.635996
2/1/2024 11:00,2813.307497
2/1/2024 11:15,2760.726335
2/1/2024 11:30,2854.226044
2/1/2024 11:45,2797.470197
2/1/2024 12:00,2738.593874
2/1/2024 12:15,2648.009819
2/1/2024 12:30,2700.193391
2/1/2024 12:45,2779.0817
2/1/2024 13:00,2730.244503
2/1/2024 13:15,2853.828455
2/1/2024 13:30,2810.822565
2/1/2024 13:45,2834.611647
2/1/2024 14:00,2702.280734
2/1/2024 14:15,1250.318392
2/1/2024 14:30,1201.050474
2/1/2024 14:45,1070.376182
2/1/2024 15:00,992.7469059
2/1/2024 15:15,700.518901
2/1/2024 15:30,702.1755224
2/1/2024 15:45,631.205864
2/1/2024 16:00,592.8053813
2/1/2024 16:15,586.1126311
2/1/2024 16:30,615.7661531
2/1/2024 16:45,658.3413216
2/1/2024 17:00,622.8564925
2/1/2024 17:15,652.079293
2/1/2024 17:30,600.3264422
2/1/2024 17:45,556.8898306
2/1/2024 18:00,531.0134052
2/1/2024 18:15,462.5618113
2/1/2024 18:30,197.8668532
2/1/2024 18:45,225.4330323
2/1/2024 19:00,221.6890681
2/1/2024 19:15,205.8186356
2/1/2024 19:30,234.2131254
2/1/2024 19:45,199.556607
2/1/2024 20:00,223.776411
2/1/2024 20:15,212.0806643
2/1/2024 20:30,225.4330323
2/1/2024 20:45,209.9933214
2/1/2024 21:00,225.8637539
2/1/2024 21:15,222.5173788
2/1/2024 21:30,208.3035676
2/1/2024 21:45,237.5263681
2/1/2024 22:00,197.8668532
2/1/2024 22:15,235.8697468
2/1/2024 22:30,206.6469463
2/1/2024 22:45,201.2132283
2/1/2024 23:00,166.1591207
2/1/2024 23:15,160.2946811
2/1/2024 23:30,178.2524565
2/1/2024 23:45,116.4604804
2/2/2024 0:00,108.9725519
2/2/2024 0:15,80.97565124
2/2/2024 0:30,103.1081124
2/2/2024 0:45,87.23767991
2/2/2024 1:00,101.451491
2/2/2024 1:15,96.44849458
2/2/2024 1:30,93.93043014
2/2/2024 1:45,105.6261768
2/2/2024 2:00,87.23767991
2/2/2024 2:15,108.9725519
2/2/2024 2:30,80.97565124
2/2/2024 2:45,110.6291733
2/2/2024 3:00,90.58405502
2/2/2024 3:15,98.93342659
2/2/2024 3:30,104.7978661
2/2/2024 3:45,89.75574435
2/2/2024 4:00,110.6291733
2/2/2024 4:15,83.49371568
2/2/2024 4:30,111.0598948
2/2/2024 4:45,82.23468346
2/2/2024 5:00,117.3219235
2/2/2024 5:15,149.8579667
2/2/2024 5:30,928.0392762
2/2/2024 5:45,2013.026858
2/2/2024 6:00,2019.288887
2/2/2024 6:15,2062.725499
2/2/2024 6:30,2034.728598
2/2/2024 6:45,2507.329535
2/2/2024 7:00,2486.025384
2/2/2024 7:15,2502.724127
2/2/2024 7:30,2486.853695
2/2/2024 7:45,2476.019391
2/2/2024 8:00,2530.687896
2/2/2024 8:15,2539.467989
2/2/2024 8:30,2476.416981
2/2/2024 8:45,2477.676013
2/2/2024 9:00,2487.682006
2/2/2024 9:15,2471.844706
2/2/2024 9:30,2460.97727
2/2/2024 9:45,2479.332634
2/2/2024 10:00,2495.633788
2/2/2024 10:15,2471.413984
2/2/2024 10:30,2476.847702
2/2/2024 10:45,2469.326641
2/2/2024 11:00,2457.233305
2/2/2024 11:15,2428.838816
2/2/2024 11:30,2481.022388
2/2/2024 11:45,2464.721234
2/2/2024 12:00,2443.019494
2/2/2024 12:15,2430.926158
2/2/2024 12:30,2460.546548
2/2/2024 12:45,2296.905492
2/2/2024 13:00,2341.568003
2/2/2024 13:15,2250.586359
2/2/2024 13:30,2259.764041
2/2/2024 13:45,2260.592352
2/2/2024 14:00,1962.102318
2/2/2024 14:15,723.0489513
2/2/2024 14:30,738.9193837
2/2/2024 14:45,571.1036417
2/2/2024 15:00,389.0740886
2/2/2024 15:15,296.8334122
2/2/2024 15:30,235.4390252
2/2/2024 15:45,212.908975
2/2/2024 16:00,276.788294
2/2/2024 16:15,566.9289559
2/2/2024 16:30,524.3537874
2/2/2024 16:45,565.2392022
2/2/2024 17:00,604.501128
2/2/2024 17:15,584.4560097
2/2/2024 17:30,581.9379453
2/2/2024 17:45,553.974177
2/2/2024 18:00,520.5766908
2/2/2024 18:15,513.4863514
2/2/2024 18:30,557.3205521
2/2/2024 18:45,648.7329178
2/2/2024 19:00,632.0341747
2/2/2024 19:15,645.8172643
2/2/2024 19:30,656.2539787
2/2/2024 19:45,609.934846
2/2/2024 20:00,571.9319524
2/2/2024 20:15,576.9349488
2/2/2024 20:30,665.0340719
2/2/2024 20:45,655.8563896
2/2/2024 21:00,644.9889536
2/2/2024 21:15,640.3835463
2/2/2024 21:30,602.8113742
2/2/2024 21:45,572.7602631
2/2/2024 22:00,576.9349488
2/2/2024 22:15,619.1125282
2/2/2024 22:30,644.1606429
2/2/2024 22:45,578.1939811
2/2/2024 23:00,591.5463491
2/2/2024 23:15,439.9986286
2/2/2024 23:30,155.2916847
2/2/2024 23:45,102.7105233
2/3/2024 0:00,74.71362256
2/3/2024 0:15,88.49671213
2/3/2024 0:30,87.66840146
2/3/2024 0:45,77.66240855
2/3/2024 1:00,83.92443723
2/3/2024 1:15,82.23468346
2/3/2024 1:30,91.84308725
2/3/2024 1:45,84.7527479
2/3/2024 2:00,82.66540501
2/3/2024 2:15,81.83709433
2/3/2024 2:30,96.01777303
2/3/2024 2:45,83.49371568
2/3/2024 3:00,77.231687
2/3/2024 3:15,93.49970859
2/3/2024 3:30,88.09912301
2/3/2024 3:45,89.3250228
2/3/2024 4:00,82.23468346
2/3/2024 4:15,84.7527479
2/3/2024 4:30,79.31902989
2/3/2024 4:45,112.2857946
2/3/2024 5:00,260.9178615
2/3/2024 5:15,314.360466
2/3/2024 5:30,344.4115772
2/3/2024 5:45,344.4115772
2/3/2024 6:00,333.9748627
2/3/2024 6:15,555.2332093
2/3/2024 6:30,1982.975747
2/3/2024 6:45,2013.855169
2/3/2024 7:00,2021.37623
2/3/2024 7:15,2036.418352
2/3/2024 7:30,2378.742586
2/3/2024 7:45,2447.19418
2/3/2024 8:00,2473.501327
2/3/2024 8:15,2463.064612
2/3/2024 8:30,2450.109834
2/3/2024 8:45,2464.323645
2/3/2024 9:00,2426.751473
2/3/2024 9:15,2416.314758
2/3/2024 9:30,2417.143069
2/3/2024 9:45,2406.706354
2/3/2024 10:00,2369.134182
2/3/2024 10:15,2427.579783
2/3/2024 10:30,2369.564904
2/3/2024 10:45,2361.215532
2/3/2024 11:00,2417.57379
2/3/2024 11:15,2380.001618
2/3/2024 11:30,2379.570897
2/3/2024 11:45,2376.224522
2/3/2024 12:00,2354.522782
2/3/2024 12:15,2356.610125
2/3/2024 12:30,2284.381434
2/3/2024 12:45,2200.059408
2/3/2024 13:00,2175.839604
2/3/2024 13:15,2283.983845
2/3/2024 13:30,1920.355461
2/3/2024 13:45,764.7958091
2/3/2024 14:00,723.877262
2/3/2024 14:15,612.0221889
2/3/2024 14:30,224.6047217
2/3/2024 14:45,266.3515795
2/3/2024 15:00,200.3849176
2/3/2024 15:15,236.3004683
2/3/2024 15:30,231.2643395
2/3/2024 15:45,216.6529392
2/3/2024 16:00,211.6499428
2/3/2024 16:15,410.378239
2/3/2024 16:30,558.1488628
2/3/2024 16:45,554.8024877
2/3/2024 17:00,571.5012308
2/3/2024 17:15,549.4019021
2/3/2024 17:30,558.9771735
2/3/2024 17:45,518.4893479
2/3/2024 18:00,495.9592976
2/3/2024 18:15,496.7876083
2/3/2024 18:30,521.4050014
2/3/2024 18:45,590.7180384
2/3/2024 19:00,583.6276991
2/3/2024 19:15,574.0192953
2/3/2024 19:30,562.3235486
2/3/2024 19:45,559.407895
2/3/2024 20:00,494.7002654
2/3/2024 20:15,542.7091519
2/3/2024 20:30,624.9438354
2/3/2024 20:45,594.8927242
2/3/2024 21:00,544.3657732
2/3/2024 21:15,603.6728173
2/3/2024 21:30,631.205864
2/3/2024 21:45,626.2028676
2/3/2024 22:00,544.3657732
2/3/2024 22:15,579.4530133
2/3/2024 22:30,596.5493455
2/3/2024 22:45,564.841613
2/3/2024 23:00,529.3567839
2/3/2024 23:15,326.0562127
2/3/2024 23:30,133.1592235
2/3/2024 23:45,77.66240855
2/4/2024 0:00,65.1383512
2/4/2024 0:15,70.14134765
2/4/2024 0:30,51.75285075
2/4/2024 0:45,62.62028676
2/4/2024 1:00,72.22869055
2/4/2024 1:15,62.62028676
2/4/2024 1:30,54.70163674
2/4/2024 1:45,70.14134765
2/4/2024 2:00,61.79197609
2/4/2024 2:15,58.01487943
2/4/2024 2:30,77.231687
2/4/2024 2:45,62.18956521
2/4/2024 3:00,67.62328321
2/4/2024 3:15,70.14134765
2/4/2024 3:30,56.78897963
2/4/2024 3:45,71.40037987
2/4/2024 4:00,64.2769081
2/4/2024 4:15,56.78897963
2/4/2024 4:30,79.74975144
2/4/2024 4:45,60.53294387
2/4/2024 5:00,58.87632252
2/4/2024 5:15,78.88830834
2/4/2024 5:30,62.18956521
2/4/2024 5:45,59.70463319
2/4/2024 6:00,78.88830834
2/4/2024 6:15,58.87632252
2/4/2024 6:30,72.62627967
2/4/2024 6:45,67.62328321
2/4/2024 7:00,57.6172903
2/4/2024 7:15,76.80096545
2/4/2024 7:30,63.44859743
2/4/2024 7:45,58.01487943
2/4/2024 8:00,80.14734056
2/4/2024 8:15,64.70762965
2/4/2024 8:30,75.14434411
2/4/2024 8:45,65.1383512
2/4/2024 9:00,55.92753653
2/4/2024 9:15,76.80096545
2/4/2024 9:30,60.10222232
2/4/2024 9:45,55.09922586
2/4/2024 10:00,75.14434411
2/4/2024 10:15,55.92753653
2/4/2024 10:30,66.79497254
2/4/2024 10:45,66.36425099
2/4/2024 11:00,56.35825808
2/4/2024 11:15,73.05700122
2/4/2024 11:30,62.18956521
2/4/2024 11:45,52.61429385
2/4/2024 12:00,71.40037987
2/4/2024 12:15,57.6172903
2/4/2024 12:30,52.1835723
2/4/2024 12:45,68.88231543
2/4/2024 13:00,52.1835723
2/4/2024 13:15,49.66550786
2/4/2024 13:30,71.40037987
2/4/2024 13:45,44.6625114
2/4/2024 14:00,47.57816497
2/4/2024 14:15,56.35825808
2/4/2024 14:30,57.18656875
2/4/2024 14:45,48.83719719
2/4/2024 15:00,54.27091519
2/4/2024 15:15,48.83719719
2/4/2024 15:30,60.10222232
2/4/2024 15:45,45.09323295
2/4/2024 16:00,47.57816497
2/4/2024 16:15,48.00888651
2/4/2024 16:30,56.35825808
2/4/2024 16:45,48.83719719
2/4/2024 17:00,46.74985429
2/4/2024 17:15,55.92753653
2/4/2024 17:30,51.35526163
2/4/2024 17:45,54.27091519
2/4/2024 18:00,46.74985429
2/4/2024 18:15,60.96366542
2/4/2024 18:30,48.83719719
2/4/2024 18:45,60.10222232
2/4/2024 19:00,57.6172903
2/4/2024 19:15,48.83719719
2/4/2024 19:30,68.45159388
2/4/2024 19:45,51.75285075
2/4/2024 20:00,48.83719719
2/4/2024 20:15,60.10222232
2/4/2024 20:30,60.10222232
2/4/2024 20:45,59.70463319
2/4/2024 21:00,54.27091519
2/4/2024 21:15,60.10222232
2/4/2024 21:30,67.22569409
2/4/2024 21:45,47.18057584
2/4/2024 22:00,60.53294387
2/4/2024 22:15,78.88830834
2/4/2024 22:30,46.74985429
2/4/2024 22:45,60.96366542
2/4/2024 23:00,71.40037987
2/4/2024 23:15,59.70463319
2/4/2024 23:30,52.1835723
2/4/2024 23:45,69.71062611
2/5/2024 0:00,60.96366542
2/5/2024 0:15,59.70463319
2/5/2024 0:30,72.62627967
2/5/2024 0:45,59.27391165
2/5/2024 1:00,68.88231543
2/5/2024 1:15,66.36425099
2/5/2024 1:30,57.6172903
2/5/2024 1:45,70.14134765
2/5/2024 2:00,65.53594032
2/5/2024 2:15,58.87632252
2/5/2024 2:30,66.79497254
2/5/2024 2:45,62.18956521
2/5/2024 3:00,60.53294387
2/5/2024 3:15,67.22569409
2/5/2024 3:30,66.36425099
2/5/2024 3:45,60.96366542
2/5/2024 4:00,66.79497254
2/5/2024 4:15,68.45159388
2/5/2024 4:30,60.96366542
2/5/2024 4:45,75.14434411
2/5/2024 5:00,62.62028676
2/5/2024 5:15,61.36125454
2/5/2024 5:30,77.231687
2/5/2024 5:45,61.36125454
2/5/2024 6:00,58.44560097
2/5/2024 6:15,77.66240855
2/5/2024 6:30,68.05400476
2/5/2024 6:45,56.35825808
2/5/2024 7:00,76.40337633
2/5/2024 7:15,59.27391165
2/5/2024 7:30,65.53594032
2/5/2024 7:45,70.14134765
2/5/2024 8:00,60.10222232
2/5/2024 8:15,79.74975144
2/5/2024 8:30,61.36125454
2/5/2024 8:45,55.52994741
2/5/2024 9:00,76.40337633
2/5/2024 9:15,59.70463319
2/5/2024 9:30,57.18656875
2/5/2024 9:45,74.71362256
2/5/2024 10:00,54.70163674
2/5/2024 10:15,61.36125454
2/5/2024 10:30,71.797969
2/5/2024 10:45,49.66550786
2/5/2024 11:00,55.52994741
2/5/2024 11:15,70.96965833
2/5/2024 11:30,57.18656875
2/5/2024 11:45,51.75285075
2/5/2024 12:00,61.79197609
2/5/2024 12:15,64.2769081
2/5/2024 12:30,47.18057584
2/5/2024 12:45,54.70163674
2/5/2024 13:00,62.62028676
2/5/2024 13:15,45.92154362
2/5/2024 13:30,54.27091519
2/5/2024 13:45,50.92454008
2/5/2024 14:00,56.78897963
2/5/2024 14:15,50.09622941
2/5/2024 14:30,46.35226517
2/5/2024 14:45,45.49082207
2/5/2024 15:00,55.09922586
2/5/2024 15:15,53.84019364
2/5/2024 15:30,55.52994741
2/5/2024 15:45,47.57816497
2/5/2024 16:00,44.26492228
2/5/2024 16:15,62.62028676
2/5/2024 16:30,45.49082207
2/5/2024 16:45,54.27091519
2/5/2024 17:00,53.84019364
2/5/2024 17:15,60.96366542
2/5/2024 17:30,49.26791874
2/5/2024 17:45,58.01487943
2/5/2024 18:00,46.35226517
2/5/2024 18:15,58.44560097
2/5/2024 18:30,63.05100831
2/5/2024 18:45,48.43960806
2/5/2024 19:00,56.35825808
2/5/2024 19:15,49.66550786
2/5/2024 19:30,62.62028676
2/5/2024 19:45,57.18656875
2/5/2024 20:00,47.18057584
2/5/2024 20:15,63.05100831
2/5/2024 20:30,61.36125454
2/5/2024 20:45,57.6172903
2/5/2024 21:00,50.09622941
2/5/2024 21:15,58.01487943
2/5/2024 21:30,71.797969
2/5/2024 21:45,50.92454008
2/5/2024 22:00,57.6172903
2/5/2024 22:15,51.35526163
2/5/2024 22:30,69.71062611
2/5/2024 22:45,49.66550786
2/5/2024 23:00,59.27391165
2/5/2024 23:15,57.6172903
2/5/2024 23:30,64.70762965
2/5/2024 23:45,55.52994741
2/6/2024 0:00,56.78897963
2/6/2024 0:15,55.09922586
2/6/2024 0:30,70.53893678
2/6/2024 0:45,53.44260452
2/6/2024 1:00,55.52994741
2/6/2024 1:15,59.27391165
2/6/2024 1:30,62.18956521
2/6/2024 1:45,56.78897963
2/6/2024 2:00,62.62028676
2/6/2024 2:15,53.44260452
2/6/2024 2:30,71.40037987
2/6/2024 2:45,58.87632252
2/6/2024 3:00,50.09622941
2/6/2024 3:15,65.1383512
2/6/2024 3:30,63.87931898
2/6/2024 3:45,49.66550786
2/6/2024 4:00,59.27391165
2/6/2024 4:15,67.62328321
2/6/2024 4:30,56.35825808
2/6/2024 4:45,73.48772277
2/6/2024 5:00,123.1532306
2/6/2024 5:15,139.0236631
2/6/2024 5:30,199.9541961
2/6/2024 5:45,1450.70331
2/6/2024 6:00,1843.554495
2/6/2024 6:15,1869.000199
2/6/2024 6:30,1907.400682
2/6/2024 6:45,2531.516206
2/6/2024 7:00,2662.190498
2/6/2024 7:15,2762.382957
2/6/2024 7:30,2892.626527
2/6/2024 7:45,2946.897442
2/6/2024 8:00,3076.312701
2/6/2024 8:15,3123.095688
2/6/2024 8:30,3020.815886
2/6/2024 8:45,2925.626424
2/6/2024 9:00,2842.132708
2/6/2024 9:15,2848.394737
2/6/2024 9:30,2786.172039
2/6/2024 9:45,2843.39174
2/6/2024 10:00,2908.927681
2/6/2024 10:15,2878.445848
2/6/2024 10:30,2787.033482
2/6/2024 10:45,2658.844123
2/6/2024 11:00,2827.090586
2/6/2024 11:15,2814.997251
2/6/2024 11:30,2814.16894
2/6/2024 11:45,2665.967595
2/6/2024 12:00,2696.847016
2/6/2024 12:15,2602.088276
2/6/2024 12:30,2579.955814
2/6/2024 12:45,2632.139387
2/6/2024 13:00,2609.178615
2/6/2024 13:15,2656.359191
2/6/2024 13:30,2560.341418
2/6/2024 13:45,2429.667126
2/6/2024 14:00,1483.272485
2/6/2024 14:15,973.1325092
2/6/2024 14:30,917.1718402
2/6/2024 14:45,936.3886478
2/6/2024 15:00,1014.017924
2/6/2024 15:15,656.6847003
2/6/2024 15:30,582.3686668
2/6/2024 15:45,486.3508938
2/6/2024 16:00,491.3538903
2/6/2024 16:15,489.6972689
2/6/2024 16:30,546.055527
2/6/2024 16:45,539.7934983
2/6/2024 17:00,542.2784304
2/6/2024 17:15,531.0134052
2/6/2024 17:30,462.9594005
2/6/2024 17:45,137.3339093
2/6/2024 18:00,143.1983489
2/6/2024 18:15,130.6742915
2/6/2024 18:30,129.4152593
2/6/2024 18:45,128.9845378
2/6/2024 19:00,131.5026022
2/6/2024 19:15,132.7616344
2/6/2024 19:30,130.24357
2/6/2024 19:45,140.6802844
2/6/2024 20:00,129.4152593
2/6/2024 20:15,129.4152593
2/6/2024 20:30,129.8459808
2/6/2024 20:45,129.8459808
2/6/2024 21:00,140.6802844
2/6/2024 21:15,130.24357
2/6/2024 21:30,135.2465664
2/6/2024 21:45,138.5929415
2/6/2024 22:00,131.9333237
2/6/2024 22:15,141.5085951
2/6/2024 22:30,133.1592235
2/6/2024 22:45,139.0236631
2/6/2024 23:00,128.1562271
2/6/2024 23:15,142.7676273
2/6/2024 23:30,139.8519738
2/6/2024 23:45,78.05999767
2/7/2024 0:00,56.35825808
2/7/2024 0:15,49.66550786
2/7/2024 0:30,65.96666187
2/7/2024 0:45,45.92154362
2/7/2024 1:00,55.52994741
2/7/2024 1:15,61.79197609
2/7/2024 1:30,56.78897963
2/7/2024 1:45,46.35226517
2/7/2024 2:00,56.35825808
2/7/2024 2:15,64.2769081
2/7/2024 2:30,54.70163674
2/7/2024 2:45,55.92753653
2/7/2024 3:00,63.05100831
2/7/2024 3:15,54.70163674
2/7/2024 3:30,60.96366542
2/7/2024 3:45,62.62028676
2/7/2024 4:00,54.70163674
2/7/2024 4:15,55.92753653
2/7/2024 4:30,55.92753653
2/7/2024 4:45,70.14134765
2/7/2024 5:00,56.78897963
2/7/2024 5:15,142.3700382
2/7/2024 5:30,386.158435
2/7/2024 5:45,692.5671186
2/7/2024 6:00,628.720932
2/7/2024 6:15,567.3265451
2/7/2024 6:30,654.1666358
2/7/2024 6:45,744.3531017
2/7/2024 7:00,739.3501053
2/7/2024 7:15,857.467207
2/7/2024 7:30,866.2473002
2/7/2024 7:45,765.2265307
2/7/2024 8:00,778.5788987
2/7/2024 8:15,854.982275
2/7/2024 8:30,2047.683377
2/7/2024 8:45,2422.974376
2/7/2024 9:00,2465.151955
2/7/2024 9:15,2494.374756
2/7/2024 9:30,2496.89282
2/7/2024 9:45,2546.98905
2/7/2024 10:00,2579.955814
2/7/2024 10:15,2556.564321
2/7/2024 10:30,2566.603446
2/7/2024 10:45,2736.07581
2/7/2024 11:00,2714.804792
2/7/2024 11:15,2575.350407
2/7/2024 11:30,2587.476875
2/7/2024 11:45,2685.581991
2/7/2024 12:00,2731.072813
2/7/2024 12:15,2556.995043
2/7/2024 12:30,2567.431757
2/7/2024 12:45,2574.124507
2/7/2024 13:00,2559.082386
2/7/2024 13:15,2517.335528
2/7/2024 13:30,2517.766249
2/7/2024 13:45,2600.398522
2/7/2024 14:00,1267.447857
2/7/2024 14:15,1100.858015
2/7/2024 14:30,836.196189
2/7/2024 14:45,557.3205521
2/7/2024 15:00,369.0289703
2/7/2024 15:15,308.926748
2/7/2024 15:30,272.1828866
2/7/2024 15:45,215.8246285
2/7/2024 16:00,495.5285761
2/7/2024 16:15,544.7964948
2/7/2024 16:30,568.5855773
2/7/2024 16:45,539.3627768
2/7/2024 17:00,566.4982344
2/7/2024 17:15,665.8623825
2/7/2024 17:30,624.1155247
2/7/2024 17:45,610.7631567
2/7/2024 18:00,564.4108915
2/7/2024 18:15,568.1879882
2/7/2024 18:30,608.2450922
2/7/2024 18:45,610.7631567
2/7/2024 19:00,592.8053813
2/7/2024 19:15,550.6278019
2/7/2024 19:30,601.9830635
2/7/2024 19:45,553.974177
2/7/2024 20:00,513.4863514
2/7/2024 20:15,574.4500168
2/7/2024 20:30,601.1547529
2/7/2024 20:45,615.7661531
2/7/2024 21:00,581.9379453
2/7/2024 21:15,580.7120455
2/7/2024 21:30,571.1036417
2/7/2024 21:45,560.2362057
2/7/2024 22:00,505.1369798
2/7/2024 22:15,534.3597803
2/7/2024 22:30,580.7120455
2/7/2024 22:45,579.4530133
2/7/2024 23:00,574.847606
2/7/2024 23:15,203.7312927
2/7/2024 23:30,150.7194098
2/7/2024 23:45,132.3309129
2/8/2024 0:00,84.32202635
2/8/2024 0:15,69.71062611
2/8/2024 0:30,82.23468346
2/8/2024 0:45,70.96965833
2/8/2024 1:00,78.05999767
2/8/2024 1:15,79.74975144
2/8/2024 1:30,77.66240855
2/8/2024 1:45,70.14134765
2/8/2024 2:00,79.31902989
2/8/2024 2:15,78.88830834
2/8/2024 2:30,83.06299413
2/8/2024 2:45,68.45159388
2/8/2024 3:00,78.05999767
2/8/2024 3:15,69.71062611
2/8/2024 3:30,90.58405502
2/8/2024 3:45,70.14134765
2/8/2024 4:00,78.88830834
2/8/2024 4:15,69.31303698
2/8/2024 4:30,93.49970859
2/8/2024 4:45,70.14134765
2/8/2024 5:00,213.3396965
2/8/2024 5:15,406.6011424
2/8/2024 5:30,476.3449009
2/8/2024 5:45,496.7876083
2/8/2024 6:00,556.0615199
2/8/2024 6:15,783.184306
2/8/2024 6:30,772.7475916
2/8/2024 6:45,1058.282846
2/8/2024 7:00,1214.005252
2/8/2024 7:15,1125.077819
2/8/2024 7:30,1196.875788
2/8/2024 7:45,1204.396849
2/8/2024 8:00,1506.630846
2/8/2024 8:15,2826.262276
2/8/2024 8:30,2921.849327
2/8/2024 8:45,3141.451052
2/8/2024 9:00,3020.815886
2/8/2024 9:15,2915.587298
2/8/2024 9:30,2667.624216
2/8/2024 9:45,2703.937356
2/8/2024 10:00,2733.988467
2/8/2024 10:15,2723.551752
2/8/2024 10:30,2567.862479
2/8/2024 10:45,2340.342103
2/8/2024 11:00,2171.267329
2/8/2024 11:15,2139.095743
2/8/2024 11:30,2295.64646
2/8/2024 11:45,2273.116409
2/8/2024 12:00,2270.598345
2/8/2024 12:15,2152.481243
2/8/2024 12:30,2137.0084
2/8/2024 12:45,2181.273322
2/8/2024 13:00,2262.679695
2/8/2024 13:15,2216.32743
2/8/2024 13:30,2187.104629
2/8/2024 13:45,1588.037219
2/8/2024 14:00,739.7476944
2/8/2024 14:15,677.5581292
2/8/2024 14:30,604.8987171
2/8/2024 14:45,511.3990085
2/8/2024 15:00,553.1458664
2/8/2024 15:15,470.9111829
2/8/2024 15:30,233.3516823
2/8/2024 15:45,156.1199953
2/8/2024 16:00,139.8519738
2/8/2024 16:15,141.5085951
2/8/2024 16:30,141.9393167
2/8/2024 16:45,152.3760311
2/8/2024 17:00,139.8519738
2/8/2024 17:15,134.0206666
2/8/2024 17:30,136.1080095
2/8/2024 17:45,146.544724
2/8/2024 18:00,134.4182558
2/8/2024 18:15,134.0206666
2/8/2024 18:30,139.8519738
2/8/2024 18:45,150.2886882
2/8/2024 19:00,134.8489773
2/8/2024 19:15,135.677288
2/8/2024 19:30,148.6320669
2/8/2024 19:45,131.0718806
2/8/2024 20:00,142.3700382
2/8/2024 20:15,129.4152593
2/8/2024 20:30,144.4573811
2/8/2024 20:45,129.8459808
2/8/2024 21:00,129.4152593
2/8/2024 21:15,141.111006
2/8/2024 21:30,130.6742915
2/8/2024 21:45,129.8459808
2/8/2024 22:00,140.6802844
2/8/2024 22:15,128.9845378
2/8/2024 22:30,129.8459808
2/8/2024 22:45,141.111006
2/8/2024 23:00,126.8971949
2/8/2024 23:15,128.5869486
2/8/2024 23:30,147.3730347
2/8/2024 23:45,88.09912301
2/9/2024 0:00,65.53594032
2/9/2024 0:15,79.74975144
2/9/2024 0:30,63.44859743
2/9/2024 0:45,68.88231543
2/9/2024 1:00,78.49071922
2/9/2024 1:15,63.87931898
2/9/2024 1:30,79.74975144
2/9/2024 1:45,76.40337633
2/9/2024 2:00,65.1383512
2/9/2024 2:15,80.14734056
2/9/2024 2:30,63.87931898
2/9/2024 2:45,67.22569409
2/9/2024 3:00,78.49071922
2/9/2024 3:15,63.44859743
2/9/2024 3:30,81.40637279
2/9/2024 3:45,65.1383512
2/9/2024 4:00,70.53893678
2/9/2024 4:15,80.57806211
2/9/2024 4:30,63.05100831
2/9/2024 4:45,83.92443723
2/9/2024 5:00,116.0628913
2/9/2024 5:15,182.0295531
2/9/2024 5:30,1139.258497
2/9/2024 5:45,1793.458266
2/9/2024 6:00,1841.036431
2/9/2024 6:15,1851.473145
2/9/2024 6:30,1876.951981
2/9/2024 6:45,2249.724916
2/9/2024 7:00,2325.730703
2/9/2024 7:15,2311.119303
2/9/2024 7:30,2314.432546
2/9/2024 7:45,2321.953607
2/9/2024 8:00,2296.507903
2/9/2024 8:15,2284.381434
2/9/2024 8:30,2313.604235
2/9/2024 8:45,2258.074288
2/9/2024 9:00,2266.854381
2/9/2024 9:15,2282.724813
2/9/2024 9:30,2247.239984
2/9/2024 9:45,2275.634474
2/9/2024 10:00,2288.158531
2/9/2024 10:15,2284.812156
2/9/2024 10:30,2276.032063
2/9/2024 10:45,2248.896605
2/9/2024 11:00,2256.417666
2/9/2024 11:15,2234.715927
2/9/2024 11:30,2240.149645
2/9/2024 11:45,2263.938727
2/9/2024 12:00,2225.107523
2/9/2024 12:15,2224.676801
2/9/2024 12:30,2204.234094
2/9/2024 12:45,2286.468777
2/9/2024 13:00,2307.772928
2/9/2024 13:15,2239.718923
2/9/2024 13:30,2322.781917
2/9/2024 13:45,2349.917375
2/9/2024 14:00,2108.647042
2/9/2024 14:15,773.1451807
2/9/2024 14:30,682.5611257
2/9/2024 14:45,601.1547529
2/9/2024 15:00,449.6070324
2/9/2024 15:15,353.5892594
2/9/2024 15:30,272.6136082
2/9/2024 15:45,278.8756368
2/9/2024 16:00,282.222012
2/9/2024 16:15,269.2672331
2/9/2024 16:30,273.4419188
2/9/2024 16:45,602.8113742
2/9/2024 17:00,657.9437325
2/9/2024 17:15,649.5943609
2/9/2024 17:30,639.1576465
2/9/2024 17:45,605.3294387
2/9/2024 18:00,588.6306955
2/9/2024 18:15,598.2390993
2/9/2024 18:30,604.8987171
2/9/2024 18:45,652.9076036
2/9/2024 19:00,593.633692
2/9/2024 19:15,607.8475031
2/9/2024 19:30,582.7993884
2/9/2024 19:45,580.281324
2/9/2024 20:00,535.188091
2/9/2024 20:15,577.3656704
2/9/2024 20:30,660.8593861
2/9/2024 20:45,666.2931041
2/9/2024 21:00,656.2539787
2/9/2024 21:15,644.1606429
2/9/2024 21:30,601.5854744
2/9/2024 21:45,589.4590062
2/9/2024 22:00,593.2361029
2/9/2024 22:15,648.7329178
2/9/2024 22:30,680.9045043
2/9/2024 22:45,689.651465
2/9/2024 23:00,553.974177
2/9/2024 23:15,184.9452067
2/9/2024 23:30,197.0385425
2/9/2024 23:45,175.7675245
2/10/2024 0:00,136.1080095
2/10/2024 0:15,134.8489773
2/10/2024 0:30,140.6802844
2/10/2024 0:45,149.029656
2/10/2024 1:00,130.24357
2/10/2024 1:15,136.9363202
2/10/2024 1:30,153.6350633
2/10/2024 1:45,144.4573811
2/10/2024 2:00,139.8519738
2/10/2024 2:15,144.4573811
2/10/2024 2:30,136.1080095
2/10/2024 2:45,149.8579667
2/10/2024 3:00,140.2826953
2/10/2024 3:15,146.9423131
2/10/2024 3:30,142.7676273
2/10/2024 3:45,141.111006
2/10/2024 4:00,142.7676273
2/10/2024 4:15,154.463374
2/10/2024 4:30,135.2465664
2/10/2024 4:45,141.111006
2/10/2024 5:00,181.16811
2/10/2024 5:15,315.6194982
2/10/2024 5:30,434.1673215
2/10/2024 5:45,1812.641941
2/10/2024 6:00,1936.623482
2/10/2024 6:15,2255.986945
2/10/2024 6:30,2284.381434
2/10/2024 6:45,2320.296985
2/10/2024 7:00,2627.533979
2/10/2024 7:15,2743.596871
2/10/2024 7:30,2779.512421
2/10/2024 7:45,2778.684111
2/10/2024 8:00,2761.123924
2/10/2024 8:15,2718.979478
2/10/2024 8:30,2720.636099
2/10/2024 8:45,2722.723442
2/10/2024 9:00,2727.726438
2/10/2024 9:15,2708.940352
2/10/2024 9:30,2655.928469
2/10/2024 9:45,2695.587984
2/10/2024 10:00,2752.774553
2/10/2024 10:15,2744.027592
2/10/2024 10:30,2755.292617
2/10/2024 10:45,2706.024699
2/10/2024 11:00,2697.675327
2/10/2024 11:15,2723.551752
2/10/2024 11:30,2653.443537
2/10/2024 11:45,2637.573105
2/10/2024 12:00,2626.705669
2/10/2024 12:15,2593.738904
2/10/2024 12:30,2614.181611
2/10/2024 12:45,1995.069083
2/10/2024 13:00,1257.839453
2/10/2024 13:15,1166.824677
2/10/2024 13:30,831.5907817
2/10/2024 13:45,677.5581292
2/10/2024 14:00,625.772146
2/10/2024 14:15,584.8867313
2/10/2024 14:30,533.1007481
2/10/2024 14:45,615.7661531
2/10/2024 15:00,661.2569752
2/10/2024 15:15,647.507018
2/10/2024 15:30,597.8083778
2/10/2024 15:45,531.8417159
2/10/2024 16:00,521.0074123
2/10/2024 16:15,635.3805498
2/10/2024 16:30,625.3745569
2/10/2024 16:45,574.4500168
2/10/2024 17:00,571.9319524
2/10/2024 17:15,570.275331
2/10/2024 17:30,524.7513765
2/10/2024 17:45,324.3664589
2/10/2024 18:00,153.2043418
2/10/2024 18:15,153.6350633
2/10/2024 18:30,159.4663705
2/10/2024 18:45,134.8489773
2/10/2024 19:00,143.595938
2/10/2024 19:15,145.2856918
2/10/2024 19:30,136.9363202
2/10/2024 19:45,152.8067527
2/10/2024 20:00,138.5929415
2/10/2024 20:15,145.2856918
2/10/2024 20:30,138.1953524
2/10/2024 20:45,135.2465664
2/10/2024 21:00,159.0687813
2/10/2024 21:15,128.9845378
2/10/2024 21:30,146.544724
2/10/2024 21:45,125.2405735
2/10/2024 22:00,141.9393167
2/10/2024 22:15,133.5899451
2/10/2024 22:30,128.9845378
2/10/2024 22:45,147.7706238
2/10/2024 23:00,124.4122628
2/10/2024 23:15,144.8549702
2/10/2024 23:30,126.0688842
2/10/2024 23:45,108.9725519
2/11/2024 0:00,57.6172903
2/11/2024 0:15,62.62028676
2/11/2024 0:30,68.05400476
2/11/2024 0:45,58.87632252
2/11/2024 1:00,76.40337633
2/11/2024 1:15,57.18656875
2/11/2024 1:30,78.49071922
2/11/2024 1:45,53.84019364
2/11/2024 2:00,76.80096545
2/11/2024 2:15,57.6172903
2/11/2024 2:30,74.31603344
2/11/2024 2:45,63.05100831
2/11/2024 3:00,65.1383512
2/11/2024 3:15,72.62627967
2/11/2024 3:30,54.70163674
2/11/2024 3:45,77.66240855
2/11/2024 4:00,63.87931898
2/11/2024 4:15,78.88830834
2/11/2024 4:30,56.78897963
2/11/2024 4:45,78.49071922
2/11/2024 5:00,60.96366542
2/11/2024 5:15,75.97265478
2/11/2024 5:30,56.35825808
2/11/2024 5:45,72.62627967
2/11/2024 6:00,64.70762965
2/11/2024 6:15,67.22569409
2/11/2024 6:30,71.40037987
2/11/2024 6:45,61.36125454
2/11/2024 7:00,75.14434411
2/11/2024 7:15,56.78897963
2/11/2024 7:30,78.49071922
2/11/2024 7:45,55.92753653
2/11/2024 8:00,73.48772277
2/11/2024 8:15,55.92753653
2/11/2024 8:30,78.05999767
2/11/2024 8:45,56.35825808
2/11/2024 9:00,76.40337633
2/11/2024 9:15,57.6172903
2/11/2024 9:30,76.40337633
2/11/2024 9:45,55.92753653
2/11/2024 10:00,71.797969
2/11/2024 10:15,60.53294387
2/11/2024 10:30,65.1383512
2/11/2024 10:45,65.53594032
2/11/2024 11:00,57.6172903
2/11/2024 11:15,74.71362256
2/11/2024 11:30,55.09922586
2/11/2024 11:45,73.88531189
2/11/2024 12:00,55.92753653
2/11/2024 12:15,72.62627967
2/11/2024 12:30,55.09922586
2/11/2024 12:45,73.88531189
2/11/2024 13:00,55.92753653
2/11/2024 13:15,57.18656875
2/11/2024 13:30,67.22569409
2/11/2024 13:45,62.62028676
2/11/2024 14:00,73.48772277
2/11/2024 14:15,56.35825808
2/11/2024 14:30,74.71362256
2/11/2024 14:45,54.70163674
2/11/2024 15:00,60.96366542
2/11/2024 15:15,80.57806211
2/11/2024 15:30,54.70163674
2/11/2024 15:45,73.05700122
2/11/2024 16:00,54.27091519
2/11/2024 16:15,74.31603344
2/11/2024 16:30,53.01188297
2/11/2024 16:45,63.87931898
2/11/2024 17:00,65.53594032
2/11/2024 17:15,58.44560097
2/11/2024 17:30,74.71362256
2/11/2024 17:45,53.01188297
2/11/2024 18:00,75.97265478
2/11/2024 18:15,59.70463319
2/11/2024 18:30,86.40936924
2/11/2024 18:45,61.79197609
2/11/2024 19:00,58.87632252
2/11/2024 19:15,72.22869055
2/11/2024 19:30,57.18656875
2/11/2024 19:45,75.97265478
2/11/2024 20:00,58.44560097
2/11/2024 20:15,86.40936924
2/11/2024 20:30,69.71062611
2/11/2024 20:45,65.1383512
2/11/2024 21:00,65.1383512
2/11/2024 21:15,57.18656875
2/11/2024 21:30,75.97265478
2/11/2024 21:45,59.27391165
2/11/2024 22:00,77.231687
2/11/2024 22:15,70.96965833
2/11/2024 22:30,82.66540501
2/11/2024 22:45,57.6172903
2/11/2024 23:00,63.05100831
2/11/2024 23:15,67.62328321
2/11/2024 23:30,58.44560097
2/11/2024 23:45,85.58105857
2/12/2024 0:00,71.40037987
2/12/2024 0:15,75.97265478
2/12/2024 0:30,59.27391165
2/12/2024 0:45,81.83709433
2/12/2024 1:00,57.6172903
2/12/2024 1:15,83.92443723
2/12/2024 1:30,67.62328321
2/12/2024 1:45,61.79197609
2/12/2024 2:00,73.48772277
2/12/2024 2:15,59.27391165
2/12/2024 2:30,93.93043014
2/12/2024 2:45,60.53294387
2/12/2024 3:00,76.40337633
2/12/2024 3:15,58.87632252
2/12/2024 3:30,81.83709433
2/12/2024 3:45,72.22869055
2/12/2024 4:00,77.66240855
2/12/2024 4:15,56.78897963
2/12/2024 4:30,71.797969
2/12/2024 4:45,80.97565124
2/12/2024 5:00,65.1383512
2/12/2024 5:15,72.22869055
2/12/2024 5:30,67.22569409
2/12/2024 5:45,97.27680525
2/12/2024 6:00,58.01487943
2/12/2024 6:15,77.66240855
2/12/2024 6:30,58.44560097
2/12/2024 6:45,90.58405502
2/12/2024 7:00,67.62328321
2/12/2024 7:15,75.97265478
2/12/2024 7:30,57.6172903
2/12/2024 7:45,83.49371568
2/12/2024 8:00,71.40037987
2/12/2024 8:15,75.97265478
2/12/2024 8:30,58.01487943
2/12/2024 8:45,80.97565124
2/12/2024 9:00,71.797969
2/12/2024 9:15,68.88231543
2/12/2024 9:30,64.2769081
2/12/2024 9:45,67.22569409
2/12/2024 10:00,80.97565124
2/12/2024 10:15,58.44560097
2/12/2024 10:30,72.62627967
2/12/2024 10:45,54.70163674
2/12/2024 11:00,85.58105857
2/12/2024 11:15,61.79197609
2/12/2024 11:30,73.05700122
2/12/2024 11:45,60.53294387
2/12/2024 12:00,75.57506566
2/12/2024 12:15,54.27091519
2/12/2024 12:30,63.05100831
2/12/2024 12:45,64.70762965
2/12/2024 13:00,55.92753653
2/12/2024 13:15,70.96965833
2/12/2024 13:30,49.66550786
2/12/2024 13:45,70.53893678
2/12/2024 14:00,58.44560097
2/12/2024 14:15,50.92454008
2/12/2024 14:30,68.45159388
2/12/2024 14:45,55.92753653
2/12/2024 15:00,52.1835723
2/12/2024 15:15,66.36425099
2/12/2024 15:30,55.52994741
2/12/2024 15:45,55.92753653
2/12/2024 16:00,65.1383512
2/12/2024 16:15,54.70163674
2/12/2024 16:30,56.78897963
2/12/2024 16:45,63.05100831
2/12/2024 17:00,55.09922586
2/12/2024 17:15,68.45159388
2/12/2024 17:30,57.18656875
2/12/2024 17:45,55.09922586
2/12/2024 18:00,70.96965833
2/12/2024 18:15,51.75285075
2/12/2024 18:30,58.01487943
2/12/2024 18:45,72.22869055
2/12/2024 19:00,50.92454008
2/12/2024 19:15,58.01487943
2/12/2024 19:30,72.22869055
2/12/2024 19:45,51.75285075
2/12/2024 20:00,67.22569409
2/12/2024 20:15,64.2769081
2/12/2024 20:30,52.61429385
2/12/2024 20:45,72.62627967
2/12/2024 21:00,58.01487943
2/12/2024 21:15,53.84019364
2/12/2024 21:30,71.797969
2/12/2024 21:45,56.35825808
2/12/2024 22:00,65.53594032
2/12/2024 22:15,68.45159388
2/12/2024 22:30,68.45159388
2/12/2024 22:45,73.88531189
2/12/2024 23:00,58.87632252
2/12/2024 23:15,60.96366542
2/12/2024 23:30,68.88231543
2/12/2024 23:45,55.09922586
2/13/2024 0:00,79.31902989
2/13/2024 0:15,74.71362256
2/13/2024 0:30,62.62028676
2/13/2024 0:45,68.88231543
2/13/2024 1:00,58.44560097
2/13/2024 1:15,70.14134765
2/13/2024 1:30,66.36425099
2/13/2024 1:45,88.92743368
2/13/2024 2:00,62.62028676
2/13/2024 2:15,58.87632252
2/13/2024 2:30,75.97265478
2/13/2024 2:45,54.27091519
2/13/2024 3:00,83.49371568
2/13/2024 3:15,76.80096545
2/13/2024 3:30,80.14734056
2/13/2024 3:45,72.22869055
2/13/2024 4:00,57.18656875
2/13/2024 4:15,76.40337633
2/13/2024 4:30,53.44260452
2/13/2024 4:45,90.1864659
2/13/2024 5:00,122.32492
2/13/2024 5:15,212.908975
2/13/2024 5:30,1270.7611
2/13/2024 5:45,1810.98532
2/13/2024 6:00,1864.825513
2/13/2024 6:15,1836.861745
2/13/2024 6:30,1831.428027
2/13/2024 6:45,2220.104526
2/13/2024 7:00,2331.131289
2/13/2024 7:15,2450.109834
2/13/2024 7:30,2468.89592
2/13/2024 7:45,2437.585776
2/13/2024 8:00,2474.760359
2/13/2024 8:15,2325.299982
2/13/2024 8:30,2346.173411
2/13/2024 8:45,2271.857377
2/13/2024 9:00,2292.730806
2/13/2024 9:15,2263.508006
2/13/2024 9:30,2306.083174
2/13/2024 9:45,2288.986842
2/13/2024 10:00,2327.818046
2/13/2024 10:15,2292.730806
2/13/2024 10:30,2301.908488
2/13/2024 10:45,2303.16752
2/13/2024 11:00,2225.107523
2/13/2024 11:15,2043.07797
2/13/2024 11:30,2034.728598
2/13/2024 11:45,2099.436228
2/13/2024 12:00,2135.351778
2/13/2024 12:15,2007.195551
2/13/2024 12:30,2013.45758
2/13/2024 12:45,2020.117198
2/13/2024 13:00,2070.213427
2/13/2024 13:15,2064.812842
2/13/2024 13:30,2001.331112
2/13/2024 13:45,2027.638259
2/13/2024 14:00,1770.895083
2/13/2024 14:15,762.7084662
2/13/2024 14:30,770.2295271
2/13/2024 14:45,684.6484686
2/13/2024 15:00,591.5463491
2/13/2024 15:15,345.2398878
2/13/2024 15:30,293.4870371
2/13/2024 15:45,256.7431757
2/13/2024 16:00,193.2945783
2/13/2024 16:15,212.908975
2/13/2024 16:30,199.1258854
2/13/2024 16:45,212.4782534
2/13/2024 17:00,209.5625999
2/13/2024 17:15,216.6529392
2/13/2024 17:30,196.6409534
2/13/2024 17:45,219.6017252
2/13/2024 18:00,194.5536105
2/13/2024 18:15,219.1710037
2/13/2024 18:30,200.8156392
2/13/2024 18:45,201.2132283
2/13/2024 19:00,202.9029821
2/13/2024 19:15,200.8156392
2/13/2024 19:30,208.3035676
2/13/2024 19:45,200.3849176
2/13/2024 20:00,209.5625999
2/13/2024 20:15,190.3789247
2/13/2024 20:30,221.2583465
2/13/2024 20:45,189.9482032
2/13/2024 21:00,222.5173788
2/13/2024 21:15,184.9452067
2/13/2024 21:30,206.6469463
2/13/2024 21:45,185.7735174
2/13/2024 22:00,214.1680072
2/13/2024 22:15,175.3368029
2/13/2024 22:30,165.7283991
2/13/2024 22:45,133.5899451
2/13/2024 23:00,155.2916847
2/13/2024 23:15,130.6742915
2/13/2024 23:30,163.2434671
2/13/2024 23:45,78.49071922
2/14/2024 0:00,98.53583747
2/14/2024 0:15,67.62328321
2/14/2024 0:30,83.49371568
2/14/2024 0:45,71.40037987
2/14/2024 1:00,86.01178012
2/14/2024 1:15,77.231687
2/14/2024 1:30,88.92743368
2/14/2024 1:45,87.66840146
2/14/2024 2:00,68.45159388
2/14/2024 2:15,88.49671213
2/14/2024 2:30,68.88231543
2/14/2024 2:45,94.75874081
2/14/2024 3:00,64.2769081
2/14/2024 3:15,101.8490802
2/14/2024 3:30,63.44859743
2/14/2024 3:45,90.58405502
2/14/2024 4:00,65.1383512
2/14/2024 4:15,96.8460837
2/14/2024 4:30,72.62627967
2/14/2024 4:45,86.84009079
2/14/2024 5:00,153.6350633
2/14/2024 5:15,181.5988316
2/14/2024 5:30,279.7039475
2/14/2024 5:45,1407.69742
2/14/2024 6:00,1869.000199
2/14/2024 6:15,2118.653035
2/14/2024 6:30,2152.878832
2/14/2024 6:45,2415.486448
2/14/2024 7:00,2488.543449
2/14/2024 7:15,2471.413984
2/14/2024 7:30,2650.925473
2/14/2024 7:45,2571.175721
2/14/2024 8:00,2476.416981
2/14/2024 8:15,2517.766249
2/14/2024 8:30,2587.046154
2/14/2024 8:45,2444.709248
2/14/2024 9:00,2471.413984
2/14/2024 9:15,2446.365869
2/14/2024 9:30,2415.486448
2/14/2024 9:45,2415.055726
2/14/2024 10:00,2627.13639
2/14/2024 10:15,2635.883351
2/14/2024 10:30,2543.211953
2/14/2024 10:45,2458.889927
2/14/2024 11:00,2434.272534
2/14/2024 11:15,2602.916586
2/14/2024 11:30,2562.428761
2/14/2024 11:45,2447.624902
2/14/2024 12:00,2339.48066
2/14/2024 12:15,2338.65235
2/14/2024 12:30,2367.87515
2/14/2024 12:45,2457.630894
2/14/2024 13:00,2535.690892
2/14/2024 13:15,2452.197176
2/14/2024 13:30,2371.652247
2/14/2024 13:45,2410.450319
2/14/2024 14:00,1997.587148
2/14/2024 14:15,1051.590096
2/14/2024 14:30,941.3916443
2/14/2024 14:45,1061.629221
2/14/2024 15:00,1149.297623
2/14/2024 15:15,894.64179
2/14/2024 15:30,664.2057612
2/14/2024 15:45,566.4982344
2/14/2024 16:00,524.7513765
2/14/2024 16:15,506.7936012
2/14/2024 16:30,547.7121484
2/14/2024 16:45,583.1969775
2/14/2024 17:00,581.5403562
2/14/2024 17:15,594.0644135
2/14/2024 17:30,570.6729202
2/14/2024 17:45,533.9290588
2/14/2024 18:00,508.483355
2/14/2024 18:15,526.4411303
2/14/2024 18:30,540.1910875
2/14/2024 18:45,602.4137851
2/14/2024 19:00,576.5373597
2/14/2024 19:15,602.4137851
2/14/2024 19:30,566.1006453
2/14/2024 19:45,533.9290588
2/14/2024 20:00,510.968287
2/14/2024 20:15,520.5766908
2/14/2024 20:30,594.8927242
2/14/2024 20:45,585.2843204
2/14/2024 21:00,596.1517564
2/14/2024 21:15,551.489245
2/14/2024 21:30,558.1488628
2/14/2024 21:45,531.8417159
2/14/2024 22:00,521.835723
2/14/2024 22:15,521.0074123
2/14/2024 22:30,577.3656704
2/14/2024 22:45,512.2273192
2/14/2024 23:00,356.1073238
2/14/2024 23:15,137.3339093
2/14/2024 23:30,149.4603775
2/14/2024 23:45,88.92743368
2/15/2024 0:00,73.05700122
2/15/2024 0:15,47.18057584
2/15/2024 0:30,79.74975144
2/15/2024 0:45,48.43960806
2/15/2024 1:00,70.53893678
2/15/2024 1:15,49.26791874
2/15/2024 1:30,70.96965833
2/15/2024 1:45,51.35526163
2/15/2024 2:00,69.71062611
2/15/2024 2:15,51.75285075
2/15/2024 2:30,70.53893678
2/15/2024 2:45,50.52695096
2/15/2024 3:00,71.797969
2/15/2024 3:15,51.35526163
2/15/2024 3:30,72.62627967
2/15/2024 3:45,53.44260452
2/15/2024 4:00,69.71062611
2/15/2024 4:15,56.78897963
2/15/2024 4:30,64.2769081
2/15/2024 4:45,63.44859743
2/15/2024 5:00,108.5418304
2/15/2024 5:15,171.9904278
2/15/2024 5:30,218.7402821
2/15/2024 5:45,252.9992115
2/15/2024 6:00,247.1347719
2/15/2024 6:15,389.5048101
2/15/2024 6:30,1188.957138
2/15/2024 6:45,1742.500593
2/15/2024 7:00,2393.353986
2/15/2024 7:15,2402.531669
2/15/2024 7:30,2468.89592
2/15/2024 7:45,2441.362873
2/15/2024 8:00,2453.456209
2/15/2024 8:15,2429.236405
2/15/2024 8:30,2462.236302
2/15/2024 8:45,2406.275633
2/15/2024 9:00,2567.001036
2/15/2024 9:15,2541.555332
2/15/2024 9:30,2486.025384
2/15/2024 9:45,2435.929155
2/15/2024 10:00,2453.05862
2/15/2024 10:15,2395.441329
2/15/2024 10:30,2442.621905
2/15/2024 10:45,2534.862581
2/15/2024 11:00,2413.796694
2/15/2024 11:15,2421.317755
2/15/2024 11:30,2487.284417
2/15/2024 11:45,2352.435439
2/15/2024 12:00,2296.905492
2/15/2024 12:15,2304.426553
2/15/2024 12:30,2355.781814
2/15/2024 12:45,2370.393215
2/15/2024 13:00,2514.419874
2/15/2024 13:15,2273.94472
2/15/2024 13:30,1049.105164
2/15/2024 13:45,965.1807267
2/15/2024 14:00,988.1414986
2/15/2024 14:15,1163.909023
2/15/2024 14:30,1109.207386
2/15/2024 14:45,918.4308725
2/15/2024 15:00,872.0786073
2/15/2024 15:15,660.0310754
2/15/2024 15:30,657.0822894
2/15/2024 15:45,572.7602631
2/15/2024 16:00,493.043644
2/15/2024 16:15,501.7906047
2/15/2024 16:30,546.4531161
2/15/2024 16:45,562.3235486
2/15/2024 17:00,544.7964948
2/15/2024 17:15,534.3597803
2/15/2024 17:30,489.6972689
2/15/2024 17:45,465.4774649
2/15/2024 18:00,477.5708007
2/15/2024 18:15,455.8690611
2/15/2024 18:30,476.74249
2/15/2024 18:45,488.8689583
2/15/2024 19:00,334.8031734
2/15/2024 19:15,141.5085951
2/15/2024 19:30,146.9423131
2/15/2024 19:45,145.2856918
2/15/2024 20:00,130.24357
2/15/2024 20:15,152.3760311
2/15/2024 20:30,132.3309129
2/15/2024 20:45,156.5507169
2/15/2024 21:00,131.5026022
2/15/2024 21:15,151.5477204
2/15/2024 21:30,134.8489773
2/15/2024 21:45,149.4603775
2/15/2024 22:00,127.3279164
2/15/2024 22:15,147.3730347
2/15/2024 22:30,126.0688842
2/15/2024 22:45,141.5085951
2/15/2024 23:00,131.5026022
2/15/2024 23:15,130.6742915
2/15/2024 23:30,126.8971949
2/15/2024 23:45,93.93043014
2/16/2024 0:00,60.53294387
2/16/2024 0:15,52.61429385
2/16/2024 0:30,60.96366542
2/16/2024 0:45,48.43960806
2/16/2024 1:00,64.70762965
2/16/2024 1:15,46.35226517
2/16/2024 1:30,68.45159388
2/16/2024 1:45,46.35226517
2/16/2024 2:00,70.96965833
2/16/2024 2:15,45.09323295
2/16/2024 2:30,68.88231543
2/16/2024 2:45,46.35226517
2/16/2024 3:00,68.45159388
2/16/2024 3:15,44.6625114
2/16/2024 3:30,68.88231543
2/16/2024 3:45,48.43960806
2/16/2024 4:00,67.22569409
2/16/2024 4:15,46.35226517
2/16/2024 4:30,70.14134765
2/16/2024 4:45,46.35226517
2/16/2024 5:00,84.32202635
2/16/2024 5:15,96.44849458
2/16/2024 5:30,115.2345806
2/16/2024 5:45,141.111006
2/16/2024 6:00,197.4692641
2/16/2024 6:15,170.7313956
2/16/2024 6:30,278.0473262
2/16/2024 6:45,746.4404446
2/16/2024 7:00,745.612134
2/16/2024 7:15,584.0252882
2/16/2024 7:30,582.7993884
2/16/2024 7:45,576.5373597
2/16/2024 8:00,563.5825808
2/16/2024 8:15,899.2140649
2/16/2024 8:30,1909.488025
2/16/2024 8:45,2063.951399
2/16/2024 9:00,2086.08386
2/16/2024 9:15,2049.339998
2/16/2024 9:30,1918.268118
2/16/2024 9:45,1952.924636
2/16/2024 10:00,1936.225893
2/16/2024 10:15,1994.240772
2/16/2024 10:30,2078.99352
2/16/2024 10:45,2029.725602
2/16/2024 11:00,2073.162213
2/16/2024 11:15,1978.37034
2/16/2024 11:30,1982.147437
2/16/2024 11:45,2072.30077
2/16/2024 12:00,1924.530146
2/16/2024 12:15,1936.623482
2/16/2024 12:30,1925.789179
2/16/2024 12:45,1956.6686
2/16/2024 13:00,885.8616969
2/16/2024 13:15,620.7691496
2/16/2024 13:30,592.3746598
2/16/2024 13:45,603.6728173
2/16/2024 14:00,505.9652905
2/16/2024 14:15,255.4841435
2/16/2024 14:30,256.3124542
2/16/2024 14:45,238.3878112
2/16/2024 15:00,259.6588293
2/16/2024 15:15,235.0414361
2/16/2024 15:30,233.3516823
2/16/2024 15:45,215.8246285
2/16/2024 16:00,543.1398735
2/16/2024 16:15,560.6669273
2/16/2024 16:30,572.3626739
2/16/2024 16:45,556.8898306
2/16/2024 17:00,569.4138879
2/16/2024 17:15,567.7572666
2/16/2024 17:30,558.5795844
2/16/2024 17:45,544.3657732
2/16/2024 18:00,499.7032618
2/16/2024 18:15,521.0074123
2/16/2024 18:30,551.0585235
2/16/2024 18:45,588.199974
2/16/2024 19:00,572.3626739
2/16/2024 19:15,579.8506024
2/16/2024 19:30,564.841613
2/16/2024 19:45,540.1910875
2/16/2024 20:00,516.8327265
2/16/2024 20:15,527.269441
2/16/2024 20:30,589.4590062
2/16/2024 20:45,569.4138879
2/16/2024 21:00,578.1939811
2/16/2024 21:15,553.974177
2/16/2024 21:30,566.9289559
2/16/2024 21:45,510.5706979
2/16/2024 22:00,470.4804614
2/16/2024 22:15,534.3597803
2/16/2024 22:30,544.3657732
2/16/2024 22:45,530.6158161
2/16/2024 23:00,286.3966977
2/16/2024 23:15,153.6350633
2/16/2024 23:30,128.9845378
2/16/2024 23:45,96.8460837
2/17/2024 0:00,56.78897963
2/17/2024 0:15,76.80096545
2/17/2024 0:30,57.18656875
2/17/2024 0:45,75.14434411
2/17/2024 1:00,62.18956521
2/17/2024 1:15,70.96965833
2/17/2024 1:30,66.36425099
2/17/2024 1:45,68.88231543
2/17/2024 2:00,67.62328321
2/17/2024 2:15,67.22569409
2/17/2024 2:30,71.40037987
2/17/2024 2:45,67.62328321
2/17/2024 3:00,69.71062611
2/17/2024 3:15,67.62328321
2/17/2024 3:30,71.797969
2/17/2024 3:45,66.79497254
2/17/2024 4:00,71.40037987
2/17/2024 4:15,68.05400476
2/17/2024 4:30,70.53893678
2/17/2024 4:45,71.797969
2/17/2024 5:00,114.8038591
2/17/2024 5:15,146.9423131
2/17/2024 5:30,144.8549702
2/17/2024 5:45,327.2821125
2/17/2024 6:00,331.0592091
2/17/2024 6:15,707.1785188
2/17/2024 6:30,1952.096326
2/17/2024 6:45,2207.149747
2/17/2024 7:00,2263.938727
2/17/2024 7:15,2252.673702
2/17/2024 7:30,2231.369551
2/17/2024 7:45,2256.848388
2/17/2024 8:00,2243.462887
2/17/2024 8:15,2265.197759
2/17/2024 8:30,2247.239984
2/17/2024 8:45,2265.595348
2/17/2024 9:00,2224.676801
2/17/2024 9:15,2243.462887
2/17/2024 9:30,2176.667915
2/17/2024 9:45,2207.978058
2/17/2024 10:00,2248.499016
2/17/2024 10:15,2256.848388
2/17/2024 10:30,2243.065298
2/17/2024 10:45,1935.397582
2/17/2024 11:00,908.4248795
2/17/2024 11:15,856.6388964
2/17/2024 11:30,807.8016992
2/17/2024 11:45,833.2805354
2/17/2024 12:00,763.1391878
2/17/2024 12:15,821.1540672
2/17/2024 12:30,764.7958091
2/17/2024 12:45,845.8045928
2/17/2024 13:00,801.9703921
2/17/2024 13:15,778.5788987
2/17/2024 13:30,790.6722345
2/17/2024 13:45,769.4012165
2/17/2024 14:00,753.1000624
2/17/2024 14:15,761.449434
2/17/2024 14:30,721.7899191
2/17/2024 14:45,710.1273048
2/17/2024 15:00,782.3228629
2/17/2024 15:15,692.9978401
2/17/2024 15:30,662.946729
2/17/2024 15:45,584.0252882
2/17/2024 16:00,509.7423872
2/17/2024 16:15,561.4952379
2/17/2024 16:30,601.5854744
2/17/2024 16:45,604.0704064
2/17/2024 17:00,589.4590062
2/17/2024 17:15,622.8564925
2/17/2024 17:30,579.4530133
2/17/2024 17:45,449.6070324
2/17/2024 18:00,202.041539
2/17/2024 18:15,213.7372856
2/17/2024 18:30,199.9541961
2/17/2024 18:45,194.5536105
2/17/2024 19:00,207.9059785
2/17/2024 19:15,199.1258854
2/17/2024 19:30,189.9482032
2/17/2024 19:45,212.0806643
2/17/2024 20:00,192.0355461
2/17/2024 20:15,197.8668532
2/17/2024 20:30,210.8216321
2/17/2024 20:45,192.8638567
2/17/2024 21:00,202.9029821
2/17/2024 21:15,195.3819212
2/17/2024 21:30,189.1198925
2/17/2024 21:45,209.9933214
2/17/2024 22:00,182.4271423
2/17/2024 22:15,189.5174816
2/17/2024 22:30,185.3427958
2/17/2024 22:45,129.4152593
2/17/2024 23:00,150.2886882
2/17/2024 23:15,126.8971949
2/17/2024 23:30,143.1983489
2/17/2024 23:45,97.67439437
2/18/2024 0:00,57.6172903
2/18/2024 0:15,72.22869055
2/18/2024 0:30,57.6172903
2/18/2024 0:45,73.88531189
2/18/2024 1:00,56.35825808
2/18/2024 1:15,70.14134765
2/18/2024 1:30,62.62028676
2/18/2024 1:45,58.44560097
2/18/2024 2:00,74.31603344
2/18/2024 2:15,61.36125454
2/18/2024 2:30,73.88531189
2/18/2024 2:45,58.01487943
2/18/2024 3:00,74.31603344
2/18/2024 3:15,58.87632252
2/18/2024 3:30,65.1383512
2/18/2024 3:45,68.05400476
2/18/2024 4:00,58.87632252
2/18/2024 4:15,75.14434411
2/18/2024 4:30,57.6172903
2/18/2024 4:45,74.31603344
2/18/2024 5:00,60.96366542
2/18/2024 5:15,74.31603344
2/18/2024 5:30,58.01487943
2/18/2024 5:45,75.57506566
2/18/2024 6:00,61.36125454
2/18/2024 6:15,70.14134765
2/18/2024 6:30,63.05100831
2/18/2024 6:45,67.22569409
2/18/2024 7:00,70.14134765
2/18/2024 7:15,58.87632252
2/18/2024 7:30,79.31902989
2/18/2024 7:45,58.44560097
2/18/2024 8:00,73.88531189
2/18/2024 8:15,56.78897963
2/18/2024 8:30,76.40337633
2/18/2024 8:45,56.35825808
2/18/2024 9:00,73.05700122
2/18/2024 9:15,54.27091519
2/18/2024 9:30,75.97265478
2/18/2024 9:45,53.84019364
2/18/2024 10:00,74.31603344
2/18/2024 10:15,53.44260452
2/18/2024 10:30,75.57506566
2/18/2024 10:45,50.92454008
2/18/2024 11:00,71.40037987
2/18/2024 11:15,57.18656875
2/18/2024 11:30,59.70463319
2/18/2024 11:45,64.2769081
2/18/2024 12:00,51.35526163
2/18/2024 12:15,73.48772277
2/18/2024 12:30,50.09622941
2/18/2024 12:45,71.40037987
2/18/2024 13:00,54.27091519
2/18/2024 13:15,67.22569409
2/18/2024 13:30,56.78897963
2/18/2024 13:45,50.52695096
2/18/2024 14:00,71.40037987
2/18/2024 14:15,52.1835723
2/18/2024 14:30,67.62328321
2/18/2024 14:45,53.84019364
2/18/2024 15:00,52.1835723
2/18/2024 15:15,68.88231543
2/18/2024 15:30,51.75285075
2/18/2024 15:45,60.96366542
2/18/2024 16:00,61.79197609
2/18/2024 16:15,50.52695096
2/18/2024 16:30,68.05400476
2/18/2024 16:45,58.44560097
2/18/2024 17:00,50.52695096
2/18/2024 17:15,73.48772277
2/18/2024 17:30,53.44260452
2/18/2024 17:45,66.79497254
2/18/2024 18:00,61.36125454
2/18/2024 18:15,51.75285075
2/18/2024 18:30,71.40037987
2/18/2024 18:45,56.78897963
2/18/2024 19:00,60.96366542
2/18/2024 19:15,65.1383512
2/18/2024 19:30,54.70163674
2/18/2024 19:45,71.797969
2/18/2024 20:00,55.52994741
2/18/2024 20:15,59.27391165
2/18/2024 20:30,68.45159388
2/18/2024 20:45,55.09922586
2/18/2024 21:00,70.53893678
2/18/2024 21:15,57.6172903
2/18/2024 21:30,66.79497254
2/18/2024 21:45,61.79197609
2/18/2024 22:00,54.27091519
2/18/2024 22:15,70.53893678
2/18/2024 22:30,58.44560097
2/18/2024 22:45,71.40037987
2/18/2024 23:00,55.52994741
2/18/2024 23:15,60.10222232
2/18/2024 23:30,68.88231543
2/18/2024 23:45,55.92753653
2/19/2024 0:00,71.797969
2/19/2024 0:15,55.92753653
2/19/2024 0:30,74.31603344
2/19/2024 0:45,53.01188297
2/19/2024 1:00,64.70762965
2/19/2024 1:15,68.88231543
2/19/2024 1:30,58.01487943
2/19/2024 1:45,77.231687
2/19/2024 2:00,53.84019364
2/19/2024 2:15,78.88830834
2/19/2024 2:30,53.44260452
2/19/2024 2:45,68.45159388
2/19/2024 3:00,63.87931898
2/19/2024 3:15,53.84019364
2/19/2024 3:30,75.14434411
2/19/2024 3:45,54.27091519
2/19/2024 4:00,78.05999767
2/19/2024 4:15,54.27091519
2/19/2024 4:30,75.57506566
2/19/2024 4:45,59.70463319
2/19/2024 5:00,74.71362256
2/19/2024 5:15,58.01487943
2/19/2024 5:30,65.96666187
2/19/2024 5:45,67.22569409
2/19/2024 6:00,58.44560097
2/19/2024 6:15,71.40037987
2/19/2024 6:30,58.01487943
2/19/2024 6:45,75.97265478
2/19/2024 7:00,56.78897963
2/19/2024 7:15,74.31603344
2/19/2024 7:30,55.52994741
2/19/2024 7:45,76.40337633
2/19/2024 8:00,51.35526163
2/19/2024 8:15,78.49071922
2/19/2024 8:30,54.27091519
2/19/2024 8:45,79.31902989
2/19/2024 9:00,93.49970859
2/19/2024 9:15,110.1984517
2/19/2024 9:30,94.36115169
2/19/2024 9:45,86.40936924
2/19/2024 10:00,104.3671446
2/19/2024 10:15,86.40936924
2/19/2024 10:30,96.01777303
2/19/2024 10:45,83.49371568
2/19/2024 11:00,92.27380879
2/19/2024 11:15,90.58405502
2/19/2024 11:30,73.05700122
2/19/2024 11:45,91.84308725
2/19/2024 12:00,83.06299413
2/19/2024 12:15,71.40037987
2/19/2024 12:30,89.75574435
2/19/2024 12:45,75.97265478
2/19/2024 13:00,86.01178012
2/19/2024 13:15,77.66240855
2/19/2024 13:30,70.14134765
2/19/2024 13:45,86.01178012
2/19/2024 14:00,78.49071922
2/19/2024 14:15,72.22869055
2/19/2024 14:30,75.97265478
2/19/2024 14:45,79.31902989
2/19/2024 15:00,73.05700122
2/19/2024 15:15,72.22869055
2/19/2024 15:30,78.49071922
2/19/2024 15:45,76.40337633
2/19/2024 16:00,72.62627967
2/19/2024 16:15,77.66240855
2/19/2024 16:30,75.14434411
2/19/2024 16:45,74.71362256
2/19/2024 17:00,82.23468346
2/19/2024 17:15,71.797969
2/19/2024 17:30,75.57506566
2/19/2024 17:45,86.01178012
2/19/2024 18:00,69.31303698
2/19/2024 18:15,73.05700122
2/19/2024 18:30,84.7527479
2/19/2024 18:45,76.40337633
2/19/2024 19:00,68.88231543
2/19/2024 19:15,83.92443723
2/19/2024 19:30,80.14734056
2/19/2024 19:45,71.40037987
2/19/2024 20:00,81.83709433
2/19/2024 20:15,84.32202635
2/19/2024 20:30,79.31902989
2/19/2024 20:45,81.83709433
2/19/2024 21:00,73.48772277
2/19/2024 21:15,80.57806211
2/19/2024 21:30,84.7527479
2/19/2024 21:45,70.96965833
2/19/2024 22:00,78.49071922
2/19/2024 22:15,90.58405502
2/19/2024 22:30,68.88231543
2/19/2024 22:45,75.97265478
2/19/2024 23:00,89.3250228
2/19/2024 23:15,75.97265478
2/19/2024 23:30,69.31303698
2/19/2024 23:45,91.4123657
2/20/2024 0:00,77.66240855
2/20/2024 0:15,71.40037987
2/20/2024 0:30,91.4123657
2/20/2024 0:45,75.57506566
2/20/2024 1:00,72.22869055
2/20/2024 1:15,90.1864659
2/20/2024 1:30,75.97265478
2/20/2024 1:45,74.71362256
2/20/2024 2:00,88.92743368
2/20/2024 2:15,73.88531189
2/20/2024 2:30,91.84308725
2/20/2024 2:45,75.97265478
2/20/2024 3:00,70.96965833
2/20/2024 3:15,91.84308725
2/20/2024 3:30,75.57506566
2/20/2024 3:45,78.05999767
2/20/2024 4:00,89.3250228
2/20/2024 4:15,75.57506566
2/20/2024 4:30,82.66540501
2/20/2024 4:45,86.01178012
2/20/2024 5:00,96.8460837
2/20/2024 5:15,196.6409534
2/20/2024 5:30,321.8815269
2/20/2024 5:45,1220.267281
2/20/2024 6:00,1802.635948
2/20/2024 6:15,1813.470252
2/20/2024 6:30,1838.949088
2/20/2024 6:45,2189.191972
2/20/2024 7:00,2210.496123
2/20/2024 7:15,2318.209642
2/20/2024 7:30,2401.272636
2/20/2024 7:45,2382.917272
2/20/2024 8:00,2379.570897
2/20/2024 8:15,2413.399105
2/20/2024 8:30,2365.390218
2/20/2024 8:45,2327.387325
2/20/2024 9:00,2346.604132
2/20/2024 9:15,2314.863267
2/20/2024 9:30,2291.074185
2/20/2024 9:45,2344.086068
2/20/2024 10:00,2357.040847
2/20/2024 10:15,2337.824039
2/20/2024 10:30,2306.083174
2/20/2024 10:45,2256.848388
2/20/2024 11:00,2258.505009
2/20/2024 11:15,1859.822517
2/20/2024 11:30,871.2502966
2/20/2024 11:45,800.2806383
2/20/2024 12:00,778.5788987
2/20/2024 12:15,748.097066
2/20/2024 12:30,774.8349345
2/20/2024 12:45,804.8860456
2/20/2024 13:00,1016.105267
2/20/2024 13:15,1126.336851
2/20/2024 13:30,1078.725554
2/20/2024 13:45,1095.424297
2/20/2024 14:00,989.8312523
2/20/2024 14:15,1036.150385
2/20/2024 14:30,893.3827577
2/20/2024 14:45,943.4789872
2/20/2024 15:00,986.8824663
2/20/2024 15:15,931.3856514
2/20/2024 15:30,633.7239285
2/20/2024 15:45,579.8506024
2/20/2024 16:00,544.7964948
2/20/2024 16:15,596.9800671
2/20/2024 16:30,575.2783275
2/20/2024 16:45,579.0222917
2/20/2024 17:00,550.2302128
2/20/2024 17:15,321.4508054
2/20/2024 17:30,192.4662676
2/20/2024 17:45,192.8638567
2/20/2024 18:00,213.3396965
2/20/2024 18:15,191.6048245
2/20/2024 18:30,204.1288819
2/20/2024 18:45,204.1288819
2/20/2024 19:00,195.3819212
2/20/2024 19:15,208.7342892
2/20/2024 19:30,190.7765138
2/20/2024 19:45,196.2102318
2/20/2024 20:00,204.5596034
2/20/2024 20:15,193.2945783
2/20/2024 20:30,206.2162248
2/20/2024 20:45,191.2072354
2/20/2024 21:00,217.5143823
2/20/2024 21:15,196.2102318
2/20/2024 21:30,194.9511996
2/20/2024 21:45,213.7372856
2/20/2024 22:00,187.8608603
2/20/2024 22:15,220.4300359
2/20/2024 22:30,168.2464636
2/20/2024 22:45,162.8127456
2/20/2024 23:00,158.2073382
2/20/2024 23:15,156.1199953
2/20/2024 23:30,161.9844349
2/20/2024 23:45,118.1502342
2/21/2024 0:00,96.44849458
2/21/2024 0:15,68.45159388
2/21/2024 0:30,69.71062611
2/21/2024 0:45,84.7527479
2/21/2024 1:00,76.40337633
2/21/2024 1:15,84.7527479
2/21/2024 1:30,68.88231543
2/21/2024 1:45,94.75874081
2/21/2024 2:00,67.22569409
2/21/2024 2:15,88.49671213
2/21/2024 2:30,80.57806211
2/21/2024 2:45,67.22569409
2/21/2024 3:00,96.44849458
2/21/2024 3:15,73.48772277
2/21/2024 3:30,93.93043014
2/21/2024 3:45,69.71062611
2/21/2024 4:00,94.75874081
2/21/2024 4:15,65.96666187
2/21/2024 4:30,82.66540501
2/21/2024 4:45,82.23468346
2/21/2024 5:00,74.31603344
2/21/2024 5:15,113.9755484
2/21/2024 5:30,156.9814384
2/21/2024 5:45,166.5567098
2/21/2024 6:00,190.7765138
2/21/2024 6:15,1386.426402
2/21/2024 6:30,1589.726973
2/21/2024 6:45,1699.097114
2/21/2024 7:00,2043.07797
2/21/2024 7:15,2021.37623
2/21/2024 7:30,2038.505695
2/21/2024 7:45,2023.065984
2/21/2024 8:00,2028.897291
2/21/2024 8:15,2021.806952
2/21/2024 8:30,2023.065984
2/21/2024 8:45,2046.026756
2/21/2024 9:00,2059.379124
2/21/2024 9:15,2023.463573
2/21/2024 9:30,2029.725602
2/21/2024 9:45,2062.294777
2/21/2024 10:00,2001.761833
2/21/2024 10:15,2073.990524
2/21/2024 10:30,2103.213324
2/21/2024 10:45,2039.334005
2/21/2024 11:00,2236.372548
2/21/2024 11:15,2261.023074
2/21/2024 11:30,2249.724916
2/21/2024 11:45,2276.860374
2/21/2024 12:00,2253.899602
2/21/2024 12:15,2254.330323
2/21/2024 12:30,2241.375544
2/21/2024 12:45,2299.423556
2/21/2024 13:00,2296.905492
2/21/2024 13:15,2247.637573
2/21/2024 13:30,2287.72781
2/21/2024 13:45,2242.236987
2/21/2024 14:00,1936.623482
2/21/2024 14:15,728.0519477
2/21/2024 14:30,692.1695295
2/21/2024 14:45,405.7728317
2/21/2024 15:00,245.4781506
2/21/2024 15:15,188.6891709
2/21/2024 15:30,151.1169989
2/21/2024 15:45,225.8637539
2/21/2024 16:00,222.5173788
2/21/2024 16:15,225.8637539
2/21/2024 16:30,259.6588293
2/21/2024 16:45,278.0473262
2/21/2024 17:00,313.1014338
2/21/2024 17:15,407.0318639
2/21/2024 17:30,521.835723
2/21/2024 17:45,459.2154362
2/21/2024 18:00,481.3478974
2/21/2024 18:15,455.0407504
2/21/2024 18:30,472.9985258
2/21/2024 18:45,498.4442296
2/21/2024 19:00,507.2243227
2/21/2024 19:15,520.5766908
2/21/2024 19:30,502.2213263
2/21/2024 19:45,510.968287
2/21/2024 20:00,462.5618113
2/21/2024 20:15,500.5315725
2/21/2024 20:30,500.9622941
2/21/2024 20:45,523.4923443
2/21/2024 21:00,512.2273192
2/21/2024 21:15,505.9652905
2/21/2024 21:30,513.0556299
2/21/2024 21:45,473.8268365
2/21/2024 22:00,492.1822009
2/21/2024 22:15,493.8719547
2/21/2024 22:30,517.2303157
2/21/2024 22:45,479.6581436
2/21/2024 23:00,515.5736943
2/21/2024 23:15,402.0288675
2/21/2024 23:30,187.4301387
2/21/2024 23:45,108.5418304
2/22/2024 0:00,97.27680525
2/22/2024 0:15,83.49371568
2/22/2024 0:30,78.49071922
2/22/2024 0:45,95.18946236
2/22/2024 1:00,81.83709433
2/22/2024 1:15,92.67139792
2/22/2024 1:30,79.31902989
2/22/2024 1:45,102.7105233
2/22/2024 2:00,82.23468346
2/22/2024 2:15,96.44849458
2/22/2024 2:30,96.01777303
2/22/2024 2:45,101.0207695
2/22/2024 3:00,82.66540501
2/22/2024 3:15,103.936423
2/22/2024 3:30,74.31603344
2/22/2024 3:45,100.1924588
2/22/2024 4:00,88.92743368
2/22/2024 4:15,96.8460837
2/22/2024 4:30,90.1864659
2/22/2024 4:45,95.58705148
2/22/2024 5:00,111.0598948
2/22/2024 5:15,152.8067527
2/22/2024 5:30,1216.920906
2/22/2024 5:45,1907.400682
2/22/2024 6:00,1903.656717
2/22/2024 6:15,1920.355461
2/22/2024 6:30,1961.274008
2/22/2024 6:45,2187.966072
2/22/2024 7:00,2750.289621
2/22/2024 7:15,2812.909908
2/22/2024 7:30,2804.129815
2/22/2024 7:45,2683.494648
2/22/2024 8:00,2829.608651
2/22/2024 8:15,2810.822565
2/22/2024 8:30,2771.16305
2/22/2024 8:45,2771.99136
2/22/2024 9:00,2763.641989
2/22/2024 9:15,2713.115038
2/22/2024 9:30,2704.368077
2/22/2024 9:45,2724.413196
2/22/2024 10:00,2766.988364
2/22/2024 10:15,2739.422185
2/22/2024 10:30,2719.807788
2/22/2024 10:45,2696.847016
2/22/2024 11:00,2737.765564
2/22/2024 11:15,2718.979478
2/22/2024 11:30,2355.351093
2/22/2024 11:45,2685.15127
2/22/2024 12:00,2708.112042
2/22/2024 12:15,2662.621219
2/22/2024 12:30,2683.494648
2/22/2024 12:45,1813.900973
2/22/2024 13:00,1294.583315
2/22/2024 13:15,1194.390856
2/22/2024 13:30,812.8046956
2/22/2024 13:45,720.9616084
2/22/2024 14:00,696.7418044
2/22/2024 14:15,736.8320409
2/22/2024 14:30,662.946729
2/22/2024 14:45,708.0399619
2/22/2024 15:00,622.4589033
2/22/2024 15:15,582.7993884
2/22/2024 15:30,586.9740742
2/22/2024 15:45,564.4108915
2/22/2024 16:00,641.2449894
2/22/2024 16:15,637.0703036
2/22/2024 16:30,661.2569752
2/22/2024 16:45,618.6818067
2/22/2024 17:00,584.4560097
2/22/2024 17:15,544.7964948
2/22/2024 17:30,176.1651136
2/22/2024 17:45,151.9453096
2/22/2024 18:00,161.5537134
2/22/2024 18:15,210.8216321
2/22/2024 18:30,203.7312927
2/22/2024 18:45,224.1740001
2/22/2024 19:00,221.6890681
2/22/2024 19:15,202.9029821
2/22/2024 19:30,212.0806643
2/22/2024 19:45,181.5988316
2/22/2024 20:00,220.4300359
2/22/2024 20:15,197.4692641
2/22/2024 20:30,192.0355461
2/22/2024 20:45,202.041539
2/22/2024 21:00,192.0355461
2/22/2024 21:15,210.8216321
2/22/2024 21:30,210.8216321
2/22/2024 21:45,242.1317755
2/22/2024 22:00,231.695061
2/22/2024 22:15,227.0896537
2/22/2024 22:30,226.261343
2/22/2024 22:45,232.5233717
2/22/2024 23:00,188.6891709
2/22/2024 23:15,171.5928387
2/22/2024 23:30,192.8638567
2/22/2024 23:45,132.3309129
2/23/2024 0:00,140.6802844
2/23/2024 0:15,123.1532306
2/23/2024 0:30,130.24357
2/23/2024 0:45,132.7616344
2/23/2024 1:00,141.9393167
2/23/2024 1:15,120.6351662
2/23/2024 1:30,134.0206666
2/23/2024 1:45,117.3219235
2/23/2024 2:00,126.0688842
2/23/2024 2:15,134.4182558
2/23/2024 2:30,123.5839522
2/23/2024 2:45,137.3339093
2/23/2024 3:00,119.8068555
2/23/2024 3:15,138.5929415
2/23/2024 3:30,122.32492
2/23/2024 3:45,128.5869486
2/23/2024 4:00,118.5478233
2/23/2024 4:15,142.3700382
2/23/2024 4:30,121.4966093
2/23/2024 4:45,139.4212522
2/23/2024 5:00,116.4604804
2/23/2024 5:15,138.5929415
2/23/2024 5:30,131.0718806
2/23/2024 5:45,136.1080095
2/23/2024 6:00,120.2375771
2/23/2024 6:15,132.7616344
2/23/2024 6:30,130.6742915
2/23/2024 6:45,131.5026022
2/23/2024 7:00,133.5899451
2/23/2024 7:15,128.1562271
2/23/2024 7:30,124.4122628
2/23/2024 7:45,130.6742915
2/23/2024 8:00,147.7706238
2/23/2024 8:15,127.758638
2/23/2024 8:30,135.2465664
2/23/2024 8:45,130.24357
2/23/2024 9:00,129.4152593
2/23/2024 9:15,125.2405735
2/23/2024 9:30,128.1562271
2/23/2024 9:45,126.8971949
2/23/2024 10:00,130.6742915
2/23/2024 10:15,132.7616344
2/23/2024 10:30,133.5899451
2/23/2024 10:45,169.0747742
2/23/2024 11:00,140.6802844
2/23/2024 11:15,143.1983489
2/23/2024 11:30,138.1953524
2/23/2024 11:45,143.595938
2/23/2024 12:00,128.5869486
2/23/2024 12:15,149.029656
2/23/2024 12:30,126.4996057
2/23/2024 12:45,147.7706238
2/23/2024 13:00,131.5026022
2/23/2024 13:15,151.9453096
2/23/2024 13:30,139.8519738
2/23/2024 13:45,141.5085951
2/23/2024 14:00,132.3309129
2/23/2024 14:15,131.5026022
2/23/2024 14:30,130.6742915
2/23/2024 14:45,136.1080095
2/23/2024 15:00,136.5055986
2/23/2024 15:15,123.9815413
2/23/2024 15:30,137.3339093
2/23/2024 15:45,131.5026022
2/23/2024 16:00,141.9393167
2/23/2024 16:15,122.32492
2/23/2024 16:30,152.3760311
2/23/2024 16:45,126.0688842
2/23/2024 17:00,152.3760311
2/23/2024 17:15,134.4182558
2/23/2024 17:30,146.1140024
2/23/2024 17:45,131.5026022
2/23/2024 18:00,150.7194098
2/23/2024 18:15,124.809852
2/23/2024 18:30,154.0326525
2/23/2024 18:45,130.24357
2/23/2024 19:00,163.2434671
2/23/2024 19:15,142.7676273
2/23/2024 19:30,140.6802844
2/23/2024 19:45,146.1140024
2/23/2024 20:00,144.8549702
2/23/2024 20:15,145.2856918
2/23/2024 20:30,151.9453096
2/23/2024 20:45,141.9393167
2/23/2024 21:00,147.3730347
2/23/2024 21:15,147.7706238
2/23/2024 21:30,175.3368029
2/23/2024 21:45,130.6742915
2/23/2024 22:00,155.7224062
2/23/2024 22:15,142.7676273
2/23/2024 22:30,161.9844349
2/23/2024 22:45,137.3339093
2/23/2024 23:00,154.0326525
2/23/2024 23:15,139.4212522
2/23/2024 23:30,163.6410562
2/23/2024 23:45,139.0236631
2/24/2024 0:00,163.6410562
2/24/2024 0:15,154.463374
2/24/2024 0:30,163.6410562
2/24/2024 0:45,137.3339093
2/24/2024 1:00,158.6380598
2/24/2024 1:15,137.3339093
2/24/2024 1:30,160.7254027
2/24/2024 1:45,142.3700382
2/24/2024 2:00,159.897092
2/24/2024 2:15,149.029656
2/24/2024 2:30,155.2916847
2/24/2024 2:45,150.7194098
2/24/2024 3:00,166.1591207
2/24/2024 3:15,156.1199953
2/24/2024 3:30,154.463374
2/24/2024 3:45,159.0687813
2/24/2024 4:00,144.4573811
2/24/2024 4:15,166.5567098
2/24/2024 4:30,139.8519738
2/24/2024 4:45,166.1591207
2/24/2024 5:00,141.5085951
2/24/2024 5:15,168.6440527
2/24/2024 5:30,143.1983489
2/24/2024 5:45,170.3338065
2/24/2024 6:00,158.2073382
2/24/2024 6:15,162.8127456
2/24/2024 6:30,151.1169989
2/24/2024 6:45,155.7224062
2/24/2024 7:00,158.6380598
2/24/2024 7:15,149.029656
2/24/2024 7:30,160.2946811
2/24/2024 7:45,141.111006
2/24/2024 8:00,176.9934243
2/24/2024 8:15,141.5085951
2/24/2024 8:30,168.6440527
2/24/2024 8:45,141.111006
2/24/2024 9:00,181.5988316
2/24/2024 9:15,140.2826953
2/24/2024 9:30,164.4693669
2/24/2024 9:45,145.6832809
2/24/2024 10:00,156.9814384
2/24/2024 10:15,151.5477204
2/24/2024 10:30,149.4603775
2/24/2024 10:45,164.9000885
2/24/2024 11:00,147.3730347
2/24/2024 11:15,160.7254027
2/24/2024 11:30,144.4573811
2/24/2024 11:45,174.0777707
2/24/2024 12:00,143.595938
2/24/2024 12:15,161.9844349
2/24/2024 12:30,136.1080095
2/24/2024 12:45,164.9000885
2/24/2024 13:00,137.7646309
2/24/2024 13:15,161.9844349
2/24/2024 13:30,141.111006
2/24/2024 13:45,161.9844349
2/24/2024 14:00,136.1080095
2/24/2024 14:15,160.2946811
2/24/2024 14:30,140.2826953
2/24/2024 14:45,171.9904278
2/24/2024 15:00,139.8519738
2/24/2024 15:15,158.6380598
2/24/2024 15:30,145.2856918
2/24/2024 15:45,154.0326525
2/24/2024 16:00,148.2013453
2/24/2024 16:15,148.6320669
2/24/2024 16:30,153.2043418
2/24/2024 16:45,144.8549702
2/24/2024 17:00,156.5507169
2/24/2024 17:15,148.2013453
2/24/2024 17:30,174.5084923
2/24/2024 17:45,145.2856918
2/24/2024 18:00,158.2073382
2/24/2024 18:15,145.2856918
2/24/2024 18:30,158.2073382
2/24/2024 18:45,143.595938
2/24/2024 19:00,165.7283991
2/24/2024 19:15,143.595938
2/24/2024 19:30,162.382024
2/24/2024 19:45,137.7646309
2/24/2024 20:00,174.5084923
2/24/2024 20:15,141.9393167
2/24/2024 20:30,163.2434671
2/24/2024 20:45,137.7646309
2/24/2024 21:00,165.7283991
2/24/2024 21:15,138.5929415
2/24/2024 21:30,164.0717778
2/24/2024 21:45,141.111006
2/24/2024 22:00,162.8127456
2/24/2024 22:15,138.1953524
2/24/2024 22:30,163.6410562
2/24/2024 22:45,143.1983489
2/24/2024 23:00,173.6801816
2/24/2024 23:15,138.5929415
2/24/2024 23:30,165.7283991
2/24/2024 23:45,140.2826953
2/25/2024 0:00,165.33081
2/25/2024 0:15,139.0236631
2/25/2024 0:30,166.9874314
2/25/2024 0:45,145.2856918
2/25/2024 1:00,163.6410562
2/25/2024 1:15,140.6802844
2/25/2024 1:30,165.7283991
2/25/2024 1:45,152.8067527
2/25/2024 2:00,164.4693669
2/25/2024 2:15,142.3700382
2/25/2024 2:30,164.0717778
2/25/2024 2:45,139.8519738
2/25/2024 3:00,163.6410562
2/25/2024 3:15,141.111006
2/25/2024 3:30,165.7283991
2/25/2024 3:45,139.4212522
2/25/2024 4:00,166.5567098
2/25/2024 4:15,139.4212522
2/25/2024 4:30,177.4241458
2/25/2024 4:45,141.111006
2/25/2024 5:00,165.33081
2/25/2024 5:15,141.9393167
2/25/2024 5:30,162.382024
2/25/2024 5:45,143.1983489
2/25/2024 6:00,159.897092
2/25/2024 6:15,143.595938
2/25/2024 6:30,162.8127456
2/25/2024 6:45,144.0266595
2/25/2024 7:00,156.9814384
2/25/2024 7:15,163.2434671
2/25/2024 7:30,158.2073382
2/25/2024 7:45,144.8549702
2/25/2024 8:00,154.0326525
2/25/2024 8:15,146.544724
2/25/2024 8:30,154.463374
2/25/2024 8:45,147.3730347
2/25/2024 9:00,153.2043418
2/25/2024 9:15,147.3730347
2/25/2024 9:30,151.9453096
2/25/2024 9:45,145.6832809
2/25/2024 10:00,160.7254027
2/25/2024 10:15,151.5477204
2/25/2024 10:30,149.8579667
2/25/2024 10:45,144.4573811
2/25/2024 11:00,149.8579667
2/25/2024 11:15,147.7706238
2/25/2024 11:30,141.9393167
2/25/2024 11:45,139.0236631
2/25/2024 12:00,148.2013453
2/25/2024 12:15,140.2826953
2/25/2024 12:30,142.7676273
2/25/2024 12:45,140.6802844
2/25/2024 13:00,150.7194098
2/25/2024 13:15,131.0718806
2/25/2024 13:30,148.6320669
2/25/2024 13:45,128.5869486
2/25/2024 14:00,151.9453096
2/25/2024 14:15,134.4182558
2/25/2024 14:30,150.7194098
2/25/2024 14:45,134.0206666
2/25/2024 15:00,154.463374
2/25/2024 15:15,135.2465664
2/25/2024 15:30,161.5537134
2/25/2024 15:45,136.1080095
2/25/2024 16:00,156.9814384
2/25/2024 16:15,128.1562271
2/25/2024 16:30,155.7224062
2/25/2024 16:45,136.9363202
2/25/2024 17:00,157.3790276
2/25/2024 17:15,128.9845378
2/25/2024 17:30,154.463374
2/25/2024 17:45,141.9393167
2/25/2024 18:00,150.2886882
2/25/2024 18:15,159.897092
2/25/2024 18:30,144.0266595
2/25/2024 18:45,151.5477204
2/25/2024 19:00,141.5085951
2/25/2024 19:15,158.2073382
2/25/2024 19:30,138.5929415
2/25/2024 19:45,147.3730347
2/25/2024 20:00,139.4212522
2/25/2024 20:15,159.4663705
2/25/2024 20:30,138.1953524
2/25/2024 20:45,160.2946811
2/25/2024 21:00,148.6320669
2/25/2024 21:15,153.2043418
2/25/2024 21:30,137.3339093
2/25/2024 21:45,161.9844349
2/25/2024 22:00,143.1983489
2/25/2024 22:15,159.897092
2/25/2024 22:30,137.7646309
2/25/2024 22:45,159.0687813
2/25/2024 23:00,133.1592235
2/25/2024 23:15,158.6380598
2/25/2024 23:30,148.6320669
2/25/2024 23:45,166.1591207
2/26/2024 0:00,138.1953524
2/26/2024 0:15,161.1561242
2/26/2024 0:30,140.6802844
2/26/2024 0:45,157.3790276
2/26/2024 1:00,134.4182558
2/26/2024 1:15,156.9814384
2/26/2024 1:30,141.9393167
2/26/2024 1:45,153.6350633
2/26/2024 2:00,144.8549702
2/26/2024 2:15,159.4663705
2/26/2024 2:30,154.8940956
2/26/2024 2:45,144.0266595
2/26/2024 3:00,144.4573811
2/26/2024 3:15,145.6832809
2/26/2024 3:30,151.9453096
2/26/2024 3:45,139.8519738
2/26/2024 4:00,157.8097491
2/26/2024 4:15,137.7646309
2/26/2024 4:30,159.4663705
2/26/2024 4:45,141.111006
2/26/2024 5:00,171.5928387
2/26/2024 5:15,139.4212522
2/26/2024 5:30,159.4663705
2/26/2024 5:45,136.5055986
2/26/2024 6:00,156.1199953
2/26/2024 6:15,136.5055986
2/26/2024 6:30,161.1561242
2/26/2024 6:45,141.9393167
2/26/2024 7:00,163.6410562
2/26/2024 7:15,138.5929415
2/26/2024 7:30,162.8127456
2/26/2024 7:45,143.595938
2/26/2024 8:00,167.4181529
2/26/2024 8:15,137.3339093
2/26/2024 8:30,160.7254027
2/26/2024 8:45,150.7194098
2/26/2024 9:00,193.2945783
2/26/2024 9:15,174.0777707
2/26/2024 9:30,179.0807672
2/26/2024 9:45,154.0326525
2/26/2024 10:00,156.9814384
2/26/2024 10:15,154.0326525
2/26/2024 10:30,155.7224062
2/26/2024 10:45,158.6380598
2/26/2024 11:00,154.0326525
2/26/2024 11:15,152.8067527
2/26/2024 11:30,156.1199953
2/26/2024 11:45,147.3730347
2/26/2024 12:00,160.7254027
2/26/2024 12:15,151.9453096
2/26/2024 12:30,151.9453096
2/26/2024 12:45,146.544724
2/26/2024 13:00,149.8579667
2/26/2024 13:15,149.029656
2/26/2024 13:30,173.24946
2/26/2024 13:45,142.3700382
2/26/2024 14:00,153.6350633
2/26/2024 14:15,142.7676273
2/26/2024 14:30,154.8940956
2/26/2024 14:45,139.4212522
2/26/2024 15:00,158.2073382
2/26/2024 15:15,138.1953524
2/26/2024 15:30,159.0687813
2/26/2024 15:45,140.6802844
2/26/2024 16:00,163.2434671
2/26/2024 16:15,150.7194098
2/26/2024 16:30,158.6380598
2/26/2024 16:45,141.9393167
2/26/2024 17:00,161.1561242
2/26/2024 17:15,136.5055986
2/26/2024 17:30,161.9844349
2/26/2024 17:45,138.5929415
2/26/2024 18:00,160.2946811
2/26/2024 18:15,137.3339093
2/26/2024 18:30,164.0717778
2/26/2024 18:45,142.7676273
2/26/2024 19:00,176.9934243
2/26/2024 19:15,144.8549702
2/26/2024 19:30,165.7283991
2/26/2024 19:45,150.7194098
2/26/2024 20:00,161.1561242
2/26/2024 20:15,139.8519738
2/26/2024 20:30,162.8127456
2/26/2024 20:45,137.3339093
2/26/2024 21:00,164.9000885
2/26/2024 21:15,136.5055986
2/26/2024 21:30,160.7254027
2/26/2024 21:45,155.2916847
2/26/2024 22:00,168.6440527
2/26/2024 22:15,142.3700382
2/26/2024 22:30,161.9844349
2/26/2024 22:45,140.6802844
2/26/2024 23:00,161.9844349
2/26/2024 23:15,139.4212522
2/26/2024 23:30,168.2464636
2/26/2024 23:45,145.6832809
2/27/2024 0:00,162.382024
2/27/2024 0:15,139.8519738
2/27/2024 0:30,183.2554529
2/27/2024 0:45,148.2013453
2/27/2024 1:00,164.4693669
2/27/2024 1:15,141.9393167
2/27/2024 1:30,173.24946
2/27/2024 1:45,142.7676273
2/27/2024 2:00,167.4181529
2/27/2024 2:15,144.4573811
2/27/2024 2:30,171.9904278
2/27/2024 2:45,146.9423131
2/27/2024 3:00,172.4211494
2/27/2024 3:15,150.2886882
2/27/2024 3:30,179.5114887
2/27/2024 3:45,149.029656
2/27/2024 4:00,171.9904278
2/27/2024 4:15,141.5085951
2/27/2024 4:30,176.5958351
2/27/2024 4:45,148.6320669
2/27/2024 5:00,169.5054958
2/27/2024 5:15,165.33081
2/27/2024 5:30,187.8608603
2/27/2024 5:45,176.5958351
2/27/2024 6:00,319.794184
2/27/2024 6:15,868.7653646
2/27/2024 6:30,1924.530146
2/27/2024 6:45,2071.07487
2/27/2024 7:00,2192.538347
2/27/2024 7:15,2369.962493
2/27/2024 7:30,2694.759673
2/27/2024 7:45,2726.069817
2/27/2024 8:00,2702.678324
2/27/2024 8:15,2736.07581
2/27/2024 8:30,2721.06682
2/27/2024 8:45,2718.979478
2/27/2024 9:00,2698.503638
2/27/2024 9:15,2679.319963
2/27/2024 9:30,2674.714555
2/27/2024 9:45,2680.976584
2/27/2024 10:00,2672.627212
2/27/2024 10:15,2682.666338
2/27/2024 10:30,2700.193391
2/27/2024 10:45,2604.175618
2/27/2024 11:00,2643.404412
2/27/2024 11:15,2610.006926
2/27/2024 11:30,2688.497645
2/27/2024 11:45,2813.307497
2/27/2024 12:00,2723.982474
2/27/2024 12:15,2624.618326
2/27/2024 12:30,2582.473879
2/27/2024 12:45,2568.690789
2/27/2024 13:00,2668.054937
2/27/2024 13:15,2650.097162
2/27/2024 13:30,1721.229575
2/27/2024 13:45,1096.683329
2/27/2024 14:00,1069.547871
2/27/2024 14:15,958.5211089
2/27/2024 14:30,547.3145592
2/27/2024 14:45,469.2214291
2/27/2024 15:00,371.1163132
2/27/2024 15:15,384.0710921
2/27/2024 15:30,365.7157276
2/27/2024 15:45,322.279116
2/27/2024 16:00,271.7852975
2/27/2024 16:15,306.0110944
2/27/2024 16:30,282.6196011
2/27/2024 16:45,311.4448124
2/27/2024 17:00,295.9719691
2/27/2024 17:15,318.1044302
2/27/2024 17:30,292.2280049
2/27/2024 17:45,329.8001769
2/27/2024 18:00,279.7039475
2/27/2024 18:15,315.6194982
2/27/2024 18:30,285.1376655
2/27/2024 18:45,316.4478089
2/27/2024 19:00,293.4870371
2/27/2024 19:15,303.9237516
2/27/2024 19:30,307.2701267
2/27/2024 19:45,308.926748
2/27/2024 20:00,302.2339978
2/27/2024 20:15,306.0110944
2/27/2024 20:30,303.49303
2/27/2024 20:45,314.360466
2/27/2024 21:00,327.2821125
2/27/2024 21:15,298.4900335
2/27/2024 21:30,323.5381482
2/27/2024 21:45,292.6587264
2/27/2024 22:00,320.6224947
2/27/2024 22:15,299.7490658
2/27/2024 22:30,328.1435556
2/27/2024 22:45,291.3996942
2/27/2024 23:00,321.8815269
2/27/2024 23:15,307.6677158
2/27/2024 23:30,270.0955437
2/27/2024 23:45,227.9510968
2/28/2024 0:00,201.2132283
2/28/2024 0:15,193.6921674
2/28/2024 0:30,205.3879141
2/28/2024 0:45,201.2132283
2/28/2024 1:00,183.6861745
2/28/2024 1:15,205.3879141
2/28/2024 1:30,180.7705209
2/28/2024 1:45,212.0806643
2/28/2024 2:00,173.24946
2/28/2024 2:15,214.9963179
2/28/2024 2:30,182.4271423
2/28/2024 2:45,205.3879141
2/28/2024 3:00,193.6921674
2/28/2024 3:15,197.4692641
2/28/2024 3:30,210.3909105
2/28/2024 3:45,186.2042389
2/28/2024 4:00,215.4270394
2/28/2024 4:15,192.8638567
2/28/2024 4:30,218.7402821
2/28/2024 4:45,176.9934243
2/28/2024 5:00,269.6979546
2/28/2024 5:15,957.6596658
2/28/2024 5:30,1934.13855
2/28/2024 5:45,1920.786182
2/28/2024 6:00,1922.442803
2/28/2024 6:15,1953.322225
2/28/2024 6:30,2166.2312
2/28/2024 6:45,2247.239984
2/28/2024 7:00,2371.221525
2/28/2024 7:15,2427.149062
2/28/2024 7:30,2412.968383
2/28/2024 7:45,2458.889927
2/28/2024 8:00,2430.097848
2/28/2024 8:15,2438.016498
2/28/2024 8:30,2407.965387
2/28/2024 8:45,2424.233408
2/28/2024 9:00,2413.796694
2/28/2024 9:15,2362.441432
2/28/2024 9:30,2314.432546
2/28/2024 9:45,2292.333217
2/28/2024 10:00,2398.356983
2/28/2024 10:15,2471.844706
2/28/2024 10:30,2387.489547
2/28/2024 10:45,2342.827035
2/28/2024 11:00,2351.607129
2/28/2024 11:15,2323.212639
2/28/2024 11:30,2339.48066
2/28/2024 11:45,2313.206646
2/28/2024 12:00,2350.348096
2/28/2024 12:15,2306.513896
2/28/2024 12:30,2326.128292
2/28/2024 12:45,2276.032063
2/28/2024 13:00,2371.221525
2/28/2024 13:15,2366.218529
2/28/2024 13:30,2335.736696
2/28/2024 13:45,2339.911382
2/28/2024 14:00,2310.688581
2/28/2024 14:15,1226.52931
2/28/2024 14:30,878.7713575
2/28/2024 14:45,756.0488484
2/28/2024 15:00,333.9748627
2/28/2024 15:15,280.1346691
2/28/2024 15:30,229.6077181
2/28/2024 15:45,262.1768937
2/28/2024 16:00,219.6017252
2/28/2024 16:15,250.481147
2/28/2024 16:30,222.9149679
2/28/2024 16:45,263.8335151
2/28/2024 17:00,235.4390252
2/28/2024 17:15,248.8245257
2/28/2024 17:30,238.3878112
2/28/2024 17:45,260.4871399
2/28/2024 18:00,223.776411
2/28/2024 18:15,261.348583
2/28/2024 18:30,230.4360288
2/28/2024 18:45,243.3908077
2/28/2024 19:00,249.6528364
2/28/2024 19:15,244.2191184
2/28/2024 19:30,258.8305186
2/28/2024 19:45,251.7401793
2/28/2024 20:00,253.3968006
2/28/2024 20:15,240.0444326
2/28/2024 20:30,263.0052044
2/28/2024 20:45,250.9118686
2/28/2024 21:00,256.3124542
2/28/2024 21:15,222.9149679
2/28/2024 21:30,271.354576
2/28/2024 21:45,218.7402821
2/28/2024 22:00,249.2221148
2/28/2024 22:15,232.5233717
2/28/2024 22:30,259.2612401
2/28/2024 22:45,223.776411
2/28/2024 23:00,254.2251113
2/28/2024 23:15,241.3034648
2/28/2024 23:30,247.5654935
2/28/2024 23:45,214.5655963
2/29/2024 0:00,199.9541961
2/29/2024 0:15,170.3338065
2/29/2024 0:30,186.6018281
2/29/2024 0:45,176.9934243
2/29/2024 1:00,191.2072354
2/29/2024 1:15,187.8608603
2/29/2024 1:30,166.9874314
2/29/2024 1:45,209.9933214
2/29/2024 2:00,166.1591207
2/29/2024 2:15,187.8608603
2/29/2024 2:30,179.5114887
2/29/2024 2:45,199.556607
2/29/2024 3:00,161.5537134
2/29/2024 3:15,194.9511996
2/29/2024 3:30,170.7313956
2/29/2024 3:45,190.3789247
2/29/2024 4:00,170.3338065
2/29/2024 4:15,196.2102318
2/29/2024 4:30,174.0777707
2/29/2024 4:45,184.9452067
2/29/2024 5:00,185.7735174
2/29/2024 5:15,379.0680957
2/29/2024 5:30,1194.390856
2/29/2024 5:45,2175.442015
2/29/2024 6:00,2200.887719
2/29/2024 6:15,2198.402787
2/29/2024 6:30,2157.881829
2/29/2024 6:45,2443.450216
2/29/2024 7:00,2603.744897
2/29/2024 7:15,2609.609336
2/29/2024 7:30,2668.452527
2/29/2024 7:45,2609.609336
2/29/2024 8:00,2651.753783
2/29/2024 8:15,2651.753783
2/29/2024 8:30,2674.316966
2/29/2024 8:45,2655.100159
2/29/2024 9:00,2653.443537
2/29/2024 9:15,2602.485865
2/29/2024 9:30,2561.169728
2/29/2024 9:45,2580.386536
2/29/2024 10:00,2559.082386
2/29/2024 10:15,2574.124507
2/29/2024 10:30,2578.696782
2/29/2024 10:45,2607.919583
2/29/2024 11:00,2560.341418
2/29/2024 11:15,2541.12461
2/29/2024 11:30,2495.203067
2/29/2024 11:45,2513.989153
2/29/2024 12:00,2506.898813
2/29/2024 12:15,2495.633788
2/29/2024 12:30,2444.278526
2/29/2024 12:45,2436.757466
2/29/2024 13:00,2367.477561
2/29/2024 13:15,2422.146065
2/29/2024 13:30,2522.338524
2/29/2024 13:45,2493.115724
2/29/2024 14:00,1825.165998
2/29/2024 14:15,992.3161843
2/29/2024 14:30,977.7047841
2/29/2024 14:45,610.7631567
2/29/2024 15:00,402.4264566
2/29/2024 15:15,337.7188269
2/29/2024 15:30,190.7765138
2/29/2024 15:45,191.2072354
2/29/2024 16:00,150.2886882
2/29/2024 16:15,172.8187385
2/29/2024 16:30,152.8067527
2/29/2024 16:45,159.4663705
2/29/2024 17:00,157.8097491
2/29/2024 17:15,151.5477204
2/29/2024 17:30,174.9060814
2/29/2024 17:45,159.0687813
2/29/2024 18:00,179.9422103
2/29/2024 18:15,157.8097491
2/29/2024 18:30,173.24946
2/29/2024 18:45,153.2043418
2/29/2024 19:00,174.5084923
2/29/2024 19:15,169.5054958
2/29/2024 19:30,165.33081
2/29/2024 19:45,171.5928387
2/29/2024 20:00,151.5477204
2/29/2024 20:15,175.7675245
2/29/2024 20:30,164.0717778
2/29/2024 20:45,180.3397994
2/29/2024 21:00,169.9030849
2/29/2024 21:15,184.116896
2/29/2024 21:30,161.1561242
2/29/2024 21:45,170.7313956
2/29/2024 22:00,159.0687813
2/29/2024 22:15,165.7283991
2/29/2024 22:30,169.5054958
2/29/2024 22:45,164.0717778
2/29/2024 23:00,184.5144852
2/29/2024 23:15,164.9000885
2/29/2024 23:30,171.5928387
2/29/2024 23:45,128.9845378
3/1/2024 0:00,117.7195126
3/1/2024 0:15,89.3250228
3/1/2024 0:30,124.4122628
3/1/2024 0:45,90.1864659
3/1/2024 1:00,109.3701411
3/1/2024 1:15,106.0237659
3/1/2024 1:30,100.6231804
3/1/2024 1:45,110.1984517
3/1/2024 2:00,105.6261768
3/1/2024 2:15,112.2857946
3/1/2024 2:30,100.6231804
3/1/2024 2:45,113.9755484
3/1/2024 3:00,95.58705148
3/1/2024 3:15,118.1502342
3/1/2024 3:30,92.27380879
3/1/2024 3:45,126.4996057
3/1/2024 4:00,101.0207695
3/1/2024 4:15,117.7195126
3/1/2024 4:30,99.76173726
3/1/2024 4:45,116.4604804
3/1/2024 5:00,113.9755484
3/1/2024 5:15,208.7342892
3/1/2024 5:30,435.8239429
3/1/2024 5:45,1159.303616
3/1/2024 6:00,2082.737485
3/1/2024 6:15,2124.086753
3/1/2024 6:30,2137.439121
3/1/2024 6:45,2208.40878
3/1/2024 7:00,2541.12461
3/1/2024 7:15,2533.20596
3/1/2024 7:30,2551.163735
3/1/2024 7:45,2514.817463
3/1/2024 8:00,2505.242192
3/1/2024 8:15,2517.335528
3/1/2024 8:30,2490.630792
3/1/2024 8:45,2518.163838
3/1/2024 9:00,2496.89282
3/1/2024 9:15,2506.468092
3/1/2024 9:30,2487.682006
3/1/2024 9:45,2520.251181
3/1/2024 10:00,2175.011293
3/1/2024 10:15,2513.591563
3/1/2024 10:30,2543.211953
3/1/2024 10:45,2503.552438
3/1/2024 11:00,2549.076393
3/1/2024 11:15,2487.682006
3/1/2024 11:30,2443.019494
3/1/2024 11:45,2402.100947
3/1/2024 12:00,2418.402101
3/1/2024 12:15,2421.317755
3/1/2024 12:30,2435.100844
3/1/2024 12:45,2538.639678
3/1/2024 13:00,2522.769246
3/1/2024 13:15,2555.73601
3/1/2024 13:30,2527.341521
3/1/2024 13:45,2555.73601
3/1/2024 14:00,2165.40289
3/1/2024 14:15,1202.740227
3/1/2024 14:30,981.8794699
3/1/2024 14:45,637.0703036
3/1/2024 15:00,308.926748
3/1/2024 15:15,209.9933214
3/1/2024 15:30,194.5536105
3/1/2024 15:45,154.0326525
3/1/2024 16:00,185.7735174
3/1/2024 16:15,154.0326525
3/1/2024 16:30,171.5928387
3/1/2024 16:45,157.3790276
3/1/2024 17:00,169.0747742
3/1/2024 17:15,144.0266595
3/1/2024 17:30,164.4693669
3/1/2024 17:45,153.6350633
3/1/2024 18:00,155.2916847
3/1/2024 18:15,158.6380598
3/1/2024 18:30,143.1983489
3/1/2024 18:45,174.0777707
3/1/2024 19:00,162.8127456
3/1/2024 19:15,166.5567098
3/1/2024 19:30,146.1140024
3/1/2024 19:45,176.1651136
3/1/2024 20:00,151.1169989
3/1/2024 20:15,166.1591207
3/1/2024 20:30,153.2043418
3/1/2024 20:45,170.3338065
3/1/2024 21:00,144.8549702
3/1/2024 21:15,177.8548674
3/1/2024 21:30,154.0326525
3/1/2024 21:45,167.815742
3/1/2024 22:00,161.1561242
3/1/2024 22:15,174.9060814
3/1/2024 22:30,159.0687813
3/1/2024 22:45,189.5174816
3/1/2024 23:00,163.6410562
3/1/2024 23:15,169.0747742
3/1/2024 23:30,164.0717778
3/1/2024 23:45,140.2826953
3/2/2024 0:00,100.6231804
3/2/2024 0:15,115.2345806
3/2/2024 0:30,94.75874081
3/2/2024 0:45,116.8912019
3/2/2024 1:00,99.76173726
3/2/2024 1:15,110.1984517
3/2/2024 1:30,122.32492
3/2/2024 1:45,106.4544875
3/2/2024 2:00,108.9725519
3/2/2024 2:15,114.8038591
3/2/2024 2:30,101.0207695
3/2/2024 2:45,115.2345806
3/2/2024 3:00,103.1081124
3/2/2024 3:15,109.8008626
3/2/2024 3:30,112.2857946
3/2/2024 3:45,104.3671446
3/2/2024 4:00,105.6261768
3/2/2024 4:15,134.0206666
3/2/2024 4:30,98.10511592
3/2/2024 4:45,113.9755484
3/2/2024 5:00,109.8008626
3/2/2024 5:15,326.4538018
3/2/2024 5:30,553.1458664
3/2/2024 5:45,2038.903284
3/2/2024 6:00,2082.737485
3/2/2024 6:15,2117.824725
3/2/2024 6:30,2106.128978
3/2/2024 6:45,2288.158531
3/2/2024 7:00,2438.016498
3/2/2024 7:15,2468.067609
3/2/2024 7:30,2419.661133
3/2/2024 7:45,2423.835819
3/2/2024 8:00,2340.342103
3/2/2024 8:15,2459.718237
3/2/2024 8:30,2497.290409
3/2/2024 8:45,2564.913693
3/2/2024 9:00,2539.467989
3/2/2024 9:15,2534.464992
3/2/2024 9:30,2517.766249
3/2/2024 9:45,2543.642675
3/2/2024 10:00,2548.21495
3/2/2024 10:15,2568.260068
3/2/2024 10:30,2497.290409
3/2/2024 10:45,2523.597556
3/2/2024 11:00,2477.245291
3/2/2024 11:15,2476.847702
3/2/2024 11:30,2430.097848
3/2/2024 11:45,2432.185191
3/2/2024 12:00,2331.992732
3/2/2024 12:15,2290.245874
3/2/2024 12:30,2270.598345
3/2/2024 12:45,2315.691578
3/2/2024 13:00,2271.459788
3/2/2024 13:15,1280.369503
3/2/2024 13:30,736.4013193
3/2/2024 13:45,746.0097231
3/2/2024 14:00,394.5078066
3/2/2024 14:15,209.9933214
3/2/2024 14:30,191.6048245
3/2/2024 14:45,230.4360288
3/2/2024 15:00,245.047429
3/2/2024 15:15,235.4390252
3/2/2024 15:30,198.2975747
3/2/2024 15:45,149.029656
3/2/2024 16:00,158.2073382
3/2/2024 16:15,151.1169989
3/2/2024 16:30,167.4181529
3/2/2024 16:45,150.7194098
3/2/2024 17:00,165.33081
3/2/2024 17:15,156.1199953
3/2/2024 17:30,172.4211494
3/2/2024 17:45,143.1983489
3/2/2024 18:00,176.1651136
3/2/2024 18:15,141.5085951
3/2/2024 18:30,168.2464636
3/2/2024 18:45,148.6320669
3/2/2024 19:00,165.33081
3/2/2024 19:15,184.5144852
3/2/2024 19:30,157.8097491
3/2/2024 19:45,165.7283991
3/2/2024 20:00,158.2073382
3/2/2024 20:15,168.2464636
3/2/2024 20:30,161.5537134
3/2/2024 20:45,170.3338065
3/2/2024 21:00,152.8067527
3/2/2024 21:15,179.5114887
3/2/2024 21:30,153.6350633
3/2/2024 21:45,190.7765138
3/2/2024 22:00,150.2886882
3/2/2024 22:15,196.6409534
3/2/2024 22:30,155.7224062
3/2/2024 22:45,189.5174816
3/2/2024 23:00,178.2524565
3/2/2024 23:15,187.0325496
3/2/2024 23:30,160.2946811
3/2/2024 23:45,166.9874314
3/3/2024 0:00,93.10211947
3/3/2024 0:15,124.809852
3/3/2024 0:30,94.36115169
3/3/2024 0:45,128.9845378
3/3/2024 1:00,98.93342659
3/3/2024 1:15,131.0718806
3/3/2024 1:30,101.0207695
3/3/2024 1:45,116.8912019
3/3/2024 2:00,108.5418304
3/3/2024 2:15,113.9755484
3/3/2024 2:30,105.1954553
3/3/2024 2:45,114.8038591
3/3/2024 3:00,108.9725519
3/3/2024 3:15,111.8882055
3/3/2024 3:30,118.5478233
3/3/2024 3:45,124.809852
3/3/2024 4:00,111.0598948
3/3/2024 4:15,122.7225091
3/3/2024 4:30,118.9785448
3/3/2024 4:45,104.7978661
3/3/2024 5:00,115.6321697
3/3/2024 5:15,114.3731375
3/3/2024 5:30,114.3731375
3/3/2024 5:45,114.8038591
3/3/2024 6:00,124.809852
3/3/2024 6:15,101.451491
3/3/2024 6:30,123.1532306
3/3/2024 6:45,108.9725519
3/3/2024 7:00,115.2345806
3/3/2024 7:15,126.8971949
3/3/2024 7:30,118.1502342
3/3/2024 7:45,110.1984517
3/3/2024 8:00,111.4574839
3/3/2024 8:15,119.8068555
3/3/2024 8:30,133.1592235
3/3/2024 8:45,125.6712951
3/3/2024 9:00,133.1592235
3/3/2024 9:15,118.5478233
3/3/2024 9:30,134.8489773
3/3/2024 9:45,117.7195126
3/3/2024 10:00,143.1983489
3/3/2024 10:15,128.5869486
3/3/2024 10:30,137.3339093
3/3/2024 10:45,111.0598948
3/3/2024 11:00,131.9333237
3/3/2024 11:15,110.1984517
3/3/2024 11:30,133.5899451
3/3/2024 11:45,114.3731375
3/3/2024 12:00,128.9845378
3/3/2024 12:15,110.1984517
3/3/2024 12:30,121.8941984
3/3/2024 12:45,118.9785448
3/3/2024 13:00,113.9755484
3/3/2024 13:15,123.1532306
3/3/2024 13:30,113.5448268
3/3/2024 13:45,132.7616344
3/3/2024 14:00,103.936423
3/3/2024 14:15,139.4212522
3/3/2024 14:30,96.01777303
3/3/2024 14:45,137.7646309
3/3/2024 15:00,99.36414814
3/3/2024 15:15,136.9363202
3/3/2024 15:30,108.1111088
3/3/2024 15:45,126.0688842
3/3/2024 16:00,113.1472377
3/3/2024 16:15,120.2375771
3/3/2024 16:30,123.1532306
3/3/2024 16:45,111.4574839
3/3/2024 17:00,145.6832809
3/3/2024 17:15,105.6261768
3/3/2024 17:30,135.677288
3/3/2024 17:45,111.4574839
3/3/2024 18:00,127.3279164
3/3/2024 18:15,121.0658877
3/3/2024 18:30,125.2405735
3/3/2024 18:45,128.5869486
3/3/2024 19:00,128.5869486
3/3/2024 19:15,124.809852
3/3/2024 19:30,122.32492
3/3/2024 19:45,119.8068555
3/3/2024 20:00,124.809852
3/3/2024 20:15,123.1532306
3/3/2024 20:30,128.5869486
3/3/2024 20:45,120.6351662
3/3/2024 21:00,120.6351662
3/3/2024 21:15,121.4966093
3/3/2024 21:30,128.5869486
3/3/2024 21:45,134.4182558
3/3/2024 22:00,125.6712951
3/3/2024 22:15,127.758638
3/3/2024 22:30,124.809852
3/3/2024 22:45,128.1562271
3/3/2024 23:00,124.4122628
3/3/2024 23:15,138.5929415
3/3/2024 23:30,115.6321697
3/3/2024 23:45,143.595938
3/4/2024 0:00,115.2345806
3/4/2024 0:15,136.9363202
3/4/2024 0:30,132.7616344
3/4/2024 0:45,124.4122628
3/4/2024 1:00,128.9845378
3/4/2024 1:15,118.5478233
3/4/2024 1:30,140.2826953
3/4/2024 1:45,110.1984517
3/4/2024 2:00,146.544724
3/4/2024 2:15,108.5418304
3/4/2024 2:30,143.1983489
3/4/2024 2:45,118.5478233
3/4/2024 3:00,135.677288
3/4/2024 3:15,119.4092664
3/4/2024 3:30,156.5507169
3/4/2024 3:45,115.6321697
3/4/2024 4:00,149.8579667
3/4/2024 4:15,122.7225091
3/4/2024 4:30,136.1080095
3/4/2024 4:45,118.9785448
3/4/2024 5:00,148.6320669
3/4/2024 5:15,121.4966093
3/4/2024 5:30,129.4152593
3/4/2024 5:45,134.0206666
3/4/2024 6:00,133.1592235
3/4/2024 6:15,145.2856918
3/4/2024 6:30,126.8971949
3/4/2024 6:45,130.6742915
3/4/2024 7:00,122.7225091
3/4/2024 7:15,156.9814384
3/4/2024 7:30,120.2375771
3/4/2024 7:45,153.2043418
3/4/2024 8:00,119.8068555
3/4/2024 8:15,152.3760311
3/4/2024 8:30,123.1532306
3/4/2024 8:45,152.8067527
3/4/2024 9:00,124.4122628
3/4/2024 9:15,153.2043418
3/4/2024 9:30,106.0237659
3/4/2024 9:45,142.3700382
3/4/2024 10:00,109.3701411
3/4/2024 10:15,139.4212522
3/4/2024 10:30,113.5448268
3/4/2024 10:45,131.5026022
3/4/2024 11:00,123.1532306
3/4/2024 11:15,118.5478233
3/4/2024 11:30,126.8971949
3/4/2024 11:45,114.3731375
3/4/2024 12:00,134.4182558
3/4/2024 12:15,125.6712951
3/4/2024 12:30,132.3309129
3/4/2024 12:45,115.2345806
3/4/2024 13:00,136.5055986
3/4/2024 13:15,109.8008626
3/4/2024 13:30,136.9363202
3/4/2024 13:45,103.5388339
3/4/2024 14:00,139.0236631
3/4/2024 14:15,101.8490802
3/4/2024 14:30,119.8068555
3/4/2024 14:45,89.75574435
3/4/2024 15:00,107.7135197
3/4/2024 15:15,97.27680525
3/4/2024 15:30,96.01777303
3/4/2024 15:45,110.6291733
3/4/2024 16:00,87.23767991
3/4/2024 16:15,123.5839522
3/4/2024 16:30,88.49671213
3/4/2024 16:45,137.7646309
3/4/2024 17:00,81.83709433
3/4/2024 17:15,128.9845378
3/4/2024 17:30,82.23468346
3/4/2024 17:45,121.0658877
3/4/2024 18:00,94.36115169
3/4/2024 18:15,110.1984517
3/4/2024 18:30,107.2827982
3/4/2024 18:45,116.0628913
3/4/2024 19:00,115.2345806
3/4/2024 19:15,97.27680525
3/4/2024 19:30,119.4092664
3/4/2024 19:45,94.36115169
3/4/2024 20:00,111.0598948
3/4/2024 20:15,103.1081124
3/4/2024 20:30,116.0628913
3/4/2024 20:45,102.2798017
3/4/2024 21:00,112.2857946
3/4/2024 21:15,100.1924588
3/4/2024 21:30,116.0628913
3/4/2024 21:45,110.1984517
3/4/2024 22:00,117.7195126
3/4/2024 22:15,93.10211947
3/4/2024 22:30,124.4122628
3/4/2024 22:45,93.10211947
3/4/2024 23:00,116.4604804
3/4/2024 23:15,99.36414814
3/4/2024 23:30,115.2345806
3/4/2024 23:45,101.0207695
3/5/2024 0:00,108.5418304
3/5/2024 0:15,109.3701411
3/5/2024 0:30,115.6321697
3/5/2024 0:45,116.4604804
3/5/2024 1:00,99.76173726
3/5/2024 1:15,119.8068555
3/5/2024 1:30,97.67439437
3/5/2024 1:45,120.6351662
3/5/2024 2:00,97.27680525
3/5/2024 2:15,123.1532306
3/5/2024 2:30,97.67439437
3/5/2024 2:45,124.4122628
3/5/2024 3:00,96.44849458
3/5/2024 3:15,121.8941984
3/5/2024 3:30,109.3701411
3/5/2024 3:45,118.1502342
3/5/2024 4:00,108.5418304
3/5/2024 4:15,116.8912019
3/5/2024 4:30,106.0237659
3/5/2024 4:45,115.6321697
3/5/2024 5:00,110.6291733
3/5/2024 5:15,159.4663705
3/5/2024 5:30,922.6055582
3/5/2024 5:45,1836.431023
3/5/2024 6:00,1853.129766
3/5/2024 6:15,1848.557492
3/5/2024 6:30,1867.343578
3/5/2024 6:45,2205.493126
3/5/2024 7:00,2314.863267
3/5/2024 7:15,2325.299982
3/5/2024 7:30,2283.983845
3/5/2024 7:45,2284.381434
3/5/2024 8:00,2274.375442
3/5/2024 8:15,2297.336213
3/5/2024 8:30,2315.691578
3/5/2024 8:45,2495.633788
3/5/2024 9:00,2493.944034
3/5/2024 9:15,2716.892135
3/5/2024 9:30,2726.069817
3/5/2024 9:45,2744.027592
3/5/2024 10:00,2818.343626
3/5/2024 10:15,2814.566529
3/5/2024 10:30,2790.346725
3/5/2024 10:45,2819.171936
3/5/2024 11:00,2783.256386
3/5/2024 11:15,2781.169043
3/5/2024 11:30,2784.515418
3/5/2024 11:45,2784.084696
3/5/2024 12:00,2790.777447
3/5/2024 12:15,2761.985368
3/5/2024 12:30,2785.77445
3/5/2024 12:45,2752.774553
3/5/2024 13:00,2767.816675
3/5/2024 13:15,2763.211267
3/5/2024 13:30,2768.247396
3/5/2024 13:45,2690.584988
3/5/2024 14:00,2728.587881
3/5/2024 14:15,1882.783289
3/5/2024 14:30,1088.764679
3/5/2024 14:45,803.6270134
3/5/2024 15:00,653.3383252
3/5/2024 15:15,524.3537874
3/5/2024 15:30,246.3064612
3/5/2024 15:45,246.7371828
3/5/2024 16:00,225.4330323
3/5/2024 16:15,243.3908077
3/5/2024 16:30,214.1680072
3/5/2024 16:45,236.3004683
3/5/2024 17:00,217.9119714
3/5/2024 17:15,240.0444326
3/5/2024 17:30,219.1710037
3/5/2024 17:45,239.613711
3/5/2024 18:00,225.8637539
3/5/2024 18:15,218.342693
3/5/2024 18:30,233.3516823
3/5/2024 18:45,215.4270394
3/5/2024 19:00,211.2523536
3/5/2024 19:15,162.8127456
3/5/2024 19:30,197.8668532
3/5/2024 19:45,159.897092
3/5/2024 20:00,185.3427958
3/5/2024 20:15,160.7254027
3/5/2024 20:30,195.3819212
3/5/2024 20:45,156.5507169
3/5/2024 21:00,199.1258854
3/5/2024 21:15,166.9874314
3/5/2024 21:30,187.8608603
3/5/2024 21:45,159.0687813
3/5/2024 22:00,176.9934243
3/5/2024 22:15,180.7705209
3/5/2024 22:30,167.4181529
3/5/2024 22:45,179.5114887
3/5/2024 23:00,171.1621171
3/5/2024 23:15,180.3397994
3/5/2024 23:30,160.2946811
3/5/2024 23:45,155.7224062
3/6/2024 0:00,101.8490802
3/6/2024 0:15,125.2405735
3/6/2024 0:30,95.18946236
3/6/2024 0:45,135.2465664
3/6/2024 1:00,100.6231804
3/6/2024 1:15,126.0688842
3/6/2024 1:30,95.58705148
3/6/2024 1:45,128.1562271
3/6/2024 2:00,96.8460837
3/6/2024 2:15,123.5839522
3/6/2024 2:30,112.7165162
3/6/2024 2:45,125.2405735
3/6/2024 3:00,95.18946236
3/6/2024 3:15,127.758638
3/6/2024 3:30,99.76173726
3/6/2024 3:45,126.8971949
3/6/2024 4:00,96.01777303
3/6/2024 4:15,137.3339093
3/6/2024 4:30,97.67439437
3/6/2024 4:45,147.3730347
3/6/2024 5:00,323.5381482
3/6/2024 5:15,424.1613286
3/6/2024 5:30,877.1147362
3/6/2024 5:45,2100.69526
3/6/2024 6:00,2109.044632
3/6/2024 6:15,2149.532457
3/6/2024 6:30,2130.348782
3/6/2024 6:45,2175.011293
3/6/2024 7:00,2246.809262
3/6/2024 7:15,2286.468777
3/6/2024 7:30,2298.992835
3/6/2024 7:45,2293.989838
3/6/2024 8:00,2318.209642
3/6/2024 8:15,2293.989838
3/6/2024 8:30,2301.510899
3/6/2024 8:45,2321.125296
3/6/2024 9:00,1935.397582
3/6/2024 9:15,2248.896605
3/6/2024 9:30,2206.752158
3/6/2024 9:45,2361.613121
3/6/2024 10:00,2395.010608
3/6/2024 10:15,2395.838918
3/6/2024 10:30,2321.125296
3/6/2024 10:45,2297.733802
3/6/2024 11:00,2319.037953
3/6/2024 11:15,2339.911382
3/6/2024 11:30,2325.730703
3/6/2024 11:45,2316.519888
3/6/2024 12:00,2292.730806
3/6/2024 12:15,2281.896502
3/6/2024 12:30,2293.559117
3/6/2024 12:45,2313.604235
3/6/2024 13:00,2301.510899
3/6/2024 13:15,2321.556017
3/6/2024 13:30,2303.16752
3/6/2024 13:45,2312.345203
3/6/2024 14:00,2303.598242
3/6/2024 14:15,1087.936368
3/6/2024 14:30,685.0791901
3/6/2024 14:45,475.9141794
3/6/2024 15:00,386.5891566
3/6/2024 15:15,350.2428843
3/6/2024 15:30,268.4389224
3/6/2024 15:45,188.2915818
3/6/2024 16:00,166.9874314
3/6/2024 16:15,167.815742
3/6/2024 16:30,167.4181529
3/6/2024 16:45,171.5928387
3/6/2024 17:00,166.9874314
3/6/2024 17:15,172.8187385
3/6/2024 17:30,164.4693669
3/6/2024 17:45,173.6801816
3/6/2024 18:00,170.3338065
3/6/2024 18:15,176.5958351
3/6/2024 18:30,162.8127456
3/6/2024 18:45,190.3789247
3/6/2024 19:00,165.33081
3/6/2024 19:15,179.0807672
3/6/2024 19:30,154.463374
3/6/2024 19:45,188.2915818
3/6/2024 20:00,156.1199953
3/6/2024 20:15,177.4241458
3/6/2024 20:30,152.3760311
3/6/2024 20:45,178.683178
3/6/2024 21:00,150.7194098
3/6/2024 21:15,180.3397994
3/6/2024 21:30,146.9423131
3/6/2024 21:45,174.9060814
3/6/2024 22:00,149.4603775
3/6/2024 22:15,179.9422103
3/6/2024 22:30,145.2856918
3/6/2024 22:45,185.3427958
3/6/2024 23:00,154.463374
3/6/2024 23:15,178.2524565
3/6/2024 23:30,154.463374
3/6/2024 23:45,144.4573811
3/7/2024 0:00,102.2798017
3/7/2024 0:15,105.1954553
3/7/2024 0:30,98.53583747
3/7/2024 0:45,104.3671446
3/7/2024 1:00,108.1111088
3/7/2024 1:15,101.8490802
3/7/2024 1:30,116.8912019
3/7/2024 1:45,105.1954553
3/7/2024 2:00,113.1472377
3/7/2024 2:15,89.3250228
3/7/2024 2:30,123.9815413
3/7/2024 2:45,85.15033702
3/7/2024 3:00,121.8941984
3/7/2024 3:15,93.93043014
3/7/2024 3:30,113.9755484
3/7/2024 3:45,96.01777303
3/7/2024 4:00,118.1502342
3/7/2024 4:15,93.93043014
3/7/2024 4:30,131.5026022
3/7/2024 4:45,102.7105233
3/7/2024 5:00,400.3391137
3/7/2024 5:15,422.4715748
3/7/2024 5:30,448.7787218
3/7/2024 5:45,548.540459
3/7/2024 6:00,2043.939413
3/7/2024 6:15,2210.926844
3/7/2024 6:30,2237.63158
3/7/2024 6:45,2233.887616
3/7/2024 7:00,2255.589356
3/7/2024 7:15,2288.986842
3/7/2024 7:30,2230.110519
3/7/2024 7:45,2149.134868
3/7/2024 8:00,2174.580572
3/7/2024 8:15,2190.881726
3/7/2024 8:30,2150.3939
3/7/2024 8:45,2123.656032
3/7/2024 9:00,2094.433231
3/7/2024 9:15,2096.951296
3/7/2024 9:30,2072.30077
3/7/2024 9:45,2149.963179
3/7/2024 10:00,2386.661236
3/7/2024 10:15,2372.049836
3/7/2024 10:30,2391.266643
3/7/2024 10:45,2405.878044
3/7/2024 11:00,2453.05862
3/7/2024 11:15,2425.49244
3/7/2024 11:30,2445.537559
3/7/2024 11:45,1465.745432
3/7/2024 12:00,810.7173527
3/7/2024 12:15,744.7506909
3/7/2024 12:30,741.0067266
3/7/2024 12:45,724.7387051
3/7/2024 13:00,741.0067266
3/7/2024 13:15,722.6513622
3/7/2024 13:30,834.1088461
3/7/2024 13:45,1126.336851
3/7/2024 14:00,1099.201393
3/7/2024 14:15,1112.12304
3/7/2024 14:30,910.9098116
3/7/2024 14:45,768.9704949
3/7/2024 15:00,729.7417015
3/7/2024 15:15,459.2154362
3/7/2024 15:30,248.8245257
3/7/2024 15:45,183.6861745
3/7/2024 16:00,183.2554529
3/7/2024 16:15,205.3879141
3/7/2024 16:30,183.2554529
3/7/2024 16:45,198.7282963
3/7/2024 17:00,186.2042389
3/7/2024 17:15,223.3456894
3/7/2024 17:30,210.8216321
3/7/2024 17:45,209.1650107
3/7/2024 18:00,205.3879141
3/7/2024 18:15,181.5988316
3/7/2024 18:30,204.990325
3/7/2024 18:45,182.8578638
3/7/2024 19:00,190.3789247
3/7/2024 19:15,191.2072354
3/7/2024 19:30,186.2042389
3/7/2024 19:45,200.8156392
3/7/2024 20:00,183.6861745
3/7/2024 20:15,199.1258854
3/7/2024 20:30,184.9452067
3/7/2024 20:45,197.0385425
3/7/2024 21:00,187.0325496
3/7/2024 21:15,183.2554529
3/7/2024 21:30,200.3849176
3/7/2024 21:45,187.4301387
3/7/2024 22:00,202.041539
3/7/2024 22:15,186.2042389
3/7/2024 22:30,186.6018281
3/7/2024 22:45,193.2945783
3/7/2024 23:00,184.116896
3/7/2024 23:15,173.6801816
3/7/2024 23:30,125.2405735
3/7/2024 23:45,135.2465664
3/8/2024 0:00,107.7135197
3/8/2024 0:15,106.4544875
3/8/2024 0:30,122.7225091
3/8/2024 0:45,118.5478233
3/8/2024 1:00,120.2375771
3/8/2024 1:15,107.7135197
3/8/2024 1:30,107.7135197
3/8/2024 1:45,121.0658877
3/8/2024 2:00,105.6261768
3/8/2024 2:15,123.9815413
3/8/2024 2:30,106.885209
3/8/2024 2:45,106.4544875
3/8/2024 3:00,122.7225091
3/8/2024 3:15,107.2827982
3/8/2024 3:30,116.0628913
3/8/2024 3:45,111.4574839
3/8/2024 4:00,108.9725519
3/8/2024 4:15,120.6351662
3/8/2024 4:30,112.2857946
3/8/2024 4:45,109.8008626
3/8/2024 5:00,190.3789247
3/8/2024 5:15,177.4241458
3/8/2024 5:30,242.1317755
3/8/2024 5:45,1432.745535
3/8/2024 6:00,1914.921743
3/8/2024 6:15,1983.804058
3/8/2024 6:30,1975.454686
3/8/2024 6:45,2714.37407
3/8/2024 7:00,2814.997251
3/8/2024 7:15,2834.180926
3/8/2024 7:30,2805.819568
3/8/2024 7:45,2785.343729
3/8/2024 8:00,2789.120825
3/8/2024 8:15,2817.912904
3/8/2024 8:30,2803.301504
3/8/2024 8:45,2828.349619
3/8/2024 9:00,2761.123924
3/8/2024 9:15,1829.340684
3/8/2024 9:30,2717.720445
3/8/2024 9:45,2753.205274
3/8/2024 10:00,2814.16894
3/8/2024 10:15,2785.343729
3/8/2024 10:30,2779.0817
3/8/2024 10:45,2726.898128
3/8/2024 11:00,2769.904018
3/8/2024 11:15,2792.864789
3/8/2024 11:30,2763.211267
3/8/2024 11:45,2755.723339
3/8/2024 12:00,2731.503535
3/8/2024 12:15,2704.368077
3/8/2024 12:30,2685.15127
3/8/2024 12:45,2812.479186
3/8/2024 13:00,2725.241506
3/8/2024 13:15,2754.464307
3/8/2024 13:30,2698.934359
3/8/2024 13:45,2690.584988
3/8/2024 14:00,2341.998725
3/8/2024 14:15,1143.035594
3/8/2024 14:30,1093.767675
3/8/2024 14:45,644.5582321
3/8/2024 15:00,305.1827838
3/8/2024 15:15,259.6588293
3/8/2024 15:30,244.6498399
3/8/2024 15:45,245.047429
3/8/2024 16:00,234.2131254
3/8/2024 16:15,241.3034648
3/8/2024 16:30,245.4781506
3/8/2024 16:45,235.0414361
3/8/2024 17:00,235.4390252
3/8/2024 17:15,230.0384397
3/8/2024 17:30,245.8757397
3/8/2024 17:45,222.9149679
3/8/2024 18:00,222.0866572
3/8/2024 18:15,237.5263681
3/8/2024 18:30,239.2161219
3/8/2024 18:45,240.4751541
3/8/2024 19:00,228.3486859
3/8/2024 19:15,227.9510968
3/8/2024 19:30,237.128779
3/8/2024 19:45,222.9149679
3/8/2024 20:00,222.9149679
3/8/2024 20:15,224.1740001
3/8/2024 20:30,230.8667503
3/8/2024 20:45,225.0023108
3/8/2024 21:00,222.5173788
3/8/2024 21:15,235.8697468
3/8/2024 21:30,225.0023108
3/8/2024 21:45,222.0866572
3/8/2024 22:00,226.261343
3/8/2024 22:15,240.4751541
3/8/2024 22:30,224.6047217
3/8/2024 22:45,229.6077181
3/8/2024 23:00,171.5928387
3/8/2024 23:15,184.9452067
3/8/2024 23:30,165.33081
3/8/2024 23:45,132.7616344
3/9/2024 0:00,121.4966093
3/9/2024 0:15,111.4574839
3/9/2024 0:30,106.4544875
3/9/2024 0:45,97.67439437
3/9/2024 1:00,106.4544875
3/9/2024 1:15,113.1472377
3/9/2024 1:30,101.451491
3/9/2024 1:45,106.0237659
3/9/2024 2:00,99.36414814
3/9/2024 2:15,114.8038591
3/9/2024 2:30,104.3671446
3/9/2024 2:45,100.1924588
3/9/2024 3:00,103.936423
3/9/2024 3:15,117.3219235
3/9/2024 3:30,102.7105233
3/9/2024 3:45,102.7105233
3/9/2024 4:00,113.9755484
3/9/2024 4:15,116.0628913
3/9/2024 4:30,96.8460837
3/9/2024 4:45,131.5026022
3/9/2024 5:00,156.9814384
3/9/2024 5:15,183.2554529
3/9/2024 5:30,384.8994028
3/9/2024 5:45,1841.864741
3/9/2024 6:00,1926.617489
3/9/2024 6:15,1934.966861
3/9/2024 6:30,2139.526464
3/9/2024 6:45,2630.880355
3/9/2024 7:00,2716.461413
3/9/2024 7:15,2753.635996
3/9/2024 7:30,2750.68721
3/9/2024 7:45,2744.855903
3/9/2024 8:00,2705.196388
3/9/2024 8:15,2742.337838
3/9/2024 8:30,2719.807788
3/9/2024 8:45,2718.548756
3/9/2024 9:00,2711.889138
3/9/2024 9:15,2761.554646
3/9/2024 9:30,2671.36818
3/9/2024 9:45,2714.804792
3/9/2024 10:00,2746.512524
3/9/2024 10:15,2788.259382
3/9/2024 10:30,2780.340732
3/9/2024 10:45,2705.627109
3/9/2024 11:00,2700.193391
3/9/2024 11:15,2696.847016
3/9/2024 11:30,2689.756677
3/9/2024 11:45,2668.054937
3/9/2024 12:00,2648.407408
3/9/2024 12:15,2627.13639
3/9/2024 12:30,2657.618223
3/9/2024 12:45,2708.112042
3/9/2024 13:00,2647.181509
3/9/2024 13:15,2708.112042
3/9/2024 13:30,2686.841023
3/9/2024 13:45,1690.747742
3/9/2024 14:00,1099.598982
3/9/2024 14:15,956.8313552
3/9/2024 14:30,241.7010539
3/9/2024 14:45,162.382024
3/9/2024 15:00,164.4693669
3/9/2024 15:15,173.24946
3/9/2024 15:30,197.0385425
3/9/2024 15:45,136.9363202
3/9/2024 16:00,126.0688842
3/9/2024 16:15,130.6742915
3/9/2024 16:30,159.4663705
3/9/2024 16:45,181.16811
3/9/2024 17:00,169.9030849
3/9/2024 17:15,175.7675245
3/9/2024 17:30,168.6440527
3/9/2024 17:45,163.6410562
3/9/2024 18:00,157.3790276
3/9/2024 18:15,166.5567098
3/9/2024 18:30,164.9000885
3/9/2024 18:45,163.2434671
3/9/2024 19:00,158.6380598
3/9/2024 19:15,166.1591207
3/9/2024 19:30,171.1621171
3/9/2024 19:45,154.8940956
3/9/2024 20:00,163.2434671
3/9/2024 20:15,164.0717778
3/9/2024 20:30,173.6801816
3/9/2024 20:45,158.2073382
3/9/2024 21:00,165.7283991
3/9/2024 21:15,161.5537134
3/9/2024 21:30,171.5928387
3/9/2024 21:45,159.897092
3/9/2024 22:00,156.9814384
3/9/2024 22:15,170.7313956
3/9/2024 22:30,171.9904278
3/9/2024 22:45,154.463374
3/9/2024 23:00,153.2043418
3/9/2024 23:15,158.2073382
3/9/2024 23:30,164.4693669
3/9/2024 23:45,128.9845378
3/10/2024 0:00,99.36414814
3/10/2024 0:15,99.36414814
3/10/2024 0:30,104.7978661
3/10/2024 0:45,100.6231804
3/10/2024 1:00,102.7105233
3/10/2024 1:15,94.75874081
3/10/2024 1:30,103.936423
3/10/2024 1:45,114.8038591
3/10/2024 2:00,96.8460837
3/10/2024 2:15,103.5388339
3/10/2024 2:30,103.5388339
3/10/2024 2:45,111.0598948
3/10/2024 3:00,92.67139792
3/10/2024 3:15,102.7105233
3/10/2024 3:30,106.0237659
3/10/2024 3:45,110.1984517
3/10/2024 4:00,96.8460837
3/10/2024 4:15,100.1924588
3/10/2024 4:30,110.6291733
3/10/2024 4:45,112.7165162
3/10/2024 5:00,101.451491
3/10/2024 5:15,100.6231804
3/10/2024 5:30,106.4544875
3/10/2024 5:45,109.3701411
3/10/2024 6:00,100.1924588
3/10/2024 6:15,102.2798017
3/10/2024 6:30,113.5448268
3/10/2024 6:45,101.451491
3/10/2024 7:00,103.936423
3/10/2024 7:15,105.6261768
3/10/2024 7:30,112.7165162
3/10/2024 7:45,105.6261768
3/10/2024 8:00,101.0207695
3/10/2024 8:15,111.0598948
3/10/2024 8:30,111.8882055
3/10/2024 8:45,100.6231804
3/10/2024 9:00,106.0237659
3/10/2024 9:15,117.3219235
3/10/2024 9:30,100.6231804
3/10/2024 9:45,106.0237659
3/10/2024 10:00,105.1954553
3/10/2024 10:15,112.7165162
3/10/2024 10:30,106.0237659
3/10/2024 10:45,113.5448268
3/10/2024 11:00,114.3731375
3/10/2024 11:15,107.2827982
3/10/2024 11:30,105.1954553
3/10/2024 11:45,100.6231804
3/10/2024 12:00,116.0628913
3/10/2024 12:15,107.2827982
3/10/2024 12:30,106.885209
3/10/2024 12:45,114.3731375
3/10/2024 13:00,101.8490802
3/10/2024 13:15,107.7135197
3/10/2024 13:30,106.885209
3/10/2024 13:45,117.3219235
3/10/2024 14:00,101.8490802
3/10/2024 14:15,107.7135197
3/10/2024 14:30,117.3219235
3/10/2024 14:45,106.885209
3/10/2024 15:00,103.1081124
3/10/2024 15:15,127.3279164
3/10/2024 15:30,99.76173726
3/10/2024 15:45,113.5448268
3/10/2024 16:00,112.7165162
3/10/2024 16:15,109.3701411
3/10/2024 16:30,101.451491
3/10/2024 16:45,122.7225091
3/10/2024 17:00,103.5388339
3/10/2024 17:15,108.5418304
3/10/2024 17:30,114.3731375
3/10/2024 17:45,106.4544875
3/10/2024 18:00,117.3219235
3/10/2024 18:15,116.4604804
3/10/2024 18:30,106.885209
3/10/2024 18:45,118.1502342
3/10/2024 19:00,101.8490802
3/10/2024 19:15,104.7978661
3/10/2024 19:30,116.4604804
3/10/2024 19:45,106.0237659
3/10/2024 20:00,119.8068555
3/10/2024 20:15,106.0237659
3/10/2024 20:30,126.4996057
3/10/2024 20:45,105.6261768
3/10/2024 21:00,114.8038591
3/10/2024 21:15,114.3731375
3/10/2024 21:30,117.7195126
3/10/2024 21:45,123.9815413
3/10/2024 22:00,118.9785448
3/10/2024 22:15,116.4604804
3/10/2024 22:30,106.885209
3/10/2024 22:45,124.4122628
3/10/2024 23:00,105.6261768
3/10/2024 23:15,119.8068555
3/10/2024 23:30,109.3701411
3/10/2024 23:45,122.32492
3/11/2024 0:00,109.3701411
3/11/2024 0:15,119.8068555
3/11/2024 0:30,122.32492
3/11/2024 0:45,125.6712951
3/11/2024 1:00,106.0237659
3/11/2024 1:15,126.8971949
3/11/2024 1:30,108.9725519
3/11/2024 1:45,123.1532306
3/11/2024 2:00,105.6261768
3/11/2024 2:15,126.0688842
3/11/2024 2:30,110.6291733
3/11/2024 2:45,120.6351662
3/11/2024 3:00,123.1532306
3/11/2024 3:15,113.9755484
3/11/2024 3:30,124.4122628
3/11/2024 3:45,110.6291733
3/11/2024 4:00,126.8971949
3/11/2024 4:15,107.7135197
3/11/2024 4:30,126.8971949
3/11/2024 4:45,105.6261768
3/11/2024 5:00,127.3279164
3/11/2024 5:15,111.4574839
3/11/2024 5:30,124.809852
3/11/2024 5:45,119.8068555
3/11/2024 6:00,127.758638
3/11/2024 6:15,116.4604804
3/11/2024 6:30,128.9845378
3/11/2024 6:45,109.8008626
3/11/2024 7:00,127.3279164
3/11/2024 7:15,109.8008626
3/11/2024 7:30,124.809852
3/11/2024 7:45,109.8008626
3/11/2024 8:00,131.9333237
3/11/2024 8:15,108.1111088
3/11/2024 8:30,139.4212522
3/11/2024 8:45,109.3701411
3/11/2024 9:00,120.6351662
3/11/2024 9:15,111.4574839
3/11/2024 9:30,117.7195126
3/11/2024 9:45,117.3219235
3/11/2024 10:00,109.3701411
3/11/2024 10:15,123.1532306
3/11/2024 10:30,100.1924588
3/11/2024 10:45,118.9785448
3/11/2024 11:00,122.32492
3/11/2024 11:15,125.6712951
3/11/2024 11:30,103.5388339
3/11/2024 11:45,105.6261768
3/11/2024 12:00,111.4574839
3/11/2024 12:15,107.2827982
3/11/2024 12:30,117.7195126
3/11/2024 12:45,99.76173726
3/11/2024 13:00,99.76173726
3/11/2024 13:15,118.5478233
3/11/2024 13:30,106.885209
3/11/2024 13:45,115.6321697
3/11/2024 14:00,111.4574839
3/11/2024 14:15,102.7105233
3/11/2024 14:30,111.4574839
3/11/2024 14:45,101.451491
3/11/2024 15:00,101.8490802
3/11/2024 15:15,117.7195126
3/11/2024 15:30,103.1081124
3/11/2024 15:45,99.76173726
3/11/2024 16:00,113.9755484
3/11/2024 16:15,102.2798017
3/11/2024 16:30,116.4604804
3/11/2024 16:45,115.2345806
3/11/2024 17:00,101.0207695
3/11/2024 17:15,110.6291733
3/11/2024 17:30,108.9725519
3/11/2024 17:45,103.5388339
3/11/2024 18:00,116.8912019
3/11/2024 18:15,108.9725519
3/11/2024 18:30,109.3701411
3/11/2024 18:45,115.6321697
3/11/2024 19:00,103.1081124
3/11/2024 19:15,131.5026022
3/11/2024 19:30,109.3701411
3/11/2024 19:45,118.9785448
3/11/2024 20:00,104.7978661
3/11/2024 20:15,111.4574839
3/11/2024 20:30,112.2857946
3/11/2024 20:45,103.936423
3/11/2024 21:00,125.6712951
3/11/2024 21:15,103.936423
3/11/2024 21:30,123.1532306
3/11/2024 21:45,102.7105233
3/11/2024 22:00,144.8549702
3/11/2024 22:15,105.6261768
3/11/2024 22:30,121.0658877
3/11/2024 22:45,108.9725519
3/11/2024 23:00,107.7135197
3/11/2024 23:15,123.5839522
3/11/2024 23:30,110.6291733
3/11/2024 23:45,121.0658877
3/12/2024 0:00,111.0598948
3/12/2024 0:15,118.5478233
3/12/2024 0:30,110.6291733
3/12/2024 0:45,135.677288
3/12/2024 1:00,109.8008626
3/12/2024 1:15,128.1562271
3/12/2024 1:30,106.885209
3/12/2024 1:45,125.6712951
3/12/2024 2:00,110.6291733
3/12/2024 2:15,123.1532306
3/12/2024 2:30,106.0237659
3/12/2024 2:45,127.758638
3/12/2024 3:00,112.7165162
3/12/2024 3:15,119.4092664
3/12/2024 3:30,123.9815413
3/12/2024 3:45,125.6712951
3/12/2024 4:00,116.4604804
3/12/2024 4:15,123.5839522
3/12/2024 4:30,120.2375771
3/12/2024 4:45,126.4996057
3/12/2024 5:00,157.3790276
3/12/2024 5:15,187.8608603
3/12/2024 5:30,224.1740001
3/12/2024 5:45,364.4566954
3/12/2024 6:00,1144.692215
3/12/2024 6:15,1998.017869
3/12/2024 6:30,2119.912068
3/12/2024 6:45,2385.004615
3/12/2024 7:00,2372.049836
3/12/2024 7:15,2755.723339
3/12/2024 7:30,2763.641989
3/12/2024 7:45,2719.807788
3/12/2024 8:00,2678.889241
3/12/2024 8:15,2715.202381
3/12/2024 8:30,2728.587881
3/12/2024 8:45,2706.024699
3/12/2024 9:00,2741.111939
3/12/2024 9:15,2113.650039
3/12/2024 9:30,1122.162165
3/12/2024 9:45,1051.590096
3/12/2024 10:00,1045.328067
3/12/2024 10:15,2073.559802
3/12/2024 10:30,2668.452527
3/12/2024 10:45,2671.798902
3/12/2024 11:00,2681.804895
3/12/2024 11:15,2660.931466
3/12/2024 11:30,2693.103052
3/12/2024 11:45,2653.012816
3/12/2024 12:00,2652.582094
3/12/2024 12:15,2617.097265
3/12/2024 12:30,2660.931466
3/12/2024 12:45,2688.497645
3/12/2024 13:00,2690.154266
3/12/2024 13:15,2680.148273
3/12/2024 13:30,2672.229623
3/12/2024 13:45,2692.672331
3/12/2024 14:00,2354.522782
3/12/2024 14:15,1177.261391
3/12/2024 14:30,867.9039215
3/12/2024 14:45,529.754373
3/12/2024 15:00,333.146552
3/12/2024 15:15,221.6890681
3/12/2024 15:30,158.6380598
3/12/2024 15:45,139.4212522
3/12/2024 16:00,133.5899451
3/12/2024 16:15,166.1591207
3/12/2024 16:30,141.5085951
3/12/2024 16:45,156.1199953
3/12/2024 17:00,131.9333237
3/12/2024 17:15,153.2043418
3/12/2024 17:30,144.4573811
3/12/2024 17:45,146.9423131
3/12/2024 18:00,141.9393167
3/12/2024 18:15,147.3730347
3/12/2024 18:30,157.8097491
3/12/2024 18:45,135.677288
3/12/2024 19:00,152.8067527
3/12/2024 19:15,141.111006
3/12/2024 19:30,159.4663705
3/12/2024 19:45,143.1983489
3/12/2024 20:00,150.7194098
3/12/2024 20:15,142.7676273
3/12/2024 20:30,151.5477204
3/12/2024 20:45,137.3339093
3/12/2024 21:00,170.7313956
3/12/2024 21:15,144.4573811
3/12/2024 21:30,159.0687813
3/12/2024 21:45,141.111006
3/12/2024 22:00,167.4181529
3/12/2024 22:15,141.111006
3/12/2024 22:30,172.4211494
3/12/2024 22:45,136.9363202
3/12/2024 23:00,164.4693669
3/12/2024 23:15,123.9815413
3/12/2024 23:30,113.9755484
3/12/2024 23:45,93.93043014
3/13/2024 0:00,109.8008626
3/13/2024 0:15,73.05700122
3/13/2024 0:30,98.53583747
3/13/2024 0:45,75.14434411
3/13/2024 1:00,98.93342659
3/13/2024 1:15,75.57506566
3/13/2024 1:30,99.36414814
3/13/2024 1:45,79.74975144
3/13/2024 2:00,98.53583747
3/13/2024 2:15,74.71362256
3/13/2024 2:30,106.0237659
3/13/2024 2:45,73.88531189
3/13/2024 3:00,100.1924588
3/13/2024 3:15,79.74975144
3/13/2024 3:30,100.6231804
3/13/2024 3:45,73.88531189
3/13/2024 4:00,120.2375771
3/13/2024 4:15,78.88830834
3/13/2024 4:30,98.10511592
3/13/2024 4:45,94.36115169
3/13/2024 5:00,168.6440527
3/13/2024 5:15,190.7765138
3/13/2024 5:30,322.7098376
3/13/2024 5:45,1767.979429
3/13/2024 6:00,1961.671597
3/13/2024 6:15,2044.767723
3/13/2024 6:30,2349.519786
3/13/2024 6:45,2551.992046
3/13/2024 7:00,2744.425181
3/13/2024 7:15,2747.771556
3/13/2024 7:30,2756.120928
3/13/2024 7:45,2736.07581
3/13/2024 8:00,2766.160053
3/13/2024 8:15,2744.027592
3/13/2024 8:30,2768.644985
3/13/2024 8:45,2768.247396
3/13/2024 9:00,2768.247396
3/13/2024 9:15,2713.115038
3/13/2024 9:30,2706.853009
3/13/2024 9:45,2716.892135
3/13/2024 10:00,2826.262276
3/13/2024 10:15,2778.253389
3/13/2024 10:30,2718.979478
3/13/2024 10:45,2728.587881
3/13/2024 11:00,2710.199384
3/13/2024 11:15,1677.395374
3/13/2024 11:30,1474.923114
3/13/2024 11:45,2644.232723
3/13/2024 12:00,2455.543552
3/13/2024 12:15,2706.853009
3/13/2024 12:30,2734.419188
3/13/2024 12:45,2781.599764
3/13/2024 13:00,2777.425078
3/13/2024 13:15,2761.123924
3/13/2024 13:30,2747.771556
3/13/2024 13:45,2724.413196
3/13/2024 14:00,2111.131974
3/13/2024 14:15,1197.306509
3/13/2024 14:30,991.9185952
3/13/2024 14:45,500.1339834
3/13/2024 15:00,327.2821125
3/13/2024 15:15,256.7431757
3/13/2024 15:30,187.8608603
3/13/2024 15:45,184.116896
3/13/2024 16:00,157.8097491
3/13/2024 16:15,163.6410562
3/13/2024 16:30,174.9060814
3/13/2024 16:45,160.2946811
3/13/2024 17:00,175.3368029
3/13/2024 17:15,166.1591207
3/13/2024 17:30,181.16811
3/13/2024 17:45,159.0687813
3/13/2024 18:00,186.2042389
3/13/2024 18:15,161.1561242
3/13/2024 18:30,176.5958351
3/13/2024 18:45,170.7313956
3/13/2024 19:00,182.4271423
3/13/2024 19:15,167.4181529
3/13/2024 19:30,172.8187385
3/13/2024 19:45,164.0717778
3/13/2024 20:00,174.5084923
3/13/2024 20:15,171.9904278
3/13/2024 20:30,155.2916847
3/13/2024 20:45,182.0295531
3/13/2024 21:00,157.3790276
3/13/2024 21:15,174.0777707
3/13/2024 21:30,157.8097491
3/13/2024 21:45,175.7675245
3/13/2024 22:00,157.8097491
3/13/2024 22:15,174.9060814
3/13/2024 22:30,172.4211494
3/13/2024 22:45,172.4211494
3/13/2024 23:00,151.1169989
3/13/2024 23:15,167.4181529
3/13/2024 23:30,155.2916847
3/13/2024 23:45,151.5477204
3/14/2024 0:00,103.936423
3/14/2024 0:15,101.0207695
3/14/2024 0:30,113.5448268
3/14/2024 0:45,91.4123657
3/14/2024 1:00,130.6742915
3/14/2024 1:15,93.10211947
3/14/2024 1:30,113.1472377
3/14/2024 1:45,103.1081124
3/14/2024 2:00,108.5418304
3/14/2024 2:15,93.93043014
3/14/2024 2:30,118.1502342
3/14/2024 2:45,93.49970859
3/14/2024 3:00,106.885209
3/14/2024 3:15,102.2798017
3/14/2024 3:30,98.10511592
3/14/2024 3:45,128.9845378
3/14/2024 4:00,88.49671213
3/14/2024 4:15,120.2375771
3/14/2024 4:30,93.93043014
3/14/2024 4:45,117.7195126
3/14/2024 5:00,140.6802844
3/14/2024 5:15,170.3338065
3/14/2024 5:30,595.7210349
3/14/2024 5:45,1885.301353
3/14/2024 6:00,1909.488025
3/14/2024 6:15,1934.536139
3/14/2024 6:30,2081.080863
3/14/2024 6:45,2295.24887
3/14/2024 7:00,2785.77445
3/14/2024 7:15,2781.599764
3/14/2024 7:30,2821.259279
3/14/2024 7:45,2828.78034
3/14/2024 8:00,2971.117246
3/14/2024 8:15,2950.674539
3/14/2024 8:30,2925.195702
3/14/2024 8:45,2914.361399
3/14/2024 9:00,2903.063241
3/14/2024 9:15,2942.722756
3/14/2024 9:30,2847.566426
3/14/2024 9:45,2906.840338
3/14/2024 10:00,2969.858214
3/14/2024 10:15,2914.758988
3/14/2024 10:30,2951.933571
3/14/2024 10:45,2913.102366
3/14/2024 11:00,2971.945557
3/14/2024 11:15,2875.099473
3/14/2024 11:30,2863.403726
3/14/2024 11:45,2933.975795
3/14/2024 12:00,2853.397733
3/14/2024 12:15,2849.653769
3/14/2024 12:30,2844.61764
3/14/2024 12:45,2863.006137
3/14/2024 13:00,3012.864104
3/14/2024 13:15,2929.80111
3/14/2024 13:30,2888.451841
3/14/2024 13:45,2868.439855
3/14/2024 14:00,2817.084593
3/14/2024 14:15,1780.934208
3/14/2024 14:30,946.3946407
3/14/2024 14:45,751.0127195
3/14/2024 15:00,399.9415246
3/14/2024 15:15,389.5048101
3/14/2024 15:30,266.7491686
3/14/2024 15:45,163.2434671
3/14/2024 16:00,157.3790276
3/14/2024 16:15,143.595938
3/14/2024 16:30,160.7254027
3/14/2024 16:45,143.1983489
3/14/2024 17:00,152.3760311
3/14/2024 17:15,155.2916847
3/14/2024 17:30,144.8549702
3/14/2024 17:45,167.815742
3/14/2024 18:00,144.0266595
3/14/2024 18:15,169.0747742
3/14/2024 18:30,142.7676273
3/14/2024 18:45,158.6380598
3/14/2024 19:00,155.7224062
3/14/2024 19:15,153.2043418
3/14/2024 19:30,173.6801816
3/14/2024 19:45,151.5477204
3/14/2024 20:00,182.8578638
3/14/2024 20:15,157.8097491
3/14/2024 20:30,237.128779
3/14/2024 20:45,214.1680072
3/14/2024 21:00,179.9422103
3/14/2024 21:15,156.5507169
3/14/2024 21:30,158.2073382
3/14/2024 21:45,164.9000885
3/14/2024 22:00,153.2043418
3/14/2024 22:15,171.5928387
3/14/2024 22:30,153.6350633
3/14/2024 22:45,179.0807672
3/14/2024 23:00,159.897092
3/14/2024 23:15,169.9030849
3/14/2024 23:30,150.7194098
3/14/2024 23:45,151.1169989
3/15/2024 0:00,77.66240855
3/15/2024 0:15,94.75874081
3/15/2024 0:30,80.97565124
3/15/2024 0:45,98.93342659
3/15/2024 1:00,86.01178012
3/15/2024 1:15,92.67139792
3/15/2024 1:30,91.84308725
3/15/2024 1:45,94.75874081
3/15/2024 2:00,91.84308725
3/15/2024 2:15,86.40936924
3/15/2024 2:30,101.8490802
3/15/2024 2:45,88.92743368
3/15/2024 3:00,109.8008626
3/15/2024 3:15,80.14734056
3/15/2024 3:30,106.4544875
3/15/2024 3:45,81.83709433
3/15/2024 4:00,105.6261768
3/15/2024 4:15,82.23468346
3/15/2024 4:30,106.0237659
3/15/2024 4:45,84.7527479
3/15/2024 5:00,154.0326525
3/15/2024 5:15,142.7676273
3/15/2024 5:30,242.1317755
3/15/2024 5:45,227.0896537
3/15/2024 6:00,295.1436584
3/15/2024 6:15,361.1103203
3/15/2024 6:30,710.9556155
3/15/2024 6:45,1985.891401
3/15/2024 7:00,2311.947614
3/15/2024 7:15,2409.224419
3/15/2024 7:30,2387.091958
3/15/2024 7:45,2744.855903
3/15/2024 8:00,2765.29861
3/15/2024 8:15,2725.241506
3/15/2024 8:30,2739.852906
3/15/2024 8:45,2741.940249
3/15/2024 9:00,2718.979478
3/15/2024 9:15,2727.726438
3/15/2024 9:30,2664.708562
3/15/2024 9:45,2728.587881
3/15/2024 10:00,2741.111939
3/15/2024 10:15,2792.434068
3/15/2024 10:30,2722.723442
3/15/2024 10:45,2755.292617
3/15/2024 11:00,2718.979478
3/15/2024 11:15,2716.892135
3/15/2024 11:30,2718.151167
3/15/2024 11:45,2671.798902
3/15/2024 12:00,2668.054937
3/15/2024 12:15,2634.22673
3/15/2024 12:30,2683.892237
3/15/2024 12:45,2733.988467
3/15/2024 13:00,2810.822565
3/15/2024 13:15,2754.861896
3/15/2024 13:30,2759.036582
3/15/2024 13:45,2637.573105
3/15/2024 14:00,2265.197759
3/15/2024 14:15,1140.948251
3/15/2024 14:30,1000.267967
3/15/2024 14:45,553.974177
3/15/2024 15:00,293.8846262
3/15/2024 15:15,282.6196011
3/15/2024 15:30,197.4692641
3/15/2024 15:45,172.4211494
3/15/2024 16:00,184.116896
3/15/2024 16:15,161.9844349
3/15/2024 16:30,175.7675245
3/15/2024 16:45,180.7705209
3/15/2024 17:00,168.6440527
3/15/2024 17:15,186.2042389
3/15/2024 17:30,176.1651136
3/15/2024 17:45,161.5537134
3/15/2024 18:00,184.5144852
3/15/2024 18:15,161.5537134
3/15/2024 18:30,192.0355461
3/15/2024 18:45,167.4181529
3/15/2024 19:00,167.4181529
3/15/2024 19:15,182.0295531
3/15/2024 19:30,174.9060814
3/15/2024 19:45,186.2042389
3/15/2024 20:00,161.5537134
3/15/2024 20:15,181.5988316
3/15/2024 20:30,230.0384397
3/15/2024 20:45,223.3456894
3/15/2024 21:00,237.9570897
3/15/2024 21:15,223.776411
3/15/2024 21:30,237.9570897
3/15/2024 21:45,229.1769966
3/15/2024 22:00,228.3486859
3/15/2024 22:15,235.8697468
3/15/2024 22:30,222.5173788
3/15/2024 22:45,226.261343
3/15/2024 23:00,168.6440527
3/15/2024 23:15,182.0295531
3/15/2024 23:30,204.1288819
3/15/2024 23:45,171.1621171
3/16/2024 0:00,147.3730347
3/16/2024 0:15,124.809852
3/16/2024 0:30,126.4996057
3/16/2024 0:45,143.1983489
3/16/2024 1:00,118.9785448
3/16/2024 1:15,146.9423131
3/16/2024 1:30,127.3279164
3/16/2024 1:45,112.2857946
3/16/2024 2:00,132.3309129
3/16/2024 2:15,120.2375771
3/16/2024 2:30,143.595938
3/16/2024 2:45,109.8008626
3/16/2024 3:00,129.4152593
3/16/2024 3:15,126.0688842
3/16/2024 3:30,119.4092664
3/16/2024 3:45,141.111006
3/16/2024 4:00,123.5839522
3/16/2024 4:15,144.4573811
3/16/2024 4:30,128.1562271
3/16/2024 4:45,136.1080095
3/16/2024 5:00,146.1140024
3/16/2024 5:15,176.1651136
3/16/2024 5:30,258.0022079
3/16/2024 5:45,1642.738856
3/16/2024 6:00,1856.906863
3/16/2024 6:15,1884.43991
3/16/2024 6:30,1879.039324
3/16/2024 6:45,1967.105315
3/16/2024 7:00,2298.992835
3/16/2024 7:15,2365.787807
3/16/2024 7:30,2412.537662
3/16/2024 7:45,2358.266746
3/16/2024 8:00,2421.317755
3/16/2024 8:15,2402.96239
3/16/2024 8:30,2359.525779
3/16/2024 8:45,2414.625004
3/16/2024 9:00,2432.185191
3/16/2024 9:15,2693.931363
3/16/2024 9:30,2698.503638
3/16/2024 9:45,2713.54576
3/16/2024 10:00,2736.506531
3/16/2024 10:15,2717.289724
3/16/2024 10:30,2709.371074
3/16/2024 10:45,2695.587984
3/16/2024 11:00,2755.292617
3/16/2024 11:15,2789.518414
3/16/2024 11:30,2736.937253
3/16/2024 11:45,2716.063824
3/16/2024 12:00,2659.705566
3/16/2024 12:15,2667.193494
3/16/2024 12:30,2654.271848
3/16/2024 12:45,2792.864789
3/16/2024 13:00,2697.277738
3/16/2024 13:15,2802.042472
3/16/2024 13:30,1454.877996
3/16/2024 13:45,1015.707678
3/16/2024 14:00,1026.541981
3/16/2024 14:15,952.6566694
3/16/2024 14:30,324.7971805
3/16/2024 14:45,229.6077181
3/16/2024 15:00,191.2072354
3/16/2024 15:15,189.1198925
3/16/2024 15:30,158.6380598
3/16/2024 15:45,135.677288
3/16/2024 16:00,124.4122628
3/16/2024 16:15,121.4966093
3/16/2024 16:30,139.4212522
3/16/2024 16:45,118.1502342
3/16/2024 17:00,127.758638
3/16/2024 17:15,133.5899451
3/16/2024 17:30,119.4092664
3/16/2024 17:45,136.5055986
3/16/2024 18:00,120.2375771
3/16/2024 18:15,129.8459808
3/16/2024 18:30,125.2405735
3/16/2024 18:45,120.6351662
3/16/2024 19:00,138.1953524
3/16/2024 19:15,122.32492
3/16/2024 19:30,154.463374
3/16/2024 19:45,118.5478233
3/16/2024 20:00,122.32492
3/16/2024 20:15,138.1953524
3/16/2024 20:30,118.1502342
3/16/2024 20:45,143.1983489
3/16/2024 21:00,124.809852
3/16/2024 21:15,142.3700382
3/16/2024 21:30,132.7616344
3/16/2024 21:45,120.6351662
3/16/2024 22:00,138.5929415
3/16/2024 22:15,121.0658877
3/16/2024 22:30,146.1140024
3/16/2024 22:45,119.8068555
3/16/2024 23:00,141.9393167
3/16/2024 23:15,119.8068555
3/16/2024 23:30,130.6742915
3/16/2024 23:45,115.2345806
3/17/2024 0:00,58.01487943
3/17/2024 0:15,80.14734056
3/17/2024 0:30,60.10222232
3/17/2024 0:45,81.83709433
3/17/2024 1:00,57.6172903
3/17/2024 1:15,80.57806211
3/17/2024 1:30,69.31303698
3/17/2024 1:45,85.15033702
3/17/2024 2:00,59.27391165
3/17/2024 2:15,71.40037987
3/17/2024 2:30,69.71062611
3/17/2024 2:45,62.18956521
3/17/2024 3:00,77.66240855
3/17/2024 3:15,60.53294387
3/17/2024 3:30,79.74975144
3/17/2024 3:45,57.6172903
3/17/2024 4:00,80.97565124
3/17/2024 4:15,72.22869055
3/17/2024 4:30,78.88830834
3/17/2024 4:45,58.01487943
3/17/2024 5:00,80.14734056
3/17/2024 5:15,60.96366542
3/17/2024 5:30,73.48772277
3/17/2024 5:45,65.1383512
3/17/2024 6:00,66.79497254
3/17/2024 6:15,79.74975144
3/17/2024 6:30,59.27391165
3/17/2024 6:45,80.14734056
3/17/2024 7:00,60.10222232
3/17/2024 7:15,80.57806211
3/17/2024 7:30,58.01487943
3/17/2024 7:45,83.92443723
3/17/2024 8:00,60.10222232
3/17/2024 8:15,80.57806211
3/17/2024 8:30,64.70762965
3/17/2024 8:45,82.23468346
3/17/2024 9:00,58.01487943
3/17/2024 9:15,80.14734056
3/17/2024 9:30,58.87632252
3/17/2024 9:45,80.97565124
3/17/2024 10:00,60.10222232
3/17/2024 10:15,72.62627967
3/17/2024 10:30,84.32202635
3/17/2024 10:45,108.1111088
3/17/2024 11:00,109.8008626
3/17/2024 11:15,109.3701411
3/17/2024 11:30,120.2375771
3/17/2024 11:45,98.53583747
3/17/2024 12:00,120.2375771
3/17/2024 12:15,92.67139792
3/17/2024 12:30,110.6291733
3/17/2024 12:45,91.84308725
3/17/2024 13:00,97.27680525
3/17/2024 13:15,99.76173726
3/17/2024 13:30,88.92743368
3/17/2024 13:45,108.1111088
3/17/2024 14:00,89.75574435
3/17/2024 14:15,103.5388339
3/17/2024 14:30,86.40936924
3/17/2024 14:45,94.36115169
3/17/2024 15:00,100.1924588
3/17/2024 15:15,85.15033702
3/17/2024 15:30,107.2827982
3/17/2024 15:45,90.58405502
3/17/2024 16:00,105.6261768
3/17/2024 16:15,90.58405502
3/17/2024 16:30,85.15033702
3/17/2024 16:45,107.2827982
3/17/2024 17:00,88.92743368
3/17/2024 17:15,105.1954553
3/17/2024 17:30,88.49671213
3/17/2024 17:45,98.10511592
3/17/2024 18:00,98.53583747
3/17/2024 18:15,91.84308725
3/17/2024 18:30,112.2857946
3/17/2024 18:45,88.92743368
3/17/2024 19:00,110.6291733
3/17/2024 19:15,91.4123657
3/17/2024 19:30,93.10211947
3/17/2024 19:45,100.1924588
3/17/2024 20:00,84.32202635
3/17/2024 20:15,108.1111088
3/17/2024 20:30,86.01178012
3/17/2024 20:45,114.8038591
3/17/2024 21:00,83.49371568
3/17/2024 21:15,95.58705148
3/17/2024 21:30,98.53583747
3/17/2024 21:45,91.84308725
3/17/2024 22:00,104.7978661
3/17/2024 22:15,90.58405502
3/17/2024 22:30,102.7105233
3/17/2024 22:45,98.93342659
3/17/2024 23:00,89.75574435
3/17/2024 23:15,107.2827982
3/17/2024 23:30,91.01477657
3/17/2024 23:45,106.0237659
3/18/2024 0:00,92.27380879
3/18/2024 0:15,93.49970859
3/18/2024 0:30,105.1954553
3/18/2024 0:45,86.84009079
3/18/2024 1:00,109.3701411
3/18/2024 1:15,87.66840146
3/18/2024 1:30,118.9785448
3/18/2024 1:45,93.49970859
3/18/2024 2:00,86.84009079
3/18/2024 2:15,110.1984517
3/18/2024 2:30,87.23767991
3/18/2024 2:45,109.8008626
3/18/2024 3:00,91.84308725
3/18/2024 3:15,94.36115169
3/18/2024 3:30,101.451491
3/18/2024 3:45,94.36115169
3/18/2024 4:00,102.2798017
3/18/2024 4:15,92.27380879
3/18/2024 4:30,112.2857946
3/18/2024 4:45,85.58105857
3/18/2024 5:00,94.75874081
3/18/2024 5:15,105.6261768
3/18/2024 5:30,90.58405502
3/18/2024 5:45,110.6291733
3/18/2024 6:00,98.53583747
3/18/2024 6:15,104.7978661
3/18/2024 6:30,97.67439437
3/18/2024 6:45,88.92743368
3/18/2024 7:00,106.0237659
3/18/2024 7:15,93.93043014
3/18/2024 7:30,107.7135197
3/18/2024 7:45,86.01178012
3/18/2024 8:00,103.1081124
3/18/2024 8:15,98.93342659
3/18/2024 8:30,89.3250228
3/18/2024 8:45,112.2857946
3/18/2024 9:00,100.6231804
3/18/2024 9:15,103.936423
3/18/2024 9:30,91.01477657
3/18/2024 9:45,97.27680525
3/18/2024 10:00,98.53583747
3/18/2024 10:15,92.27380879
3/18/2024 10:30,108.1111088
3/18/2024 10:45,85.15033702
3/18/2024 11:00,110.6291733
3/18/2024 11:15,94.75874081
3/18/2024 11:30,86.84009079
3/18/2024 11:45,110.6291733
3/18/2024 12:00,91.84308725
3/18/2024 12:15,103.936423
3/18/2024 12:30,91.84308725
3/18/2024 12:45,99.36414814
3/18/2024 13:00,96.01777303
3/18/2024 13:15,92.67139792
3/18/2024 13:30,113.1472377
3/18/2024 13:45,98.93342659
3/18/2024 14:00,105.6261768
3/18/2024 14:15,87.23767991
3/18/2024 14:30,92.27380879
3/18/2024 14:45,103.936423
3/18/2024 15:00,88.92743368
3/18/2024 15:15,114.8038591
3/18/2024 15:30,95.18946236
3/18/2024 15:45,109.8008626
3/18/2024 16:00,87.66840146
3/18/2024 16:15,110.1984517
3/18/2024 16:30,104.7978661
3/18/2024 16:45,85.58105857
3/18/2024 17:00,111.0598948
3/18/2024 17:15,97.27680525
3/18/2024 17:30,109.8008626
3/18/2024 17:45,93.93043014
3/18/2024 18:00,103.5388339
3/18/2024 18:15,98.10511592
3/18/2024 18:30,88.49671213
3/18/2024 18:45,118.1502342
3/18/2024 19:00,97.67439437
3/18/2024 19:15,105.6261768
3/18/2024 19:30,94.75874081
3/18/2024 19:45,111.0598948
3/18/2024 20:00,91.4123657
3/18/2024 20:15,111.4574839
3/18/2024 20:30,104.7978661
3/18/2024 20:45,90.1864659
3/18/2024 21:00,129.8459808
3/18/2024 21:15,93.93043014
3/18/2024 21:30,121.8941984
3/18/2024 21:45,89.75574435
3/18/2024 22:00,114.3731375
3/18/2024 22:15,95.18946236
3/18/2024 22:30,113.1472377
3/18/2024 22:45,102.2798017
3/18/2024 23:00,107.7135197
3/18/2024 23:15,95.18946236
3/18/2024 23:30,107.2827982
3/18/2024 23:45,115.2345806
3/19/2024 0:00,108.5418304
3/19/2024 0:15,111.0598948
3/19/2024 0:30,103.936423
3/19/2024 0:45,123.1532306
3/19/2024 1:00,97.27680525
3/19/2024 1:15,108.5418304
3/19/2024 1:30,106.0237659
3/19/2024 1:45,115.6321697
3/19/2024 2:00,110.6291733
3/19/2024 2:15,99.36414814
3/19/2024 2:30,113.9755484
3/19/2024 2:45,107.7135197
3/19/2024 3:00,118.1502342
3/19/2024 3:15,105.6261768
3/19/2024 3:30,124.4122628
3/19/2024 3:45,96.44849458
3/19/2024 4:00,118.9785448
3/19/2024 4:15,106.0237659
3/19/2024 4:30,127.758638
3/19/2024 4:45,125.2405735
3/19/2024 5:00,159.0687813
3/19/2024 5:15,139.0236631
3/19/2024 5:30,146.1140024
3/19/2024 5:45,930.9549298
3/19/2024 6:00,1948.319229
3/19/2024 6:15,2004.677487
3/19/2024 6:30,1712.449482
3/19/2024 6:45,944.3072978
3/19/2024 7:00,2523.166835
3/19/2024 7:15,2960.282942
3/19/2024 7:30,2933.545074
3/19/2024 7:45,2953.590192
3/19/2024 8:00,2937.71976
3/19/2024 8:15,2973.63531
3/19/2024 8:30,2925.195702
3/19/2024 8:45,2938.54807
3/19/2024 9:00,2948.156474
3/19/2024 9:15,2928.542077
3/19/2024 9:30,2883.879566
3/19/2024 9:45,2916.448742
3/19/2024 10:00,2981.156371
3/19/2024 10:15,2951.933571
3/19/2024 10:30,2987.815989
3/19/2024 10:45,2921.021016
3/19/2024 11:00,2928.542077
3/19/2024 11:15,2833.783337
3/19/2024 11:30,2974.463621
3/19/2024 11:45,2952.33116
3/19/2024 12:00,2878.87657
3/19/2024 12:15,2802.473193
3/19/2024 12:30,2812.081597
3/19/2024 12:45,2880.963912
3/19/2024 13:00,2932.716763
3/19/2024 13:15,3001.599079
3/19/2024 13:30,2951.933571
3/19/2024 13:45,2864.265169
3/19/2024 14:00,2476.019391
3/19/2024 14:15,1392.68843
3/19/2024 14:30,842.8558068
3/19/2024 14:45,680.9045043
3/19/2024 15:00,705.952619
3/19/2024 15:15,397.8541817
3/19/2024 15:30,315.1887767
3/19/2024 15:45,243.3908077
3/19/2024 16:00,192.8638567
3/19/2024 16:15,215.8246285
3/19/2024 16:30,183.2554529
3/19/2024 16:45,209.9933214
3/19/2024 17:00,192.8638567
3/19/2024 17:15,214.5655963
3/19/2024 17:30,189.9482032
3/19/2024 17:45,215.4270394
3/19/2024 18:00,186.6018281
3/19/2024 18:15,226.261343
3/19/2024 18:30,185.3427958
3/19/2024 18:45,225.0023108
3/19/2024 19:00,195.3819212
3/19/2024 19:15,230.0384397
3/19/2024 19:30,198.7282963
3/19/2024 19:45,227.9510968
3/19/2024 20:00,205.8186356
3/19/2024 20:15,219.9993143
3/19/2024 20:30,207.475257
3/19/2024 20:45,220.4300359
3/19/2024 21:00,216.6529392
3/19/2024 21:15,210.3909105
3/19/2024 21:30,217.0836608
3/19/2024 21:45,202.4722605
3/19/2024 22:00,226.261343
3/19/2024 22:15,208.7342892
3/19/2024 22:30,227.5203752
3/19/2024 22:45,181.16811
3/19/2024 23:00,174.5084923
3/19/2024 23:15,147.7706238
3/19/2024 23:30,171.5928387
3/19/2024 23:45,133.1592235
3/20/2024 0:00,99.76173726
3/20/2024 0:15,92.27380879
3/20/2024 0:30,91.84308725
3/20/2024 0:45,101.0207695
3/20/2024 1:00,90.58405502
3/20/2024 1:15,112.7165162
3/20/2024 1:30,101.451491
3/20/2024 1:45,112.7165162
3/20/2024 2:00,83.92443723
3/20/2024 2:15,118.9785448
3/20/2024 2:30,90.58405502
3/20/2024 2:45,107.2827982
3/20/2024 3:00,95.58705148
3/20/2024 3:15,103.936423
3/20/2024 3:30,113.9755484
3/20/2024 3:45,86.84009079
3/20/2024 4:00,116.0628913
3/20/2024 4:15,106.0237659
3/20/2024 4:30,114.8038591
3/20/2024 4:45,91.01477657
3/20/2024 5:00,209.1650107
3/20/2024 5:15,274.2702295
3/20/2024 5:30,1058.282846
3/20/2024 5:45,2172.09564
3/20/2024 6:00,2213.842498
3/20/2024 6:15,2506.070503
3/20/2024 6:30,2634.657451
3/20/2024 6:45,3115.574627
3/20/2024 7:00,3228.688732
3/20/2024 7:15,3261.257908
3/20/2024 7:30,3291.309019
3/20/2024 7:45,3308.869205
3/20/2024 8:00,3252.510947
3/20/2024 8:15,3302.176455
3/20/2024 8:30,3287.134333
3/20/2024 8:45,3292.170462
3/20/2024 9:00,3272.522933
3/20/2024 9:15,3305.092109
3/20/2024 9:30,3197.80931
3/20/2024 9:45,3212.851432
3/20/2024 10:00,3272.125344
3/20/2024 10:15,3264.173561
3/20/2024 10:30,3296.742737
3/20/2024 10:45,3303.833076
3/20/2024 11:00,3240.815201
3/20/2024 11:15,3269.20969
3/20/2024 11:30,3136.017334
3/20/2024 11:45,3092.183134
3/20/2024 12:00,3053.782651
3/20/2024 12:15,3062.960333
3/20/2024 12:30,3067.56574
3/20/2024 12:45,3140.622742
3/20/2024 13:00,3084.264484
3/20/2024 13:15,3099.273473
3/20/2024 13:30,3088.008448
3/20/2024 13:45,2866.352512
3/20/2024 14:00,1778.416144
3/20/2024 14:15,1451.134031
3/20/2024 14:30,1172.655984
3/20/2024 14:45,801.9703921
3/20/2024 15:00,533.1007481
3/20/2024 15:15,316.4478089
3/20/2024 15:30,247.5654935
3/20/2024 15:45,215.8246285
3/20/2024 16:00,176.5958351
3/20/2024 16:15,177.8548674
3/20/2024 16:30,193.6921674
3/20/2024 16:45,187.4301387
3/20/2024 17:00,194.9511996
3/20/2024 17:15,176.5958351
3/20/2024 17:30,194.5536105
3/20/2024 17:45,179.9422103
3/20/2024 18:00,187.4301387
3/20/2024 18:15,191.2072354
3/20/2024 18:30,169.0747742
3/20/2024 18:45,196.2102318
3/20/2024 19:00,174.0777707
3/20/2024 19:15,197.4692641
3/20/2024 19:30,179.9422103
3/20/2024 19:45,192.4662676
3/20/2024 20:00,180.3397994
3/20/2024 20:15,190.3789247
3/20/2024 20:30,180.3397994
3/20/2024 20:45,184.116896
3/20/2024 21:00,189.9482032
3/20/2024 21:15,180.7705209
3/20/2024 21:30,211.2523536
3/20/2024 21:45,182.4271423
3/20/2024 22:00,199.556607
3/20/2024 22:15,176.1651136
3/20/2024 22:30,202.9029821
3/20/2024 22:45,176.5958351
3/20/2024 23:00,209.1650107
3/20/2024 23:15,177.8548674
3/20/2024 23:30,202.9029821
3/20/2024 23:45,151.9453096
3/21/2024 0:00,130.24357
3/21/2024 0:15,116.4604804
3/21/2024 0:30,132.7616344
3/21/2024 0:45,118.9785448
3/21/2024 1:00,124.809852
3/21/2024 1:15,112.2857946
3/21/2024 1:30,126.4996057
3/21/2024 1:45,104.7978661
3/21/2024 2:00,127.3279164
3/21/2024 2:15,108.1111088
3/21/2024 2:30,118.5478233
3/21/2024 2:45,107.7135197
3/21/2024 3:00,123.5839522
3/21/2024 3:15,107.7135197
3/21/2024 3:30,113.5448268
3/21/2024 3:45,137.7646309
3/21/2024 4:00,107.2827982
3/21/2024 4:15,118.9785448
3/21/2024 4:30,111.4574839
3/21/2024 4:45,133.5899451
3/21/2024 5:00,316.0170874
3/21/2024 5:15,465.4774649
3/21/2024 5:30,459.6461578
3/21/2024 5:45,495.9592976
3/21/2024 6:00,691.7388079
3/21/2024 6:15,738.4886622
3/21/2024 6:30,994.0059381
3/21/2024 6:45,1087.505647
3/21/2024 7:00,1143.433183
3/21/2024 7:15,1124.249508
3/21/2024 7:30,1135.514533
3/21/2024 7:45,1145.520526
3/21/2024 8:00,1182.264388
3/21/2024 8:15,1264.929793
3/21/2024 8:30,1582.636634
3/21/2024 8:45,1527.934997
3/21/2024 9:00,1533.368715
3/21/2024 9:15,1394.775773
3/21/2024 9:30,1363.863219
3/21/2024 9:45,1379.733652
3/21/2024 10:00,1470.317707
3/21/2024 10:15,1543.374708
3/21/2024 10:30,1559.675862
3/21/2024 10:45,1497.055575
3/21/2024 11:00,1554.242144
3/21/2024 11:15,1380.561962
3/21/2024 11:30,1148.469312
3/21/2024 11:45,1110.035697
3/21/2024 12:00,1062.457532
3/21/2024 12:15,1036.978696
3/21/2024 12:30,1078.725554
3/21/2024 12:45,1103.376079
3/21/2024 13:00,1112.12304
3/21/2024 13:15,1105.032701
3/21/2024 13:30,1050.761785
3/21/2024 13:45,999.8372452
3/21/2024 14:00,942.6506765
3/21/2024 14:15,741.8350373
3/21/2024 14:30,474.257558
3/21/2024 14:45,314.7580551
3/21/2024 15:00,333.5441412
3/21/2024 15:15,298.4900335
3/21/2024 15:30,303.49303
3/21/2024 15:45,257.5714864
3/21/2024 16:00,264.6618257
3/21/2024 16:15,242.9600861
3/21/2024 16:30,260.0895508
3/21/2024 16:45,248.8245257
3/21/2024 17:00,272.1828866
3/21/2024 17:15,238.3878112
3/21/2024 17:30,271.354576
3/21/2024 17:45,239.613711
3/21/2024 18:00,263.4359259
3/21/2024 18:15,242.9600861
3/21/2024 18:30,269.6979546
3/21/2024 18:45,239.613711
3/21/2024 19:00,277.1858831
3/21/2024 19:15,238.7854004
3/21/2024 19:30,277.6166046
3/21/2024 19:45,242.562497
3/21/2024 20:00,273.4419188
3/21/2024 20:15,245.047429
3/21/2024 20:30,261.7461722
3/21/2024 20:45,248.3938041
3/21/2024 21:00,266.3515795
3/21/2024 21:15,247.9630826
3/21/2024 21:30,283.0503226
3/21/2024 21:45,250.481147
3/21/2024 22:00,268.8365115
3/21/2024 22:15,248.8245257
3/21/2024 22:30,268.8365115
3/21/2024 22:45,252.1377684
3/21/2024 23:00,259.2612401
3/21/2024 23:15,262.1768937
3/21/2024 23:30,210.3909105
3/21/2024 23:45,177.8548674
3/22/2024 0:00,128.9845378
3/22/2024 0:15,147.7706238
3/22/2024 0:30,127.3279164
3/22/2024 0:45,144.0266595
3/22/2024 1:00,147.7706238
3/22/2024 1:15,140.2826953
3/22/2024 1:30,128.1562271
3/22/2024 1:45,146.1140024
3/22/2024 2:00,127.3279164
3/22/2024 2:15,146.544724
3/22/2024 2:30,124.4122628
3/22/2024 2:45,151.5477204
3/22/2024 3:00,121.4966093
3/22/2024 3:15,151.9453096
3/22/2024 3:30,118.5478233
3/22/2024 3:45,153.6350633
3/22/2024 4:00,139.8519738
3/22/2024 4:15,143.1983489
3/22/2024 4:30,132.3309129
3/22/2024 4:45,141.9393167
3/22/2024 5:00,283.4479118
3/22/2024 5:15,372.3753454
3/22/2024 5:30,1243.625642
3/22/2024 5:45,1742.500593
3/22/2024 6:00,1874.864639
3/22/2024 6:15,2135.351778
3/22/2024 6:30,2163.315547
3/22/2024 6:45,2174.182983
3/22/2024 7:00,2341.998725
3/22/2024 7:15,2347.001721
3/22/2024 7:30,2291.471774
3/22/2024 7:45,2275.203752
3/22/2024 8:00,2343.257757
3/22/2024 8:15,2447.19418
3/22/2024 8:30,2456.371862
3/22/2024 8:45,2544.470985
3/22/2024 9:00,2665.967595
3/22/2024 9:15,2634.22673
3/22/2024 9:30,2596.223836
3/22/2024 9:45,2616.268954
3/22/2024 10:00,2664.277841
3/22/2024 10:15,2586.648565
3/22/2024 10:30,2578.299193
3/22/2024 10:45,2578.696782
3/22/2024 11:00,2582.871468
3/22/2024 11:15,2558.254075
3/22/2024 11:30,2579.525093
3/22/2024 11:45,2540.727021
3/22/2024 12:00,2503.98316
3/22/2024 12:15,2481.419977
3/22/2024 12:30,2545.299296
3/22/2024 12:45,2516.507217
3/22/2024 13:00,2556.564321
3/22/2024 13:15,2542.383642
3/22/2024 13:30,2548.645671
3/22/2024 13:45,2440.534562
3/22/2024 14:00,1212.315499
3/22/2024 14:15,930.5242083
3/22/2024 14:30,484.6942725
3/22/2024 14:45,388.6764994
3/22/2024 15:00,362.7669416
3/22/2024 15:15,290.5713835
3/22/2024 15:30,258.0022079
3/22/2024 15:45,247.1347719
3/22/2024 16:00,161.1561242
3/22/2024 16:15,174.5084923
3/22/2024 16:30,152.8067527
3/22/2024 16:45,182.8578638
3/22/2024 17:00,160.7254027
3/22/2024 17:15,171.9904278
3/22/2024 17:30,169.0747742
3/22/2024 17:45,163.6410562
3/22/2024 18:00,169.5054958
3/22/2024 18:15,178.2524565
3/22/2024 18:30,174.5084923
3/22/2024 18:45,159.0687813
3/22/2024 19:00,185.3427958
3/22/2024 19:15,150.2886882
3/22/2024 19:30,179.9422103
3/22/2024 19:45,156.9814384
3/22/2024 20:00,176.9934243
3/22/2024 20:15,153.2043418
3/22/2024 20:30,182.0295531
3/22/2024 20:45,151.1169989
3/22/2024 21:00,184.9452067
3/22/2024 21:15,153.6350633
3/22/2024 21:30,173.24946
3/22/2024 21:45,158.6380598
3/22/2024 22:00,171.5928387
3/22/2024 22:15,152.8067527
3/22/2024 22:30,178.683178
3/22/2024 22:45,182.0295531
3/22/2024 23:00,189.9482032
3/22/2024 23:15,146.544724
3/22/2024 23:30,172.4211494
3/22/2024 23:45,113.1472377
3/23/2024 0:00,86.84009079
3/23/2024 0:15,92.27380879
3/23/2024 0:30,79.74975144
3/23/2024 0:45,95.18946236
3/23/2024 1:00,80.14734056
3/23/2024 1:15,95.18946236
3/23/2024 1:30,92.27380879
3/23/2024 1:45,93.10211947
3/23/2024 2:00,83.49371568
3/23/2024 2:15,97.27680525
3/23/2024 2:30,77.231687
3/23/2024 2:45,104.3671446
3/23/2024 3:00,73.48772277
3/23/2024 3:15,108.1111088
3/23/2024 3:30,74.31603344
3/23/2024 3:45,102.2798017
3/23/2024 4:00,78.05999767
3/23/2024 4:15,98.53583747
3/23/2024 4:30,84.7527479
3/23/2024 4:45,212.908975
3/23/2024 5:00,485.9201723
3/23/2024 5:15,479.6581436
3/23/2024 5:30,484.6942725
3/23/2024 5:45,1282.456846
3/23/2024 6:00,2219.673805
3/23/2024 6:15,2278.119406
3/23/2024 6:30,2341.170414
3/23/2024 6:45,2343.257757
3/23/2024 7:00,2357.040847
3/23/2024 7:15,2323.64336
3/23/2024 7:30,2348.691475
3/23/2024 7:45,2321.125296
3/23/2024 8:00,2302.33921
3/23/2024 8:15,2211.324433
3/23/2024 8:30,2201.716029
3/23/2024 8:45,2219.673805
3/23/2024 9:00,2209.23709
3/23/2024 9:15,2115.737382
3/23/2024 9:30,626.6335891
3/23/2024 9:45,393.2487744
3/23/2024 10:00,428.7336035
3/23/2024 10:15,351.9326381
3/23/2024 10:30,370.2880025
3/23/2024 10:45,359.453699
3/23/2024 11:00,359.453699
3/23/2024 11:15,356.504913
3/23/2024 11:30,340.2368914
3/23/2024 11:45,361.5410419
3/23/2024 12:00,227.9510968
3/23/2024 12:15,258.0022079
3/23/2024 12:30,227.9510968
3/23/2024 12:45,269.6979546
3/23/2024 13:00,254.6558328
3/23/2024 13:15,273.4419188
3/23/2024 13:30,264.6618257
3/23/2024 13:45,232.9540932
3/23/2024 14:00,147.7706238
3/23/2024 14:15,197.8668532
3/23/2024 14:30,156.5507169
3/23/2024 14:45,235.0414361
3/23/2024 15:00,217.5143823
3/23/2024 15:15,214.5655963
3/23/2024 15:30,175.7675245
3/23/2024 15:45,166.9874314
3/23/2024 16:00,166.1591207
3/23/2024 16:15,160.7254027
3/23/2024 16:30,172.4211494
3/23/2024 16:45,161.5537134
3/23/2024 17:00,176.5958351
3/23/2024 17:15,154.8940956
3/23/2024 17:30,186.2042389
3/23/2024 17:45,160.2946811
3/23/2024 18:00,178.2524565
3/23/2024 18:15,156.5507169
3/23/2024 18:30,177.8548674
3/23/2024 18:45,155.2916847
3/23/2024 19:00,181.16811
3/23/2024 19:15,154.8940956
3/23/2024 19:30,175.7675245
3/23/2024 19:45,148.2013453
3/23/2024 20:00,133.5899451
3/23/2024 20:15,107.7135197
3/23/2024 20:30,130.24357
3/23/2024 20:45,103.1081124
3/23/2024 21:00,121.4966093
3/23/2024 21:15,98.10511592
3/23/2024 21:30,122.7225091
3/23/2024 21:45,100.1924588
3/23/2024 22:00,122.7225091
3/23/2024 22:15,99.36414814
3/23/2024 22:30,122.32492
3/23/2024 22:45,101.451491
3/23/2024 23:00,122.7225091
3/23/2024 23:15,98.10511592
3/23/2024 23:30,122.7225091
3/23/2024 23:45,100.6231804
3/24/2024 0:00,122.32492
3/24/2024 0:15,98.10511592
3/24/2024 0:30,128.9845378
3/24/2024 0:45,99.36414814
3/24/2024 1:00,123.1532306
3/24/2024 1:15,98.93342659
3/24/2024 1:30,124.809852
3/24/2024 1:45,98.93342659
3/24/2024 2:00,126.4996057
3/24/2024 2:15,97.27680525
3/24/2024 2:30,123.5839522
3/24/2024 2:45,97.67439437
3/24/2024 3:00,122.32492
3/24/2024 3:15,97.67439437
3/24/2024 3:30,123.9815413
3/24/2024 3:45,98.10511592
3/24/2024 4:00,122.32492
3/24/2024 4:15,99.36414814
3/24/2024 4:30,123.1532306
3/24/2024 4:45,99.76173726
3/24/2024 5:00,119.8068555
3/24/2024 5:15,103.5388339
3/24/2024 5:30,117.7195126
3/24/2024 5:45,103.936423
3/24/2024 6:00,114.8038591
3/24/2024 6:15,109.8008626
3/24/2024 6:30,111.4574839
3/24/2024 6:45,108.9725519
3/24/2024 7:00,109.3701411
3/24/2024 7:15,112.7165162
3/24/2024 7:30,107.2827982
3/24/2024 7:45,116.0628913
3/24/2024 8:00,103.936423
3/24/2024 8:15,118.1502342
3/24/2024 8:30,98.93342659
3/24/2024 8:45,121.4966093
3/24/2024 9:00,96.44849458
3/24/2024 9:15,123.9815413
3/24/2024 9:30,96.44849458
3/24/2024 9:45,120.6351662
3/24/2024 10:00,96.01777303
3/24/2024 10:15,121.8941984
3/24/2024 10:30,95.58705148
3/24/2024 10:45,121.0658877
3/24/2024 11:00,97.67439437
3/24/2024 11:15,119.8068555
3/24/2024 11:30,102.7105233
3/24/2024 11:45,121.4966093
3/24/2024 12:00,97.67439437
3/24/2024 12:15,121.0658877
3/24/2024 12:30,96.01777303
3/24/2024 12:45,119.8068555
3/24/2024 13:00,97.27680525
3/24/2024 13:15,120.2375771
3/24/2024 13:30,101.0207695
3/24/2024 13:45,120.2375771
3/24/2024 14:00,98.93342659
3/24/2024 14:15,119.8068555
3/24/2024 14:30,95.58705148
3/24/2024 14:45,120.2375771
3/24/2024 15:00,98.53583747
3/24/2024 15:15,118.9785448
3/24/2024 15:30,100.6231804
3/24/2024 15:45,115.6321697
3/24/2024 16:00,104.3671446
3/24/2024 16:15,114.8038591
3/24/2024 16:30,102.7105233
3/24/2024 16:45,115.2345806
3/24/2024 17:00,109.3701411
3/24/2024 17:15,112.7165162
3/24/2024 17:30,109.8008626
3/24/2024 17:45,111.8882055
3/24/2024 18:00,112.7165162
3/24/2024 18:15,109.8008626
3/24/2024 18:30,112.7165162
3/24/2024 18:45,106.4544875
3/24/2024 19:00,118.9785448
3/24/2024 19:15,103.5388339
3/24/2024 19:30,119.8068555
3/24/2024 19:45,101.451491
3/24/2024 20:00,124.4122628
3/24/2024 20:15,96.8460837
3/24/2024 20:30,121.0658877
3/24/2024 20:45,99.36414814
3/24/2024 21:00,122.7225091
3/24/2024 21:15,97.67439437
3/24/2024 21:30,127.3279164
3/24/2024 21:45,99.76173726
3/24/2024 22:00,122.7225091
3/24/2024 22:15,97.67439437
3/24/2024 22:30,123.1532306
3/24/2024 22:45,101.0207695
3/24/2024 23:00,121.4966093
3/24/2024 23:15,102.7105233
3/24/2024 23:30,116.8912019
3/24/2024 23:45,109.3701411
3/25/2024 0:00,113.5448268
3/25/2024 0:15,111.8882055
3/25/2024 0:30,107.2827982
3/25/2024 0:45,118.9785448
3/25/2024 1:00,102.2798017
3/25/2024 1:15,122.7225091
3/25/2024 1:30,98.10511592
3/25/2024 1:45,124.809852
3/25/2024 2:00,98.10511592
3/25/2024 2:15,123.1532306
3/25/2024 2:30,98.53583747
3/25/2024 2:45,124.809852
3/25/2024 3:00,98.10511592
3/25/2024 3:15,122.7225091
3/25/2024 3:30,103.936423
3/25/2024 3:45,118.1502342
3/25/2024 4:00,109.8008626
3/25/2024 4:15,111.8882055
3/25/2024 4:30,115.6321697
3/25/2024 4:45,107.2827982
3/25/2024 5:00,123.5839522
3/25/2024 5:15,100.6231804
3/25/2024 5:30,125.2405735
3/25/2024 5:45,98.10511592
3/25/2024 6:00,124.809852
3/25/2024 6:15,97.27680525
3/25/2024 6:30,126.4996057
3/25/2024 6:45,101.0207695
3/25/2024 7:00,124.809852
3/25/2024 7:15,109.8008626
3/25/2024 7:30,116.4604804
3/25/2024 7:45,110.1984517
3/25/2024 8:00,113.1472377
3/25/2024 8:15,115.6321697
3/25/2024 8:30,102.7105233
3/25/2024 8:45,123.1532306
3/25/2024 9:00,97.67439437
3/25/2024 9:15,121.0658877
3/25/2024 9:30,96.8460837
3/25/2024 9:45,121.4966093
3/25/2024 10:00,97.67439437
3/25/2024 10:15,122.32492
3/25/2024 10:30,98.10511592
3/25/2024 10:45,120.2375771
3/25/2024 11:00,104.3671446
3/25/2024 11:15,114.3731375
3/25/2024 11:30,107.7135197
3/25/2024 11:45,108.9725519
3/25/2024 12:00,114.3731375
3/25/2024 12:15,103.1081124
3/25/2024 12:30,116.0628913
3/25/2024 12:45,98.93342659
3/25/2024 13:00,122.32492
3/25/2024 13:15,94.36115169
3/25/2024 13:30,119.4092664
3/25/2024 13:45,97.27680525
3/25/2024 14:00,120.2375771
3/25/2024 14:15,96.01777303
3/25/2024 14:30,120.6351662
3/25/2024 14:45,96.44849458
3/25/2024 15:00,119.8068555
3/25/2024 15:15,96.8460837
3/25/2024 15:30,118.9785448
3/25/2024 15:45,96.01777303
3/25/2024 16:00,121.4966093
3/25/2024 16:15,97.27680525
3/25/2024 16:30,127.3279164
3/25/2024 16:45,98.93342659
3/25/2024 17:00,122.7225091
3/25/2024 17:15,96.8460837
3/25/2024 17:30,121.4966093
3/25/2024 17:45,98.10511592
3/25/2024 18:00,121.0658877
3/25/2024 18:15,98.10511592
3/25/2024 18:30,120.2375771
3/25/2024 18:45,96.01777303
3/25/2024 19:00,122.32492
3/25/2024 19:15,98.53583747
3/25/2024 19:30,121.4966093
3/25/2024 19:45,98.10511592
3/25/2024 20:00,121.0658877
3/25/2024 20:15,98.10511592
3/25/2024 20:30,119.8068555
3/25/2024 20:45,100.6231804
3/25/2024 21:00,118.9785448
3/25/2024 21:15,101.451491
3/25/2024 21:30,117.3219235
3/25/2024 21:45,102.2798017
3/25/2024 22:00,116.8912019
3/25/2024 22:15,104.7978661
3/25/2024 22:30,114.8038591
3/25/2024 22:45,104.7978661
3/25/2024 23:00,115.2345806
3/25/2024 23:15,104.3671446
3/25/2024 23:30,113.9755484
3/25/2024 23:45,104.3671446
3/26/2024 0:00,113.9755484
3/26/2024 0:15,106.885209
3/26/2024 0:30,112.7165162
3/26/2024 0:45,105.1954553
3/26/2024 1:00,112.7165162
3/26/2024 1:15,107.7135197
3/26/2024 1:30,112.2857946
3/26/2024 1:45,107.2827982
3/26/2024 2:00,122.32492
3/26/2024 2:15,108.5418304
3/26/2024 2:30,110.1984517
3/26/2024 2:45,106.885209
3/26/2024 3:00,110.1984517
3/26/2024 3:15,111.4574839
3/26/2024 3:30,108.1111088
3/26/2024 3:45,111.8882055
3/26/2024 4:00,106.0237659
3/26/2024 4:15,116.4604804
3/26/2024 4:30,104.3671446
3/26/2024 4:45,117.3219235
3/26/2024 5:00,101.0207695
3/26/2024 5:15,122.32492
3/26/2024 5:30,98.10511592
3/26/2024 5:45,121.4966093
3/26/2024 6:00,97.67439437
3/26/2024 6:15,122.32492
3/26/2024 6:30,98.10511592
3/26/2024 6:45,121.4966093
3/26/2024 7:00,96.8460837
3/26/2024 7:15,121.8941984
3/26/2024 7:30,97.27680525
3/26/2024 7:45,121.4966093
3/26/2024 8:00,100.6231804
3/26/2024 8:15,120.2375771
3/26/2024 8:30,105.1954553
3/26/2024 8:45,111.4574839
3/26/2024 9:00,109.8008626
3/26/2024 9:15,106.885209
3/26/2024 9:30,114.3731375
3/26/2024 9:45,98.93342659
3/26/2024 10:00,119.4092664
3/26/2024 10:15,97.27680525
3/26/2024 10:30,118.1502342
3/26/2024 10:45,96.8460837
3/26/2024 11:00,118.1502342
3/26/2024 11:15,99.36414814
3/26/2024 11:30,121.8941984
3/26/2024 11:45,95.18946236
3/26/2024 12:00,118.5478233
3/26/2024 12:15,96.8460837
3/26/2024 12:30,118.1502342
3/26/2024 12:45,98.53583747
3/26/2024 13:00,113.9755484
3/26/2024 13:15,104.3671446
3/26/2024 13:30,111.0598948
3/26/2024 13:45,105.1954553
3/26/2024 14:00,108.9725519
3/26/2024 14:15,109.8008626
3/26/2024 14:30,106.0237659
3/26/2024 14:45,111.0598948
3/26/2024 15:00,102.7105233
3/26/2024 15:15,115.6321697
3/26/2024 15:30,98.93342659
3/26/2024 15:45,119.8068555
3/26/2024 16:00,96.01777303
3/26/2024 16:15,121.8941984
3/26/2024 16:30,97.27680525
3/26/2024 16:45,123.1532306
3/26/2024 17:00,97.27680525
3/26/2024 17:15,124.809852
3/26/2024 17:30,98.10511592
3/26/2024 17:45,123.5839522
3/26/2024 18:00,104.7978661
3/26/2024 18:15,118.9785448
3/26/2024 18:30,108.9725519
3/26/2024 18:45,112.7165162
3/26/2024 19:00,115.2345806
3/26/2024 19:15,108.1111088
3/26/2024 19:30,122.7225091
3/26/2024 19:45,101.8490802
3/26/2024 20:00,125.2405735
3/26/2024 20:15,99.76173726
3/26/2024 20:30,125.6712951
3/26/2024 20:45,97.27680525
3/26/2024 21:00,131.0718806
3/26/2024 21:15,106.0237659
3/26/2024 21:30,120.2375771
3/26/2024 21:45,113.5448268
3/26/2024 22:00,111.0598948
3/26/2024 22:15,125.2405735
3/26/2024 22:30,102.2798017
3/26/2024 22:45,127.758638
3/26/2024 23:00,97.67439437
3/26/2024 23:15,131.5026022
3/26/2024 23:30,105.6261768
3/26/2024 23:45,123.1532306
3/27/2024 0:00,113.1472377
3/27/2024 0:15,112.7165162
3/27/2024 0:30,123.1532306
3/27/2024 0:45,103.936423
3/27/2024 1:00,128.9845378
3/27/2024 1:15,98.53583747
3/27/2024 1:30,132.3309129
3/27/2024 1:45,106.0237659
3/27/2024 2:00,122.7225091
3/27/2024 2:15,117.7195126
3/27/2024 2:30,113.5448268
3/27/2024 2:45,128.9845378
3/27/2024 3:00,103.1081124
3/27/2024 3:15,131.5026022
3/27/2024 3:30,102.2798017
3/27/2024 3:45,131.9333237
3/27/2024 4:00,111.8882055
3/27/2024 4:15,118.1502342
3/27/2024 4:30,125.6712951
3/27/2024 4:45,107.2827982
3/27/2024 5:00,131.5026022
3/27/2024 5:15,99.36414814
3/27/2024 5:30,132.7616344
3/27/2024 5:45,110.1984517
3/27/2024 6:00,129.4152593
3/27/2024 6:15,118.5478233
3/27/2024 6:30,112.2857946
3/27/2024 6:45,131.0718806
3/27/2024 7:00,101.0207695
3/27/2024 7:15,134.0206666
3/27/2024 7:30,105.1954553
3/27/2024 7:45,129.4152593
3/27/2024 8:00,116.8912019
3/27/2024 8:15,113.9755484
3/27/2024 8:30,126.0688842
3/27/2024 8:45,105.1954553
3/27/2024 9:00,130.6742915
3/27/2024 9:15,101.0207695
3/27/2024 9:30,128.5869486
3/27/2024 9:45,112.2857946
3/27/2024 10:00,116.4604804
3/27/2024 10:15,123.5839522
3/27/2024 10:30,103.936423
3/27/2024 10:45,131.5026022
3/27/2024 11:00,97.67439437
3/27/2024 11:15,131.0718806
3/27/2024 11:30,110.6291733
3/27/2024 11:45,119.8068555
3/27/2024 12:00,122.7225091
3/27/2024 12:15,105.1954553
3/27/2024 12:30,130.24357
3/27/2024 12:45,97.67439437
3/27/2024 13:00,128.9845378
3/27/2024 13:15,108.1111088
3/27/2024 13:30,117.7195126
3/27/2024 13:45,120.2375771
3/27/2024 14:00,108.9725519
3/27/2024 14:15,129.8459808
3/27/2024 14:30,98.53583747
3/27/2024 14:45,129.8459808
3/27/2024 15:00,109.3701411
3/27/2024 15:15,118.9785448
3/27/2024 15:30,121.0658877
3/27/2024 15:45,107.2827982
3/27/2024 16:00,131.0718806
3/27/2024 16:15,104.3671446
3/27/2024 16:30,131.0718806
3/27/2024 16:45,112.7165162
3/27/2024 17:00,121.8941984
3/27/2024 17:15,126.0688842
3/27/2024 17:30,106.885209
3/27/2024 17:45,132.7616344
3/27/2024 18:00,102.7105233
3/27/2024 18:15,131.5026022
3/27/2024 18:30,115.6321697
3/27/2024 18:45,116.4604804
3/27/2024 19:00,126.8971949
3/27/2024 19:15,106.0237659
3/27/2024 19:30,132.3309129
3/27/2024 19:45,101.8490802
3/27/2024 20:00,130.24357
3/27/2024 20:15,117.7195126
3/27/2024 20:30,116.4604804
3/27/2024 20:45,129.8459808
3/27/2024 21:00,102.7105233
3/27/2024 21:15,134.4182558
3/27/2024 21:30,110.1984517
3/27/2024 21:45,123.9815413
3/27/2024 22:00,123.5839522
3/27/2024 22:15,109.8008626
3/27/2024 22:30,136.9363202
3/27/2024 22:45,102.2798017
3/27/2024 23:00,131.9333237
3/27/2024 23:15,123.9815413
3/27/2024 23:30,120.2375771
3/27/2024 23:45,131.0718806
3/28/2024 0:00,103.5388339
3/28/2024 0:15,133.5899451
3/28/2024 0:30,107.2827982
3/28/2024 0:45,127.758638
3/28/2024 1:00,119.8068555
3/28/2024 1:15,115.2345806
3/28/2024 1:30,131.9333237
3/28/2024 1:45,109.8008626
3/28/2024 2:00,134.4182558
3/28/2024 2:15,108.9725519
3/28/2024 2:30,125.6712951
3/28/2024 2:45,121.8941984
3/28/2024 3:00,114.3731375
3/28/2024 3:15,135.677288
3/28/2024 3:30,100.6231804
3/28/2024 3:45,136.1080095
3/28/2024 4:00,112.7165162
3/28/2024 4:15,124.4122628
3/28/2024 4:30,123.1532306
3/28/2024 4:45,119.4092664
3/28/2024 5:00,151.9453096
3/28/2024 5:15,145.2856918
3/28/2024 5:30,183.2554529
3/28/2024 5:45,161.9844349
3/28/2024 6:00,192.8638567
3/28/2024 6:15,204.1288819
3/28/2024 6:30,433.3390109
3/28/2024 6:45,526.8387194
3/28/2024 7:00,535.188091
3/28/2024 7:15,563.5825808
3/28/2024 7:30,596.5493455
3/28/2024 7:45,604.0704064
3/28/2024 8:00,684.6484686
3/28/2024 8:15,685.0791901
3/28/2024 8:30,692.9978401
3/28/2024 8:45,667.9497254
3/28/2024 9:00,649.9919501
3/28/2024 9:15,611.1607458
3/28/2024 9:30,626.2028676
3/28/2024 9:45,634.1215176
3/28/2024 10:00,692.1695295
3/28/2024 10:15,696.7418044
3/28/2024 10:30,671.6936897
3/28/2024 10:45,691.3412188
3/28/2024 11:00,633.7239285
3/28/2024 11:15,689.651465
3/28/2024 11:30,671.6936897
3/28/2024 11:45,626.6335891
3/28/2024 12:00,569.0162988
3/28/2024 12:15,582.3686668
3/28/2024 12:30,629.9468318
3/28/2024 12:45,620.3715605
3/28/2024 13:00,638.2962034
3/28/2024 13:15,596.1517564
3/28/2024 13:30,597.8083778
3/28/2024 13:45,551.489245
3/28/2024 14:00,541.4501197
3/28/2024 14:15,350.2428843
3/28/2024 14:30,218.342693
3/28/2024 14:45,220.827625
3/28/2024 15:00,187.8608603
3/28/2024 15:15,220.827625
3/28/2024 15:30,183.2554529
3/28/2024 15:45,176.9934243
3/28/2024 16:00,141.5085951
3/28/2024 16:15,124.4122628
3/28/2024 16:30,149.4603775
3/28/2024 16:45,115.6321697
3/28/2024 17:00,143.1983489
3/28/2024 17:15,127.3279164
3/28/2024 17:30,134.8489773
3/28/2024 17:45,133.5899451
3/28/2024 18:00,121.8941984
3/28/2024 18:15,147.3730347
3/28/2024 18:30,112.7165162
3/28/2024 18:45,144.8549702
3/28/2024 19:00,123.9815413
3/28/2024 19:15,133.5899451
3/28/2024 19:30,138.1953524
3/28/2024 19:45,117.3219235
3/28/2024 20:00,149.029656
3/28/2024 20:15,113.5448268
3/28/2024 20:30,142.3700382
3/28/2024 20:45,130.24357
3/28/2024 21:00,129.8459808
3/28/2024 21:15,139.4212522
3/28/2024 21:30,120.2375771
3/28/2024 21:45,144.8549702
3/28/2024 22:00,116.8912019
3/28/2024 22:15,139.4212522
3/28/2024 22:30,128.1562271
3/28/2024 22:45,129.8459808
3/28/2024 23:00,139.8519738
3/28/2024 23:15,116.0628913
3/28/2024 23:30,148.2013453
3/28/2024 23:45,118.9785448
3/29/2024 0:00,139.8519738
3/29/2024 0:15,135.677288
3/29/2024 0:30,128.1562271
3/29/2024 0:45,143.595938
3/29/2024 1:00,111.8882055
3/29/2024 1:15,150.2886882
3/29/2024 1:30,119.8068555
3/29/2024 1:45,138.1953524
3/29/2024 2:00,139.4212522
3/29/2024 2:15,125.2405735
3/29/2024 2:30,147.7706238
3/29/2024 2:45,110.1984517
3/29/2024 3:00,148.2013453
3/29/2024 3:15,125.6712951
3/29/2024 3:30,136.5055986
3/29/2024 3:45,136.9363202
3/29/2024 4:00,121.4966093
3/29/2024 4:15,151.9453096
3/29/2024 4:30,113.1472377
3/29/2024 4:45,154.8940956
3/29/2024 5:00,159.897092
3/29/2024 5:15,185.7735174
3/29/2024 5:30,205.3879141
3/29/2024 5:45,193.6921674
3/29/2024 6:00,232.1257826
3/29/2024 6:15,194.9511996
3/29/2024 6:30,392.4204637
3/29/2024 6:45,459.2154362
3/29/2024 7:00,545.2272163
3/29/2024 7:15,593.2361029
3/29/2024 7:30,592.3746598
3/29/2024 7:45,569.0162988
3/29/2024 8:00,561.0645164
3/29/2024 8:15,568.5855773
3/29/2024 8:30,590.2873169
3/29/2024 8:45,675.8683754
3/29/2024 9:00,1554.242144
3/29/2024 9:15,2224.676801
3/29/2024 9:30,2240.149645
3/29/2024 9:45,2236.803269
3/29/2024 10:00,2418.79969
3/29/2024 10:15,2734.84991
3/29/2024 10:30,2774.907014
3/29/2024 10:45,2754.033585
3/29/2024 11:00,2739.852906
3/29/2024 11:15,2774.907014
3/29/2024 11:30,2719.807788
3/29/2024 11:45,2716.892135
3/29/2024 12:00,2656.359191
3/29/2024 12:15,2670.970591
3/29/2024 12:30,2617.097265
3/29/2024 12:45,2653.841126
3/29/2024 13:00,2771.16305
3/29/2024 13:15,2789.120825
3/29/2024 13:30,2768.644985
3/29/2024 13:45,2737.765564
3/29/2024 14:00,1874.003195
3/29/2024 14:15,1173.517427
3/29/2024 14:30,871.2502966
3/29/2024 14:45,484.2635509
3/29/2024 15:00,406.6011424
3/29/2024 15:15,388.2457779
3/29/2024 15:30,300.1466549
3/29/2024 15:45,215.8246285
3/29/2024 16:00,143.1983489
3/29/2024 16:15,156.9814384
3/29/2024 16:30,139.0236631
3/29/2024 16:45,168.2464636
3/29/2024 17:00,124.4122628
3/29/2024 17:15,103.5388339
3/29/2024 17:30,71.797969
3/29/2024 17:45,95.18946236
3/29/2024 18:00,91.84308725
3/29/2024 18:15,80.57806211
3/29/2024 18:30,94.36115169
3/29/2024 18:45,72.62627967
3/29/2024 19:00,113.9755484
3/29/2024 19:15,68.88231543
3/29/2024 19:30,102.7105233
3/29/2024 19:45,83.06299413
3/29/2024 20:00,84.32202635
3/29/2024 20:15,103.5388339
3/29/2024 20:30,82.23468346
3/29/2024 20:45,103.1081124
3/29/2024 21:00,72.22869055
3/29/2024 21:15,98.53583747
3/29/2024 21:30,101.0207695
3/29/2024 21:45,83.92443723
3/29/2024 22:00,97.67439437
3/29/2024 22:15,74.71362256
3/29/2024 22:30,105.6261768
3/29/2024 22:45,87.23767991
3/29/2024 23:00,97.67439437
3/29/2024 23:15,89.3250228
3/29/2024 23:30,84.7527479
3/29/2024 23:45,105.1954553
3/30/2024 0:00,80.57806211
3/30/2024 0:15,106.0237659
3/30/2024 0:30,70.53893678
3/30/2024 0:45,101.0207695
3/30/2024 1:00,98.53583747
3/30/2024 1:15,88.49671213
3/30/2024 1:30,101.451491
3/30/2024 1:45,72.62627967
3/30/2024 2:00,107.7135197
3/30/2024 2:15,87.23767991
3/30/2024 2:30,100.1924588
3/30/2024 2:45,85.15033702
3/30/2024 3:00,88.09912301
3/30/2024 3:15,95.58705148
3/30/2024 3:30,90.1864659
3/30/2024 3:45,105.6261768
3/30/2024 4:00,74.71362256
3/30/2024 4:15,99.36414814
3/30/2024 4:30,88.49671213
3/30/2024 4:45,104.7978661
3/30/2024 5:00,132.3309129
3/30/2024 5:15,120.2375771
3/30/2024 5:30,179.5114887
3/30/2024 5:45,190.7765138
3/30/2024 6:00,1104.20439
3/30/2024 6:15,1950.837293
3/30/2024 6:30,2053.514684
3/30/2024 6:45,2112.391007
3/30/2024 7:00,2488.543449
3/30/2024 7:15,2652.184505
3/30/2024 7:30,1373.471623
3/30/2024 7:45,1146.779558
3/30/2024 8:00,1095.855018
3/30/2024 8:15,1107.948354
3/30/2024 8:30,1132.996469
3/30/2024 8:45,1136.773565
3/30/2024 9:00,1135.945255
3/30/2024 9:15,1097.942361
3/30/2024 9:30,1084.987582
3/30/2024 9:45,1650.259917
3/30/2024 10:00,2705.196388
3/30/2024 10:15,2769.075707
3/30/2024 10:30,2831.265272
3/30/2024 10:45,2815.39484
3/30/2024 11:00,2779.512421
3/30/2024 11:15,2763.211267
3/30/2024 11:30,2818.741215
3/30/2024 11:45,2727.328849
3/30/2024 12:00,2705.196388
3/30/2024 12:15,2733.988467
3/30/2024 12:30,2727.328849
3/30/2024 12:45,2756.55165
3/30/2024 13:00,2874.271162
3/30/2024 13:15,2837.527301
3/30/2024 13:30,2797.039475
3/30/2024 13:45,2749.858899
3/30/2024 14:00,1512.064564
3/30/2024 14:15,872.5093288
3/30/2024 14:30,680.9045043
3/30/2024 14:45,384.5018137
3/30/2024 15:00,275.9599833
3/30/2024 15:15,268.4389224
3/30/2024 15:30,159.4663705
3/30/2024 15:45,141.5085951
3/30/2024 16:00,93.93043014
3/30/2024 16:15,68.88231543
3/30/2024 16:30,66.79497254
3/30/2024 16:45,65.53594032
3/30/2024 17:00,75.14434411
3/30/2024 17:15,59.70463319
3/30/2024 17:30,82.23468346
3/30/2024 17:45,53.01188297
3/30/2024 18:00,83.49371568
3/30/2024 18:15,51.75285075
3/30/2024 18:30,82.66540501
3/30/2024 18:45,61.79197609
3/30/2024 19:00,75.57506566
3/30/2024 19:15,69.31303698
3/30/2024 19:30,70.14134765
3/30/2024 19:45,79.31902989
3/30/2024 20:00,61.79197609
3/30/2024 20:15,83.92443723
3/30/2024 20:30,55.92753653
3/30/2024 20:45,83.06299413
3/30/2024 21:00,60.10222232
3/30/2024 21:15,80.57806211
3/30/2024 21:30,69.31303698
3/30/2024 21:45,70.96965833
3/30/2024 22:00,78.88830834
3/30/2024 22:15,63.44859743
3/30/2024 22:30,86.84009079
3/30/2024 22:45,53.44260452
3/30/2024 23:00,89.75574435
3/30/2024 23:15,65.53594032
3/30/2024 23:30,78.05999767
3/30/2024 23:45,75.97265478
3/31/2024 0:00,68.05400476
3/31/2024 0:15,86.40936924
3/31/2024 0:30,57.6172903
3/31/2024 0:45,91.4123657
3/31/2024 1:00,66.36425099
3/31/2024 1:15,83.92443723
3/31/2024 1:30,72.22869055
3/31/2024 1:45,74.31603344
3/31/2024 2:00,83.92443723
3/31/2024 2:15,62.18956521
3/31/2024 2:30,93.49970859
3/31/2024 2:45,58.44560097
3/31/2024 3:00,91.4123657
3/31/2024 3:15,74.31603344
3/31/2024 3:30,78.49071922
3/31/2024 3:45,80.97565124
3/31/2024 4:00,69.31303698
3/31/2024 4:15,91.84308725
3/31/2024 4:30,58.44560097
3/31/2024 4:45,93.10211947
3/31/2024 5:00,69.31303698
3/31/2024 5:15,83.49371568
3/31/2024 5:30,76.80096545
3/31/2024 5:45,71.797969
3/31/2024 6:00,91.01477657
3/31/2024 6:15,58.44560097
3/31/2024 6:30,94.36115169
3/31/2024 6:45,69.31303698
3/31/2024 7:00,82.23468346
3/31/2024 7:15,78.05999767
3/31/2024 7:30,73.88531189
3/31/2024 7:45,89.3250228
3/31/2024 8:00,58.87632252
3/31/2024 8:15,94.75874081
3/31/2024 8:30,62.62028676
3/31/2024 8:45,85.15033702
3/31/2024 9:00,70.96965833
3/31/2024 9:15,75.57506566
3/31/2024 9:30,81.83709433
3/31/2024 9:45,62.62028676
3/31/2024 10:00,91.4123657
3/31/2024 10:15,58.44560097
3/31/2024 10:30,86.40936924
3/31/2024 10:45,65.96666187
3/31/2024 11:00,78.88830834
3/31/2024 11:15,76.80096545
3/31/2024 11:30,65.96666187
3/31/2024 11:45,87.23767991
3/31/2024 12:00,56.35825808
3/31/2024 12:15,88.92743368
3/31/2024 12:30,65.53594032
3/31/2024 12:45,77.66240855
3/31/2024 13:00,77.66240855
3/31/2024 13:15,67.62328321
3/31/2024 13:30,89.3250228
3/31/2024 13:45,55.09922586
3/31/2024 14:00,91.4123657
3/31/2024 14:15,67.22569409
3/31/2024 14:30,75.57506566
3/31/2024 14:45,79.31902989
3/31/2024 15:00,59.27391165
3/31/2024 15:15,87.66840146
3/31/2024 15:30,55.92753653
3/31/2024 15:45,87.23767991
3/31/2024 16:00,64.2769081
3/31/2024 16:15,75.14434411
3/31/2024 16:30,79.74975144
3/31/2024 16:45,61.36125454
3/31/2024 17:00,88.92743368
3/31/2024 17:15,59.27391165
3/31/2024 17:30,86.84009079
3/31/2024 17:45,66.79497254
3/31/2024 18:00,75.57506566
3/31/2024 18:15,80.57806211
3/31/2024 18:30,62.18956521
3/31/2024 18:45,91.84308725
3/31/2024 19:00,56.35825808
3/31/2024 19:15,90.58405502
3/31/2024 19:30,66.36425099
3/31/2024 19:45,78.05999767
3/31/2024 20:00,83.92443723
3/31/2024 20:15,64.2769081
3/31/2024 20:30,93.49970859
3/31/2024 20:45,55.52994741
3/31/2024 21:00,92.67139792
3/31/2024 21:15,67.62328321
3/31/2024 21:30,78.49071922
3/31/2024 21:45,83.49371568
3/31/2024 22:00,68.05400476
3/31/2024 22:15,92.67139792
3/31/2024 22:30,58.87632252
3/31/2024 22:45,98.53583747
3/31/2024 23:00,68.05400476
3/31/2024 23:15,81.40637279
3/31/2024 23:30,82.66540501
3/31/2024 23:45,66.79497254
4/1/2024 0:00,96.44849458
4/1/2024 0:15,58.44560097
4/1/2024 0:30,92.67139792
4/1/2024 0:45,73.88531189
4/1/2024 1:00,77.231687
4/1/2024 1:15,85.15033702
4/1/2024 1:30,66.79497254
4/1/2024 1:45,96.44849458
4/1/2024 2:00,60.10222232
4/1/2024 2:15,92.67139792
4/1/2024 2:30,71.40037987
4/1/2024 2:45,81.40637279
4/1/2024 3:00,80.57806211
4/1/2024 3:15,72.22869055
4/1/2024 3:30,96.44849458
4/1/2024 3:45,58.44560097
4/1/2024 4:00,95.58705148
4/1/2024 4:15,67.62328321
4/1/2024 4:30,84.7527479
4/1/2024 4:45,81.83709433
4/1/2024 5:00,69.71062611
4/1/2024 5:15,100.6231804
4/1/2024 5:30,63.44859743
4/1/2024 5:45,104.7978661
4/1/2024 6:00,68.05400476
4/1/2024 6:15,86.01178012
4/1/2024 6:30,81.40637279
4/1/2024 6:45,83.06299413
4/1/2024 7:00,86.40936924
4/1/2024 7:15,68.88231543
4/1/2024 7:30,97.67439437
4/1/2024 7:45,70.14134765
4/1/2024 8:00,93.93043014
4/1/2024 8:15,70.96965833
4/1/2024 8:30,80.14734056
4/1/2024 8:45,93.49970859
4/1/2024 9:00,70.53893678
4/1/2024 9:15,93.49970859
4/1/2024 9:30,58.01487943
4/1/2024 9:45,105.1954553
4/1/2024 10:00,66.79497254
4/1/2024 10:15,86.01178012
4/1/2024 10:30,75.14434411
4/1/2024 10:45,80.57806211
4/1/2024 11:00,92.27380879
4/1/2024 11:15,58.87632252
4/1/2024 11:30,96.8460837
4/1/2024 11:45,67.62328321
4/1/2024 12:00,90.58405502
4/1/2024 12:15,70.53893678
4/1/2024 12:30,76.80096545
4/1/2024 12:45,93.93043014
4/1/2024 13:00,61.36125454
4/1/2024 13:15,96.01777303
4/1/2024 13:30,61.36125454
4/1/2024 13:45,95.18946236
4/1/2024 14:00,73.05700122
4/1/2024 14:15,74.31603344
4/1/2024 14:30,87.66840146
4/1/2024 14:45,68.45159388
4/1/2024 15:00,97.67439437
4/1/2024 15:15,57.18656875
4/1/2024 15:30,98.93342659
4/1/2024 15:45,72.62627967
4/1/2024 16:00,74.71362256
4/1/2024 16:15,84.7527479
4/1/2024 16:30,74.71362256
4/1/2024 16:45,98.10511592
4/1/2024 17:00,59.27391165
4/1/2024 17:15,97.27680525
4/1/2024 17:30,75.97265478
4/1/2024 17:45,84.7527479
4/1/2024 18:00,85.58105857
4/1/2024 18:15,76.80096545
4/1/2024 18:30,97.67439437
4/1/2024 18:45,61.36125454
4/1/2024 19:00,101.0207695
4/1/2024 19:15,71.797969
4/1/2024 19:30,83.06299413
4/1/2024 19:45,79.74975144
4/1/2024 20:00,82.23468346
4/1/2024 20:15,95.18946236
4/1/2024 20:30,62.18956521
4/1/2024 20:45,108.1111088
4/1/2024 21:00,69.71062611
4/1/2024 21:15,91.4123657
4/1/2024 21:30,86.84009079
4/1/2024 21:45,77.231687
4/1/2024 22:00,91.4123657
4/1/2024 22:15,75.57506566
4/1/2024 22:30,96.8460837
4/1/2024 22:45,66.79497254
4/1/2024 23:00,102.2798017
4/1/2024 23:15,80.57806211
4/1/2024 23:30,81.83709433
4/1/2024 23:45,94.75874081
4/2/2024 0:00,73.88531189
4/2/2024 0:15,95.58705148
4/2/2024 0:30,72.22869055
4/2/2024 0:45,97.67439437
4/2/2024 1:00,74.71362256
4/2/2024 1:15,91.4123657
4/2/2024 1:30,83.06299413
4/2/2024 1:45,81.83709433
4/2/2024 2:00,96.44849458
4/2/2024 2:15,64.2769081
4/2/2024 2:30,107.7135197
4/2/2024 2:45,69.71062611
4/2/2024 3:00,91.84308725
4/2/2024 3:15,82.23468346
4/2/2024 3:30,85.58105857
4/2/2024 3:45,81.83709433
4/2/2024 4:00,89.3250228
4/2/2024 4:15,90.58405502
4/2/2024 4:30,65.96666187
4/2/2024 4:45,113.5448268
4/2/2024 5:00,60.96366542
4/2/2024 5:15,101.0207695
4/2/2024 5:30,75.14434411
4/2/2024 5:45,88.92743368
4/2/2024 6:00,89.75574435
4/2/2024 6:15,78.49071922
4/2/2024 6:30,91.84308725
4/2/2024 6:45,77.66240855
4/2/2024 7:00,102.7105233
4/2/2024 7:15,62.18956521
4/2/2024 7:30,106.885209
4/2/2024 7:45,73.48772277
4/2/2024 8:00,89.75574435
4/2/2024 8:15,86.40936924
4/2/2024 8:30,75.57506566
4/2/2024 8:45,103.5388339
4/2/2024 9:00,63.87931898
4/2/2024 9:15,101.8490802
4/2/2024 9:30,76.80096545
4/2/2024 9:45,89.3250228
4/2/2024 10:00,80.14734056
4/2/2024 10:15,85.15033702
4/2/2024 10:30,88.49671213
4/2/2024 10:45,79.74975144
4/2/2024 11:00,96.44849458
4/2/2024 11:15,67.22569409
4/2/2024 11:30,104.7978661
4/2/2024 11:45,71.40037987
4/2/2024 12:00,89.75574435
4/2/2024 12:15,88.49671213
4/2/2024 12:30,76.40337633
4/2/2024 12:45,108.5418304
4/2/2024 13:00,66.36425099
4/2/2024 13:15,96.01777303
4/2/2024 13:30,76.40337633
4/2/2024 13:45,86.01178012
4/2/2024 14:00,80.97565124
4/2/2024 14:15,81.40637279
4/2/2024 14:30,92.67139792
4/2/2024 14:45,65.96666187
4/2/2024 15:00,105.1954553
4/2/2024 15:15,63.87931898
4/2/2024 15:30,96.44849458
4/2/2024 15:45,77.231687
4/2/2024 16:00,74.71362256
4/2/2024 16:15,98.53583747
4/2/2024 16:30,61.79197609
4/2/2024 16:45,101.451491
4/2/2024 17:00,73.05700122
4/2/2024 17:15,91.84308725
4/2/2024 17:30,78.05999767
4/2/2024 17:45,93.93043014
4/2/2024 18:00,90.1864659
4/2/2024 18:15,72.22869055
4/2/2024 18:30,108.9725519
4/2/2024 18:45,66.36425099
4/2/2024 19:00,103.5388339
4/2/2024 19:15,73.88531189
4/2/2024 19:30,93.10211947
4/2/2024 19:45,88.09912301
4/2/2024 20:00,80.57806211
4/2/2024 20:15,96.44849458
4/2/2024 20:30,75.97265478
4/2/2024 20:45,102.7105233
4/2/2024 21:00,73.88531189
4/2/2024 21:15,103.1081124
4/2/2024 21:30,71.797969
4/2/2024 21:45,103.5388339
4/2/2024 22:00,86.01178012
4/2/2024 22:15,85.58105857
4/2/2024 22:30,97.67439437
4/2/2024 22:45,75.97265478
4/2/2024 23:00,108.5418304
4/2/2024 23:15,70.96965833
4/2/2024 23:30,110.1984517
4/2/2024 23:45,72.22869055
4/3/2024 0:00,101.8490802
4/3/2024 0:15,84.7527479
4/3/2024 0:30,89.3250228
4/3/2024 0:45,84.32202635
4/3/2024 1:00,93.49970859
4/3/2024 1:15,89.75574435
4/3/2024 1:30,83.92443723
4/3/2024 1:45,101.8490802
4/3/2024 2:00,68.45159388
4/3/2024 2:15,113.9755484
4/3/2024 2:30,69.71062611
4/3/2024 2:45,112.7165162
4/3/2024 3:00,73.48772277
4/3/2024 3:15,95.58705148
4/3/2024 3:30,88.49671213
4/3/2024 3:45,90.1864659
4/3/2024 4:00,98.93342659
4/3/2024 4:15,83.06299413
4/3/2024 4:30,98.93342659
4/3/2024 4:45,86.40936924
4/3/2024 5:00,115.2345806
4/3/2024 5:15,142.7676273
4/3/2024 5:30,198.2975747
4/3/2024 5:45,171.1621171
4/3/2024 6:00,293.4870371
4/3/2024 6:15,790.6722345
4/3/2024 6:30,2172.923951
4/3/2024 6:45,2463.064612
4/3/2024 7:00,2628.395422
4/3/2024 7:15,2430.926158
4/3/2024 7:30,2212.152744
4/3/2024 7:45,1683.657403
4/3/2024 8:00,1737.100008
4/3/2024 8:15,1752.108997
4/3/2024 8:30,2824.174933
4/3/2024 8:45,2070.213427
4/3/2024 9:00,3205.330371
4/3/2024 9:15,3219.51105
4/3/2024 9:30,3170.673853
4/3/2024 9:45,3129.357717
4/3/2024 10:00,3098.047573
4/3/2024 10:15,1910.747057
4/3/2024 10:30,1568.422823
4/3/2024 10:45,1645.25692
4/3/2024 11:00,1595.55828
4/3/2024 11:15,1495.365821
4/3/2024 11:30,1474.094803
4/3/2024 11:45,1434.832877
4/3/2024 12:00,1403.522734
4/3/2024 12:15,1355.513848
4/3/2024 12:30,1373.471623
4/3/2024 12:45,1552.983112
4/3/2024 13:00,1499.540507
4/3/2024 13:15,1260.324385
4/3/2024 13:30,1232.791338
4/3/2024 13:45,1192.701102
4/3/2024 14:00,1195.219166
4/3/2024 14:15,814.4944494
4/3/2024 14:30,590.7180384
4/3/2024 14:45,376.1524421
4/3/2024 15:00,271.7852975
4/3/2024 15:15,296.4026907
4/3/2024 15:30,278.4449153
4/3/2024 15:45,274.2702295
4/3/2024 16:00,253.8275221
4/3/2024 16:15,239.613711
4/3/2024 16:30,273.8726404
4/3/2024 16:45,232.1257826
4/3/2024 17:00,286.7942869
4/3/2024 17:15,236.3004683
4/3/2024 17:30,268.8365115
4/3/2024 17:45,247.5654935
4/3/2024 18:00,262.1768937
4/3/2024 18:15,258.0022079
4/3/2024 18:30,255.914865
4/3/2024 18:45,259.2612401
4/3/2024 19:00,245.8757397
4/3/2024 19:15,262.5744828
4/3/2024 19:30,240.8727432
4/3/2024 19:45,271.354576
4/3/2024 20:00,249.2221148
4/3/2024 20:15,259.2612401
4/3/2024 20:30,254.6558328
4/3/2024 20:45,253.8275221
4/3/2024 21:00,263.4359259
4/3/2024 21:15,247.1347719
4/3/2024 21:30,268.4389224
4/3/2024 21:45,240.8727432
4/3/2024 22:00,275.9599833
4/3/2024 22:15,238.7854004
4/3/2024 22:30,268.8365115
4/3/2024 22:45,194.9511996
4/3/2024 23:00,179.9422103
4/3/2024 23:15,145.6832809
4/3/2024 23:30,136.5055986
4/3/2024 23:45,149.4603775
4/4/2024 0:00,127.3279164
4/4/2024 0:15,149.029656
4/4/2024 0:30,119.4092664
4/4/2024 0:45,146.1140024
4/4/2024 1:00,123.5839522
4/4/2024 1:15,146.9423131
4/4/2024 1:30,127.3279164
4/4/2024 1:45,141.9393167
4/4/2024 2:00,131.0718806
4/4/2024 2:15,146.544724
4/4/2024 2:30,139.8519738
4/4/2024 2:45,133.1592235
4/4/2024 3:00,140.6802844
4/4/2024 3:15,124.4122628
4/4/2024 3:30,151.1169989
4/4/2024 3:45,118.1502342
4/4/2024 4:00,148.6320669
4/4/2024 4:15,120.2375771
4/4/2024 4:30,148.6320669
4/4/2024 4:45,212.0806643
4/4/2024 5:00,423.7306071
4/4/2024 5:15,440.4293502
4/4/2024 5:30,483.8328294
4/4/2024 5:45,515.5736943
4/4/2024 6:00,395.7668388
4/4/2024 6:15,439.6010395
4/4/2024 6:30,654.9949465
4/4/2024 6:45,865.4189895
4/4/2024 7:00,952.2590803
4/4/2024 7:15,996.9215917
4/4/2024 7:30,972.2710661
4/4/2024 7:45,1059.541878
4/4/2024 8:00,1095.026708
4/4/2024 8:15,1060.800911
4/4/2024 8:30,1165.996366
4/4/2024 8:45,1165.996366
4/4/2024 9:00,1168.912019
4/4/2024 9:15,1136.773565
4/4/2024 9:30,1106.291733
4/4/2024 9:45,1083.761682
4/4/2024 10:00,1161.82168
4/4/2024 10:15,1045.758789
4/4/2024 10:30,960.1777303
4/4/2024 10:45,943.4789872
4/4/2024 11:00,950.5693265
4/4/2024 11:15,959.3494196
4/4/2024 11:30,920.0874938
4/4/2024 11:45,926.3495225
4/4/2024 12:00,879.2020791
4/4/2024 12:15,924.6929011
4/4/2024 12:30,1008.186617
4/4/2024 12:45,1087.505647
4/4/2024 13:00,1084.589993
4/4/2024 13:15,1076.638211
4/4/2024 13:30,1057.023814
4/4/2024 13:45,984.3975343
4/4/2024 14:00,960.1777303
4/4/2024 14:15,585.715042
4/4/2024 14:30,512.6580407
4/4/2024 14:45,245.4781506
4/4/2024 15:00,204.5596034
4/4/2024 15:15,178.2524565
4/4/2024 15:30,197.4692641
4/4/2024 15:45,173.6801816
4/4/2024 16:00,151.1169989
4/4/2024 16:15,155.7224062
4/4/2024 16:30,141.111006
4/4/2024 16:45,173.24946
4/4/2024 17:00,131.9333237
4/4/2024 17:15,169.5054958
4/4/2024 17:30,133.1592235
4/4/2024 17:45,169.0747742
4/4/2024 18:00,145.2856918
4/4/2024 18:15,156.5507169
4/4/2024 18:30,155.7224062
4/4/2024 18:45,146.544724
4/4/2024 19:00,167.815742
4/4/2024 19:15,141.9393167
4/4/2024 19:30,169.0747742
4/4/2024 19:45,135.677288
4/4/2024 20:00,171.1621171
4/4/2024 20:15,145.6832809
4/4/2024 20:30,169.9030849
4/4/2024 20:45,144.8549702
4/4/2024 21:00,163.6410562
4/4/2024 21:15,149.8579667
4/4/2024 21:30,158.6380598
4/4/2024 21:45,157.3790276
4/4/2024 22:00,151.9453096
4/4/2024 22:15,162.8127456
4/4/2024 22:30,141.9393167
4/4/2024 22:45,170.7313956
4/4/2024 23:00,137.3339093
4/4/2024 23:15,168.2464636
4/4/2024 23:30,144.4573811
4/4/2024 23:45,172.8187385
4/5/2024 0:00,154.463374
4/5/2024 0:15,156.1199953
4/5/2024 0:30,160.2946811
4/5/2024 0:45,150.2886882
4/5/2024 1:00,180.3397994
4/5/2024 1:15,139.8519738
4/5/2024 1:30,173.6801816
4/5/2024 1:45,145.6832809
4/5/2024 2:00,170.3338065
4/5/2024 2:15,146.544724
4/5/2024 2:30,165.7283991
4/5/2024 2:45,153.2043418
4/5/2024 3:00,156.5507169
4/5/2024 3:15,163.6410562
4/5/2024 3:30,146.544724
4/5/2024 3:45,170.7313956
4/5/2024 4:00,135.677288
4/5/2024 4:15,173.6801816
4/5/2024 4:30,139.4212522
4/5/2024 4:45,313.9297445
4/5/2024 5:00,451.2967862
4/5/2024 5:15,516.0044159
4/5/2024 5:30,467.1340862
4/5/2024 5:45,470.9111829
4/5/2024 6:00,601.5854744
4/5/2024 6:15,669.6063468
4/5/2024 6:30,817.8076921
4/5/2024 6:45,2359.128189
4/5/2024 7:00,2738.163153
4/5/2024 7:15,2740.250496
4/5/2024 7:30,2858.40073
4/5/2024 7:45,3227.860422
4/5/2024 8:00,3119.318591
4/5/2024 8:15,3217.026118
4/5/2024 8:30,3146.454049
4/5/2024 8:45,2742.76856
4/5/2024 9:00,3153.544388
4/5/2024 9:15,3123.923999
4/5/2024 9:30,3055.869994
4/5/2024 9:45,3149.369702
4/5/2024 10:00,3154.80342
4/5/2024 10:15,3184.854532
4/5/2024 10:30,3163.152792
4/5/2024 10:45,3151.887767
4/5/2024 11:00,3077.571733
4/5/2024 11:15,3196.550278
4/5/2024 11:30,3151.887767
4/5/2024 11:45,3153.544388
4/5/2024 12:00,3013.692414
4/5/2024 12:15,3081.34883
4/5/2024 12:30,3092.613855
4/5/2024 12:45,3167.758199
4/5/2024 13:00,3052.12603
4/5/2024 13:15,3119.318591
4/5/2024 13:30,3017.8671
4/5/2024 13:45,2908.496959
4/5/2024 14:00,2220.932837
4/5/2024 14:15,1198.565542
4/5/2024 14:30,1056.626225
4/5/2024 14:45,722.6513622
4/5/2024 15:00,638.7269249
4/5/2024 15:15,500.9622941
4/5/2024 15:30,298.4900335
4/5/2024 15:45,216.2553501
4/5/2024 16:00,241.3034648
4/5/2024 16:15,222.0866572
4/5/2024 16:30,240.0444326
4/5/2024 16:45,219.1710037
4/5/2024 17:00,234.6107146
4/5/2024 17:15,227.0896537
4/5/2024 17:30,235.0414361
4/5/2024 17:45,223.3456894
4/5/2024 18:00,228.3486859
4/5/2024 18:15,238.7854004
4/5/2024 18:30,220.4300359
4/5/2024 18:45,240.0444326
4/5/2024 19:00,217.9119714
4/5/2024 19:15,232.9540932
4/5/2024 19:30,214.9963179
4/5/2024 19:45,255.0865544
4/5/2024 20:00,207.9059785
4/5/2024 20:15,240.8727432
4/5/2024 20:30,220.4300359
4/5/2024 20:45,233.7824039
4/5/2024 21:00,222.5173788
4/5/2024 21:15,239.2161219
4/5/2024 21:30,224.6047217
4/5/2024 21:45,225.0023108
4/5/2024 22:00,235.0414361
4/5/2024 22:15,225.4330323
4/5/2024 22:30,230.0384397
4/5/2024 22:45,161.5537134
4/5/2024 23:00,190.7765138
4/5/2024 23:15,161.9844349
4/5/2024 23:30,182.0295531
4/5/2024 23:45,110.6291733
4/6/2024 0:00,132.3309129
4/6/2024 0:15,109.3701411
4/6/2024 0:30,119.4092664
4/6/2024 0:45,120.6351662
4/6/2024 1:00,127.758638
4/6/2024 1:15,126.0688842
4/6/2024 1:30,104.7978661
4/6/2024 1:45,130.24357
4/6/2024 2:00,106.0237659
4/6/2024 2:15,131.5026022
4/6/2024 2:30,105.6261768
4/6/2024 2:45,124.4122628
4/6/2024 3:00,102.7105233
4/6/2024 3:15,131.5026022
4/6/2024 3:30,106.885209
4/6/2024 3:45,125.2405735
4/6/2024 4:00,116.4604804
4/6/2024 4:15,115.2345806
4/6/2024 4:30,117.3219235
4/6/2024 4:45,165.33081
4/6/2024 5:00,416.2095462
4/6/2024 5:15,438.7727289
4/6/2024 5:30,1525.019343
4/6/2024 5:45,2154.568586
4/6/2024 6:00,2299.423556
4/6/2024 6:15,2299.821145
4/6/2024 6:30,2398.356983
4/6/2024 6:45,3016.210479
4/6/2024 7:00,3194.065346
4/6/2024 7:15,3178.592503
4/6/2024 7:30,3176.935882
4/6/2024 7:45,3154.80342
4/6/2024 8:00,3137.707088
4/6/2024 8:15,3149.800424
4/6/2024 8:30,3073.827769
4/6/2024 8:45,3080.487387
4/6/2024 9:00,3078.830766
4/6/2024 9:15,3054.213372
4/6/2024 9:30,2956.505846
4/6/2024 9:45,2974.894343
4/6/2024 10:00,3018.728543
4/6/2024 10:15,2941.496856
4/6/2024 10:30,2632.139387
4/6/2024 10:45,2580.386536
4/6/2024 11:00,2564.913693
4/6/2024 11:15,2521.940935
4/6/2024 11:30,2339.083071
4/6/2024 11:45,2307.772928
4/6/2024 12:00,2298.992835
4/6/2024 12:15,2228.851487
4/6/2024 12:30,2008.454584
4/6/2024 12:45,862.900925
4/6/2024 13:00,790.6722345
4/6/2024 13:15,675.0400648
4/6/2024 13:30,395.7668388
4/6/2024 13:45,226.6920645
4/6/2024 14:00,246.3064612
4/6/2024 14:15,222.9149679
4/6/2024 14:30,204.5596034
4/6/2024 14:45,166.1591207
4/6/2024 15:00,171.5928387
4/6/2024 15:15,158.2073382
4/6/2024 15:30,184.116896
4/6/2024 15:45,124.4122628
4/6/2024 16:00,157.8097491
4/6/2024 16:15,134.8489773
4/6/2024 16:30,162.382024
4/6/2024 16:45,204.1288819
4/6/2024 17:00,202.4722605
4/6/2024 17:15,217.5143823
4/6/2024 17:30,205.3879141
4/6/2024 17:45,212.908975
4/6/2024 18:00,192.8638567
4/6/2024 18:15,222.5173788
4/6/2024 18:30,194.1228889
4/6/2024 18:45,232.9540932
4/6/2024 19:00,192.0355461
4/6/2024 19:15,226.6920645
4/6/2024 19:30,204.5596034
4/6/2024 19:45,225.0023108
4/6/2024 20:00,203.3005712
4/6/2024 20:15,214.1680072
4/6/2024 20:30,220.4300359
4/6/2024 20:45,201.6439498
4/6/2024 21:00,217.0836608
4/6/2024 21:15,201.2132283
4/6/2024 21:30,218.342693
4/6/2024 21:45,189.9482032
4/6/2024 22:00,224.1740001
4/6/2024 22:15,188.6891709
4/6/2024 22:30,218.7402821
4/6/2024 22:45,175.7675245
4/6/2024 23:00,156.1199953
4/6/2024 23:15,161.1561242
4/6/2024 23:30,150.7194098
4/6/2024 23:45,134.0206666
4/7/2024 0:00,84.7527479
4/7/2024 0:15,111.0598948
4/7/2024 0:30,81.40637279
4/7/2024 0:45,108.9725519
4/7/2024 1:00,74.71362256
4/7/2024 1:15,118.1502342
4/7/2024 1:30,87.23767991
4/7/2024 1:45,95.58705148
4/7/2024 2:00,115.2345806
4/7/2024 2:15,85.15033702
4/7/2024 2:30,108.5418304
4/7/2024 2:45,87.66840146
4/7/2024 3:00,107.7135197
4/7/2024 3:15,83.49371568
4/7/2024 3:30,109.3701411
4/7/2024 3:45,88.09912301
4/7/2024 4:00,103.936423
4/7/2024 4:15,102.2798017
4/7/2024 4:30,99.76173726
4/7/2024 4:45,95.58705148
4/7/2024 5:00,98.53583747
4/7/2024 5:15,111.8882055
4/7/2024 5:30,74.71362256
4/7/2024 5:45,125.6712951
4/7/2024 6:00,77.66240855
4/7/2024 6:15,108.1111088
4/7/2024 6:30,97.67439437
4/7/2024 6:45,97.67439437
4/7/2024 7:00,105.1954553
4/7/2024 7:15,93.93043014
4/7/2024 7:30,103.5388339
4/7/2024 7:45,100.6231804
4/7/2024 8:00,100.6231804
4/7/2024 8:15,96.01777303
4/7/2024 8:30,110.1984517
4/7/2024 8:45,78.49071922
4/7/2024 9:00,117.7195126
4/7/2024 9:15,80.14734056
4/7/2024 9:30,113.1472377
4/7/2024 9:45,93.10211947
4/7/2024 10:00,93.10211947
4/7/2024 10:15,110.6291733
4/7/2024 10:30,83.49371568
4/7/2024 10:45,109.3701411
4/7/2024 11:00,83.06299413
4/7/2024 11:15,111.0598948
4/7/2024 11:30,84.32202635
4/7/2024 11:45,113.1472377
4/7/2024 12:00,83.49371568
4/7/2024 12:15,110.6291733
4/7/2024 12:30,95.18946236
4/7/2024 12:45,98.93342659
4/7/2024 13:00,109.8008626
4/7/2024 13:15,80.57806211
4/7/2024 13:30,118.5478233
4/7/2024 13:45,80.97565124
4/7/2024 14:00,110.6291733
4/7/2024 14:15,90.58405502
4/7/2024 14:30,102.7105233
4/7/2024 14:45,95.18946236
4/7/2024 15:00,102.7105233
4/7/2024 15:15,96.01777303
4/7/2024 15:30,95.18946236
4/7/2024 15:45,110.1984517
4/7/2024 16:00,83.06299413
4/7/2024 16:15,114.3731375
4/7/2024 16:30,78.49071922
4/7/2024 16:45,115.6321697
4/7/2024 17:00,92.27380879
4/7/2024 17:15,104.3671446
4/7/2024 17:30,103.1081124
4/7/2024 17:45,97.67439437
4/7/2024 18:00,103.5388339
4/7/2024 18:15,97.67439437
4/7/2024 18:30,104.7978661
4/7/2024 18:45,91.84308725
4/7/2024 19:00,111.4574839
4/7/2024 19:15,86.40936924
4/7/2024 19:30,112.2857946
4/7/2024 19:45,99.76173726
4/7/2024 20:00,96.44849458
4/7/2024 20:15,109.8008626
4/7/2024 20:30,89.3250228
4/7/2024 20:45,120.2375771
4/7/2024 21:00,83.06299413
4/7/2024 21:15,117.3219235
4/7/2024 21:30,87.66840146
4/7/2024 21:45,106.885209
4/7/2024 22:00,91.01477657
4/7/2024 22:15,103.5388339
4/7/2024 22:30,102.7105233
4/7/2024 22:45,97.27680525
4/7/2024 23:00,102.7105233
4/7/2024 23:15,95.58705148
4/7/2024 23:30,110.6291733
4/7/2024 23:45,89.3250228
4/8/2024 0:00,113.9755484
4/8/2024 0:15,82.66540501
4/8/2024 0:30,119.8068555
4/8/2024 0:45,82.23468346
4/8/2024 1:00,119.4092664
4/8/2024 1:15,89.75574435
4/8/2024 1:30,115.2345806
4/8/2024 1:45,93.93043014
4/8/2024 2:00,102.2798017
4/8/2024 2:15,108.5418304
4/8/2024 2:30,91.4123657
4/8/2024 2:45,118.1502342
4/8/2024 3:00,86.84009079
4/8/2024 3:15,117.7195126
4/8/2024 3:30,90.1864659
4/8/2024 3:45,112.2857946
4/8/2024 4:00,106.0237659
4/8/2024 4:15,94.36115169
4/8/2024 4:30,118.5478233
4/8/2024 4:45,88.92743368
4/8/2024 5:00,127.758638
4/8/2024 5:15,85.15033702
4/8/2024 5:30,125.2405735
4/8/2024 5:45,85.15033702
4/8/2024 6:00,120.6351662
4/8/2024 6:15,94.36115169
4/8/2024 6:30,118.9785448
4/8/2024 6:45,101.451491
4/8/2024 7:00,115.2345806
4/8/2024 7:15,107.7135197
4/8/2024 7:30,101.8490802
4/8/2024 7:45,119.4092664
4/8/2024 8:00,91.01477657
4/8/2024 8:15,126.4996057
4/8/2024 8:30,81.83709433
4/8/2024 8:45,130.24357
4/8/2024 9:00,91.4123657
4/8/2024 9:15,115.6321697
4/8/2024 9:30,109.8008626
4/8/2024 9:45,101.451491
4/8/2024 10:00,120.6351662
4/8/2024 10:15,92.27380879
4/8/2024 10:30,129.8459808
4/8/2024 10:45,86.01178012
4/8/2024 11:00,123.1532306
4/8/2024 11:15,96.01777303
4/8/2024 11:30,108.1111088
4/8/2024 11:45,109.3701411
4/8/2024 12:00,99.36414814
4/8/2024 12:15,114.8038591
4/8/2024 12:30,99.76173726
4/8/2024 12:45,115.2345806
4/8/2024 13:00,96.8460837
4/8/2024 13:15,104.7978661
4/8/2024 13:30,98.53583747
4/8/2024 13:45,108.9725519
4/8/2024 14:00,99.36414814
4/8/2024 14:15,107.7135197
4/8/2024 14:30,98.10511592
4/8/2024 14:45,103.5388339
4/8/2024 15:00,104.3671446
4/8/2024 15:15,96.01777303
4/8/2024 15:30,108.5418304
4/8/2024 15:45,93.93043014
4/8/2024 16:00,111.8882055
4/8/2024 16:15,101.0207695
4/8/2024 16:30,107.7135197
4/8/2024 16:45,103.936423
4/8/2024 17:00,103.5388339
4/8/2024 17:15,109.8008626
4/8/2024 17:30,94.75874081
4/8/2024 17:45,116.8912019
4/8/2024 18:00,99.36414814
4/8/2024 18:15,112.7165162
4/8/2024 18:30,105.1954553
4/8/2024 18:45,108.9725519
4/8/2024 19:00,118.9785448
4/8/2024 19:15,94.36115169
4/8/2024 19:30,121.8941984
4/8/2024 19:45,89.75574435
4/8/2024 20:00,123.9815413
4/8/2024 20:15,98.93342659
4/8/2024 20:30,111.0598948
4/8/2024 20:45,113.9755484
4/8/2024 21:00,98.10511592
4/8/2024 21:15,121.8941984
4/8/2024 21:30,89.75574435
4/8/2024 21:45,123.5839522
4/8/2024 22:00,94.75874081
4/8/2024 22:15,114.3731375
4/8/2024 22:30,106.885209
4/8/2024 22:45,106.4544875
4/8/2024 23:00,114.8038591
4/8/2024 23:15,102.7105233
4/8/2024 23:30,122.32492
4/8/2024 23:45,99.36414814
4/9/2024 0:00,111.0598948
4/9/2024 0:15,103.1081124
4/9/2024 0:30,113.5448268
4/9/2024 0:45,107.2827982
4/9/2024 1:00,111.0598948
4/9/2024 1:15,107.2827982
4/9/2024 1:30,111.0598948
4/9/2024 1:45,111.0598948
4/9/2024 2:00,98.53583747
4/9/2024 2:15,118.9785448
4/9/2024 2:30,98.53583747
4/9/2024 2:45,121.0658877
4/9/2024 3:00,99.36414814
4/9/2024 3:15,113.5448268
4/9/2024 3:30,113.1472377
4/9/2024 3:45,102.7105233
4/9/2024 4:00,124.809852
4/9/2024 4:15,85.15033702
4/9/2024 4:30,132.7616344
4/9/2024 4:45,95.18946236
4/9/2024 5:00,123.5839522
4/9/2024 5:15,118.9785448
4/9/2024 5:30,113.5448268
4/9/2024 5:45,202.4722605
4/9/2024 6:00,263.0052044
4/9/2024 6:15,296.8334122
4/9/2024 6:30,1421.911231
4/9/2024 6:45,1944.144543
4/9/2024 7:00,2003.849176
4/9/2024 7:15,1946.662608
4/9/2024 7:30,2269.372445
4/9/2024 7:45,2354.953504
4/9/2024 8:00,2408.793697
4/9/2024 8:15,2531.946928
4/9/2024 8:30,1161.82168
4/9/2024 8:45,942.2199549
4/9/2024 9:00,959.7470087
4/9/2024 9:15,999.0089346
4/9/2024 9:30,920.9489369
4/9/2024 9:45,978.1355056
4/9/2024 10:00,1011.532992
4/9/2024 10:15,877.5123253
4/9/2024 10:30,829.1058496
4/9/2024 10:45,527.6670301
4/9/2024 11:00,566.9289559
4/9/2024 11:15,500.1339834
4/9/2024 11:30,584.0252882
4/9/2024 11:45,493.043644
4/9/2024 12:00,473.3961149
4/9/2024 12:15,461.7335007
4/9/2024 12:30,485.5225831
4/9/2024 12:45,523.9230659
4/9/2024 13:00,491.3538903
4/9/2024 13:15,518.9200694
4/9/2024 13:30,490.5255796
4/9/2024 13:45,508.8809441
4/9/2024 14:00,501.3930156
4/9/2024 14:15,497.615919
4/9/2024 14:30,486.3508938
4/9/2024 14:45,355.2790132
4/9/2024 15:00,369.4596919
4/9/2024 15:15,293.0563155
4/9/2024 15:30,300.1466549
4/9/2024 15:45,210.3909105
4/9/2024 16:00,189.5174816
4/9/2024 16:15,182.0295531
4/9/2024 16:30,197.4692641
4/9/2024 16:45,248.3938041
4/9/2024 17:00,237.128779
4/9/2024 17:15,268.0082008
4/9/2024 17:30,235.0414361
4/9/2024 17:45,275.5292617
4/9/2024 18:00,235.0414361
4/9/2024 18:15,273.8726404
4/9/2024 18:30,246.7371828
4/9/2024 18:45,263.0052044
4/9/2024 19:00,248.8245257
4/9/2024 19:15,188.2915818
4/9/2024 19:30,179.0807672
4/9/2024 19:45,108.9725519
4/9/2024 20:00,149.8579667
4/9/2024 20:15,110.1984517
4/9/2024 20:30,139.4212522
4/9/2024 20:45,124.809852
4/9/2024 21:00,126.8971949
4/9/2024 21:15,135.2465664
4/9/2024 21:30,116.4604804
4/9/2024 21:45,144.8549702
4/9/2024 22:00,110.1984517
4/9/2024 22:15,141.9393167
4/9/2024 22:30,121.0658877
4/9/2024 22:45,131.9333237
4/9/2024 23:00,131.9333237
4/9/2024 23:15,122.32492
4/9/2024 23:30,141.5085951
4/9/2024 23:45,112.2857946
4/10/2024 0:00,143.1983489
4/10/2024 0:15,116.8912019
4/10/2024 0:30,136.5055986
4/10/2024 0:45,127.3279164
4/10/2024 1:00,126.0688842
4/10/2024 1:15,139.8519738
4/10/2024 1:30,115.6321697
4/10/2024 1:45,144.0266595
4/10/2024 2:00,110.1984517
4/10/2024 2:15,143.595938
4/10/2024 2:30,118.9785448
4/10/2024 2:45,134.4182558
4/10/2024 3:00,125.6712951
4/10/2024 3:15,124.809852
4/10/2024 3:30,135.2465664
4/10/2024 3:45,117.7195126
4/10/2024 4:00,136.5055986
4/10/2024 4:15,113.5448268
4/10/2024 4:30,136.9363202
4/10/2024 4:45,128.1562271
4/10/2024 5:00,129.8459808
4/10/2024 5:15,132.7616344
4/10/2024 5:30,139.4212522
4/10/2024 5:45,140.6802844
4/10/2024 6:00,137.3339093
4/10/2024 6:15,174.0777707
4/10/2024 6:30,288.8816298
4/10/2024 6:45,422.4715748
4/10/2024 7:00,409.9475175
4/10/2024 7:15,478.8298329
4/10/2024 7:30,461.7335007
4/10/2024 7:45,479.2605545
4/10/2024 8:00,516.402005
4/10/2024 8:15,458.7847147
4/10/2024 8:30,524.3537874
4/10/2024 8:45,474.6551471
4/10/2024 9:00,493.8719547
4/10/2024 9:15,436.685386
4/10/2024 9:30,465.4774649
4/10/2024 9:45,395.7668388
4/10/2024 10:00,438.7727289
4/10/2024 10:15,459.2154362
4/10/2024 10:30,451.6943753
4/10/2024 10:45,427.0769822
4/10/2024 11:00,417.4685784
4/10/2024 11:15,278.8756368
4/10/2024 11:30,329.3694554
4/10/2024 11:45,321.0200838
4/10/2024 12:00,300.5773764
4/10/2024 12:15,301.4056871
4/10/2024 12:30,291.3996942
4/10/2024 12:45,295.9719691
4/10/2024 13:00,258.8305186
4/10/2024 13:15,298.4900335
4/10/2024 13:30,279.7039475
4/10/2024 13:45,288.8816298
4/10/2024 14:00,246.3064612
4/10/2024 14:15,218.342693
4/10/2024 14:30,187.8608603
4/10/2024 14:45,163.6410562
4/10/2024 15:00,194.5536105
4/10/2024 15:15,115.6321697
4/10/2024 15:30,144.8549702
4/10/2024 15:45,125.6712951
4/10/2024 16:00,153.6350633
4/10/2024 16:15,133.1592235
4/10/2024 16:30,117.3219235
4/10/2024 16:45,139.0236631
4/10/2024 17:00,103.936423
4/10/2024 17:15,150.2886882
4/10/2024 17:30,100.1924588
4/10/2024 17:45,143.595938
4/10/2024 18:00,106.0237659
4/10/2024 18:15,135.2465664
4/10/2024 18:30,116.4604804
4/10/2024 18:45,124.809852
4/10/2024 19:00,130.24357
4/10/2024 19:15,128.5869486
4/10/2024 19:30,125.2405735
4/10/2024 19:45,116.8912019
4/10/2024 20:00,136.5055986
4/10/2024 20:15,106.4544875
4/10/2024 20:30,141.5085951
4/10/2024 20:45,109.3701411
4/10/2024 21:00,134.8489773
4/10/2024 21:15,120.2375771
4/10/2024 21:30,122.32492
4/10/2024 21:45,132.7616344
4/10/2024 22:00,113.5448268
4/10/2024 22:15,140.2826953
4/10/2024 22:30,106.0237659
4/10/2024 22:45,140.6802844
4/10/2024 23:00,110.6291733
4/10/2024 23:15,133.1592235
4/10/2024 23:30,121.0658877
4/10/2024 23:45,128.9845378
4/11/2024 0:00,123.1532306
4/11/2024 0:15,128.1562271
4/11/2024 0:30,126.4996057
4/11/2024 0:45,122.32492
4/11/2024 1:00,137.7646309
4/11/2024 1:15,113.5448268
4/11/2024 1:30,145.2856918
4/11/2024 1:45,108.1111088
4/11/2024 2:00,146.9423131
4/11/2024 2:15,110.6291733
4/11/2024 2:30,135.677288
4/11/2024 2:45,121.4966093
4/11/2024 3:00,124.4122628
4/11/2024 3:15,135.677288
4/11/2024 3:30,106.885209
4/11/2024 3:45,146.9423131
4/11/2024 4:00,102.2798017
4/11/2024 4:15,144.0266595
4/11/2024 4:30,111.4574839
4/11/2024 4:45,128.1562271
4/11/2024 5:00,136.1080095
4/11/2024 5:15,121.4966093
4/11/2024 5:30,136.1080095
4/11/2024 5:45,126.8971949
4/11/2024 6:00,209.5625999
4/11/2024 6:15,190.3789247
4/11/2024 6:30,202.041539
4/11/2024 6:45,196.2102318
4/11/2024 7:00,196.6409534
4/11/2024 7:15,210.3909105
4/11/2024 7:30,197.8668532
4/11/2024 7:45,206.6469463
4/11/2024 8:00,199.556607
4/11/2024 8:15,227.5203752
4/11/2024 8:30,210.8216321
4/11/2024 8:45,343.9808556
4/11/2024 9:00,1665.699628
4/11/2024 9:15,1924.099425
4/11/2024 9:30,1954.183668
4/11/2024 9:45,1923.271114
4/11/2024 10:00,1946.662608
4/11/2024 10:15,1953.752947
4/11/2024 10:30,2202.975062
4/11/2024 10:45,2310.688581
4/11/2024 11:00,2259.33332
4/11/2024 11:15,2191.279315
4/11/2024 11:30,2327.387325
4/11/2024 11:45,2359.128189
4/11/2024 12:00,2286.468777
4/11/2024 12:15,2239.718923
4/11/2024 12:30,2236.803269
4/11/2024 12:45,2160.399893
4/11/2024 13:00,2217.586462
4/11/2024 13:15,2344.914378
4/11/2024 13:30,2311.947614
4/11/2024 13:45,2303.598242
4/11/2024 14:00,2286.071188
4/11/2024 14:15,1144.294626
4/11/2024 14:30,748.9253767
4/11/2024 14:45,758.964502
4/11/2024 15:00,712.6122368
4/11/2024 15:15,366.5440383
4/11/2024 15:30,320.1917731
4/11/2024 15:45,241.3034648
4/11/2024 16:00,255.0865544
4/11/2024 16:15,217.5143823
4/11/2024 16:30,266.7491686
4/11/2024 16:45,223.3456894
4/11/2024 17:00,262.1768937
4/11/2024 17:15,237.9570897
4/11/2024 17:30,242.562497
4/11/2024 17:45,262.5744828
4/11/2024 18:00,242.562497
4/11/2024 18:15,254.2251113
4/11/2024 18:30,240.8727432
4/11/2024 18:45,252.5684899
4/11/2024 19:00,240.4751541
4/11/2024 19:15,169.9030849
4/11/2024 19:30,127.3279164
4/11/2024 19:45,136.1080095
4/11/2024 20:00,133.5899451
4/11/2024 20:15,132.7616344
4/11/2024 20:30,143.1983489
4/11/2024 20:45,110.6291733
4/11/2024 21:00,139.8519738
4/11/2024 21:15,128.5869486
4/11/2024 21:30,134.8489773
4/11/2024 21:45,126.4996057
4/11/2024 22:00,144.4573811
4/11/2024 22:15,127.3279164
4/11/2024 22:30,126.0688842
4/11/2024 22:45,137.7646309
4/11/2024 23:00,115.6321697
4/11/2024 23:15,148.2013453
4/11/2024 23:30,125.2405735
4/11/2024 23:45,140.6802844
4/12/2024 0:00,132.7616344
4/12/2024 0:15,120.6351662
4/12/2024 0:30,148.2013453
4/12/2024 0:45,117.3219235
4/12/2024 1:00,153.2043418
4/12/2024 1:15,118.1502342
4/12/2024 1:30,154.0326525
4/12/2024 1:45,113.5448268
4/12/2024 2:00,145.6832809
4/12/2024 2:15,126.0688842
4/12/2024 2:30,150.2886882
4/12/2024 2:45,131.0718806
4/12/2024 3:00,145.6832809
4/12/2024 3:15,141.111006
4/12/2024 3:30,129.8459808
4/12/2024 3:45,142.3700382
4/12/2024 4:00,121.0658877
4/12/2024 4:15,153.6350633
4/12/2024 4:30,127.3279164
4/12/2024 4:45,156.5507169
4/12/2024 5:00,191.6048245
4/12/2024 5:15,178.2524565
4/12/2024 5:30,241.7010539
4/12/2024 5:45,579.0222917
4/12/2024 6:00,1872.346574
4/12/2024 6:15,2304.426553
4/12/2024 6:30,2427.579783
4/12/2024 6:45,2664.708562
4/12/2024 7:00,2629.621322
4/12/2024 7:15,2663.018809
4/12/2024 7:30,2648.83813
4/12/2024 7:45,2800.783439
4/12/2024 8:00,2807.045468
4/12/2024 8:15,2762.813678
4/12/2024 8:30,2842.961019
4/12/2024 8:45,2659.274844
4/12/2024 9:00,2780.340732
4/12/2024 9:15,2700.193391
4/12/2024 9:30,2578.299193
4/12/2024 9:45,2573.263064
4/12/2024 10:00,2807.906911
4/12/2024 10:15,2789.120825
4/12/2024 10:30,2774.078703
4/12/2024 10:45,2741.940249
4/12/2024 11:00,2729.416192
4/12/2024 11:15,2736.937253
4/12/2024 11:30,2724.413196
4/12/2024 11:45,2633.796008
4/12/2024 12:00,2683.494648
4/12/2024 12:15,2709.371074
4/12/2024 12:30,2658.844123
4/12/2024 12:45,2710.199384
4/12/2024 13:00,1522.932
4/12/2024 13:15,1186.869795
4/12/2024 13:30,961.006041
4/12/2024 13:45,703.8652761
4/12/2024 14:00,747.2687553
4/12/2024 14:15,544.7964948
4/12/2024 14:30,333.146552
4/12/2024 14:45,290.5713835
4/12/2024 15:00,335.6314841
4/12/2024 15:15,303.9237516
4/12/2024 15:30,301.008098
4/12/2024 15:45,301.8364087
4/12/2024 16:00,246.3064612
4/12/2024 16:15,219.9993143
4/12/2024 16:30,171.5928387
4/12/2024 16:45,207.0776679
4/12/2024 17:00,200.8156392
4/12/2024 17:15,194.9511996
4/12/2024 17:30,204.990325
4/12/2024 17:45,193.2945783
4/12/2024 18:00,219.9993143
4/12/2024 18:15,179.0807672
4/12/2024 18:30,227.0896537
4/12/2024 18:45,175.7675245
4/12/2024 19:00,219.9993143
4/12/2024 19:15,191.6048245
4/12/2024 19:30,197.0385425
4/12/2024 19:45,149.4603775
4/12/2024 20:00,117.3219235
4/12/2024 20:15,131.0718806
4/12/2024 20:30,115.2345806
4/12/2024 20:45,138.1953524
4/12/2024 21:00,104.3671446
4/12/2024 21:15,137.7646309
4/12/2024 21:30,114.8038591
4/12/2024 21:45,120.2375771
4/12/2024 22:00,131.0718806
4/12/2024 22:15,105.1954553
4/12/2024 22:30,146.1140024
4/12/2024 22:45,108.9725519
4/12/2024 23:00,141.5085951
4/12/2024 23:15,119.8068555
4/12/2024 23:30,129.4152593
4/12/2024 23:45,125.2405735
4/13/2024 0:00,135.2465664
4/13/2024 0:15,126.4996057
4/13/2024 0:30,126.0688842
4/13/2024 0:45,137.7646309
4/13/2024 1:00,123.9815413
4/13/2024 1:15,147.7706238
4/13/2024 1:30,116.8912019
4/13/2024 1:45,149.029656
4/13/2024 2:00,123.5839522
4/13/2024 2:15,142.3700382
4/13/2024 2:30,131.5026022
4/13/2024 2:45,132.3309129
4/13/2024 3:00,147.7706238
4/13/2024 3:15,113.1472377
4/13/2024 3:30,161.1561242
4/13/2024 3:45,125.6712951
4/13/2024 4:00,153.6350633
4/13/2024 4:15,126.0688842
4/13/2024 4:30,146.544724
4/13/2024 4:45,143.1983489
4/13/2024 5:00,130.24357
4/13/2024 5:15,144.8549702
4/13/2024 5:30,132.3309129
4/13/2024 5:45,160.2946811
4/13/2024 6:00,116.0628913
4/13/2024 6:15,161.5537134
4/13/2024 6:30,128.1562271
4/13/2024 6:45,143.1983489
4/13/2024 7:00,128.9845378
4/13/2024 7:15,144.0266595
4/13/2024 7:30,139.0236631
4/13/2024 7:45,134.0206666
4/13/2024 8:00,150.2886882
4/13/2024 8:15,124.4122628
4/13/2024 8:30,160.7254027
4/13/2024 8:45,123.9815413
4/13/2024 9:00,153.6350633
4/13/2024 9:15,118.5478233
4/13/2024 9:30,152.3760311
4/13/2024 9:45,130.6742915
4/13/2024 10:00,135.677288
4/13/2024 10:15,130.24357
4/13/2024 10:30,128.5869486
4/13/2024 10:45,131.5026022
4/13/2024 11:00,120.6351662
4/13/2024 11:15,149.8579667
4/13/2024 11:30,98.53583747
4/13/2024 11:45,145.2856918
4/13/2024 12:00,115.6321697
4/13/2024 12:15,122.32492
4/13/2024 12:30,130.6742915
4/13/2024 12:45,116.0628913
4/13/2024 13:00,136.1080095
4/13/2024 13:15,115.2345806
4/13/2024 13:30,134.4182558
4/13/2024 13:45,109.3701411
4/13/2024 14:00,145.6832809
4/13/2024 14:15,105.6261768
4/13/2024 14:30,136.1080095
4/13/2024 14:45,136.5055986
4/13/2024 15:00,119.4092664
4/13/2024 15:15,139.8519738
4/13/2024 15:30,121.8941984
4/13/2024 15:45,143.1983489
4/13/2024 16:00,116.8912019
4/13/2024 16:15,148.6320669
4/13/2024 16:30,110.1984517
4/13/2024 16:45,150.2886882
4/13/2024 17:00,108.9725519
4/13/2024 17:15,156.1199953
4/13/2024 17:30,113.1472377
4/13/2024 17:45,140.2826953
4/13/2024 18:00,127.758638
4/13/2024 18:15,142.7676273
4/13/2024 18:30,126.4996057
4/13/2024 18:45,138.1953524
4/13/2024 19:00,137.3339093
4/13/2024 19:15,117.7195126
4/13/2024 19:30,153.2043418
4/13/2024 19:45,119.8068555
4/13/2024 20:00,149.029656
4/13/2024 20:15,118.9785448
4/13/2024 20:30,158.6380598
4/13/2024 20:45,116.8912019
4/13/2024 21:00,149.4603775
4/13/2024 21:15,120.6351662
4/13/2024 21:30,156.9814384
4/13/2024 21:45,131.5026022
4/13/2024 22:00,138.5929415
4/13/2024 22:15,134.8489773
4/13/2024 22:30,140.2826953
4/13/2024 22:45,139.8519738
4/13/2024 23:00,142.7676273
4/13/2024 23:15,144.0266595
4/13/2024 23:30,135.2465664
4/13/2024 23:45,152.3760311
4/14/2024 0:00,128.1562271
4/14/2024 0:15,153.2043418
4/14/2024 0:30,138.5929415
4/14/2024 0:45,150.7194098
4/14/2024 1:00,131.9333237
4/14/2024 1:15,161.5537134
4/14/2024 1:30,125.6712951
4/14/2024 1:45,172.8187385
4/14/2024 2:00,118.9785448
4/14/2024 2:15,164.9000885
4/14/2024 2:30,134.0206666
4/14/2024 2:45,155.7224062
4/14/2024 3:00,134.4182558
4/14/2024 3:15,158.6380598
4/14/2024 3:30,131.9333237
4/14/2024 3:45,164.4693669
4/14/2024 4:00,131.9333237
4/14/2024 4:15,164.0717778
4/14/2024 4:30,149.8579667
4/14/2024 4:45,155.2916847
4/14/2024 5:00,137.7646309
4/14/2024 5:15,153.2043418
4/14/2024 5:30,134.8489773
4/14/2024 5:45,156.5507169
4/14/2024 6:00,134.8489773
4/14/2024 6:15,155.2916847
4/14/2024 6:30,137.3339093
4/14/2024 6:45,155.7224062
4/14/2024 7:00,139.8519738
4/14/2024 7:15,154.0326525
4/14/2024 7:30,132.3309129
4/14/2024 7:45,157.8097491
4/14/2024 8:00,145.6832809
4/14/2024 8:15,171.5928387
4/14/2024 8:30,152.3760311
4/14/2024 8:45,164.9000885
4/14/2024 9:00,158.6380598
4/14/2024 9:15,175.3368029
4/14/2024 9:30,147.7706238
4/14/2024 9:45,178.683178
4/14/2024 10:00,141.111006
4/14/2024 10:15,184.5144852
4/14/2024 10:30,140.2826953
4/14/2024 10:45,179.0807672
4/14/2024 11:00,143.1983489
4/14/2024 11:15,174.9060814
4/14/2024 11:30,144.0266595
4/14/2024 11:45,179.5114887
4/14/2024 12:00,152.8067527
4/14/2024 12:15,184.5144852
4/14/2024 12:30,146.1140024
4/14/2024 12:45,171.9904278
4/14/2024 13:00,153.2043418
4/14/2024 13:15,173.24946
4/14/2024 13:30,155.7224062
4/14/2024 13:45,172.4211494
4/14/2024 14:00,150.7194098
4/14/2024 14:15,179.9422103
4/14/2024 14:30,147.7706238
4/14/2024 14:45,182.0295531
4/14/2024 15:00,150.7194098
4/14/2024 15:15,174.9060814
4/14/2024 15:30,153.6350633
4/14/2024 15:45,169.9030849
4/14/2024 16:00,165.33081
4/14/2024 16:15,167.815742
4/14/2024 16:30,162.382024
4/14/2024 16:45,175.3368029
4/14/2024 17:00,167.4181529
4/14/2024 17:15,169.0747742
4/14/2024 17:30,182.8578638
4/14/2024 17:45,161.5537134
4/14/2024 18:00,179.5114887
4/14/2024 18:15,151.1169989
4/14/2024 18:30,186.2042389
4/14/2024 18:45,153.2043418
4/14/2024 19:00,188.2915818
4/14/2024 19:15,169.5054958
4/14/2024 19:30,171.5928387
4/14/2024 19:45,181.16811
4/14/2024 20:00,157.8097491
4/14/2024 20:15,179.9422103
4/14/2024 20:30,195.3819212
4/14/2024 20:45,154.0326525
4/14/2024 21:00,190.7765138
4/14/2024 21:15,159.4663705
4/14/2024 21:30,185.3427958
4/14/2024 21:45,184.5144852
4/14/2024 22:00,168.2464636
4/14/2024 22:15,178.2524565
4/14/2024 22:30,192.4662676
4/14/2024 22:45,151.1169989
4/14/2024 23:00,192.0355461
4/14/2024 23:15,185.7735174
4/14/2024 23:30,161.9844349
4/14/2024 23:45,180.3397994
4/15/2024 0:00,193.2945783
4/15/2024 0:15,181.16811
4/15/2024 0:30,159.897092
4/15/2024 0:45,189.1198925
4/15/2024 1:00,185.7735174
4/15/2024 1:15,189.1198925
4/15/2024 1:30,162.8127456
4/15/2024 1:45,181.16811
4/15/2024 2:00,180.7705209
4/15/2024 2:15,191.6048245
4/15/2024 2:30,169.9030849
4/15/2024 2:45,179.5114887
4/15/2024 3:00,181.5988316
4/15/2024 3:15,191.6048245
4/15/2024 3:30,184.9452067
4/15/2024 3:45,175.3368029
4/15/2024 4:00,176.9934243
4/15/2024 4:15,183.2554529
4/15/2024 4:30,191.2072354
4/15/2024 4:45,187.0325496
4/15/2024 5:00,191.6048245
4/15/2024 5:15,169.9030849
4/15/2024 5:30,179.5114887
4/15/2024 5:45,189.9482032
4/15/2024 6:00,186.6018281
4/15/2024 6:15,192.8638567
4/15/2024 6:30,182.4271423
4/15/2024 6:45,191.2072354
4/15/2024 7:00,158.2073382
4/15/2024 7:15,193.2945783
4/15/2024 7:30,184.5144852
4/15/2024 7:45,188.6891709
4/15/2024 8:00,196.6409534
4/15/2024 8:15,183.2554529
4/15/2024 8:30,189.5174816
4/15/2024 8:45,153.6350633
4/15/2024 9:00,189.1198925
4/15/2024 9:15,184.9452067
4/15/2024 9:30,184.9452067
4/15/2024 9:45,192.0355461
4/15/2024 10:00,181.16811
4/15/2024 10:15,189.1198925
4/15/2024 10:30,187.8608603
4/15/2024 10:45,185.3427958
4/15/2024 11:00,169.5054958
4/15/2024 11:15,171.9904278
4/15/2024 11:30,192.0355461
4/15/2024 11:45,188.6891709
4/15/2024 12:00,187.8608603
4/15/2024 12:15,192.8638567
4/15/2024 12:30,177.8548674
4/15/2024 12:45,165.33081
4/15/2024 13:00,192.0355461
4/15/2024 13:15,185.7735174
4/15/2024 13:30,159.4663705
4/15/2024 13:45,182.0295531
4/15/2024 14:00,192.8638567
4/15/2024 14:15,178.2524565
4/15/2024 14:30,161.1561242
4/15/2024 14:45,183.2554529
4/15/2024 15:00,175.3368029
4/15/2024 15:15,165.33081
4/15/2024 15:30,194.5536105
4/15/2024 15:45,153.6350633
4/15/2024 16:00,187.0325496
4/15/2024 16:15,183.6861745
4/15/2024 16:30,156.9814384
4/15/2024 16:45,186.2042389
4/15/2024 17:00,194.1228889
4/15/2024 17:15,152.8067527
4/15/2024 17:30,195.3819212
4/15/2024 17:45,182.0295531
4/15/2024 18:00,163.6410562
4/15/2024 18:15,183.2554529
4/15/2024 18:30,194.9511996
4/15/2024 18:45,152.8067527
4/15/2024 19:00,192.8638567
4/15/2024 19:15,186.6018281
4/15/2024 19:30,162.382024
4/15/2024 19:45,183.6861745
4/15/2024 20:00,192.8638567
4/15/2024 20:15,155.2916847
4/15/2024 20:30,192.8638567
4/15/2024 20:45,184.5144852
4/15/2024 21:00,175.7675245
4/15/2024 21:15,171.9904278
4/15/2024 21:30,192.0355461
4/15/2024 21:45,185.3427958
4/15/2024 22:00,177.4241458
4/15/2024 22:15,185.3427958
4/15/2024 22:30,192.4662676
4/15/2024 22:45,159.4663705
4/15/2024 23:00,192.8638567
4/15/2024 23:15,187.0325496
4/15/2024 23:30,194.1228889
4/15/2024 23:45,157.8097491
4/16/2024 0:00,193.6921674
4/16/2024 0:15,184.9452067
4/16/2024 0:30,195.7795103
4/16/2024 0:45,157.3790276
4/16/2024 1:00,190.7765138
4/16/2024 1:15,185.3427958
4/16/2024 1:30,199.9541961
4/16/2024 1:45,154.0326525
4/16/2024 2:00,192.8638567
4/16/2024 2:15,186.2042389
4/16/2024 2:30,192.4662676
4/16/2024 2:45,159.0687813
4/16/2024 3:00,192.8638567
4/16/2024 3:15,193.2945783
4/16/2024 3:30,185.7735174
4/16/2024 3:45,192.4662676
4/16/2024 4:00,156.9814384
4/16/2024 4:15,193.2945783
4/16/2024 4:30,183.6861745
4/16/2024 4:45,192.4662676
4/16/2024 5:00,194.5536105
4/16/2024 5:15,221.6890681
4/16/2024 5:30,272.1828866
4/16/2024 5:45,276.3575724
4/16/2024 6:00,273.4419188
4/16/2024 6:15,307.6677158
4/16/2024 6:30,311.4448124
4/16/2024 6:45,761.8801556
4/16/2024 7:00,908.4248795
4/16/2024 7:15,899.6447864
4/16/2024 7:30,907.5634364
4/16/2024 7:45,877.9430468
4/16/2024 8:00,1099.201393
4/16/2024 8:15,1100.460426
4/16/2024 8:30,989.4005308
4/16/2024 8:45,967.2680696
4/16/2024 9:00,940.9609227
4/16/2024 9:15,970.6144447
4/16/2024 9:30,949.3102943
4/16/2024 9:45,933.8705834
4/16/2024 10:00,1100.029704
4/16/2024 10:15,1115.071826
4/16/2024 10:30,981.8794699
4/16/2024 10:45,940.132612
4/16/2024 11:00,894.2110684
4/16/2024 11:15,1029.060046
4/16/2024 11:30,884.6026646
4/16/2024 11:45,900.4730971
4/16/2024 12:00,862.0726144
4/16/2024 12:15,860.8135821
4/16/2024 12:30,872.0786073
4/16/2024 12:45,886.2924184
4/16/2024 13:00,963.9216945
4/16/2024 13:15,997.3191808
4/16/2024 13:30,896.2984113
4/16/2024 13:45,712.6122368
4/16/2024 14:00,700.0881795
4/16/2024 14:15,727.2236371
4/16/2024 14:30,736.0037302
4/16/2024 14:45,417.4685784
4/16/2024 15:00,422.0739857
4/16/2024 15:15,369.4596919
4/16/2024 15:30,423.2998855
4/16/2024 15:45,381.1554386
4/16/2024 16:00,348.586263
4/16/2024 16:15,307.6677158
4/16/2024 16:30,345.6706094
4/16/2024 16:45,326.0562127
4/16/2024 17:00,334.8031734
4/16/2024 17:15,342.3242343
4/16/2024 17:30,312.6707122
4/16/2024 17:45,345.6706094
4/16/2024 18:00,315.6194982
4/16/2024 18:15,338.58027
4/16/2024 18:30,330.2308985
4/16/2024 18:45,329.8001769
4/16/2024 19:00,347.7579523
4/16/2024 19:15,319.794184
4/16/2024 19:30,347.3272307
4/16/2024 19:45,315.1887767
4/16/2024 20:00,346.9296416
4/16/2024 20:15,320.1917731
4/16/2024 20:30,343.9808556
4/16/2024 20:45,338.58027
4/16/2024 21:00,318.9327409
4/16/2024 21:15,346.0681985
4/16/2024 21:30,314.7580551
4/16/2024 21:45,349.0169845
4/16/2024 22:00,316.845398
4/16/2024 22:15,317.2761196
4/16/2024 22:30,329.8001769
4/16/2024 22:45,314.360466
4/16/2024 23:00,343.9808556
4/16/2024 23:15,308.4960265
4/16/2024 23:30,326.4538018
4/16/2024 23:45,295.1436584
4/17/2024 0:00,238.3878112
4/17/2024 0:15,250.481147
4/17/2024 0:30,238.7854004
4/17/2024 0:45,266.7491686
4/17/2024 1:00,224.1740001
4/17/2024 1:15,252.1377684
4/17/2024 1:30,244.2191184
4/17/2024 1:45,231.2643395
4/17/2024 2:00,263.4359259
4/17/2024 2:15,239.2161219
4/17/2024 2:30,260.0895508
4/17/2024 2:45,234.2131254
4/17/2024 3:00,240.8727432
4/17/2024 3:15,252.1377684
4/17/2024 3:30,226.6920645
4/17/2024 3:45,264.6618257
4/17/2024 4:00,247.5654935
4/17/2024 4:15,242.1317755
4/17/2024 4:30,256.7431757
4/17/2024 4:45,247.1347719
4/17/2024 5:00,319.3634625
4/17/2024 5:15,338.9778592
4/17/2024 5:30,338.58027
4/17/2024 5:45,445.8630682
4/17/2024 6:00,471.308772
4/17/2024 6:15,500.1339834
4/17/2024 6:30,524.3537874
4/17/2024 6:45,1117.987479
4/17/2024 7:00,2170.836608
4/17/2024 7:15,2177.098636
4/17/2024 7:30,2126.571685
4/17/2024 7:45,2468.49833
4/17/2024 8:00,2605.003929
4/17/2024 8:15,2590.392529
4/17/2024 8:30,2700.193391
4/17/2024 8:45,2700.590981
4/17/2024 9:00,2672.627212
4/17/2024 9:15,2749.030589
4/17/2024 9:30,2729.813781
4/17/2024 9:45,2613.353301
4/17/2024 10:00,2652.184505
4/17/2024 10:15,2673.886245
4/17/2024 10:30,2795.382854
4/17/2024 10:45,2684.753681
4/17/2024 11:00,2781.997353
4/17/2024 11:15,2752.376964
4/17/2024 11:30,2600.829243
4/17/2024 11:45,2603.744897
4/17/2024 12:00,2600.829243
4/17/2024 12:15,2558.651664
4/17/2024 12:30,2578.299193
4/17/2024 12:45,2582.871468
4/17/2024 13:00,2692.241609
4/17/2024 13:15,2589.961807
4/17/2024 13:30,2577.43775
4/17/2024 13:45,2657.618223
4/17/2024 14:00,1517.498282
4/17/2024 14:15,1269.104478
4/17/2024 14:30,925.5212118
4/17/2024 14:45,631.6365856
4/17/2024 15:00,465.4774649
4/17/2024 15:15,439.9986286
4/17/2024 15:30,420.384232
4/17/2024 15:45,410.7758282
4/17/2024 16:00,376.9807528
4/17/2024 16:15,313.1014338
4/17/2024 16:30,341.8935127
4/17/2024 16:45,306.0110944
4/17/2024 17:00,345.2398878
4/17/2024 17:15,308.926748
4/17/2024 17:30,358.5922559
4/17/2024 17:45,308.926748
4/17/2024 18:00,341.4959236
4/17/2024 18:15,306.4086836
4/17/2024 18:30,339.4085807
4/17/2024 18:45,307.6677158
4/17/2024 19:00,342.7549558
4/17/2024 19:15,308.4960265
4/17/2024 19:30,349.8452952
4/17/2024 19:45,310.1857802
4/17/2024 20:00,344.8422987
4/17/2024 20:15,311.8424016
4/17/2024 20:30,347.3272307
4/17/2024 20:45,307.2701267
4/17/2024 21:00,348.1555414
4/17/2024 21:15,306.4086836
4/17/2024 21:30,343.1525449
4/17/2024 21:45,302.6647193
4/17/2024 22:00,343.1525449
4/17/2024 22:15,308.926748
4/17/2024 22:30,342.7549558
4/17/2024 22:45,304.3213407
4/17/2024 23:00,305.1827838
4/17/2024 23:15,256.7431757
4/17/2024 23:30,280.5322582
4/17/2024 23:45,219.6017252
4/18/2024 0:00,188.6891709
4/18/2024 0:15,190.3789247
4/18/2024 0:30,180.3397994
4/18/2024 0:45,205.3879141
4/18/2024 1:00,168.2464636
4/18/2024 1:15,204.5596034
4/18/2024 1:30,167.4181529
4/18/2024 1:45,211.6499428
4/18/2024 2:00,172.8187385
4/18/2024 2:15,202.041539
4/18/2024 2:30,170.3338065
4/18/2024 2:45,199.1258854
4/18/2024 3:00,175.7675245
4/18/2024 3:15,200.3849176
4/18/2024 3:30,180.3397994
4/18/2024 3:45,193.2945783
4/18/2024 4:00,178.2524565
4/18/2024 4:15,209.5625999
4/18/2024 4:30,182.8578638
4/18/2024 4:45,191.6048245
4/18/2024 5:00,210.8216321
4/18/2024 5:15,243.3908077
4/18/2024 5:30,266.7491686
4/18/2024 5:45,282.6196011
4/18/2024 6:00,355.2790132
4/18/2024 6:15,454.6100289
4/18/2024 6:30,747.6994769
4/18/2024 6:45,821.1540672
4/18/2024 7:00,825.328753
4/18/2024 7:15,839.5425641
4/18/2024 7:30,953.0873909
4/18/2024 7:45,980.2228485
4/18/2024 8:00,980.6204377
4/18/2024 8:15,974.7891305
4/18/2024 8:30,963.5241054
4/18/2024 8:45,974.7891305
4/18/2024 9:00,963.5241054
4/18/2024 9:15,958.0903874
4/18/2024 9:30,902.9911615
4/18/2024 9:45,958.9186981
4/18/2024 10:00,982.3101914
4/18/2024 10:15,1014.017924
4/18/2024 10:30,968.9578234
4/18/2024 10:45,952.2590803
4/18/2024 11:00,1939.141547
4/18/2024 11:15,2455.145962
4/18/2024 11:30,2377.914275
4/18/2024 11:45,2388.35099
4/18/2024 12:00,2346.604132
4/18/2024 12:15,2362.043843
4/18/2024 12:30,2380.829929
4/18/2024 12:45,2390.438333
4/18/2024 13:00,2441.760462
4/18/2024 13:15,2404.619012
4/18/2024 13:30,2395.838918
4/18/2024 13:45,2356.610125
4/18/2024 14:00,2001.331112
4/18/2024 14:15,605.7601602
4/18/2024 14:30,574.4500168
4/18/2024 14:45,540.1910875
4/18/2024 15:00,484.6942725
4/18/2024 15:15,486.3508938
4/18/2024 15:30,350.2428843
4/18/2024 15:45,308.4960265
4/18/2024 16:00,280.9629797
4/18/2024 16:15,288.0533191
4/18/2024 16:30,292.6587264
4/18/2024 16:45,266.3515795
4/18/2024 17:00,309.3574696
4/18/2024 17:15,266.3515795
4/18/2024 17:30,311.4448124
4/18/2024 17:45,272.6136082
4/18/2024 18:00,295.1436584
4/18/2024 18:15,284.706944
4/18/2024 18:30,282.6196011
4/18/2024 18:45,295.1436584
4/18/2024 19:00,270.5262653
4/18/2024 19:15,315.1887767
4/18/2024 19:30,209.9933214
4/18/2024 19:45,238.3878112
4/18/2024 20:00,213.7372856
4/18/2024 20:15,225.4330323
4/18/2024 20:30,229.6077181
4/18/2024 20:45,212.0806643
4/18/2024 21:00,242.562497
4/18/2024 21:15,207.475257
4/18/2024 21:30,241.3034648
4/18/2024 21:45,199.9541961
4/18/2024 22:00,239.613711
4/18/2024 22:15,206.2162248
4/18/2024 22:30,240.0444326
4/18/2024 22:45,204.5596034
4/18/2024 23:00,222.5173788
4/18/2024 23:15,224.6047217
4/18/2024 23:30,207.475257
4/18/2024 23:45,208.3035676
4/19/2024 0:00,133.1592235
4/19/2024 0:15,171.1621171
4/19/2024 0:30,136.1080095
4/19/2024 0:45,166.1591207
4/19/2024 1:00,136.9363202
4/19/2024 1:15,151.9453096
4/19/2024 1:30,162.382024
4/19/2024 1:45,139.4212522
4/19/2024 2:00,178.2524565
4/19/2024 2:15,139.0236631
4/19/2024 2:30,163.6410562
4/19/2024 2:45,131.5026022
4/19/2024 3:00,173.24946
4/19/2024 3:15,139.4212522
4/19/2024 3:30,157.8097491
4/19/2024 3:45,148.6320669
4/19/2024 4:00,161.9844349
4/19/2024 4:15,151.5477204
4/19/2024 4:30,138.1953524
4/19/2024 4:45,166.9874314
4/19/2024 5:00,169.9030849
4/19/2024 5:15,226.261343
4/19/2024 5:30,366.1133168
4/19/2024 5:45,1819.73228
4/19/2024 6:00,1958.755943
4/19/2024 6:15,1977.542029
4/19/2024 6:30,2023.463573
4/19/2024 6:45,2343.257757
4/19/2024 7:00,2512.73012
4/19/2024 7:15,2513.591563
4/19/2024 7:30,2508.986156
4/19/2024 7:45,2485.594663
4/19/2024 8:00,2573.263064
4/19/2024 8:15,2501.067506
4/19/2024 8:30,2561.169728
4/19/2024 8:45,2523.597556
4/19/2024 9:00,2508.555435
4/19/2024 9:15,2488.941038
4/19/2024 9:30,2451.368866
4/19/2024 9:45,2523.166835
4/19/2024 10:00,2531.118617
4/19/2024 10:15,2570.347411
4/19/2024 10:30,2553.251078
4/19/2024 10:45,2551.561325
4/19/2024 11:00,2547.81736
4/19/2024 11:15,2520.251181
4/19/2024 11:30,2565.344414
4/19/2024 11:45,2515.678906
4/19/2024 12:00,2455.974273
4/19/2024 12:15,2422.974376
4/19/2024 12:30,2447.19418
4/19/2024 12:45,2437.585776
4/19/2024 13:00,2471.413984
4/19/2024 13:15,2421.317755
4/19/2024 13:30,2389.57689
4/19/2024 13:45,2387.920268
4/19/2024 14:00,1775.898079
4/19/2024 14:15,650.8202607
4/19/2024 14:30,485.9201723
4/19/2024 14:45,529.3567839
4/19/2024 15:00,539.3627768
4/19/2024 15:15,493.4412332
4/19/2024 15:30,411.6372713
4/19/2024 15:45,289.3123513
4/19/2024 16:00,336.0622056
4/19/2024 16:15,273.0111973
4/19/2024 16:30,323.5381482
4/19/2024 16:45,293.0563155
4/19/2024 17:00,311.8424016
4/19/2024 17:15,303.9237516
4/19/2024 17:30,303.0954409
4/19/2024 17:45,320.6224947
4/19/2024 18:00,296.4026907
4/19/2024 18:15,321.8815269
4/19/2024 18:30,286.3966977
4/19/2024 18:45,330.2308985
4/19/2024 19:00,285.1376655
4/19/2024 19:15,333.9748627
4/19/2024 19:30,292.6587264
4/19/2024 19:45,328.1435556
4/19/2024 20:00,306.4086836
4/19/2024 20:15,323.1074267
4/19/2024 20:30,303.49303
4/19/2024 20:45,318.9327409
4/19/2024 21:00,312.6707122
4/19/2024 21:15,318.5351518
4/19/2024 21:30,301.008098
4/19/2024 21:45,329.8001769
4/19/2024 22:00,304.3213407
4/19/2024 22:15,335.2338949
4/19/2024 22:30,310.1857802
4/19/2024 22:45,319.3634625
4/19/2024 23:00,313.5321553
4/19/2024 23:15,319.3634625
4/19/2024 23:30,318.1044302
4/19/2024 23:45,260.9178615
4/20/2024 0:00,245.047429
4/20/2024 0:15,252.5684899
4/20/2024 0:30,245.047429
4/20/2024 0:45,258.0022079
4/20/2024 1:00,244.6498399
4/20/2024 1:15,253.3968006
4/20/2024 1:30,245.8757397
4/20/2024 1:45,248.8245257
4/20/2024 2:00,244.6498399
4/20/2024 2:15,252.9992115
4/20/2024 2:30,250.0504255
4/20/2024 2:45,258.0022079
4/20/2024 3:00,240.8727432
4/20/2024 3:15,260.9178615
4/20/2024 3:30,248.8245257
4/20/2024 3:45,260.9178615
4/20/2024 4:00,236.3004683
4/20/2024 4:15,272.1828866
4/20/2024 4:30,248.3938041
4/20/2024 4:45,286.3966977
4/20/2024 5:00,268.8365115
4/20/2024 5:15,361.5410419
4/20/2024 5:30,340.2368914
4/20/2024 5:45,365.2850061
4/20/2024 6:00,418.7276106
4/20/2024 6:15,429.5619142
4/20/2024 6:30,549.7994912
4/20/2024 6:45,760.6211233
4/20/2024 7:00,781.4945523
4/20/2024 7:15,950.1717374
4/20/2024 7:30,960.6084518
4/20/2024 7:45,988.5722201
4/20/2024 8:00,940.9609227
4/20/2024 8:15,986.4848772
4/20/2024 8:30,937.2169585
4/20/2024 8:45,991.9185952
4/20/2024 9:00,961.8343516
4/20/2024 9:15,1007.358306
4/20/2024 9:30,894.2110684
4/20/2024 9:45,990.659563
4/20/2024 10:00,994.4035272
4/20/2024 10:15,1010.27396
4/20/2024 10:30,947.2229514
4/20/2024 10:45,989.4005308
4/20/2024 11:00,937.64768
4/20/2024 11:15,918.0001509
4/20/2024 11:30,853.7232428
4/20/2024 11:45,865.4189895
4/20/2024 12:00,797.7957063
4/20/2024 12:15,826.5877852
4/20/2024 12:30,816.9793814
4/20/2024 12:45,908.8224687
4/20/2024 13:00,873.768361
4/20/2024 13:15,880.8587004
4/20/2024 13:30,828.2444065
4/20/2024 13:45,829.1058496
4/20/2024 14:00,407.0318639
4/20/2024 14:15,378.6373741
4/20/2024 14:30,380.724717
4/20/2024 14:45,367.8030705
4/20/2024 15:00,389.5048101
4/20/2024 15:15,367.8030705
4/20/2024 15:30,364.0259739
4/20/2024 15:45,278.4449153
4/20/2024 16:00,302.2339978
4/20/2024 16:15,257.1738973
4/20/2024 16:30,286.3966977
4/20/2024 16:45,231.695061
4/20/2024 17:00,263.8335151
4/20/2024 17:15,235.8697468
4/20/2024 17:30,259.2612401
4/20/2024 17:45,258.8305186
4/20/2024 18:00,228.3486859
4/20/2024 18:15,265.5232688
4/20/2024 18:30,263.0052044
4/20/2024 18:45,234.2131254
4/20/2024 19:00,258.3997971
4/20/2024 19:15,263.8335151
4/20/2024 19:30,257.1738973
4/20/2024 19:45,234.2131254
4/20/2024 20:00,264.6618257
4/20/2024 20:15,266.3515795
4/20/2024 20:30,260.0895508
4/20/2024 20:45,236.3004683
4/20/2024 21:00,263.4359259
4/20/2024 21:15,268.4389224
4/20/2024 21:30,283.4479118
4/20/2024 21:45,283.0503226
4/20/2024 22:00,263.8335151
4/20/2024 22:15,264.2642366
4/20/2024 22:30,262.1768937
4/20/2024 22:45,272.1828866
4/20/2024 23:00,263.8335151
4/20/2024 23:15,258.8305186
4/20/2024 23:30,261.7461722
4/20/2024 23:45,189.5174816
4/21/2024 0:00,187.0325496
4/21/2024 0:15,200.8156392
4/21/2024 0:30,189.5174816
4/21/2024 0:45,187.0325496
4/21/2024 1:00,192.4662676
4/21/2024 1:15,188.6891709
4/21/2024 1:30,193.6921674
4/21/2024 1:45,212.908975
4/21/2024 2:00,205.3879141
4/21/2024 2:15,187.8608603
4/21/2024 2:30,189.5174816
4/21/2024 2:45,191.2072354
4/21/2024 3:00,192.4662676
4/21/2024 3:15,188.6891709
4/21/2024 3:30,193.2945783
4/21/2024 3:45,189.9482032
4/21/2024 4:00,193.2945783
4/21/2024 4:15,206.2162248
4/21/2024 4:30,204.990325
4/21/2024 4:45,184.9452067
4/21/2024 5:00,191.2072354
4/21/2024 5:15,187.8608603
4/21/2024 5:30,189.5174816
4/21/2024 5:45,191.2072354
4/21/2024 6:00,193.2945783
4/21/2024 6:15,197.8668532
4/21/2024 6:30,204.5596034
4/21/2024 6:45,200.8156392
4/21/2024 7:00,187.8608603
4/21/2024 7:15,191.6048245
4/21/2024 7:30,198.7282963
4/21/2024 7:45,237.128779
4/21/2024 8:00,239.2161219
4/21/2024 8:15,242.9600861
4/21/2024 8:30,251.3094577
4/21/2024 8:45,256.7431757
4/21/2024 9:00,222.0866572
4/21/2024 9:15,235.8697468
4/21/2024 9:30,194.5536105
4/21/2024 9:45,224.6047217
4/21/2024 10:00,202.041539
4/21/2024 10:15,185.7735174
4/21/2024 10:30,221.6890681
4/21/2024 10:45,204.5596034
4/21/2024 11:00,204.5596034
4/21/2024 11:15,181.5988316
4/21/2024 11:30,179.9422103
4/21/2024 11:45,177.4241458
4/21/2024 12:00,171.1621171
4/21/2024 12:15,227.0896537
4/21/2024 12:30,197.8668532
4/21/2024 12:45,245.047429
4/21/2024 13:00,208.7342892
4/21/2024 13:15,234.2131254
4/21/2024 13:30,196.6409534
4/21/2024 13:45,232.5233717
4/21/2024 14:00,210.3909105
4/21/2024 14:15,211.6499428
4/21/2024 14:30,215.8246285
4/21/2024 14:45,200.3849176
4/21/2024 15:00,218.342693
4/21/2024 15:15,192.8638567
4/21/2024 15:30,226.6920645
4/21/2024 15:45,198.7282963
4/21/2024 16:00,243.3908077
4/21/2024 16:15,218.342693
4/21/2024 16:30,230.0384397
4/21/2024 16:45,207.0776679
4/21/2024 17:00,215.4270394
4/21/2024 17:15,217.5143823
4/21/2024 17:30,207.0776679
4/21/2024 17:45,228.7794074
4/21/2024 18:00,200.8156392
4/21/2024 18:15,238.3878112
4/21/2024 18:30,197.0385425
4/21/2024 18:45,235.0414361
4/21/2024 19:00,208.7342892
4/21/2024 19:15,231.2643395
4/21/2024 19:30,227.9510968
4/21/2024 19:45,235.4390252
4/21/2024 20:00,229.6077181
4/21/2024 20:15,228.7794074
4/21/2024 20:30,223.776411
4/21/2024 20:45,214.1680072
4/21/2024 21:00,230.4360288
4/21/2024 21:15,212.0806643
4/21/2024 21:30,231.2643395
4/21/2024 21:45,213.7372856
4/21/2024 22:00,237.5263681
4/21/2024 22:15,201.6439498
4/21/2024 22:30,261.7461722
4/21/2024 22:45,221.6890681
4/21/2024 23:00,254.2251113
4/21/2024 23:15,211.2523536
4/21/2024 23:30,236.3004683
4/21/2024 23:45,207.475257
4/22/2024 0:00,232.1257826
4/22/2024 0:15,205.3879141
4/22/2024 0:30,241.7010539
4/22/2024 0:45,220.827625
4/22/2024 1:00,247.9630826
4/22/2024 1:15,229.1769966
4/22/2024 1:30,241.7010539
4/22/2024 1:45,222.5173788
4/22/2024 2:00,226.6920645
4/22/2024 2:15,223.776411
4/22/2024 2:30,220.827625
4/22/2024 2:45,222.0866572
4/22/2024 3:00,230.0384397
4/22/2024 3:15,243.7883968
4/22/2024 3:30,234.2131254
4/22/2024 3:45,244.6498399
4/22/2024 4:00,225.8637539
4/22/2024 4:15,239.2161219
4/22/2024 4:30,213.3396965
4/22/2024 4:45,232.9540932
4/22/2024 5:00,206.2162248
4/22/2024 5:15,255.914865
4/22/2024 5:30,217.9119714
4/22/2024 5:45,265.0925473
4/22/2024 6:00,218.7402821
4/22/2024 6:15,258.0022079
4/22/2024 6:30,202.041539
4/22/2024 6:45,242.1317755
4/22/2024 7:00,209.1650107
4/22/2024 7:15,234.2131254
4/22/2024 7:30,235.4390252
4/22/2024 7:45,242.9600861
4/22/2024 8:00,230.8667503
4/22/2024 8:15,232.1257826
4/22/2024 8:30,214.9963179
4/22/2024 8:45,220.4300359
4/22/2024 9:00,229.6077181
4/22/2024 9:15,219.9993143
4/22/2024 9:30,224.6047217
4/22/2024 9:45,209.1650107
4/22/2024 10:00,242.562497
4/22/2024 10:15,220.827625
4/22/2024 10:30,246.3064612
4/22/2024 10:45,204.990325
4/22/2024 11:00,248.3938041
4/22/2024 11:15,200.8156392
4/22/2024 11:30,224.6047217
4/22/2024 11:45,206.2162248
4/22/2024 12:00,219.9993143
4/22/2024 12:15,213.3396965
4/22/2024 12:30,209.9933214
4/22/2024 12:45,222.9149679
4/22/2024 13:00,198.2975747
4/22/2024 13:15,240.0444326
4/22/2024 13:30,202.041539
4/22/2024 13:45,241.7010539
4/22/2024 14:00,216.6529392
4/22/2024 14:15,227.0896537
4/22/2024 14:30,212.0806643
4/22/2024 14:45,210.3909105
4/22/2024 15:00,213.7372856
4/22/2024 15:15,217.0836608
4/22/2024 15:30,225.8637539
4/22/2024 15:45,188.2915818
4/22/2024 16:00,223.776411
4/22/2024 16:15,193.2945783
4/22/2024 16:30,219.1710037
4/22/2024 16:45,202.4722605
4/22/2024 17:00,212.908975
4/22/2024 17:15,209.5625999
4/22/2024 17:30,219.1710037
4/22/2024 17:45,220.4300359
4/22/2024 18:00,201.2132283
4/22/2024 18:15,240.4751541
4/22/2024 18:30,206.2162248
4/22/2024 18:45,239.2161219
4/22/2024 19:00,195.7795103
4/22/2024 19:15,220.4300359
4/22/2024 19:30,216.6529392
4/22/2024 19:45,210.8216321
4/22/2024 20:00,209.9933214
4/22/2024 20:15,208.7342892
4/22/2024 20:30,217.0836608
4/22/2024 20:45,197.0385425
4/22/2024 21:00,230.4360288
4/22/2024 21:15,192.8638567
4/22/2024 21:30,227.9510968
4/22/2024 21:45,210.8216321
4/22/2024 22:00,217.0836608
4/22/2024 22:15,206.6469463
4/22/2024 22:30,207.9059785
4/22/2024 22:45,220.4300359
4/22/2024 23:00,197.4692641
4/22/2024 23:15,223.776411
4/22/2024 23:30,196.2102318
4/22/2024 23:45,228.7794074
4/23/2024 0:00,200.8156392
4/23/2024 0:15,220.4300359
4/23/2024 0:30,201.6439498
4/23/2024 0:45,209.5625999
4/23/2024 1:00,215.8246285
4/23/2024 1:15,199.1258854
4/23/2024 1:30,231.695061
4/23/2024 1:45,188.6891709
4/23/2024 2:00,224.1740001
4/23/2024 2:15,190.7765138
4/23/2024 2:30,224.6047217
4/23/2024 2:45,204.1288819
4/23/2024 3:00,209.5625999
4/23/2024 3:15,212.0806643
4/23/2024 3:30,212.0806643
4/23/2024 3:45,219.6017252
4/23/2024 4:00,192.8638567
4/23/2024 4:15,223.776411
4/23/2024 4:30,190.3789247
4/23/2024 4:45,221.2583465
4/23/2024 5:00,189.1198925
4/23/2024 5:15,214.5655963
4/23/2024 5:30,214.5655963
4/23/2024 5:45,268.0082008
4/23/2024 6:00,278.8756368
4/23/2024 6:15,270.9238544
4/23/2024 6:30,288.8816298
4/23/2024 6:45,270.0955437
4/23/2024 7:00,289.3123513
4/23/2024 7:15,271.7852975
4/23/2024 7:30,282.6196011
4/23/2024 7:45,263.0052044
4/23/2024 8:00,293.4870371
4/23/2024 8:15,274.2702295
4/23/2024 8:30,340.2368914
4/23/2024 8:45,364.8542845
4/23/2024 9:00,336.0622056
4/23/2024 9:15,338.58027
4/23/2024 9:30,307.2701267
4/23/2024 9:45,372.3753454
4/23/2024 10:00,322.279116
4/23/2024 10:15,339.8061698
4/23/2024 10:30,311.0140909
4/23/2024 10:45,332.7158305
4/23/2024 11:00,272.6136082
4/23/2024 11:15,287.6225975
4/23/2024 11:30,245.047429
4/23/2024 11:45,243.3908077
4/23/2024 12:00,237.5263681
4/23/2024 12:15,244.6498399
4/23/2024 12:30,251.7401793
4/23/2024 12:45,285.1376655
4/23/2024 13:00,276.3575724
4/23/2024 13:15,259.6588293
4/23/2024 13:30,294.3153478
4/23/2024 13:45,256.3124542
4/23/2024 14:00,280.9629797
4/23/2024 14:15,263.4359259
4/23/2024 14:30,277.6166046
4/23/2024 14:45,268.4389224
4/23/2024 15:00,273.8726404
4/23/2024 15:15,249.6528364
4/23/2024 15:30,272.1828866
4/23/2024 15:45,245.8757397
4/23/2024 16:00,269.2672331
4/23/2024 16:15,237.5263681
4/23/2024 16:30,276.788294
4/23/2024 16:45,247.1347719
4/23/2024 17:00,263.4359259
4/23/2024 17:15,236.3004683
4/23/2024 17:30,264.2642366
4/23/2024 17:45,236.6980575
4/23/2024 18:00,263.4359259
4/23/2024 18:15,239.613711
4/23/2024 18:30,263.0052044
4/23/2024 18:45,260.0895508
4/23/2024 19:00,263.4359259
4/23/2024 19:15,250.9118686
4/23/2024 19:30,213.3396965
4/23/2024 19:45,192.4662676
4/23/2024 20:00,189.5174816
4/23/2024 20:15,196.2102318
4/23/2024 20:30,193.6921674
4/23/2024 20:45,199.556607
4/23/2024 21:00,178.2524565
4/23/2024 21:15,211.6499428
4/23/2024 21:30,192.4662676
4/23/2024 21:45,209.1650107
4/23/2024 22:00,180.7705209
4/23/2024 22:15,215.4270394
4/23/2024 22:30,176.1651136
4/23/2024 22:45,203.3005712
4/23/2024 23:00,174.5084923
4/23/2024 23:15,175.7675245
4/23/2024 23:30,119.4092664
4/23/2024 23:45,136.9363202
4/24/2024 0:00,127.3279164
4/24/2024 0:15,126.0688842
4/24/2024 0:30,129.4152593
4/24/2024 0:45,117.7195126
4/24/2024 1:00,141.111006
4/24/2024 1:15,112.2857946
4/24/2024 1:30,149.4603775
4/24/2024 1:45,113.1472377
4/24/2024 2:00,137.7646309
4/24/2024 2:15,118.1502342
4/24/2024 2:30,138.5929415
4/24/2024 2:45,116.4604804
4/24/2024 3:00,137.3339093
4/24/2024 3:15,129.8459808
4/24/2024 3:30,133.1592235
4/24/2024 3:45,129.8459808
4/24/2024 4:00,124.4122628
4/24/2024 4:15,130.6742915
4/24/2024 4:30,121.0658877
4/24/2024 4:45,141.111006
4/24/2024 5:00,132.3309129
4/24/2024 5:15,146.1140024
4/24/2024 5:30,126.4996057
4/24/2024 5:45,165.33081
4/24/2024 6:00,145.2856918
4/24/2024 6:15,174.9060814
4/24/2024 6:30,194.1228889
4/24/2024 6:45,283.8786333
4/24/2024 7:00,244.2191184
4/24/2024 7:15,319.3634625
4/24/2024 7:30,401.5981459
4/24/2024 7:45,420.8149535
4/24/2024 8:00,432.0799786
4/24/2024 8:15,433.3390109
4/24/2024 8:30,442.9474146
4/24/2024 8:45,299.3183442
4/24/2024 9:00,301.8364087
4/24/2024 9:15,278.4449153
4/24/2024 9:30,297.6617229
4/24/2024 9:45,277.6166046
4/24/2024 10:00,306.0110944
4/24/2024 10:15,295.1436584
4/24/2024 10:30,290.9689727
4/24/2024 10:45,259.2612401
4/24/2024 11:00,283.8786333
4/24/2024 11:15,258.8305186
4/24/2024 11:30,288.0533191
4/24/2024 11:45,277.6166046
4/24/2024 12:00,283.8786333
4/24/2024 12:15,266.3515795
4/24/2024 12:30,273.4419188
4/24/2024 12:45,277.1858831
4/24/2024 13:00,274.7009511
4/24/2024 13:15,287.2250084
4/24/2024 13:30,285.1376655
4/24/2024 13:45,301.4056871
4/24/2024 14:00,376.9807528
4/24/2024 14:15,301.008098
4/24/2024 14:30,250.9118686
4/24/2024 14:45,275.0985402
4/24/2024 15:00,253.3968006
4/24/2024 15:15,281.3605689
4/24/2024 15:30,255.0865544
4/24/2024 15:45,271.354576
4/24/2024 16:00,245.8757397
4/24/2024 16:15,261.7461722
4/24/2024 16:30,230.8667503
4/24/2024 16:45,266.7491686
4/24/2024 17:00,230.0384397
4/24/2024 17:15,258.8305186
4/24/2024 17:30,232.1257826
4/24/2024 17:45,258.8305186
4/24/2024 18:00,240.0444326
4/24/2024 18:15,263.4359259
4/24/2024 18:30,250.0504255
4/24/2024 18:45,249.2221148
4/24/2024 19:00,251.7401793
4/24/2024 19:15,243.3908077
4/24/2024 19:30,258.8305186
4/24/2024 19:45,235.8697468
4/24/2024 20:00,269.2672331
4/24/2024 20:15,233.7824039
4/24/2024 20:30,258.8305186
4/24/2024 20:45,232.9540932
4/24/2024 21:00,260.9178615
4/24/2024 21:15,235.0414361
4/24/2024 21:30,272.1828866
4/24/2024 21:45,237.9570897
4/24/2024 22:00,256.7431757
4/24/2024 22:15,244.2191184
4/24/2024 22:30,254.2251113
4/24/2024 22:45,252.5684899
4/24/2024 23:00,244.6498399
4/24/2024 23:15,269.2672331
4/24/2024 23:30,207.9059785
4/24/2024 23:45,151.1169989
4/25/2024 0:00,108.1111088
4/25/2024 0:15,140.2826953
4/25/2024 0:30,112.7165162
4/25/2024 0:45,147.3730347
4/25/2024 1:00,114.3731375
4/25/2024 1:15,133.5899451
4/25/2024 1:30,121.8941984
4/25/2024 1:45,126.4996057
4/25/2024 2:00,128.1562271
4/25/2024 2:15,123.5839522
4/25/2024 2:30,144.0266595
4/25/2024 2:45,116.0628913
4/25/2024 3:00,136.9363202
4/25/2024 3:15,118.1502342
4/25/2024 3:30,136.1080095
4/25/2024 3:45,113.5448268
4/25/2024 4:00,147.3730347
4/25/2024 4:15,112.7165162
4/25/2024 4:30,135.2465664
4/25/2024 4:45,117.7195126
4/25/2024 5:00,141.9393167
4/25/2024 5:15,134.0206666
4/25/2024 5:30,138.1953524
4/25/2024 5:45,151.1169989
4/25/2024 6:00,199.1258854
4/25/2024 6:15,202.9029821
4/25/2024 6:30,194.9511996
4/25/2024 6:45,238.3878112
4/25/2024 7:00,344.4115772
4/25/2024 7:15,1421.480509
4/25/2024 7:30,1759.630058
4/25/2024 7:45,1786.765515
4/25/2024 8:00,1790.111891
4/25/2024 8:15,682.1304041
4/25/2024 8:30,1089.162268
4/25/2024 8:45,1826.42503
4/25/2024 9:00,1932.879518
4/25/2024 9:15,1964.620383
4/25/2024 9:30,1917.009085
4/25/2024 9:45,1913.265121
4/25/2024 10:00,1906.572371
4/25/2024 10:15,1988.807054
4/25/2024 10:30,1972.539033
4/25/2024 10:45,1938.710825
4/25/2024 11:00,1919.52715
4/25/2024 11:15,1913.66271
4/25/2024 11:30,1923.701836
4/25/2024 11:45,1900.310342
4/25/2024 12:00,1913.265121
4/25/2024 12:15,1906.174782
4/25/2024 12:30,1918.268118
4/25/2024 12:45,1928.274111
4/25/2024 13:00,1923.701836
4/25/2024 13:15,1947.060197
4/25/2024 13:30,1900.310342
4/25/2024 13:45,1927.048211
4/25/2024 14:00,1374.730655
4/25/2024 14:15,529.754373
4/25/2024 14:30,459.2154362
4/25/2024 14:45,431.6492571
4/25/2024 15:00,409.1192068
4/25/2024 15:15,384.5018137
4/25/2024 15:30,235.8697468
4/25/2024 15:45,240.0444326
4/25/2024 16:00,221.6890681
4/25/2024 16:15,218.7402821
4/25/2024 16:30,235.4390252
4/25/2024 16:45,215.8246285
4/25/2024 17:00,236.6980575
4/25/2024 17:15,210.8216321
4/25/2024 17:30,237.128779
4/25/2024 17:45,205.3879141
4/25/2024 18:00,241.3034648
4/25/2024 18:15,223.776411
4/25/2024 18:30,237.9570897
4/25/2024 18:45,214.1680072
4/25/2024 19:00,244.6498399
4/25/2024 19:15,228.7794074
4/25/2024 19:30,242.9600861
4/25/2024 19:45,233.7824039
4/25/2024 20:00,222.5173788
4/25/2024 20:15,241.7010539
4/25/2024 20:30,222.9149679
4/25/2024 20:45,244.2191184
4/25/2024 21:00,222.0866572
4/25/2024 21:15,241.3034648
4/25/2024 21:30,214.5655963
4/25/2024 21:45,247.5654935
4/25/2024 22:00,222.5173788
4/25/2024 22:15,240.8727432
4/25/2024 22:30,227.9510968
4/25/2024 22:45,229.6077181
4/25/2024 23:00,238.7854004
4/25/2024 23:15,199.1258854
4/25/2024 23:30,187.8608603
4/25/2024 23:45,164.0717778
4/26/2024 0:00,180.7705209
4/26/2024 0:15,142.3700382
4/26/2024 0:30,174.9060814
4/26/2024 0:45,161.1561242
4/26/2024 1:00,179.9422103
4/26/2024 1:15,164.4693669
4/26/2024 1:30,156.5507169
4/26/2024 1:45,181.5988316
4/26/2024 2:00,149.8579667
4/26/2024 2:15,174.5084923
4/26/2024 2:30,164.9000885
4/26/2024 2:45,178.2524565
4/26/2024 3:00,145.6832809
4/26/2024 3:15,175.7675245
4/26/2024 3:30,169.9030849
4/26/2024 3:45,159.4663705
4/26/2024 4:00,174.9060814
4/26/2024 4:15,163.2434671
4/26/2024 4:30,175.3368029
4/26/2024 4:45,144.8549702
4/26/2024 5:00,188.6891709
4/26/2024 5:15,169.0747742
4/26/2024 5:30,189.5174816
4/26/2024 5:45,160.2946811
4/26/2024 6:00,255.4841435
4/26/2024 6:15,240.4751541
4/26/2024 6:30,243.3908077
4/26/2024 6:45,300.1466549
4/26/2024 7:00,279.273226
4/26/2024 7:15,327.2821125
4/26/2024 7:30,1285.803221
4/26/2024 7:45,1792.596823
4/26/2024 8:00,1831.858748
4/26/2024 8:15,1859.822517
4/26/2024 8:30,1843.952084
4/26/2024 8:45,1876.52126
4/26/2024 9:00,1868.171888
4/26/2024 9:15,1898.653721
4/26/2024 9:30,1882.352567
4/26/2024 9:45,1853.99121
4/26/2024 10:00,1902.397685
4/26/2024 10:15,1891.960971
4/26/2024 10:30,1903.656717
4/26/2024 10:45,1869.430921
4/26/2024 11:00,1896.963967
4/26/2024 11:15,1881.524256
4/26/2024 11:30,1888.217007
4/26/2024 11:45,1866.084545
4/26/2024 12:00,1861.479138
4/26/2024 12:15,1874.433917
4/26/2024 12:30,1852.732177
4/26/2024 12:45,1893.220003
4/26/2024 13:00,1899.05131
4/26/2024 13:15,1898.653721
4/26/2024 13:30,1856.078552
4/26/2024 13:45,1897.394689
4/26/2024 14:00,1868.171888
4/26/2024 14:15,654.5973574
4/26/2024 14:30,421.6432642
4/26/2024 14:45,326.4538018
4/26/2024 15:00,266.3515795
4/26/2024 15:15,173.6801816
4/26/2024 15:30,203.7312927
4/26/2024 15:45,174.5084923
4/26/2024 16:00,208.7342892
4/26/2024 16:15,185.3427958
4/26/2024 16:30,197.0385425
4/26/2024 16:45,182.0295531
4/26/2024 17:00,192.0355461
4/26/2024 17:15,195.3819212
4/26/2024 17:30,180.7705209
4/26/2024 17:45,201.6439498
4/26/2024 18:00,189.5174816
4/26/2024 18:15,198.7282963
4/26/2024 18:30,170.3338065
4/26/2024 18:45,208.7342892
4/26/2024 19:00,168.6440527
4/26/2024 19:15,242.562497
4/26/2024 19:30,236.6980575
4/26/2024 19:45,258.3997971
4/26/2024 20:00,232.5233717
4/26/2024 20:15,243.3908077
4/26/2024 20:30,249.2221148
4/26/2024 20:45,228.7794074
4/26/2024 21:00,274.7009511
4/26/2024 21:15,225.4330323
4/26/2024 21:30,250.481147
4/26/2024 21:45,225.4330323
4/26/2024 22:00,259.6588293
4/26/2024 22:15,221.6890681
4/26/2024 22:30,267.6106117
4/26/2024 22:45,235.0414361
4/26/2024 23:00,230.4360288
4/26/2024 23:15,199.9541961
4/26/2024 23:30,183.6861745
4/26/2024 23:45,157.3790276
4/27/2024 0:00,107.2827982
4/27/2024 0:15,126.4996057
4/27/2024 0:30,94.36115169
4/27/2024 0:45,134.0206666
4/27/2024 1:00,101.8490802
4/27/2024 1:15,133.1592235
4/27/2024 1:30,114.3731375
4/27/2024 1:45,114.3731375
4/27/2024 2:00,120.6351662
4/27/2024 2:15,115.2345806
4/27/2024 2:30,122.32492
4/27/2024 2:45,116.8912019
4/27/2024 3:00,130.24357
4/27/2024 3:15,92.27380879
4/27/2024 3:30,131.5026022
4/27/2024 3:45,110.1984517
4/27/2024 4:00,118.1502342
4/27/2024 4:15,126.8971949
4/27/2024 4:30,115.2345806
4/27/2024 4:45,118.9785448
4/27/2024 5:00,121.8941984
4/27/2024 5:15,136.1080095
4/27/2024 5:30,121.8941984
4/27/2024 5:45,196.2102318
4/27/2024 6:00,184.116896
4/27/2024 6:15,250.481147
4/27/2024 6:30,244.2191184
4/27/2024 6:45,412.4655819
4/27/2024 7:00,662.5160074
4/27/2024 7:15,741.4374482
4/27/2024 7:30,753.1000624
4/27/2024 7:45,731.8290444
4/27/2024 8:00,766.883152
4/27/2024 8:15,763.1391878
4/27/2024 8:30,745.612134
4/27/2024 8:45,732.6573551
4/27/2024 9:00,801.5396705
4/27/2024 9:15,1747.934311
4/27/2024 9:30,2117.394003
4/27/2024 9:45,2077.336899
4/27/2024 10:00,2111.960285
4/27/2024 10:15,2132.436125
4/27/2024 10:30,2156.655929
4/27/2024 10:45,2189.191972
4/27/2024 11:00,2206.321437
4/27/2024 11:15,2199.628687
4/27/2024 11:30,2154.137864
4/27/2024 11:45,2126.571685
4/27/2024 12:00,2125.345786
4/27/2024 12:15,2121.1711
4/27/2024 12:30,2103.610914
4/27/2024 12:45,2204.664815
4/27/2024 13:00,2172.923951
4/27/2024 13:15,2158.743272
4/27/2024 13:30,2142.044529
4/27/2024 13:45,1795.545609
4/27/2024 14:00,811.1480743
4/27/2024 14:15,743.9223802
4/27/2024 14:30,733.9163873
4/27/2024 14:45,634.9829607
4/27/2024 15:00,582.3686668
4/27/2024 15:15,304.7520622
4/27/2024 15:30,283.4479118
4/27/2024 15:45,214.9963179
4/27/2024 16:00,234.6107146
4/27/2024 16:15,211.6499428
4/27/2024 16:30,212.0806643
4/27/2024 16:45,218.342693
4/27/2024 17:00,203.7312927
4/27/2024 17:15,225.0023108
4/27/2024 17:30,202.4722605
4/27/2024 17:45,225.8637539
4/27/2024 18:00,207.0776679
4/27/2024 18:15,225.4330323
4/27/2024 18:30,202.9029821
4/27/2024 18:45,219.9993143
4/27/2024 19:00,210.8216321
4/27/2024 19:15,217.5143823
4/27/2024 19:30,219.6017252
4/27/2024 19:45,218.342693
4/27/2024 20:00,226.6920645
4/27/2024 20:15,197.4692641
4/27/2024 20:30,232.9540932
4/27/2024 20:45,194.5536105
4/27/2024 21:00,232.5233717
4/27/2024 21:15,209.5625999
4/27/2024 21:30,231.2643395
4/27/2024 21:45,213.3396965
4/27/2024 22:00,215.4270394
4/27/2024 22:15,223.776411
4/27/2024 22:30,203.7312927
4/27/2024 22:45,234.2131254
4/27/2024 23:00,201.2132283
4/27/2024 23:15,235.0414361
4/27/2024 23:30,207.9059785
4/27/2024 23:45,143.595938
4/28/2024 0:00,88.09912301
4/28/2024 0:15,84.32202635
4/28/2024 0:30,101.0207695
4/28/2024 0:45,77.231687
4/28/2024 1:00,113.5448268
4/28/2024 1:15,69.31303698
4/28/2024 1:30,103.5388339
4/28/2024 1:45,78.49071922
4/28/2024 2:00,97.67439437
4/28/2024 2:15,91.01477657
4/28/2024 2:30,86.84009079
4/28/2024 2:45,109.3701411
4/28/2024 3:00,80.57806211
4/28/2024 3:15,106.4544875
4/28/2024 3:30,69.31303698
4/28/2024 3:45,114.8038591
4/28/2024 4:00,80.14734056
4/28/2024 4:15,103.5388339
4/28/2024 4:30,93.49970859
4/28/2024 4:45,91.4123657
4/28/2024 5:00,96.01777303
4/28/2024 5:15,81.83709433
4/28/2024 5:30,109.8008626
4/28/2024 5:45,72.62627967
4/28/2024 6:00,121.4966093
4/28/2024 6:15,77.231687
4/28/2024 6:30,107.7135197
4/28/2024 6:45,84.32202635
4/28/2024 7:00,96.8460837
4/28/2024 7:15,95.58705148
4/28/2024 7:30,96.8460837
4/28/2024 7:45,105.1954553
4/28/2024 8:00,74.71362256
4/28/2024 8:15,110.1984517
4/28/2024 8:30,77.231687
4/28/2024 8:45,103.5388339
4/28/2024 9:00,96.8460837
4/28/2024 9:15,95.58705148
4/28/2024 9:30,95.58705148
4/28/2024 9:45,82.66540501
4/28/2024 10:00,106.885209
4/28/2024 10:15,77.231687
4/28/2024 10:30,119.4092664
4/28/2024 10:45,73.48772277
4/28/2024 11:00,101.451491
4/28/2024 11:15,84.7527479
4/28/2024 11:30,93.49970859
4/28/2024 11:45,93.93043014
4/28/2024 12:00,93.49970859
4/28/2024 12:15,104.7978661
4/28/2024 12:30,70.53893678
4/28/2024 12:45,104.7978661
4/28/2024 13:00,78.88830834
4/28/2024 13:15,96.8460837
4/28/2024 13:30,90.1864659
4/28/2024 13:45,96.01777303
4/28/2024 14:00,101.0207695
4/28/2024 14:15,74.31603344
4/28/2024 14:30,106.885209
4/28/2024 14:45,70.53893678
4/28/2024 15:00,103.5388339
4/28/2024 15:15,86.01178012
4/28/2024 15:30,93.10211947
4/28/2024 15:45,108.1111088
4/28/2024 16:00,85.15033702
4/28/2024 16:15,101.0207695
4/28/2024 16:30,72.62627967
4/28/2024 16:45,110.6291733
4/28/2024 17:00,73.05700122
4/28/2024 17:15,105.1954553
4/28/2024 17:30,93.93043014
4/28/2024 17:45,96.8460837
4/28/2024 18:00,93.10211947
4/28/2024 18:15,88.09912301
4/28/2024 18:30,101.8490802
4/28/2024 18:45,83.06299413
4/28/2024 19:00,111.0598948
4/28/2024 19:15,84.32202635
4/28/2024 19:30,108.9725519
4/28/2024 19:45,82.66540501
4/28/2024 20:00,101.8490802
4/28/2024 20:15,90.58405502
4/28/2024 20:30,96.44849458
4/28/2024 20:45,111.8882055
4/28/2024 21:00,81.83709433
4/28/2024 21:15,110.6291733
4/28/2024 21:30,77.231687
4/28/2024 21:45,112.2857946
4/28/2024 22:00,82.23468346
4/28/2024 22:15,109.3701411
4/28/2024 22:30,98.93342659
4/28/2024 22:45,97.27680525
4/28/2024 23:00,97.67439437
4/28/2024 23:15,87.66840146
4/28/2024 23:30,112.2857946
4/28/2024 23:45,77.231687
4/29/2024 0:00,128.9845378
4/29/2024 0:15,77.66240855
4/29/2024 0:30,111.0598948
4/29/2024 0:45,88.49671213
4/29/2024 1:00,103.1081124
4/29/2024 1:15,97.27680525
4/29/2024 1:30,107.2827982
4/29/2024 1:45,103.936423
4/29/2024 2:00,86.84009079
4/29/2024 2:15,113.5448268
4/29/2024 2:30,78.05999767
4/29/2024 2:45,119.8068555
4/29/2024 3:00,83.92443723
4/29/2024 3:15,125.6712951
4/29/2024 3:30,91.4123657
4/29/2024 3:45,98.93342659
4/29/2024 4:00,97.67439437
4/29/2024 4:15,97.27680525
4/29/2024 4:30,106.885209
4/29/2024 4:45,96.44849458
4/29/2024 5:00,113.9755484
4/29/2024 5:15,79.74975144
4/29/2024 5:30,113.9755484
4/29/2024 5:45,84.7527479
4/29/2024 6:00,110.6291733
4/29/2024 6:15,102.2798017
4/29/2024 6:30,100.6231804
4/29/2024 6:45,99.36414814
4/29/2024 7:00,91.84308725
4/29/2024 7:15,109.3701411
4/29/2024 7:30,88.49671213
4/29/2024 7:45,116.4604804
4/29/2024 8:00,85.58105857
4/29/2024 8:15,116.8912019
4/29/2024 8:30,80.14734056
4/29/2024 8:45,106.4544875
4/29/2024 9:00,91.84308725
4/29/2024 9:15,100.1924588
4/29/2024 9:30,106.885209
4/29/2024 9:45,92.27380879
4/29/2024 10:00,103.936423
4/29/2024 10:15,80.57806211
4/29/2024 10:30,113.5448268
4/29/2024 10:45,76.40337633
4/29/2024 11:00,128.9845378
4/29/2024 11:15,76.40337633
4/29/2024 11:30,108.1111088
4/29/2024 11:45,83.49371568
4/29/2024 12:00,101.0207695
4/29/2024 12:15,94.36115169
4/29/2024 12:30,104.7978661
4/29/2024 12:45,97.27680525
4/29/2024 13:00,85.15033702
4/29/2024 13:15,106.0237659
4/29/2024 13:30,73.88531189
4/29/2024 13:45,117.7195126
4/29/2024 14:00,81.83709433
4/29/2024 14:15,111.0598948
4/29/2024 14:30,85.58105857
4/29/2024 14:45,96.8460837
4/29/2024 15:00,94.36115169
4/29/2024 15:15,88.92743368
4/29/2024 15:30,110.6291733
4/29/2024 15:45,91.4123657
4/29/2024 16:00,112.7165162
4/29/2024 16:15,73.05700122
4/29/2024 16:30,109.3701411
4/29/2024 16:45,85.58105857
4/29/2024 17:00,101.8490802
4/29/2024 17:15,103.936423
4/29/2024 17:30,95.18946236
4/29/2024 17:45,100.1924588
4/29/2024 18:00,89.3250228
4/29/2024 18:15,108.1111088
4/29/2024 18:30,84.32202635
4/29/2024 18:45,128.5869486
4/29/2024 19:00,76.40337633
4/29/2024 19:15,110.6291733
4/29/2024 19:30,86.84009079
4/29/2024 19:45,105.1954553
4/29/2024 20:00,95.18946236
4/29/2024 20:15,97.27680525
4/29/2024 20:30,115.2345806
4/29/2024 20:45,87.23767991
4/29/2024 21:00,109.8008626
4/29/2024 21:15,81.40637279
4/29/2024 21:30,118.1502342
4/29/2024 21:45,77.66240855
4/29/2024 22:00,131.5026022
4/29/2024 22:15,78.05999767
4/29/2024 22:30,115.2345806
4/29/2024 22:45,86.01178012
4/29/2024 23:00,108.5418304
4/29/2024 23:15,99.36414814
4/29/2024 23:30,127.758638
4/29/2024 23:45,118.1502342
4/30/2024 0:00,108.9725519
4/30/2024 0:15,128.5869486
4/30/2024 0:30,100.1924588
4/30/2024 0:45,136.1080095
4/30/2024 1:00,96.8460837
4/30/2024 1:15,148.6320669
4/30/2024 1:30,95.58705148
4/30/2024 1:45,136.1080095
4/30/2024 2:00,98.93342659
4/30/2024 2:15,139.0236631
4/30/2024 2:30,104.7978661
4/30/2024 2:45,135.677288
4/30/2024 3:00,111.0598948
4/30/2024 3:15,119.8068555
4/30/2024 3:30,115.2345806
4/30/2024 3:45,119.8068555
4/30/2024 4:00,116.4604804
4/30/2024 4:15,114.3731375
4/30/2024 4:30,131.0718806
4/30/2024 4:45,110.1984517
4/30/2024 5:00,126.4996057
4/30/2024 5:15,107.2827982
4/30/2024 5:30,132.3309129
4/30/2024 5:45,110.1984517
4/30/2024 6:00,159.0687813
4/30/2024 6:15,126.8971949
4/30/2024 6:30,362.3693525
4/30/2024 6:45,697.1725259
4/30/2024 7:00,728.4826693
4/30/2024 7:15,772.31687
4/30/2024 7:30,853.7232428
4/30/2024 7:45,824.5004423
4/30/2024 8:00,799.8830492
4/30/2024 8:15,1238.225056
4/30/2024 8:30,2084.824827
4/30/2024 8:45,2117.394003
4/30/2024 9:00,2101.125982
4/30/2024 9:15,2132.833714
4/30/2024 9:30,2107.38801
4/30/2024 9:45,2176.270326
4/30/2024 10:00,2187.104629
4/30/2024 10:15,2197.143755
4/30/2024 10:30,2191.710037
4/30/2024 10:45,2115.30666
4/30/2024 11:00,2218.017183
4/30/2024 11:15,2142.044529
4/30/2024 11:30,2199.628687
4/30/2024 11:45,2175.011293
4/30/2024 12:00,2148.704146
4/30/2024 12:15,2109.044632
4/30/2024 12:30,2220.104526
4/30/2024 12:45,2175.442015
4/30/2024 13:00,2093.174199
4/30/2024 13:15,2158.743272
4/30/2024 13:30,2205.493126
4/30/2024 13:45,2175.839604
4/30/2024 14:00,1165.996366
4/30/2024 14:15,773.5759022
4/30/2024 14:30,725.1362942
4/30/2024 14:45,552.3175557
4/30/2024 15:00,397.4234601
4/30/2024 15:15,348.586263
4/30/2024 15:30,299.3183442
4/30/2024 15:45,265.9208579
4/30/2024 16:00,161.5537134
4/30/2024 16:15,177.4241458
4/30/2024 16:30,149.4603775
4/30/2024 16:45,212.0806643
4/30/2024 17:00,207.9059785
4/30/2024 17:15,229.1769966
4/30/2024 17:30,212.0806643
4/30/2024 17:45,231.2643395
4/30/2024 18:00,212.0806643
4/30/2024 18:15,230.0384397
4/30/2024 18:30,218.342693
4/30/2024 18:45,227.5203752
4/30/2024 19:00,226.261343
4/30/2024 19:15,213.3396965
4/30/2024 19:30,234.2131254
4/30/2024 19:45,207.9059785
4/30/2024 20:00,243.7883968
4/30/2024 20:15,204.990325
4/30/2024 20:30,240.4751541
4/30/2024 20:45,211.2523536
4/30/2024 21:00,232.9540932
4/30/2024 21:15,227.9510968
4/30/2024 21:30,223.3456894
4/30/2024 21:45,230.0384397
4/30/2024 22:00,212.0806643
4/30/2024 22:15,237.9570897
4/30/2024 22:30,206.2162248
4/30/2024 22:45,245.047429
4/30/2024 23:00,199.1258854
4/30/2024 23:15,179.0807672
4/30/2024 23:30,159.4663705
4/30/2024 23:45,121.4966093
5/1/2024 0:00,92.27380879
5/1/2024 0:15,81.40637279
5/1/2024 0:30,110.6291733
5/1/2024 0:45,72.62627967
5/1/2024 1:00,103.936423
5/1/2024 1:15,69.31303698
5/1/2024 1:30,101.0207695
5/1/2024 1:45,81.83709433
5/1/2024 2:00,98.93342659
5/1/2024 2:15,94.36115169
5/1/2024 2:30,82.66540501
5/1/2024 2:45,100.1924588
5/1/2024 3:00,73.88531189
5/1/2024 3:15,106.0237659
5/1/2024 3:30,70.96965833
5/1/2024 3:45,116.0628913
5/1/2024 4:00,78.49071922
5/1/2024 4:15,96.44849458
5/1/2024 4:30,87.23767991
5/1/2024 4:45,207.0776679
5/1/2024 5:00,733.0880766
5/1/2024 5:15,1700.753735
5/1/2024 5:30,1780.934208
5/1/2024 5:45,1808.467255
5/1/2024 6:00,1820.593723
5/1/2024 6:15,1814.729284
5/1/2024 6:30,1843.123774
5/1/2024 6:45,1903.656717
5/1/2024 7:00,1968.364347
5/1/2024 7:15,1915.352464
5/1/2024 7:30,2003.418455
5/1/2024 7:45,2002.192555
5/1/2024 8:00,2010.541926
5/1/2024 8:15,1943.316232
5/1/2024 8:30,1904.91575
5/1/2024 8:45,2008.852173
5/1/2024 9:00,1990.894397
5/1/2024 9:15,2038.505695
5/1/2024 9:30,1933.310239
5/1/2024 9:45,1893.650725
5/1/2024 10:00,1933.707829
5/1/2024 10:15,2007.195551
5/1/2024 10:30,1919.096428
5/1/2024 10:45,1904.087439
5/1/2024 11:00,2013.026858
5/1/2024 11:15,1990.496808
5/1/2024 11:30,1989.668498
5/1/2024 11:45,1982.975747
5/1/2024 12:00,1983.406469
5/1/2024 12:15,1887.786285
5/1/2024 12:30,1905.313339
5/1/2024 12:45,988.9698092
5/1/2024 13:00,771.0578378
5/1/2024 13:15,735.1754195
5/1/2024 13:30,664.6033503
5/1/2024 13:45,617.0251853
5/1/2024 14:00,623.287214
5/1/2024 14:15,572.7602631
5/1/2024 14:30,459.6461578
5/1/2024 14:45,254.6558328
5/1/2024 15:00,243.7883968
5/1/2024 15:15,268.0082008
5/1/2024 15:30,258.8305186
5/1/2024 15:45,301.008098
5/1/2024 16:00,261.7461722
5/1/2024 16:15,254.6558328
5/1/2024 16:30,263.4359259
5/1/2024 16:45,240.4751541
5/1/2024 17:00,263.8335151
5/1/2024 17:15,239.2161219
5/1/2024 17:30,265.5232688
5/1/2024 17:45,245.047429
5/1/2024 18:00,271.7852975
5/1/2024 18:15,244.2191184
5/1/2024 18:30,262.5744828
5/1/2024 18:45,249.2221148
5/1/2024 19:00,256.3124542
5/1/2024 19:15,260.0895508
5/1/2024 19:30,260.4871399
5/1/2024 19:45,262.1768937
5/1/2024 20:00,242.9600861
5/1/2024 20:15,263.8335151
5/1/2024 20:30,232.1257826
5/1/2024 20:45,219.9993143
5/1/2024 21:00,189.5174816
5/1/2024 21:15,228.7794074
5/1/2024 21:30,187.8608603
5/1/2024 21:45,214.5655963
5/1/2024 22:00,188.6891709
5/1/2024 22:15,212.0806643
5/1/2024 22:30,198.2975747
5/1/2024 22:45,215.8246285
5/1/2024 23:00,199.9541961
5/1/2024 23:15,199.556607
5/1/2024 23:30,204.5596034
5/1/2024 23:45,159.0687813
5/2/2024 0:00,131.5026022
5/2/2024 0:15,117.7195126
5/2/2024 0:30,147.3730347
5/2/2024 0:45,110.6291733
5/2/2024 1:00,134.0206666
5/2/2024 1:15,110.6291733
5/2/2024 1:30,135.2465664
5/2/2024 1:45,112.2857946
5/2/2024 2:00,133.5899451
5/2/2024 2:15,123.9815413
5/2/2024 2:30,135.677288
5/2/2024 2:45,110.1984517
5/2/2024 3:00,138.1953524
5/2/2024 3:15,113.5448268
5/2/2024 3:30,133.5899451
5/2/2024 3:45,123.9815413
5/2/2024 4:00,143.1983489
5/2/2024 4:15,118.1502342
5/2/2024 4:30,128.9845378
5/2/2024 4:45,124.4122628
5/2/2024 5:00,306.0110944
5/2/2024 5:15,400.7698353
5/2/2024 5:30,404.5137995
5/2/2024 5:45,407.4625855
5/2/2024 6:00,440.4293502
5/2/2024 6:15,444.604036
5/2/2024 6:30,443.3450038
5/2/2024 6:45,471.7394936
5/2/2024 7:00,457.1280933
5/2/2024 7:15,1413.561859
5/2/2024 7:30,1729.148225
5/2/2024 7:45,1777.587833
5/2/2024 8:00,1805.551602
5/2/2024 8:15,1801.807637
5/2/2024 8:30,1993.843183
5/2/2024 8:45,2236.372548
5/2/2024 9:00,2174.182983
5/2/2024 9:15,2240.149645
5/2/2024 9:30,2187.535351
5/2/2024 9:45,2158.31255
5/2/2024 10:00,2092.345888
5/2/2024 10:15,2127.433128
5/2/2024 10:30,2159.969172
5/2/2024 10:45,2210.065401
5/2/2024 11:00,2169.179986
5/2/2024 11:15,2179.616701
5/2/2024 11:30,2170.836608
5/2/2024 11:45,2168.749265
5/2/2024 12:00,2129.520471
5/2/2024 12:15,2081.511585
5/2/2024 12:30,2066.038741
5/2/2024 12:45,2177.926947
5/2/2024 13:00,2200.887719
5/2/2024 13:15,2170.008297
5/2/2024 13:30,2151.6198
5/2/2024 13:45,2176.270326
5/2/2024 14:00,1014.879367
5/2/2024 14:15,786.9282703
5/2/2024 14:30,701.3472117
5/2/2024 14:45,326.4538018
5/2/2024 15:00,244.2191184
5/2/2024 15:15,248.3938041
5/2/2024 15:30,236.6980575
5/2/2024 15:45,154.463374
5/2/2024 16:00,148.2013453
5/2/2024 16:15,146.1140024
5/2/2024 16:30,143.1983489
5/2/2024 16:45,146.544724
5/2/2024 17:00,146.1140024
5/2/2024 17:15,149.8579667
5/2/2024 17:30,151.5477204
5/2/2024 17:45,148.6320669
5/2/2024 18:00,152.3760311
5/2/2024 18:15,141.9393167
5/2/2024 18:30,165.33081
5/2/2024 18:45,141.5085951
5/2/2024 19:00,162.382024
5/2/2024 19:15,134.4182558
5/2/2024 19:30,162.8127456
5/2/2024 19:45,134.0206666
5/2/2024 20:00,164.9000885
5/2/2024 20:15,132.7616344
5/2/2024 20:30,164.0717778
5/2/2024 20:45,134.0206666
5/2/2024 21:00,164.9000885
5/2/2024 21:15,142.7676273
5/2/2024 21:30,159.897092
5/2/2024 21:45,144.4573811
5/2/2024 22:00,144.4573811
5/2/2024 22:15,145.2856918
5/2/2024 22:30,137.3339093
5/2/2024 22:45,164.0717778
5/2/2024 23:00,132.3309129
5/2/2024 23:15,157.8097491
5/2/2024 23:30,126.0688842
5/2/2024 23:45,133.5899451
5/3/2024 0:00,60.96366542
5/3/2024 0:15,96.8460837
5/3/2024 0:30,69.31303698
5/3/2024 0:45,84.7527479
5/3/2024 1:00,74.31603344
5/3/2024 1:15,79.74975144
5/3/2024 1:30,81.40637279
5/3/2024 1:45,70.14134765
5/3/2024 2:00,89.75574435
5/3/2024 2:15,65.1383512
5/3/2024 2:30,94.36115169
5/3/2024 2:45,60.96366542
5/3/2024 3:00,98.53583747
5/3/2024 3:15,68.45159388
5/3/2024 3:30,87.23767991
5/3/2024 3:45,77.231687
5/3/2024 4:00,80.57806211
5/3/2024 4:15,97.67439437
5/3/2024 4:30,70.14134765
5/3/2024 4:45,151.5477204
5/3/2024 5:00,318.9327409
5/3/2024 5:15,364.4566954
5/3/2024 5:30,816.9793814
5/3/2024 5:45,1689.48871
5/3/2024 6:00,1717.452479
5/3/2024 6:15,1747.106001
5/3/2024 6:30,1777.985422
5/3/2024 6:45,2058.948402
5/3/2024 7:00,2208.839501
5/3/2024 7:15,2184.619697
5/3/2024 7:30,2198.402787
5/3/2024 7:45,2297.336213
5/3/2024 8:00,2289.815152
5/3/2024 8:15,2244.32433
5/3/2024 8:30,2223.02018
5/3/2024 8:45,2101.125982
5/3/2024 9:00,2239.718923
5/3/2024 9:15,2169.179986
5/3/2024 9:30,2158.743272
5/3/2024 9:45,2270.200756
5/3/2024 10:00,2309.03196
5/3/2024 10:15,2252.24298
5/3/2024 10:30,2162.487236
5/3/2024 10:45,2176.667915
5/3/2024 11:00,2165.833611
5/3/2024 11:15,2116.134971
5/3/2024 11:30,2145.788493
5/3/2024 11:45,2174.580572
5/3/2024 12:00,2131.177093
5/3/2024 12:15,2146.219214
5/3/2024 12:30,2145.788493
5/3/2024 12:45,2163.315547
5/3/2024 13:00,2143.70115
5/3/2024 13:15,2183.791387
5/3/2024 13:30,2124.086753
5/3/2024 13:45,2229.71293
5/3/2024 14:00,1181.436077
5/3/2024 14:15,918.0001509
5/3/2024 14:30,821.5847888
5/3/2024 14:45,553.974177
5/3/2024 15:00,309.7550587
5/3/2024 15:15,214.1680072
5/3/2024 15:30,179.9422103
5/3/2024 15:45,174.0777707
5/3/2024 16:00,120.6351662
5/3/2024 16:15,137.3339093
5/3/2024 16:30,122.7225091
5/3/2024 16:45,138.1953524
5/3/2024 17:00,125.6712951
5/3/2024 17:15,140.6802844
5/3/2024 17:30,118.9785448
5/3/2024 17:45,147.7706238
5/3/2024 18:00,126.0688842
5/3/2024 18:15,147.7706238
5/3/2024 18:30,122.7225091
5/3/2024 18:45,153.6350633
5/3/2024 19:00,123.1532306
5/3/2024 19:15,159.4663705
5/3/2024 19:30,120.6351662
5/3/2024 19:45,158.6380598
5/3/2024 20:00,123.9815413
5/3/2024 20:15,149.029656
5/3/2024 20:30,135.2465664
5/3/2024 20:45,150.7194098
5/3/2024 21:00,140.2826953
5/3/2024 21:15,141.5085951
5/3/2024 21:30,140.2826953
5/3/2024 21:45,137.7646309
5/3/2024 22:00,154.0326525
5/3/2024 22:15,135.677288
5/3/2024 22:30,156.5507169
5/3/2024 22:45,122.32492
5/3/2024 23:00,153.6350633
5/3/2024 23:15,132.7616344
5/3/2024 23:30,144.0266595
5/3/2024 23:45,133.1592235
5/4/2024 0:00,85.58105857
5/4/2024 0:15,93.10211947
5/4/2024 0:30,76.40337633
5/4/2024 0:45,107.2827982
5/4/2024 1:00,69.31303698
5/4/2024 1:15,112.2857946
5/4/2024 1:30,78.49071922
5/4/2024 1:45,95.18946236
5/4/2024 2:00,86.84009079
5/4/2024 2:15,88.09912301
5/4/2024 2:30,103.5388339
5/4/2024 2:45,83.92443723
5/4/2024 3:00,104.7978661
5/4/2024 3:15,70.96965833
5/4/2024 3:30,106.4544875
5/4/2024 3:45,83.92443723
5/4/2024 4:00,96.8460837
5/4/2024 4:15,104.3671446
5/4/2024 4:30,86.40936924
5/4/2024 4:45,134.0206666
5/4/2024 5:00,343.1525449
5/4/2024 5:15,928.0392762
5/4/2024 5:30,1679.051996
5/4/2024 5:45,1721.229575
5/4/2024 6:00,1718.313922
5/4/2024 6:15,1829.771406
5/4/2024 6:30,2079.821831
5/4/2024 6:45,2170.405886
5/4/2024 7:00,2247.239984
5/4/2024 7:15,2203.803372
5/4/2024 7:30,2230.541241
5/4/2024 7:45,2205.062405
5/4/2024 8:00,2216.758151
5/4/2024 8:15,2182.101633
5/4/2024 8:30,2202.577473
5/4/2024 8:45,2204.664815
5/4/2024 9:00,2240.149645
5/4/2024 9:15,2309.429549
5/4/2024 9:30,2223.450901
5/4/2024 9:45,2316.95061
5/4/2024 10:00,2305.254863
5/4/2024 10:15,2311.516892
5/4/2024 10:30,2311.947614
5/4/2024 10:45,2329.474667
5/4/2024 11:00,2225.107523
5/4/2024 11:15,2183.360665
5/4/2024 11:30,2214.670808
5/4/2024 11:45,2155.396897
5/4/2024 12:00,2170.405886
5/4/2024 12:15,2166.2312
5/4/2024 12:30,2142.872839
5/4/2024 12:45,2263.508006
5/4/2024 13:00,2383.314861
5/4/2024 13:15,2248.499016
5/4/2024 13:30,1199.393852
5/4/2024 13:45,835.3678783
5/4/2024 14:00,747.6994769
5/4/2024 14:15,443.7757253
5/4/2024 14:30,252.9992115
5/4/2024 14:45,270.5262653
5/4/2024 15:00,191.6048245
5/4/2024 15:15,237.9570897
5/4/2024 15:30,202.041539
5/4/2024 15:45,165.7283991
5/4/2024 16:00,149.4603775
5/4/2024 16:15,128.1562271
5/4/2024 16:30,158.6380598
5/4/2024 16:45,123.5839522
5/4/2024 17:00,158.6380598
5/4/2024 17:15,132.3309129
5/4/2024 17:30,151.9453096
5/4/2024 17:45,148.6320669
5/4/2024 18:00,145.6832809
5/4/2024 18:15,145.2856918
5/4/2024 18:30,134.8489773
5/4/2024 18:45,153.2043418
5/4/2024 19:00,131.0718806
5/4/2024 19:15,168.6440527
5/4/2024 19:30,126.0688842
5/4/2024 19:45,156.5507169
5/4/2024 20:00,133.5899451
5/4/2024 20:15,147.7706238
5/4/2024 20:30,145.2856918
5/4/2024 20:45,141.5085951
5/4/2024 21:00,163.6410562
5/4/2024 21:15,131.9333237
5/4/2024 21:30,160.7254027
5/4/2024 21:45,125.2405735
5/4/2024 22:00,159.897092
5/4/2024 22:15,136.1080095
5/4/2024 22:30,154.463374
5/4/2024 22:45,151.1169989
5/4/2024 23:00,143.595938
5/4/2024 23:15,150.7194098
5/4/2024 23:30,137.3339093
5/4/2024 23:45,120.6351662
5/5/2024 0:00,76.40337633
5/5/2024 0:15,123.5839522
5/5/2024 0:30,74.31603344
5/5/2024 0:45,106.4544875
5/5/2024 1:00,85.58105857
5/5/2024 1:15,99.36414814
5/5/2024 1:30,92.67139792
5/5/2024 1:45,91.4123657
5/5/2024 2:00,113.9755484
5/5/2024 2:15,84.32202635
5/5/2024 2:30,109.3701411
5/5/2024 2:45,75.57506566
5/5/2024 3:00,113.5448268
5/5/2024 3:15,78.88830834
5/5/2024 3:30,111.8882055
5/5/2024 3:45,93.93043014
5/5/2024 4:00,98.53583747
5/5/2024 4:15,92.67139792
5/5/2024 4:30,89.75574435
5/5/2024 4:45,101.8490802
5/5/2024 5:00,86.84009079
5/5/2024 5:15,115.6321697
5/5/2024 5:30,82.66540501
5/5/2024 5:45,113.9755484
5/5/2024 6:00,75.57506566
5/5/2024 6:15,108.5418304
5/5/2024 6:30,85.58105857
5/5/2024 6:45,104.7978661
5/5/2024 7:00,110.1984517
5/5/2024 7:15,93.49970859
5/5/2024 7:30,101.451491
5/5/2024 7:45,84.32202635
5/5/2024 8:00,109.8008626
5/5/2024 8:15,89.3250228
5/5/2024 8:30,114.8038591
5/5/2024 8:45,81.83709433
5/5/2024 9:00,125.2405735
5/5/2024 9:15,101.451491
5/5/2024 9:30,129.4152593
5/5/2024 9:45,103.5388339
5/5/2024 10:00,113.9755484
5/5/2024 10:15,108.9725519
5/5/2024 10:30,108.5418304
5/5/2024 10:45,128.1562271
5/5/2024 11:00,99.36414814
5/5/2024 11:15,121.8941984
5/5/2024 11:30,91.01477657
5/5/2024 11:45,134.0206666
5/5/2024 12:00,100.6231804
5/5/2024 12:15,124.4122628
5/5/2024 12:30,94.36115169
5/5/2024 12:45,118.5478233
5/5/2024 13:00,106.0237659
5/5/2024 13:15,121.4966093
5/5/2024 13:30,110.1984517
5/5/2024 13:45,104.3671446
5/5/2024 14:00,113.9755484
5/5/2024 14:15,98.53583747
5/5/2024 14:30,135.677288
5/5/2024 14:45,88.92743368
5/5/2024 15:00,126.8971949
5/5/2024 15:15,88.92743368
5/5/2024 15:30,125.2405735
5/5/2024 15:45,94.75874081
5/5/2024 16:00,119.4092664
5/5/2024 16:15,116.0628913
5/5/2024 16:30,108.5418304
5/5/2024 16:45,109.3701411
5/5/2024 17:00,102.7105233
5/5/2024 17:15,118.9785448
5/5/2024 17:30,101.0207695
5/5/2024 17:45,130.24357
5/5/2024 18:00,101.451491
5/5/2024 18:15,132.3309129
5/5/2024 18:30,91.4123657
5/5/2024 18:45,123.5839522
5/5/2024 19:00,98.93342659
5/5/2024 19:15,117.3219235
5/5/2024 19:30,108.5418304
5/5/2024 19:45,121.4966093
5/5/2024 20:00,115.2345806
5/5/2024 20:15,101.0207695
5/5/2024 20:30,120.2375771
5/5/2024 20:45,97.67439437
5/5/2024 21:00,143.595938
5/5/2024 21:15,90.58405502
5/5/2024 21:30,126.0688842
5/5/2024 21:45,100.1924588
5/5/2024 22:00,121.8941984
5/5/2024 22:15,119.8068555
5/5/2024 22:30,108.9725519
5/5/2024 22:45,121.4966093
5/5/2024 23:00,99.36414814
5/5/2024 23:15,129.4152593
5/5/2024 23:30,105.1954553
5/5/2024 23:45,134.4182558
5/6/2024 0:00,94.75874081
5/6/2024 0:15,125.6712951
5/6/2024 0:30,104.3671446
5/6/2024 0:45,131.9333237
5/6/2024 1:00,111.8882055
5/6/2024 1:15,110.1984517
5/6/2024 1:30,121.4966093
5/6/2024 1:45,105.6261768
5/6/2024 2:00,138.5929415
5/6/2024 2:15,88.49671213
5/6/2024 2:30,120.2375771
5/6/2024 2:45,77.231687
5/6/2024 3:00,122.32492
5/6/2024 3:15,91.01477657
5/6/2024 3:30,118.5478233
5/6/2024 3:45,80.97565124
5/6/2024 4:00,116.8912019
5/6/2024 4:15,90.1864659
5/6/2024 4:30,119.8068555
5/6/2024 4:45,104.3671446
5/6/2024 5:00,119.8068555
5/6/2024 5:15,116.0628913
5/6/2024 5:30,118.9785448
5/6/2024 5:45,128.5869486
5/6/2024 6:00,114.3731375
5/6/2024 6:15,123.5839522
5/6/2024 6:30,110.6291733
5/6/2024 6:45,124.809852
5/6/2024 7:00,112.2857946
5/6/2024 7:15,134.8489773
5/6/2024 7:30,106.885209
5/6/2024 7:45,121.4966093
5/6/2024 8:00,105.6261768
5/6/2024 8:15,128.9845378
5/6/2024 8:30,109.3701411
5/6/2024 8:45,132.3309129
5/6/2024 9:00,95.58705148
5/6/2024 9:15,134.0206666
5/6/2024 9:30,96.44849458
5/6/2024 9:45,146.1140024
5/6/2024 10:00,96.01777303
5/6/2024 10:15,134.8489773
5/6/2024 10:30,92.67139792
5/6/2024 10:45,135.677288
5/6/2024 11:00,107.2827982
5/6/2024 11:15,127.3279164
5/6/2024 11:30,97.67439437
5/6/2024 11:45,122.32492
5/6/2024 12:00,107.7135197
5/6/2024 12:15,126.8971949
5/6/2024 12:30,105.1954553
5/6/2024 12:45,111.4574839
5/6/2024 13:00,110.1984517
5/6/2024 13:15,106.885209
5/6/2024 13:30,122.7225091
5/6/2024 13:45,103.1081124
5/6/2024 14:00,124.809852
5/6/2024 14:15,88.92743368
5/6/2024 14:30,127.3279164
5/6/2024 14:45,96.44849458
5/6/2024 15:00,122.32492
5/6/2024 15:15,111.0598948
5/6/2024 15:30,109.8008626
5/6/2024 15:45,107.7135197
5/6/2024 16:00,100.6231804
5/6/2024 16:15,111.4574839
5/6/2024 16:30,93.10211947
5/6/2024 16:45,125.2405735
5/6/2024 17:00,84.32202635
5/6/2024 17:15,104.7978661
5/6/2024 17:30,75.97265478
5/6/2024 17:45,101.8490802
5/6/2024 18:00,82.23468346
5/6/2024 18:15,93.93043014
5/6/2024 18:30,96.01777303
5/6/2024 18:45,91.84308725
5/6/2024 19:00,107.7135197
5/6/2024 19:15,74.71362256
5/6/2024 19:30,111.0598948
5/6/2024 19:45,71.797969
5/6/2024 20:00,106.4544875
5/6/2024 20:15,82.66540501
5/6/2024 20:30,100.6231804
5/6/2024 20:45,101.451491
5/6/2024 21:00,90.1864659
5/6/2024 21:15,99.36414814
5/6/2024 21:30,80.57806211
5/6/2024 21:45,108.9725519
5/6/2024 22:00,75.97265478
5/6/2024 22:15,107.7135197
5/6/2024 22:30,96.8460837
5/6/2024 22:45,98.53583747
5/6/2024 23:00,92.67139792
5/6/2024 23:15,88.49671213
5/6/2024 23:30,103.5388339
5/6/2024 23:45,78.88830834
5/7/2024 0:00,115.2345806
5/7/2024 0:15,87.23767991
5/7/2024 0:30,111.8882055
5/7/2024 0:45,80.97565124
5/7/2024 1:00,101.8490802
5/7/2024 1:15,92.67139792
5/7/2024 1:30,94.75874081
5/7/2024 1:45,102.2798017
5/7/2024 2:00,98.53583747
5/7/2024 2:15,117.7195126
5/7/2024 2:30,76.80096545
5/7/2024 2:45,117.7195126
5/7/2024 3:00,79.31902989
5/7/2024 3:15,125.2405735
5/7/2024 3:30,84.32202635
5/7/2024 3:45,104.7978661
5/7/2024 4:00,90.58405502
5/7/2024 4:15,101.8490802
5/7/2024 4:30,108.1111088
5/7/2024 4:45,91.4123657
5/7/2024 5:00,143.1983489
5/7/2024 5:15,145.2856918
5/7/2024 5:30,169.5054958
5/7/2024 5:45,144.8549702
5/7/2024 6:00,233.3516823
5/7/2024 6:15,199.1258854
5/7/2024 6:30,205.8186356
5/7/2024 6:45,213.7372856
5/7/2024 7:00,199.556607
5/7/2024 7:15,225.0023108
5/7/2024 7:30,238.7854004
5/7/2024 7:45,739.3501053
5/7/2024 8:00,1697.838082
5/7/2024 8:15,1771.325805
5/7/2024 8:30,1765.461365
5/7/2024 8:45,1950.837293
5/7/2024 9:00,1987.978744
5/7/2024 9:15,2329.043946
5/7/2024 9:30,2432.58278
5/7/2024 9:45,2345.3451
5/7/2024 10:00,2268.511002
5/7/2024 10:15,2193.366658
5/7/2024 10:30,2195.454001
5/7/2024 10:45,2196.315444
5/7/2024 11:00,2170.008297
5/7/2024 11:15,2175.442015
5/7/2024 11:30,2189.622694
5/7/2024 11:45,2182.532354
5/7/2024 12:00,2152.878832
5/7/2024 12:15,2196.713033
5/7/2024 12:30,2176.667915
5/7/2024 12:45,2367.046839
5/7/2024 13:00,2361.613121
5/7/2024 13:15,2317.381332
5/7/2024 13:30,2165.0053
5/7/2024 13:45,2205.890715
5/7/2024 14:00,1259.098485
5/7/2024 14:15,815.7203492
5/7/2024 14:30,690.9104972
5/7/2024 14:45,445.0347575
5/7/2024 15:00,252.5684899
5/7/2024 15:15,198.7282963
5/7/2024 15:30,164.0717778
5/7/2024 15:45,156.5507169
5/7/2024 16:00,163.6410562
5/7/2024 16:15,139.4212522
5/7/2024 16:30,164.9000885
5/7/2024 16:45,146.9423131
5/7/2024 17:00,168.2464636
5/7/2024 17:15,140.2826953
5/7/2024 17:30,166.9874314
5/7/2024 17:45,144.8549702
5/7/2024 18:00,161.9844349
5/7/2024 18:15,161.1561242
5/7/2024 18:30,154.8940956
5/7/2024 18:45,155.2916847
5/7/2024 19:00,149.4603775
5/7/2024 19:15,165.33081
5/7/2024 19:30,143.595938
5/7/2024 19:45,178.683178
5/7/2024 20:00,136.1080095
5/7/2024 20:15,163.2434671
5/7/2024 20:30,131.5026022
5/7/2024 20:45,164.9000885
5/7/2024 21:00,145.2856918
5/7/2024 21:15,162.8127456
5/7/2024 21:30,143.1983489
5/7/2024 21:45,151.9453096
5/7/2024 22:00,149.029656
5/7/2024 22:15,149.029656
5/7/2024 22:30,170.7313956
5/7/2024 22:45,138.1953524
5/7/2024 23:00,165.7283991
5/7/2024 23:15,131.9333237
5/7/2024 23:30,164.0717778
5/7/2024 23:45,96.8460837
5/8/2024 0:00,125.2405735
5/8/2024 0:15,84.32202635
5/8/2024 0:30,103.5388339
5/8/2024 0:45,93.10211947
5/8/2024 1:00,95.18946236
5/8/2024 1:15,103.936423
5/8/2024 1:30,91.84308725
5/8/2024 1:45,114.8038591
5/8/2024 2:00,78.49071922
5/8/2024 2:15,113.5448268
5/8/2024 2:30,77.66240855
5/8/2024 2:45,113.9755484
5/8/2024 3:00,88.49671213
5/8/2024 3:15,116.8912019
5/8/2024 3:30,97.67439437
5/8/2024 3:45,95.18946236
5/8/2024 4:00,106.0237659
5/8/2024 4:15,89.3250228
5/8/2024 4:30,116.4604804
5/8/2024 4:45,94.75874081
5/8/2024 5:00,189.1198925
5/8/2024 5:15,454.6100289
5/8/2024 5:30,1666.95866
5/8/2024 5:45,1713.277793
5/8/2024 6:00,1591.814316
5/8/2024 6:15,1220.66487
5/8/2024 6:30,1595.160691
5/8/2024 6:45,1809.295566
5/8/2024 7:00,2154.568586
5/8/2024 7:15,2235.113516
5/8/2024 7:30,2178.357669
5/8/2024 7:45,2210.065401
5/8/2024 8:00,2188.794383
5/8/2024 8:15,2187.535351
5/8/2024 8:30,2181.704044
5/8/2024 8:45,2156.225207
5/8/2024 9:00,2157.48424
5/8/2024 9:15,2151.222211
5/8/2024 9:30,2166.661922
5/8/2024 9:45,2157.881829
5/8/2024 10:00,2175.839604
5/8/2024 10:15,2145.788493
5/8/2024 10:30,2147.047525
5/8/2024 10:45,2134.523468
5/8/2024 11:00,2139.526464
5/8/2024 11:15,2096.520574
5/8/2024 11:30,2097.348885
5/8/2024 11:45,2093.604921
5/8/2024 12:00,2070.213427
5/8/2024 12:15,2059.776713
5/8/2024 12:30,2062.294777
5/8/2024 12:45,2086.91217
5/8/2024 13:00,2106.5597
5/8/2024 13:15,2206.752158
5/8/2024 13:30,2125.345786
5/8/2024 13:45,2135.351778
5/8/2024 14:00,2165.0053
5/8/2024 14:15,1125.50854
5/8/2024 14:30,758.5337804
5/8/2024 14:45,651.2509823
5/8/2024 15:00,315.6194982
5/8/2024 15:15,274.7009511
5/8/2024 15:30,186.2042389
5/8/2024 15:45,144.8549702
5/8/2024 16:00,147.3730347
5/8/2024 16:15,148.2013453
5/8/2024 16:30,145.6832809
5/8/2024 16:45,148.2013453
5/8/2024 17:00,150.2886882
5/8/2024 17:15,129.4152593
5/8/2024 17:30,156.1199953
5/8/2024 17:45,133.1592235
5/8/2024 18:00,166.1591207
5/8/2024 18:15,133.1592235
5/8/2024 18:30,159.897092
5/8/2024 18:45,131.9333237
5/8/2024 19:00,161.1561242
5/8/2024 19:15,145.2856918
5/8/2024 19:30,159.0687813
5/8/2024 19:45,137.7646309
5/8/2024 20:00,149.029656
5/8/2024 20:15,150.7194098
5/8/2024 20:30,144.8549702
5/8/2024 20:45,163.6410562
5/8/2024 21:00,137.7646309
5/8/2024 21:15,155.7224062
5/8/2024 21:30,134.8489773
5/8/2024 21:45,160.7254027
5/8/2024 22:00,141.9393167
5/8/2024 22:15,161.1561242
5/8/2024 22:30,129.8459808
5/8/2024 22:45,161.9844349
5/8/2024 23:00,138.1953524
5/8/2024 23:15,155.2916847
5/8/2024 23:30,152.8067527
5/8/2024 23:45,120.6351662
5/9/2024 0:00,94.36115169
5/9/2024 0:15,90.58405502
5/9/2024 0:30,103.936423
5/9/2024 0:45,86.40936924
5/9/2024 1:00,115.2345806
5/9/2024 1:15,75.57506566
5/9/2024 1:30,106.4544875
5/9/2024 1:45,75.57506566
5/9/2024 2:00,111.0598948
5/9/2024 2:15,91.4123657
5/9/2024 2:30,100.6231804
5/9/2024 2:45,92.67139792
5/9/2024 3:00,91.4123657
5/9/2024 3:15,99.76173726
5/9/2024 3:30,87.23767991
5/9/2024 3:45,116.0628913
5/9/2024 4:00,78.49071922
5/9/2024 4:15,107.7135197
5/9/2024 4:30,78.49071922
5/9/2024 4:45,182.0295531
5/9/2024 5:00,393.6794959
5/9/2024 5:15,1592.211905
5/9/2024 5:30,1699.527836
5/9/2024 5:45,1739.58494
5/9/2024 6:00,1721.229575
5/9/2024 6:15,1893.650725
5/9/2024 6:30,2044.767723
5/9/2024 6:45,2158.31255
5/9/2024 7:00,2163.315547
5/9/2024 7:15,2131.607814
5/9/2024 7:30,2157.48424
5/9/2024 7:45,2130.348782
5/9/2024 8:00,2162.487236
5/9/2024 8:15,2164.143857
5/9/2024 8:30,2169.179986
5/9/2024 8:45,2148.704146
5/9/2024 9:00,2168.318543
5/9/2024 9:15,2141.183086
5/9/2024 9:30,2153.707143
5/9/2024 9:45,2147.047525
5/9/2024 10:00,2176.270326
5/9/2024 10:15,2153.707143
5/9/2024 10:30,2181.273322
5/9/2024 10:45,2153.707143
5/9/2024 11:00,2190.053415
5/9/2024 11:15,2201.31844
5/9/2024 11:30,2207.978058
5/9/2024 11:45,2214.670808
5/9/2024 12:00,2202.146751
5/9/2024 12:15,2199.628687
5/9/2024 12:30,2156.225207
5/9/2024 12:45,2187.535351
5/9/2024 13:00,2239.718923
5/9/2024 13:15,2226.764144
5/9/2024 13:30,2202.577473
5/9/2024 13:45,2216.32743
5/9/2024 14:00,2248.068295
5/9/2024 14:15,2232.628584
5/9/2024 14:30,2167.092643
5/9/2024 14:45,2205.062405
5/9/2024 15:00,2195.056412
5/9/2024 15:15,2188.363661
5/9/2024 15:30,2115.737382
5/9/2024 15:45,1791.768512
5/9/2024 16:00,1828.943095
5/9/2024 16:15,1188.526416
5/9/2024 16:30,358.1946667
5/9/2024 16:45,254.6558328
5/9/2024 17:00,121.8941984
5/9/2024 17:15,92.67139792
5/9/2024 17:30,140.2826953
5/9/2024 17:45,134.4182558
5/9/2024 18:00,135.677288
5/9/2024 18:15,128.1562271
5/9/2024 18:30,133.1592235
5/9/2024 18:45,137.7646309
5/9/2024 19:00,139.4212522
5/9/2024 19:15,143.1983489
5/9/2024 19:30,126.8971949
5/9/2024 19:45,144.0266595
5/9/2024 20:00,122.7225091
5/9/2024 20:15,156.9814384
5/9/2024 20:30,116.8912019
5/9/2024 20:45,148.2013453
5/9/2024 21:00,117.7195126
5/9/2024 21:15,150.7194098
5/9/2024 21:30,116.4604804
5/9/2024 21:45,157.8097491
5/9/2024 22:00,118.1502342
5/9/2024 22:15,147.3730347
5/9/2024 22:30,120.6351662
5/9/2024 22:45,146.9423131
5/9/2024 23:00,137.7646309
5/9/2024 23:15,139.0236631
5/9/2024 23:30,126.4996057
5/9/2024 23:45,88.92743368
5/10/2024 0:00,83.92443723
5/10/2024 0:15,80.57806211
5/10/2024 0:30,99.76173726
5/10/2024 0:45,69.71062611
5/10/2024 1:00,97.67439437
5/10/2024 1:15,64.70762965
5/10/2024 1:30,95.18946236
5/10/2024 1:45,70.14134765
5/10/2024 2:00,108.1111088
5/10/2024 2:15,64.70762965
5/10/2024 2:30,95.18946236
5/10/2024 2:45,73.05700122
5/10/2024 3:00,93.49970859
5/10/2024 3:15,80.97565124
5/10/2024 3:30,94.75874081
5/10/2024 3:45,86.01178012
5/10/2024 4:00,74.71362256
5/10/2024 4:15,95.18946236
5/10/2024 4:30,68.45159388
5/10/2024 4:45,269.2672331
5/10/2024 5:00,685.9075008
5/10/2024 5:15,697.6032475
5/10/2024 5:30,547.3145592
5/10/2024 5:45,540.621809
5/10/2024 6:00,526.4411303
5/10/2024 6:15,528.9260623
5/10/2024 6:30,540.1910875
5/10/2024 6:45,529.754373
5/10/2024 7:00,605.7601602
5/10/2024 7:15,578.6247026
5/10/2024 7:30,437.9112858
5/10/2024 7:45,271.354576
5/10/2024 8:00,268.0082008
5/10/2024 8:15,188.6891709
5/10/2024 8:30,225.8637539
5/10/2024 8:45,183.2554529
5/10/2024 9:00,212.0806643
5/10/2024 9:15,187.4301387
5/10/2024 9:30,214.9963179
5/10/2024 9:45,198.2975747
5/10/2024 10:00,212.908975
5/10/2024 10:15,190.7765138
5/10/2024 10:30,241.3034648
5/10/2024 10:45,245.4781506
5/10/2024 11:00,266.7491686
5/10/2024 11:15,259.6588293
5/10/2024 11:30,245.047429
5/10/2024 11:45,237.9570897
5/10/2024 12:00,190.7765138
5/10/2024 12:15,207.9059785
5/10/2024 12:30,213.7372856
5/10/2024 12:45,269.6979546
5/10/2024 13:00,223.776411
5/10/2024 13:15,243.3908077
5/10/2024 13:30,192.8638567
5/10/2024 13:45,212.4782534
5/10/2024 14:00,175.3368029
5/10/2024 14:15,199.556607
5/10/2024 14:30,180.3397994
5/10/2024 14:45,204.1288819
5/10/2024 15:00,159.4663705
5/10/2024 15:15,153.6350633
5/10/2024 15:30,127.3279164
5/10/2024 15:45,151.5477204
5/10/2024 16:00,132.3309129
5/10/2024 16:15,150.2886882
5/10/2024 16:30,132.7616344
5/10/2024 16:45,146.9423131
5/10/2024 17:00,120.6351662
5/10/2024 17:15,153.2043418
5/10/2024 17:30,127.3279164
5/10/2024 17:45,149.8579667
5/10/2024 18:00,131.9333237
5/10/2024 18:15,154.463374
5/10/2024 18:30,134.8489773
5/10/2024 18:45,149.4603775
5/10/2024 19:00,142.7676273
5/10/2024 19:15,140.2826953
5/10/2024 19:30,150.7194098
5/10/2024 19:45,145.6832809
5/10/2024 20:00,172.4211494
5/10/2024 20:15,123.9815413
5/10/2024 20:30,158.6380598
5/10/2024 20:45,126.4996057
5/10/2024 21:00,149.4603775
5/10/2024 21:15,123.1532306
5/10/2024 21:30,159.0687813
5/10/2024 21:45,121.8941984
5/10/2024 22:00,149.4603775
5/10/2024 22:15,126.0688842
5/10/2024 22:30,146.544724
5/10/2024 22:45,135.677288
5/10/2024 23:00,140.2826953
5/10/2024 23:15,148.2013453
5/10/2024 23:30,128.9845378
5/10/2024 23:45,117.7195126
5/11/2024 0:00,70.14134765
5/11/2024 0:15,100.1924588
5/11/2024 0:30,64.70762965
5/11/2024 0:45,111.8882055
5/11/2024 1:00,67.62328321
5/11/2024 1:15,94.75874081
5/11/2024 1:30,78.88830834
5/11/2024 1:45,89.75574435
5/11/2024 2:00,85.15033702
5/11/2024 2:15,90.58405502
5/11/2024 2:30,96.01777303
5/11/2024 2:45,70.53893678
5/11/2024 3:00,98.53583747
5/11/2024 3:15,69.71062611
5/11/2024 3:30,102.2798017
5/11/2024 3:45,87.66840146
5/11/2024 4:00,93.93043014
5/11/2024 4:15,85.15033702
5/11/2024 4:30,82.66540501
5/11/2024 4:45,104.3671446
5/11/2024 5:00,121.8941984
5/11/2024 5:15,620.3715605
5/11/2024 5:30,1649.431606
5/11/2024 5:45,1729.976536
5/11/2024 6:00,1704.10011
5/11/2024 6:15,1742.931315
5/11/2024 6:30,1714.967546
5/11/2024 6:45,1734.581943
5/11/2024 7:00,1803.464259
5/11/2024 7:15,476.3449009
5/11/2024 7:30,395.7668388
5/11/2024 7:45,350.6736058
5/11/2024 8:00,381.1554386
5/11/2024 8:15,351.5019165
5/11/2024 8:30,390.3331208
5/11/2024 8:45,414.1222033
5/11/2024 9:00,485.0918616
5/11/2024 9:15,449.6070324
5/11/2024 9:30,1243.228053
5/11/2024 9:45,1784.678173
5/11/2024 10:00,1826.855752
5/11/2024 10:15,1876.52126
5/11/2024 10:30,1856.476142
5/11/2024 10:45,1873.174885
5/11/2024 11:00,1846.867738
5/11/2024 11:15,1879.039324
5/11/2024 11:30,1867.343578
5/11/2024 11:45,1869.430921
5/11/2024 12:00,1833.51537
5/11/2024 12:15,1881.524256
5/11/2024 12:30,1840.20812
5/11/2024 12:45,1869.000199
5/11/2024 13:00,1851.473145
5/11/2024 13:15,1883.611599
5/11/2024 13:30,1637.735859
5/11/2024 13:45,537.2754339
5/11/2024 14:00,425.3872284
5/11/2024 14:15,366.5440383
5/11/2024 14:30,324.3664589
5/11/2024 14:45,338.58027
5/11/2024 15:00,274.7009511
5/11/2024 15:15,161.9844349
5/11/2024 15:30,135.2465664
5/11/2024 15:45,136.1080095
5/11/2024 16:00,139.0236631
5/11/2024 16:15,136.1080095
5/11/2024 16:30,141.9393167
5/11/2024 16:45,126.4996057
5/11/2024 17:00,148.6320669
5/11/2024 17:15,124.809852
5/11/2024 17:30,154.463374
5/11/2024 17:45,121.4966093
5/11/2024 18:00,153.6350633
5/11/2024 18:15,121.0658877
5/11/2024 18:30,154.0326525
5/11/2024 18:45,122.7225091
5/11/2024 19:00,155.7224062
5/11/2024 19:15,131.9333237
5/11/2024 19:30,149.029656
5/11/2024 19:45,134.0206666
5/11/2024 20:00,143.595938
5/11/2024 20:15,146.1140024
5/11/2024 20:30,137.3339093
5/11/2024 20:45,149.029656
5/11/2024 21:00,131.0718806
5/11/2024 21:15,156.5507169
5/11/2024 21:30,124.4122628
5/11/2024 21:45,155.2916847
5/11/2024 22:00,125.6712951
5/11/2024 22:15,154.463374
5/11/2024 22:30,134.8489773
5/11/2024 22:45,145.6832809
5/11/2024 23:00,144.0266595
5/11/2024 23:15,136.9363202
5/11/2024 23:30,153.6350633
5/11/2024 23:45,96.44849458
5/12/2024 0:00,87.23767991
5/12/2024 0:15,55.92753653
5/12/2024 0:30,88.92743368
5/12/2024 0:45,66.79497254
5/12/2024 1:00,79.31902989
5/12/2024 1:15,75.97265478
5/12/2024 1:30,70.14134765
5/12/2024 1:45,90.1864659
5/12/2024 2:00,60.53294387
5/12/2024 2:15,91.4123657
5/12/2024 2:30,58.87632252
5/12/2024 2:45,91.01477657
5/12/2024 3:00,69.71062611
5/12/2024 3:15,81.83709433
5/12/2024 3:30,81.40637279
5/12/2024 3:45,69.71062611
5/12/2024 4:00,88.92743368
5/12/2024 4:15,64.70762965
5/12/2024 4:30,94.36115169
5/12/2024 4:45,60.96366542
5/12/2024 5:00,91.01477657
5/12/2024 5:15,74.31603344
5/12/2024 5:30,82.66540501
5/12/2024 5:45,82.23468346
5/12/2024 6:00,73.48772277
5/12/2024 6:15,92.27380879
5/12/2024 6:30,64.2769081
5/12/2024 6:45,102.2798017
5/12/2024 7:00,65.96666187
5/12/2024 7:15,91.4123657
5/12/2024 7:30,73.88531189
5/12/2024 7:45,81.83709433
5/12/2024 8:00,82.66540501
5/12/2024 8:15,71.40037987
5/12/2024 8:30,89.75574435
5/12/2024 8:45,62.62028676
5/12/2024 9:00,98.10511592
5/12/2024 9:15,61.79197609
5/12/2024 9:30,90.58405502
5/12/2024 9:45,74.31603344
5/12/2024 10:00,89.3250228
5/12/2024 10:15,120.2375771
5/12/2024 10:30,109.8008626
5/12/2024 10:45,132.3309129
5/12/2024 11:00,96.8460837
5/12/2024 11:15,123.9815413
5/12/2024 11:30,101.451491
5/12/2024 11:45,108.9725519
5/12/2024 12:00,102.2798017
5/12/2024 12:15,104.7978661
5/12/2024 12:30,114.3731375
5/12/2024 12:45,83.92443723
5/12/2024 13:00,118.5478233
5/12/2024 13:15,84.32202635
5/12/2024 13:30,111.0598948
5/12/2024 13:45,91.01477657
5/12/2024 14:00,101.0207695
5/12/2024 14:15,101.0207695
5/12/2024 14:30,91.4123657
5/12/2024 14:45,106.0237659
5/12/2024 15:00,81.40637279
5/12/2024 15:15,109.8008626
5/12/2024 15:30,78.88830834
5/12/2024 15:45,100.1924588
5/12/2024 16:00,82.23468346
5/12/2024 16:15,103.1081124
5/12/2024 16:30,83.49371568
5/12/2024 16:45,103.1081124
5/12/2024 17:00,86.84009079
5/12/2024 17:15,93.49970859
5/12/2024 17:30,101.0207695
5/12/2024 17:45,84.7527479
5/12/2024 18:00,108.1111088
5/12/2024 18:15,88.49671213
5/12/2024 18:30,106.0237659
5/12/2024 18:45,82.23468346
5/12/2024 19:00,115.2345806
5/12/2024 19:15,85.58105857
5/12/2024 19:30,113.1472377
5/12/2024 19:45,90.58405502
5/12/2024 20:00,102.2798017
5/12/2024 20:15,106.0237659
5/12/2024 20:30,92.67139792
5/12/2024 20:45,108.5418304
5/12/2024 21:00,92.67139792
5/12/2024 21:15,111.0598948
5/12/2024 21:30,84.7527479
5/12/2024 21:45,109.8008626
5/12/2024 22:00,89.75574435
5/12/2024 22:15,111.0598948
5/12/2024 22:30,89.75574435
5/12/2024 22:45,109.8008626
5/12/2024 23:00,93.93043014
5/12/2024 23:15,106.885209
5/12/2024 23:30,96.8460837
5/12/2024 23:45,104.7978661
5/13/2024 0:00,103.1081124
5/13/2024 0:15,101.8490802
5/13/2024 0:30,108.1111088
5/13/2024 0:45,96.01777303
5/13/2024 1:00,121.8941984
5/13/2024 1:15,88.49671213
5/13/2024 1:30,115.6321697
5/13/2024 1:45,91.01477657
5/13/2024 2:00,113.5448268
5/13/2024 2:15,98.10511592
5/13/2024 2:30,108.5418304
5/13/2024 2:45,106.4544875
5/13/2024 3:00,103.5388339
5/13/2024 3:15,109.8008626
5/13/2024 3:30,94.75874081
5/13/2024 3:45,118.5478233
5/13/2024 4:00,88.92743368
5/13/2024 4:15,117.7195126
5/13/2024 4:30,93.93043014
5/13/2024 4:45,116.0628913
5/13/2024 5:00,102.2798017
5/13/2024 5:15,107.7135197
5/13/2024 5:30,113.9755484
5/13/2024 5:45,101.451491
5/13/2024 6:00,115.2345806
5/13/2024 6:15,96.01777303
5/13/2024 6:30,119.8068555
5/13/2024 6:45,89.75574435
5/13/2024 7:00,118.5478233
5/13/2024 7:15,93.49970859
5/13/2024 7:30,112.7165162
5/13/2024 7:45,100.1924588
5/13/2024 8:00,107.7135197
5/13/2024 8:15,108.1111088
5/13/2024 8:30,99.36414814
5/13/2024 8:45,112.2857946
5/13/2024 9:00,96.01777303
5/13/2024 9:15,116.0628913
5/13/2024 9:30,87.23767991
5/13/2024 9:45,111.4574839
5/13/2024 10:00,88.49671213
5/13/2024 10:15,124.4122628
5/13/2024 10:30,96.01777303
5/13/2024 10:45,104.3671446
5/13/2024 11:00,96.8460837
5/13/2024 11:15,96.44849458
5/13/2024 11:30,103.1081124
5/13/2024 11:45,87.23767991
5/13/2024 12:00,112.7165162
5/13/2024 12:15,78.88830834
5/13/2024 12:30,113.5448268
5/13/2024 12:45,75.57506566
5/13/2024 13:00,110.1984517
5/13/2024 13:15,77.66240855
5/13/2024 13:30,101.8490802
5/13/2024 13:45,94.75874081
5/13/2024 14:00,91.84308725
5/13/2024 14:15,98.53583747
5/13/2024 14:30,86.84009079
5/13/2024 14:45,101.451491
5/13/2024 15:00,84.32202635
5/13/2024 15:15,102.7105233
5/13/2024 15:30,78.88830834
5/13/2024 15:45,108.5418304
5/13/2024 16:00,76.40337633
5/13/2024 16:15,107.7135197
5/13/2024 16:30,82.66540501
5/13/2024 16:45,102.7105233
5/13/2024 17:00,93.10211947
5/13/2024 17:15,97.27680525
5/13/2024 17:30,90.1864659
5/13/2024 17:45,97.27680525
5/13/2024 18:00,102.7105233
5/13/2024 18:15,84.7527479
5/13/2024 18:30,114.8038591
5/13/2024 18:45,77.231687
5/13/2024 19:00,111.8882055
5/13/2024 19:15,82.66540501
5/13/2024 19:30,107.2827982
5/13/2024 19:45,85.15033702
5/13/2024 20:00,115.2345806
5/13/2024 20:15,88.92743368
5/13/2024 20:30,109.8008626
5/13/2024 20:45,95.58705148
5/13/2024 21:00,96.8460837
5/13/2024 21:15,107.2827982
5/13/2024 21:30,90.1864659
5/13/2024 21:45,111.0598948
5/13/2024 22:00,90.58405502
5/13/2024 22:15,109.8008626
5/13/2024 22:30,91.01477657
5/13/2024 22:45,112.2857946
5/13/2024 23:00,83.49371568
5/13/2024 23:15,117.3219235
5/13/2024 23:30,91.01477657
5/13/2024 23:45,113.5448268
5/14/2024 0:00,96.44849458
5/14/2024 0:15,107.7135197
5/14/2024 0:30,104.3671446
5/14/2024 0:45,98.53583747
5/14/2024 1:00,112.7165162
5/14/2024 1:15,87.66840146
5/14/2024 1:30,124.4122628
5/14/2024 1:45,82.23468346
5/14/2024 2:00,122.32492
5/14/2024 2:15,84.7527479
5/14/2024 2:30,121.4966093
5/14/2024 2:45,92.27380879
5/14/2024 3:00,111.8882055
5/14/2024 3:15,103.1081124
5/14/2024 3:30,106.0237659
5/14/2024 3:45,106.4544875
5/14/2024 4:00,99.76173726
5/14/2024 4:15,120.6351662
5/14/2024 4:30,92.27380879
5/14/2024 4:45,116.8912019
5/14/2024 5:00,89.75574435
5/14/2024 5:15,125.6712951
5/14/2024 5:30,93.10211947
5/14/2024 5:45,118.9785448
5/14/2024 6:00,187.8608603
5/14/2024 6:15,200.8156392
5/14/2024 6:30,202.041539
5/14/2024 6:45,187.8608603
5/14/2024 7:00,212.4782534
5/14/2024 7:15,163.2434671
5/14/2024 7:30,196.6409534
5/14/2024 7:45,164.9000885
5/14/2024 8:00,190.3789247
5/14/2024 8:15,169.0747742
5/14/2024 8:30,247.5654935
5/14/2024 8:45,321.0200838
5/14/2024 9:00,357.3663561
5/14/2024 9:15,372.806067
5/14/2024 9:30,292.6587264
5/14/2024 9:45,373.2036561
5/14/2024 10:00,359.0229774
5/14/2024 10:15,389.0740886
5/14/2024 10:30,353.1916703
5/14/2024 10:45,385.7277135
5/14/2024 11:00,359.0229774
5/14/2024 11:15,381.5530277
5/14/2024 11:30,386.5891566
5/14/2024 11:45,1589.726973
5/14/2024 12:00,1804.292569
5/14/2024 12:15,1841.864741
5/14/2024 12:30,1843.952084
5/14/2024 12:45,1834.774402
5/14/2024 13:00,1852.732177
5/14/2024 13:15,1854.388799
5/14/2024 13:30,1858.165895
5/14/2024 13:45,1811.382909
5/14/2024 14:00,633.2932069
5/14/2024 14:15,443.3450038
5/14/2024 14:30,407.8601746
5/14/2024 14:45,378.6373741
5/14/2024 15:00,357.7639452
5/14/2024 15:15,274.7009511
5/14/2024 15:30,233.3516823
5/14/2024 15:45,188.2915818
5/14/2024 16:00,160.7254027
5/14/2024 16:15,144.0266595
5/14/2024 16:30,146.9423131
5/14/2024 16:45,152.8067527
5/14/2024 17:00,154.463374
5/14/2024 17:15,156.1199953
5/14/2024 17:30,142.7676273
5/14/2024 17:45,160.7254027
5/14/2024 18:00,142.3700382
5/14/2024 18:15,169.0747742
5/14/2024 18:30,135.2465664
5/14/2024 18:45,166.5567098
5/14/2024 19:00,137.3339093
5/14/2024 19:15,177.4241458
5/14/2024 19:30,140.6802844
5/14/2024 19:45,168.6440527
5/14/2024 20:00,146.9423131
5/14/2024 20:15,164.4693669
5/14/2024 20:30,155.2916847
5/14/2024 20:45,151.5477204
5/14/2024 21:00,159.897092
5/14/2024 21:15,143.1983489
5/14/2024 21:30,179.0807672
5/14/2024 21:45,135.677288
5/14/2024 22:00,170.3338065
5/14/2024 22:15,135.677288
5/14/2024 22:30,178.2524565
5/14/2024 22:45,144.0266595
5/14/2024 23:00,164.9000885
5/14/2024 23:15,149.4603775
5/14/2024 23:30,156.5507169
5/14/2024 23:45,134.4182558
5/15/2024 0:00,77.66240855
5/15/2024 0:15,102.2798017
5/15/2024 0:30,69.71062611
5/15/2024 0:45,113.1472377
5/15/2024 1:00,71.40037987
5/15/2024 1:15,107.7135197
5/15/2024 1:30,79.74975144
5/15/2024 1:45,92.27380879
5/15/2024 2:00,106.885209
5/15/2024 2:15,99.76173726
5/15/2024 2:30,99.76173726
5/15/2024 2:45,73.48772277
5/15/2024 3:00,109.3701411
5/15/2024 3:15,70.14134765
5/15/2024 3:30,103.1081124
5/15/2024 3:45,99.76173726
5/15/2024 4:00,108.1111088
5/15/2024 4:15,89.75574435
5/15/2024 4:30,87.23767991
5/15/2024 4:45,141.5085951
5/15/2024 5:00,293.8846262
5/15/2024 5:15,1509.977222
5/15/2024 5:30,1673.618278
5/15/2024 5:45,1690.317021
5/15/2024 6:00,1674.048999
5/15/2024 6:15,1719.142232
5/15/2024 6:30,1764.633054
5/15/2024 6:45,1796.373919
5/15/2024 7:00,1913.265121
5/15/2024 7:15,1913.265121
5/15/2024 7:30,1998.017869
5/15/2024 7:45,2067.297774
5/15/2024 8:00,2230.110519
5/15/2024 8:15,2227.194866
5/15/2024 8:30,2270.200756
5/15/2024 8:45,2325.299982
5/15/2024 9:00,2336.565007
5/15/2024 9:15,2307.772928
5/15/2024 9:30,2310.25786
5/15/2024 9:45,2360.784811
5/15/2024 10:00,2311.516892
5/15/2024 10:15,2312.775924
5/15/2024 10:30,2339.911382
5/15/2024 10:45,2344.914378
5/15/2024 11:00,2316.519888
5/15/2024 11:15,2333.649353
5/15/2024 11:30,2367.477561
5/15/2024 11:45,1234.878681
5/15/2024 12:00,978.9638163
5/15/2024 12:15,964.7831376
5/15/2024 12:30,856.2413072
5/15/2024 12:45,789.0156132
5/15/2024 13:00,796.536674
5/15/2024 13:15,763.9674984
5/15/2024 13:30,789.0156132
5/15/2024 13:45,705.5218975
5/15/2024 14:00,728.4826693
5/15/2024 14:15,730.1392906
5/15/2024 14:30,715.5278904
5/15/2024 14:45,660.0310754
5/15/2024 15:00,658.7720432
5/15/2024 15:15,483.0045187
5/15/2024 15:30,172.8187385
5/15/2024 15:45,189.5174816
5/15/2024 16:00,149.8579667
5/15/2024 16:15,160.7254027
5/15/2024 16:30,146.544724
5/15/2024 16:45,175.7675245
5/15/2024 17:00,142.7676273
5/15/2024 17:15,164.9000885
5/15/2024 17:30,135.2465664
5/15/2024 17:45,172.4211494
5/15/2024 18:00,135.2465664
5/15/2024 18:15,163.6410562
5/15/2024 18:30,137.3339093
5/15/2024 18:45,175.3368029
5/15/2024 19:00,138.5929415
5/15/2024 19:15,162.382024
5/15/2024 19:30,146.544724
5/15/2024 19:45,159.897092
5/15/2024 20:00,160.7254027
5/15/2024 20:15,152.8067527
5/15/2024 20:30,156.9814384
5/15/2024 20:45,146.544724
5/15/2024 21:00,174.9060814
5/15/2024 21:15,139.4212522
5/15/2024 21:30,168.6440527
5/15/2024 21:45,135.677288
5/15/2024 22:00,174.5084923
5/15/2024 22:15,133.5899451
5/15/2024 22:30,160.2946811
5/15/2024 22:45,141.9393167
5/15/2024 23:00,155.7224062
5/15/2024 23:15,163.2434671
5/15/2024 23:30,145.6832809
5/15/2024 23:45,123.1532306
5/16/2024 0:00,76.40337633
5/16/2024 0:15,110.1984517
5/16/2024 0:30,72.62627967
5/16/2024 0:45,106.4544875
5/16/2024 1:00,78.49071922
5/16/2024 1:15,98.93342659
5/16/2024 1:30,98.10511592
5/16/2024 1:45,90.58405502
5/16/2024 2:00,97.67439437
5/16/2024 2:15,81.83709433
5/16/2024 2:30,111.0598948
5/16/2024 2:45,101.451491
5/16/2024 3:00,107.7135197
5/16/2024 3:15,83.06299413
5/16/2024 3:30,107.2827982
5/16/2024 3:45,87.23767991
5/16/2024 4:00,95.58705148
5/16/2024 4:15,105.6261768
5/16/2024 4:30,107.7135197
5/16/2024 4:45,202.041539
5/16/2024 5:00,408.6884853
5/16/2024 5:15,1689.091121
5/16/2024 5:30,1664.043006
5/16/2024 5:45,1725.404261
5/16/2024 6:00,1701.184457
5/16/2024 6:15,1691.576053
5/16/2024 6:30,1722.057886
5/16/2024 6:45,1690.317021
5/16/2024 7:00,1705.359143
5/16/2024 7:15,1717.452479
5/16/2024 7:30,2049.77072
5/16/2024 7:45,2169.179986
5/16/2024 8:00,2215.929841
5/16/2024 8:15,2168.318543
5/16/2024 8:30,2171.664918
5/16/2024 8:45,2072.731492
5/16/2024 9:00,2026.379227
5/16/2024 9:15,2013.026858
5/16/2024 9:30,1988.409465
5/16/2024 9:45,2016.373234
5/16/2024 10:00,2115.30666
5/16/2024 10:15,2181.273322
5/16/2024 10:30,2075.249556
5/16/2024 10:45,1984.632369
5/16/2024 11:00,1985.891401
5/16/2024 11:15,2126.174096
5/16/2024 11:30,2058.550813
5/16/2024 11:45,2012.629269
5/16/2024 12:00,1982.975747
5/16/2024 12:15,1980.060094
5/16/2024 12:30,1989.668498
5/16/2024 12:45,2161.658925
5/16/2024 13:00,1997.156426
5/16/2024 13:15,2076.077867
5/16/2024 13:30,1421.480509
5/16/2024 13:45,724.3079835
5/16/2024 14:00,649.9919501
5/16/2024 14:15,712.6122368
5/16/2024 14:30,590.7180384
5/16/2024 14:45,561.9259595
5/16/2024 15:00,617.853496
5/16/2024 15:15,341.0652021
5/16/2024 15:30,268.0082008
5/16/2024 15:45,217.5143823
5/16/2024 16:00,161.5537134
5/16/2024 16:15,140.2826953
5/16/2024 16:30,164.4693669
5/16/2024 16:45,139.4212522
5/16/2024 17:00,169.0747742
5/16/2024 17:15,138.1953524
5/16/2024 17:30,161.5537134
5/16/2024 17:45,149.8579667
5/16/2024 18:00,164.9000885
5/16/2024 18:15,138.5929415
5/16/2024 18:30,166.9874314
5/16/2024 18:45,144.8549702
5/16/2024 19:00,167.4181529
5/16/2024 19:15,141.5085951
5/16/2024 19:30,177.4241458
5/16/2024 19:45,146.9423131
5/16/2024 20:00,159.0687813
5/16/2024 20:15,152.8067527
5/16/2024 20:30,152.3760311
5/16/2024 20:45,166.1591207
5/16/2024 21:00,149.029656
5/16/2024 21:15,163.2434671
5/16/2024 21:30,155.2916847
5/16/2024 21:45,166.5567098
5/16/2024 22:00,140.6802844
5/16/2024 22:15,166.5567098
5/16/2024 22:30,139.8519738
5/16/2024 22:45,176.9934243
5/16/2024 23:00,139.0236631
5/16/2024 23:15,171.5928387
5/16/2024 23:30,138.5929415
5/16/2024 23:45,136.1080095
5/17/2024 0:00,76.40337633
5/17/2024 0:15,90.1864659
5/17/2024 0:30,81.40637279
5/17/2024 0:45,99.36414814
5/17/2024 1:00,86.84009079
5/17/2024 1:15,78.49071922
5/17/2024 1:30,97.67439437
5/17/2024 1:45,81.40637279
5/17/2024 2:00,98.93342659
5/17/2024 2:15,69.31303698
5/17/2024 2:30,98.93342659
5/17/2024 2:45,78.05999767
5/17/2024 3:00,99.76173726
5/17/2024 3:15,87.23767991
5/17/2024 3:30,86.40936924
5/17/2024 3:45,98.93342659
5/17/2024 4:00,85.58105857
5/17/2024 4:15,104.7978661
5/17/2024 4:30,67.22569409
5/17/2024 4:45,152.3760311
5/17/2024 5:00,202.041539
5/17/2024 5:15,227.5203752
5/17/2024 5:30,216.6529392
5/17/2024 5:45,220.4300359
5/17/2024 6:00,306.4086836
5/17/2024 6:15,382.8120599
5/17/2024 6:30,627.4618998
5/17/2024 6:45,961.8343516
5/17/2024 7:00,909.2531902
5/17/2024 7:15,855.3798641
5/17/2024 7:30,869.9912644
5/17/2024 7:45,1020.279953
5/17/2024 8:00,1026.972703
5/17/2024 8:15,1058.713568
5/17/2024 8:30,1512.495286
5/17/2024 8:45,2377.483554
5/17/2024 9:00,2259.764041
5/17/2024 9:15,2370.393215
5/17/2024 9:30,2291.074185
5/17/2024 9:45,2360.354089
5/17/2024 10:00,2394.182297
5/17/2024 10:15,2313.206646
5/17/2024 10:30,2289.384431
5/17/2024 10:45,2334.080075
5/17/2024 11:00,2366.218529
5/17/2024 11:15,2374.965489
5/17/2024 11:30,2466.410988
5/17/2024 11:45,2395.441329
5/17/2024 12:00,2290.245874
5/17/2024 12:15,2278.119406
5/17/2024 12:30,2290.245874
5/17/2024 12:45,2395.838918
5/17/2024 13:00,2324.471671
5/17/2024 13:15,2296.077181
5/17/2024 13:30,2312.345203
5/17/2024 13:45,2327.818046
5/17/2024 14:00,1443.182249
5/17/2024 14:15,986.0541557
5/17/2024 14:30,945.1356085
5/17/2024 14:45,868.7653646
5/17/2024 15:00,902.56044
5/17/2024 15:15,684.217747
5/17/2024 15:30,520.1791016
5/17/2024 15:45,402.4264566
5/17/2024 16:00,197.8668532
5/17/2024 16:15,202.041539
5/17/2024 16:30,179.9422103
5/17/2024 16:45,214.5655963
5/17/2024 17:00,173.24946
5/17/2024 17:15,207.9059785
5/17/2024 17:30,176.9934243
5/17/2024 17:45,203.3005712
5/17/2024 18:00,198.2975747
5/17/2024 18:15,192.0355461
5/17/2024 18:30,196.2102318
5/17/2024 18:45,185.3427958
5/17/2024 19:00,215.4270394
5/17/2024 19:15,184.116896
5/17/2024 19:30,208.7342892
5/17/2024 19:45,183.2554529
5/17/2024 20:00,222.9149679
5/17/2024 20:15,193.2945783
5/17/2024 20:30,203.3005712
5/17/2024 20:45,184.116896
5/17/2024 21:00,205.3879141
5/17/2024 21:15,186.6018281
5/17/2024 21:30,214.5655963
5/17/2024 21:45,197.8668532
5/17/2024 22:00,197.8668532
5/17/2024 22:15,191.2072354
5/17/2024 22:30,190.7765138
5/17/2024 22:45,201.2132283
5/17/2024 23:00,191.6048245
5/17/2024 23:15,227.0896537
5/17/2024 23:30,175.3368029
5/17/2024 23:45,188.2915818
5/18/2024 0:00,108.9725519
5/18/2024 0:15,144.0266595
5/18/2024 0:30,127.3279164
5/18/2024 0:45,152.3760311
5/18/2024 1:00,135.677288
5/18/2024 1:15,125.2405735
5/18/2024 1:30,155.2916847
5/18/2024 1:45,140.2826953
5/18/2024 2:00,160.2946811
5/18/2024 2:15,155.7224062
5/18/2024 2:30,169.0747742
5/18/2024 2:45,128.9845378
5/18/2024 3:00,169.0747742
5/18/2024 3:15,139.0236631
5/18/2024 3:30,153.2043418
5/18/2024 3:45,160.7254027
5/18/2024 4:00,164.9000885
5/18/2024 4:15,162.8127456
5/18/2024 4:30,144.4573811
5/18/2024 4:45,209.5625999
5/18/2024 5:00,204.5596034
5/18/2024 5:15,226.261343
5/18/2024 5:30,221.6890681
5/18/2024 5:45,244.6498399
5/18/2024 6:00,259.6588293
5/18/2024 6:15,394.9385281
5/18/2024 6:30,409.9475175
5/18/2024 6:45,503.049637
5/18/2024 7:00,675.0400648
5/18/2024 7:15,767.7114627
5/18/2024 7:30,665.0340719
5/18/2024 7:45,595.3234458
5/18/2024 8:00,638.2962034
5/18/2024 8:15,709.2658617
5/18/2024 8:30,715.1303013
5/18/2024 8:45,614.9378424
5/18/2024 9:00,615.3354316
5/18/2024 9:15,605.7601602
5/18/2024 9:30,567.3265451
5/18/2024 9:45,624.9438354
5/18/2024 10:00,574.0192953
5/18/2024 10:15,731.3983228
5/18/2024 10:30,689.651465
5/18/2024 10:45,581.1096346
5/18/2024 11:00,673.7810325
5/18/2024 11:15,490.9563012
5/18/2024 11:30,472.5678042
5/18/2024 11:45,319.3634625
5/18/2024 12:00,326.4538018
5/18/2024 12:15,293.4870371
5/18/2024 12:30,323.1074267
5/18/2024 12:45,309.3574696
5/18/2024 13:00,320.1917731
5/18/2024 13:15,271.354576
5/18/2024 13:30,270.0955437
5/18/2024 13:45,290.5713835
5/18/2024 14:00,234.6107146
5/18/2024 14:15,249.6528364
5/18/2024 14:30,218.7402821
5/18/2024 14:45,251.7401793
5/18/2024 15:00,219.9993143
5/18/2024 15:15,251.7401793
5/18/2024 15:30,221.6890681
5/18/2024 15:45,204.5596034
5/18/2024 16:00,185.3427958
5/18/2024 16:15,162.382024
5/18/2024 16:30,197.8668532
5/18/2024 16:45,155.2916847
5/18/2024 17:00,192.4662676
5/18/2024 17:15,160.7254027
5/18/2024 17:30,164.0717778
5/18/2024 17:45,163.6410562
5/18/2024 18:00,157.8097491
5/18/2024 18:15,170.7313956
5/18/2024 18:30,153.2043418
5/18/2024 18:45,195.7795103
5/18/2024 19:00,155.7224062
5/18/2024 19:15,182.8578638
5/18/2024 19:30,149.8579667
5/18/2024 19:45,178.683178
5/18/2024 20:00,160.7254027
5/18/2024 20:15,166.9874314
5/18/2024 20:30,173.24946
5/18/2024 20:45,184.116896
5/18/2024 21:00,173.6801816
5/18/2024 21:15,157.3790276
5/18/2024 21:30,177.8548674
5/18/2024 21:45,154.0326525
5/18/2024 22:00,185.3427958
5/18/2024 22:15,151.1169989
5/18/2024 22:30,208.7342892
5/18/2024 22:45,154.463374
5/18/2024 23:00,188.2915818
5/18/2024 23:15,153.6350633
5/18/2024 23:30,190.7765138
5/18/2024 23:45,123.9815413
5/19/2024 0:00,119.4092664
5/19/2024 0:15,88.09912301
5/19/2024 0:30,141.9393167
5/19/2024 0:45,92.27380879
5/19/2024 1:00,115.2345806
5/19/2024 1:15,99.76173726
5/19/2024 1:30,120.2375771
5/19/2024 1:45,124.809852
5/19/2024 2:00,113.9755484
5/19/2024 2:15,145.2856918
5/19/2024 2:30,122.32492
5/19/2024 2:45,138.1953524
5/19/2024 3:00,102.2798017
5/19/2024 3:15,137.7646309
5/19/2024 3:30,106.0237659
5/19/2024 3:45,132.3309129
5/19/2024 4:00,116.8912019
5/19/2024 4:15,141.111006
5/19/2024 4:30,139.0236631
5/19/2024 4:45,107.2827982
5/19/2024 5:00,135.2465664
5/19/2024 5:15,118.5478233
5/19/2024 5:30,121.8941984
5/19/2024 5:45,134.4182558
5/19/2024 6:00,87.23767991
5/19/2024 6:15,140.2826953
5/19/2024 6:30,126.0688842
5/19/2024 6:45,86.40936924
5/19/2024 7:00,119.4092664
5/19/2024 7:15,109.8008626
5/19/2024 7:30,93.93043014
5/19/2024 7:45,118.9785448
5/19/2024 8:00,107.2827982
5/19/2024 8:15,115.2345806
5/19/2024 8:30,127.758638
5/19/2024 8:45,103.5388339
5/19/2024 9:00,112.7165162
5/19/2024 9:15,169.5054958
5/19/2024 9:30,134.4182558
5/19/2024 9:45,184.116896
5/19/2024 10:00,156.1199953
5/19/2024 10:15,208.3035676
5/19/2024 10:30,157.3790276
5/19/2024 10:45,177.8548674
5/19/2024 11:00,155.7224062
5/19/2024 11:15,176.1651136
5/19/2024 11:30,151.1169989
5/19/2024 11:45,180.7705209
5/19/2024 12:00,155.7224062
5/19/2024 12:15,201.2132283
5/19/2024 12:30,147.3730347
5/19/2024 12:45,172.4211494
5/19/2024 13:00,151.9453096
5/19/2024 13:15,168.6440527
5/19/2024 13:30,162.8127456
5/19/2024 13:45,157.3790276
5/19/2024 14:00,190.3789247
5/19/2024 14:15,135.677288
5/19/2024 14:30,174.5084923
5/19/2024 14:45,123.1532306
5/19/2024 15:00,144.8549702
5/19/2024 15:15,137.7646309
5/19/2024 15:30,131.9333237
5/19/2024 15:45,176.5958351
5/19/2024 16:00,123.1532306
5/19/2024 16:15,151.9453096
5/19/2024 16:30,113.5448268
5/19/2024 16:45,146.544724
5/19/2024 17:00,123.1532306
5/19/2024 17:15,138.5929415
5/19/2024 17:30,155.2916847
5/19/2024 17:45,137.3339093
5/19/2024 18:00,145.6832809
5/19/2024 18:15,117.3219235
5/19/2024 18:30,152.3760311
5/19/2024 18:45,117.3219235
5/19/2024 19:00,143.1983489
5/19/2024 19:15,142.7676273
5/19/2024 19:30,155.2916847
5/19/2024 19:45,139.0236631
5/19/2024 20:00,125.6712951
5/19/2024 20:15,149.029656
5/19/2024 20:30,128.9845378
5/19/2024 20:45,167.4181529
5/19/2024 21:00,134.8489773
5/19/2024 21:15,192.0355461
5/19/2024 21:30,145.2856918
5/19/2024 21:45,154.0326525
5/19/2024 22:00,150.2886882
5/19/2024 22:15,146.9423131
5/19/2024 22:30,164.9000885
5/19/2024 22:45,130.6742915
5/19/2024 23:00,201.2132283
5/19/2024 23:15,135.677288
5/19/2024 23:30,164.0717778
5/19/2024 23:45,141.111006
5/20/2024 0:00,154.463374
5/20/2024 0:15,154.463374
5/20/2024 0:30,141.111006
5/20/2024 0:45,179.0807672
5/20/2024 1:00,139.8519738
5/20/2024 1:15,143.1983489
5/20/2024 1:30,117.3219235
5/20/2024 1:45,150.7194098
5/20/2024 2:00,122.7225091
5/20/2024 2:15,139.8519738
5/20/2024 2:30,143.1983489
5/20/2024 2:45,144.8549702
5/20/2024 3:00,149.029656
5/20/2024 3:15,116.8912019
5/20/2024 3:30,146.9423131
5/20/2024 3:45,116.4604804
5/20/2024 4:00,144.4573811
5/20/2024 4:15,124.4122628
5/20/2024 4:30,166.5567098
5/20/2024 4:45,127.758638
5/20/2024 5:00,131.5026022
5/20/2024 5:15,136.1080095
5/20/2024 5:30,124.4122628
5/20/2024 5:45,140.6802844
5/20/2024 6:00,116.4604804
5/20/2024 6:15,154.8940956
5/20/2024 6:30,134.0206666
5/20/2024 6:45,137.7646309
5/20/2024 7:00,126.4996057
5/20/2024 7:15,148.6320669
5/20/2024 7:30,145.6832809
5/20/2024 7:45,142.3700382
5/20/2024 8:00,150.7194098
5/20/2024 8:15,161.1561242
5/20/2024 8:30,159.897092
5/20/2024 8:45,124.809852
5/20/2024 9:00,161.9844349
5/20/2024 9:15,123.1532306
5/20/2024 9:30,163.6410562
5/20/2024 9:45,129.8459808
5/20/2024 10:00,164.4693669
5/20/2024 10:15,150.2886882
5/20/2024 10:30,142.3700382
5/20/2024 10:45,139.4212522
5/20/2024 11:00,135.2465664
5/20/2024 11:15,146.1140024
5/20/2024 11:30,123.5839522
5/20/2024 11:45,152.3760311
5/20/2024 12:00,119.8068555
5/20/2024 12:15,134.4182558
5/20/2024 12:30,100.6231804
5/20/2024 12:45,121.0658877
5/20/2024 13:00,111.8882055
5/20/2024 13:15,115.6321697
5/20/2024 13:30,110.6291733
5/20/2024 13:45,118.5478233
5/20/2024 14:00,121.0658877
5/20/2024 14:15,97.27680525
5/20/2024 14:30,120.2375771
5/20/2024 14:45,99.36414814
5/20/2024 15:00,127.758638
5/20/2024 15:15,93.93043014
5/20/2024 15:30,122.7225091
5/20/2024 15:45,98.10511592
5/20/2024 16:00,121.0658877
5/20/2024 16:15,100.1924588
5/20/2024 16:30,120.6351662
5/20/2024 16:45,88.92743368
5/20/2024 17:00,121.0658877
5/20/2024 17:15,106.4544875
5/20/2024 17:30,112.7165162
5/20/2024 17:45,98.10511592
5/20/2024 18:00,126.4996057
5/20/2024 18:15,94.36115169
5/20/2024 18:30,126.8971949
5/20/2024 18:45,108.9725519
5/20/2024 19:00,119.8068555
5/20/2024 19:15,102.2798017
5/20/2024 19:30,118.1502342
5/20/2024 19:45,128.1562271
5/20/2024 20:00,114.3731375
5/20/2024 20:15,111.8882055
5/20/2024 20:30,113.9755484
5/20/2024 20:45,121.4966093
5/20/2024 21:00,105.6261768
5/20/2024 21:15,132.3309129
5/20/2024 21:30,107.7135197
5/20/2024 21:45,122.7225091
5/20/2024 22:00,100.6231804
5/20/2024 22:15,130.24357
5/20/2024 22:30,113.5448268
5/20/2024 22:45,128.5869486
5/20/2024 23:00,100.6231804
5/20/2024 23:15,133.5899451
5/20/2024 23:30,101.8490802
5/20/2024 23:45,156.5507169
5/21/2024 0:00,104.3671446
5/21/2024 0:15,136.1080095
5/21/2024 0:30,103.5388339
5/21/2024 0:45,125.6712951
5/21/2024 1:00,111.4574839
5/21/2024 1:15,127.758638
5/21/2024 1:30,140.6802844
5/21/2024 1:45,118.1502342
5/21/2024 2:00,127.758638
5/21/2024 2:15,114.3731375
5/21/2024 2:30,126.0688842
5/21/2024 2:45,108.5418304
5/21/2024 3:00,136.9363202
5/21/2024 3:15,123.5839522
5/21/2024 3:30,138.5929415
5/21/2024 3:45,107.2827982
5/21/2024 4:00,137.7646309
5/21/2024 4:15,103.1081124
5/21/2024 4:30,133.1592235
5/21/2024 4:45,140.6802844
5/21/2024 5:00,256.7431757
5/21/2024 5:15,849.1178355
5/21/2024 5:30,1617.690741
5/21/2024 5:45,1689.48871
5/21/2024 6:00,1707.877207
5/21/2024 6:15,1714.536825
5/21/2024 6:30,1745.449379
5/21/2024 6:45,1865.653824
5/21/2024 7:00,1824.337688
5/21/2024 7:15,1858.165895
5/21/2024 7:30,1852.301456
5/21/2024 7:45,1856.906863
5/21/2024 8:00,1810.554598
5/21/2024 8:15,1857.304452
5/21/2024 8:30,1814.331695
5/21/2024 8:45,1812.641941
5/21/2024 9:00,1871.087542
5/21/2024 9:15,1865.256235
5/21/2024 9:30,1886.957974
5/21/2024 9:45,1892.391692
5/21/2024 10:00,1903.225996
5/21/2024 10:15,1863.997202
5/21/2024 10:30,1926.617489
5/21/2024 10:45,1836.033434
5/21/2024 11:00,1861.90986
5/21/2024 11:15,1836.431023
5/21/2024 11:30,1752.937308
5/21/2024 11:45,1832.687059
5/21/2024 12:00,1841.864741
5/21/2024 12:15,1813.072662
5/21/2024 12:30,1521.242247
5/21/2024 12:45,625.3745569
5/21/2024 13:00,497.2183298
5/21/2024 13:15,419.9866428
5/21/2024 13:30,396.1644279
5/21/2024 13:45,385.7277135
5/21/2024 14:00,368.6313812
5/21/2024 14:15,390.3331208
5/21/2024 14:30,354.4175701
5/21/2024 14:45,397.8541817
5/21/2024 15:00,389.9023992
5/21/2024 15:15,374.4626883
5/21/2024 15:30,268.8365115
5/21/2024 15:45,219.6017252
5/21/2024 16:00,133.1592235
5/21/2024 16:15,141.9393167
5/21/2024 16:30,135.2465664
5/21/2024 16:45,134.4182558
5/21/2024 17:00,135.677288
5/21/2024 17:15,143.595938
5/21/2024 17:30,136.1080095
5/21/2024 17:45,131.5026022
5/21/2024 18:00,135.677288
5/21/2024 18:15,138.5929415
5/21/2024 18:30,142.3700382
5/21/2024 18:45,132.7616344
5/21/2024 19:00,138.5929415
5/21/2024 19:15,135.2465664
5/21/2024 19:30,149.029656
5/21/2024 19:45,136.5055986
5/21/2024 20:00,143.595938
5/21/2024 20:15,131.9333237
5/21/2024 20:30,149.8579667
5/21/2024 20:45,134.4182558
5/21/2024 21:00,137.7646309
5/21/2024 21:15,133.5899451
5/21/2024 21:30,139.0236631
5/21/2024 21:45,143.595938
5/21/2024 22:00,139.8519738
5/21/2024 22:15,134.4182558
5/21/2024 22:30,143.595938
5/21/2024 22:45,152.3760311
5/21/2024 23:00,137.7646309
5/21/2024 23:15,135.2465664
5/21/2024 23:30,135.677288
5/21/2024 23:45,126.4996057
5/22/2024 0:00,89.3250228
5/22/2024 0:15,78.05999767
5/22/2024 0:30,78.49071922
5/22/2024 0:45,77.231687
5/22/2024 1:00,102.7105233
5/22/2024 1:15,79.74975144
5/22/2024 1:30,77.66240855
5/22/2024 1:45,86.40936924
5/22/2024 2:00,89.75574435
5/22/2024 2:15,85.15033702
5/22/2024 2:30,77.66240855
5/22/2024 2:45,93.93043014
5/22/2024 3:00,80.97565124
5/22/2024 3:15,94.75874081
5/22/2024 3:30,94.36115169
5/22/2024 3:45,78.49071922
5/22/2024 4:00,80.14734056
5/22/2024 4:15,98.53583747
5/22/2024 4:30,103.5388339
5/22/2024 4:45,148.2013453
5/22/2024 5:00,290.5713835
5/22/2024 5:15,321.4508054
5/22/2024 5:30,376.1524421
5/22/2024 5:45,355.6766023
5/22/2024 6:00,395.3361172
5/22/2024 6:15,377.3783419
5/22/2024 6:30,352.3302272
5/22/2024 6:45,358.5922559
5/22/2024 7:00,430.8209464
5/22/2024 7:15,611.5914673
5/22/2024 7:30,1812.641941
5/22/2024 7:45,1868.171888
5/22/2024 8:00,1885.698942
5/22/2024 8:15,1882.352567
5/22/2024 8:30,1857.735174
5/22/2024 8:45,1862.340581
5/22/2024 9:00,1867.343578
5/22/2024 9:15,1878.608603
5/22/2024 9:30,1857.735174
5/22/2024 9:45,1858.563484
5/22/2024 10:00,1944.575265
5/22/2024 10:15,1922.442803
5/22/2024 10:30,1903.225996
5/22/2024 10:45,1932.448796
5/22/2024 11:00,1904.485028
5/22/2024 11:15,1939.572268
5/22/2024 11:30,1896.135657
5/22/2024 11:45,1866.084545
5/22/2024 12:00,1853.129766
5/22/2024 12:15,1861.90986
5/22/2024 12:30,1846.470149
5/22/2024 12:45,1853.99121
5/22/2024 13:00,1865.653824
5/22/2024 13:15,1889.476039
5/22/2024 13:30,1841.864741
5/22/2024 13:45,1868.60261
5/22/2024 14:00,945.1356085
5/22/2024 14:15,536.4471232
5/22/2024 14:30,428.7336035
5/22/2024 14:45,391.1614315
5/22/2024 15:00,315.1887767
5/22/2024 15:15,264.2642366
5/22/2024 15:30,219.1710037
5/22/2024 15:45,199.1258854
5/22/2024 16:00,182.0295531
5/22/2024 16:15,196.2102318
5/22/2024 16:30,197.0385425
5/22/2024 16:45,181.5988316
5/22/2024 17:00,182.4271423
5/22/2024 17:15,195.7795103
5/22/2024 17:30,191.2072354
5/22/2024 17:45,179.5114887
5/22/2024 18:00,199.556607
5/22/2024 18:15,189.5174816
5/22/2024 18:30,188.2915818
5/22/2024 18:45,189.5174816
5/22/2024 19:00,197.0385425
5/22/2024 19:15,187.4301387
5/22/2024 19:30,191.6048245
5/22/2024 19:45,200.3849176
5/22/2024 20:00,182.8578638
5/22/2024 20:15,194.9511996
5/22/2024 20:30,198.7282963
5/22/2024 20:45,185.3427958
5/22/2024 21:00,182.8578638
5/22/2024 21:15,204.1288819
5/22/2024 21:30,189.5174816
5/22/2024 21:45,186.2042389
5/22/2024 22:00,197.8668532
5/22/2024 22:15,192.0355461
5/22/2024 22:30,187.8608603
5/22/2024 22:45,203.3005712
5/22/2024 23:00,183.2554529
5/22/2024 23:15,192.0355461
5/22/2024 23:30,198.2975747
5/22/2024 23:45,153.2043418
5/23/2024 0:00,129.4152593
5/23/2024 0:15,120.2375771
5/23/2024 0:30,130.24357
5/23/2024 0:45,134.4182558
5/23/2024 1:00,121.4966093
5/23/2024 1:15,117.7195126
5/23/2024 1:30,136.9363202
5/23/2024 1:45,123.9815413
5/23/2024 2:00,126.4996057
5/23/2024 2:15,132.3309129
5/23/2024 2:30,116.8912019
5/23/2024 2:45,136.1080095
5/23/2024 3:00,129.4152593
5/23/2024 3:15,117.3219235
5/23/2024 3:30,136.5055986
5/23/2024 3:45,116.4604804
5/23/2024 4:00,139.4212522
5/23/2024 4:15,127.3279164
5/23/2024 4:30,116.8912019
5/23/2024 4:45,254.2251113
5/23/2024 5:00,327.712834
5/23/2024 5:15,318.9327409
5/23/2024 5:30,334.4055843
5/23/2024 5:45,311.8424016
5/23/2024 6:00,321.8815269
5/23/2024 6:15,367.8030705
5/23/2024 6:30,362.3693525
5/23/2024 6:45,353.1916703
5/23/2024 7:00,367.8030705
5/23/2024 7:15,377.8090634
5/23/2024 7:30,397.025871
5/23/2024 7:45,399.1132139
5/23/2024 8:00,383.2427814
5/23/2024 8:15,409.5499284
5/23/2024 8:30,1054.538882
5/23/2024 8:45,1825.994309
5/23/2024 9:00,1803.033537
5/23/2024 9:15,1807.638944
5/23/2024 9:30,1776.328801
5/23/2024 9:45,1772.584837
5/23/2024 10:00,1803.033537
5/23/2024 10:15,1790.111891
5/23/2024 10:30,1791.768512
5/23/2024 10:45,1799.720294
5/23/2024 11:00,1794.286576
5/23/2024 11:15,1774.241458
5/23/2024 11:30,1791.768512
5/23/2024 11:45,1765.892087
5/23/2024 12:00,1759.630058
5/23/2024 12:15,1759.630058
5/23/2024 12:30,1595.989002
5/23/2024 12:45,1783.849862
5/23/2024 13:00,1761.717401
5/23/2024 13:15,1764.633054
5/23/2024 13:30,1783.021551
5/23/2024 13:45,1776.759523
5/23/2024 14:00,1795.545609
5/23/2024 14:15,766.4855629
5/23/2024 14:30,447.5196895
5/23/2024 14:45,342.3242343
5/23/2024 15:00,340.6676129
5/23/2024 15:15,257.1738973
5/23/2024 15:30,271.7852975
5/23/2024 15:45,176.5958351
5/23/2024 16:00,150.2886882
5/23/2024 16:15,169.9030849
5/23/2024 16:30,149.8579667
5/23/2024 16:45,147.7706238
5/23/2024 17:00,144.8549702
5/23/2024 17:15,157.8097491
5/23/2024 17:30,162.382024
5/23/2024 17:45,150.7194098
5/23/2024 18:00,154.463374
5/23/2024 18:15,149.4603775
5/23/2024 18:30,161.5537134
5/23/2024 18:45,150.2886882
5/23/2024 19:00,149.8579667
5/23/2024 19:15,154.463374
5/23/2024 19:30,159.4663705
5/23/2024 19:45,149.4603775
5/23/2024 20:00,154.0326525
5/23/2024 20:15,147.3730347
5/23/2024 20:30,160.7254027
5/23/2024 20:45,146.9423131
5/23/2024 21:00,154.8940956
5/23/2024 21:15,162.382024
5/23/2024 21:30,147.3730347
5/23/2024 21:45,158.6380598
5/23/2024 22:00,154.0326525
5/23/2024 22:15,156.5507169
5/23/2024 22:30,146.544724
5/23/2024 22:45,156.5507169
5/23/2024 23:00,160.7254027
5/23/2024 23:15,148.6320669
5/23/2024 23:30,153.6350633
5/23/2024 23:45,111.0598948
5/24/2024 0:00,74.71362256
5/24/2024 0:15,76.80096545
5/24/2024 0:30,93.49970859
5/24/2024 0:45,85.58105857
5/24/2024 1:00,76.80096545
5/24/2024 1:15,93.49970859
5/24/2024 1:30,88.92743368
5/24/2024 1:45,81.40637279
5/24/2024 2:00,92.27380879
5/24/2024 2:15,78.49071922
5/24/2024 2:30,85.15033702
5/24/2024 2:45,91.4123657
5/24/2024 3:00,74.71362256
5/24/2024 3:15,78.05999767
5/24/2024 3:30,108.1111088
5/24/2024 3:45,75.14434411
5/24/2024 4:00,76.80096545
5/24/2024 4:15,91.4123657
5/24/2024 4:30,86.40936924
5/24/2024 4:45,151.9453096
5/24/2024 5:00,201.2132283
5/24/2024 5:15,216.2553501
5/24/2024 5:30,340.6676129
5/24/2024 5:45,328.5411447
5/24/2024 6:00,356.1073238
5/24/2024 6:15,349.0169845
5/24/2024 6:30,427.9052928
5/24/2024 6:45,480.5195867
5/24/2024 7:00,501.3930156
5/24/2024 7:15,482.176208
5/24/2024 7:30,781.0969631
5/24/2024 7:45,1762.976433
5/24/2024 8:00,1810.554598
5/24/2024 8:15,1799.720294
5/24/2024 8:30,1785.506483
5/24/2024 8:45,1818.075659
5/24/2024 9:00,1803.033537
5/24/2024 9:15,1791.370923
5/24/2024 9:30,1780.503487
5/24/2024 9:45,1785.506483
5/24/2024 10:00,1757.111993
5/24/2024 10:15,1805.12088
5/24/2024 10:30,1756.283683
5/24/2024 10:45,1776.759523
5/24/2024 11:00,1755.886094
5/24/2024 11:15,667.9497254
5/24/2024 11:30,443.7757253
5/24/2024 11:45,395.3361172
5/24/2024 12:00,364.8542845
5/24/2024 12:15,330.2308985
5/24/2024 12:30,332.3182414
5/24/2024 12:45,331.0592091
5/24/2024 13:00,287.2250084
5/24/2024 13:15,279.273226
5/24/2024 13:30,269.2672331
5/24/2024 13:45,291.7972833
5/24/2024 14:00,265.9208579
5/24/2024 14:15,221.6890681
5/24/2024 14:30,211.6499428
5/24/2024 14:45,187.0325496
5/24/2024 15:00,167.815742
5/24/2024 15:15,158.6380598
5/24/2024 15:30,171.1621171
5/24/2024 15:45,169.0747742
5/24/2024 16:00,173.6801816
5/24/2024 16:15,145.2856918
5/24/2024 16:30,146.544724
5/24/2024 16:45,154.0326525
5/24/2024 17:00,144.8549702
5/24/2024 17:15,146.1140024
5/24/2024 17:30,157.8097491
5/24/2024 17:45,145.2856918
5/24/2024 18:00,143.595938
5/24/2024 18:15,165.33081
5/24/2024 18:30,150.2886882
5/24/2024 18:45,149.029656
5/24/2024 19:00,159.897092
5/24/2024 19:15,154.463374
5/24/2024 19:30,171.5928387
5/24/2024 19:45,151.5477204
5/24/2024 20:00,150.2886882
5/24/2024 20:15,146.544724
5/24/2024 20:30,173.6801816
5/24/2024 20:45,144.8549702
5/24/2024 21:00,147.7706238
5/24/2024 21:15,146.9423131
5/24/2024 21:30,171.9904278
5/24/2024 21:45,149.8579667
5/24/2024 22:00,159.0687813
5/24/2024 22:15,166.9874314
5/24/2024 22:30,145.6832809
5/24/2024 22:45,146.9423131
5/24/2024 23:00,172.8187385
5/24/2024 23:15,146.9423131
5/24/2024 23:30,144.4573811
5/24/2024 23:45,133.5899451
5/25/2024 0:00,83.49371568
5/25/2024 0:15,77.231687
5/25/2024 0:30,101.0207695
5/25/2024 0:45,84.32202635
5/25/2024 1:00,77.231687
5/25/2024 1:15,103.936423
5/25/2024 1:30,83.49371568
5/25/2024 1:45,79.31902989
5/25/2024 2:00,95.18946236
5/25/2024 2:15,90.58405502
5/25/2024 2:30,88.92743368
5/25/2024 2:45,88.09912301
5/25/2024 3:00,83.06299413
5/25/2024 3:15,102.2798017
5/25/2024 3:30,80.57806211
5/25/2024 3:45,80.14734056
5/25/2024 4:00,106.885209
5/25/2024 4:15,77.66240855
5/25/2024 4:30,99.76173726
5/25/2024 4:45,79.74975144
5/25/2024 5:00,195.3819212
5/25/2024 5:15,209.5625999
5/25/2024 5:30,195.3819212
5/25/2024 5:45,202.9029821
5/25/2024 6:00,207.9059785
5/25/2024 6:15,196.2102318
5/25/2024 6:30,210.8216321
5/25/2024 6:45,221.2583465
5/25/2024 7:00,214.1680072
5/25/2024 7:15,213.3396965
5/25/2024 7:30,235.4390252
5/25/2024 7:45,237.9570897
5/25/2024 8:00,227.5203752
5/25/2024 8:15,229.6077181
5/25/2024 8:30,242.1317755
5/25/2024 8:45,236.6980575
5/25/2024 9:00,316.845398
5/25/2024 9:15,361.938631
5/25/2024 9:30,373.6343777
5/25/2024 9:45,285.5352546
5/25/2024 10:00,254.6558328
5/25/2024 10:15,275.9599833
5/25/2024 10:30,259.6588293
5/25/2024 10:45,293.8846262
5/25/2024 11:00,315.6194982
5/25/2024 11:15,288.4840406
5/25/2024 11:30,277.1858831
5/25/2024 11:45,335.6314841
5/25/2024 12:00,596.1517564
5/25/2024 12:15,571.5012308
5/25/2024 12:30,594.8927242
5/25/2024 12:45,629.5492427
5/25/2024 13:00,609.0734029
5/25/2024 13:15,616.5944638
5/25/2024 13:30,620.3715605
5/25/2024 13:45,591.5463491
5/25/2024 14:00,600.3264422
5/25/2024 14:15,608.6758138
5/25/2024 14:30,575.6759166
5/25/2024 14:45,601.5854744
5/25/2024 15:00,610.7631567
5/25/2024 15:15,619.5101174
5/25/2024 15:30,436.2546644
5/25/2024 15:45,183.2554529
5/25/2024 16:00,151.9453096
5/25/2024 16:15,141.111006
5/25/2024 16:30,155.7224062
5/25/2024 16:45,144.8549702
5/25/2024 17:00,153.6350633
5/25/2024 17:15,158.6380598
5/25/2024 17:30,142.3700382
5/25/2024 17:45,148.6320669
5/25/2024 18:00,166.5567098
5/25/2024 18:15,149.029656
5/25/2024 18:30,144.4573811
5/25/2024 18:45,169.0747742
5/25/2024 19:00,144.0266595
5/25/2024 19:15,159.0687813
5/25/2024 19:30,149.4603775
5/25/2024 19:45,140.6802844
5/25/2024 20:00,155.2916847
5/25/2024 20:15,138.1953524
5/25/2024 20:30,164.9000885
5/25/2024 20:45,138.5929415
5/25/2024 21:00,136.9363202
5/25/2024 21:15,159.4663705
5/25/2024 21:30,146.1140024
5/25/2024 21:45,156.9814384
5/25/2024 22:00,137.7646309
5/25/2024 22:15,158.2073382
5/25/2024 22:30,148.2013453
5/25/2024 22:45,134.8489773
5/25/2024 23:00,164.0717778
5/25/2024 23:15,140.6802844
5/25/2024 23:30,156.9814384
5/25/2024 23:45,98.93342659
5/26/2024 0:00,105.6261768
5/26/2024 0:15,88.09912301
5/26/2024 0:30,72.62627967
5/26/2024 0:45,96.8460837
5/26/2024 1:00,73.48772277
5/26/2024 1:15,109.8008626
5/26/2024 1:30,86.40936924
5/26/2024 1:45,94.36115169
5/26/2024 2:00,75.97265478
5/26/2024 2:15,83.92443723
5/26/2024 2:30,91.4123657
5/26/2024 2:45,95.18946236
5/26/2024 3:00,95.58705148
5/26/2024 3:15,79.31902989
5/26/2024 3:30,98.53583747
5/26/2024 3:45,73.88531189
5/26/2024 4:00,123.1532306
5/26/2024 4:15,74.71362256
5/26/2024 4:30,97.67439437
5/26/2024 4:45,74.31603344
5/26/2024 5:00,94.75874081
5/26/2024 5:15,100.1924588
5/26/2024 5:30,95.18946236
5/26/2024 5:45,88.92743368
5/26/2024 6:00,86.84009079
5/26/2024 6:15,91.01477657
5/26/2024 6:30,93.49970859
5/26/2024 6:45,108.5418304
5/26/2024 7:00,77.66240855
5/26/2024 7:15,94.36115169
5/26/2024 7:30,73.88531189
5/26/2024 7:45,101.451491
5/26/2024 8:00,96.8460837
5/26/2024 8:15,101.0207695
5/26/2024 8:30,71.40037987
5/26/2024 8:45,98.53583747
5/26/2024 9:00,74.71362256
5/26/2024 9:15,125.2405735
5/26/2024 9:30,72.22869055
5/26/2024 9:45,98.53583747
5/26/2024 10:00,74.31603344
5/26/2024 10:15,96.8460837
5/26/2024 10:30,91.4123657
5/26/2024 10:45,101.451491
5/26/2024 11:00,73.48772277
5/26/2024 11:15,100.6231804
5/26/2024 11:30,75.57506566
5/26/2024 11:45,113.9755484
5/26/2024 12:00,90.1864659
5/26/2024 12:15,98.53583747
5/26/2024 12:30,74.71362256
5/26/2024 12:45,95.18946236
5/26/2024 13:00,79.74975144
5/26/2024 13:15,96.01777303
5/26/2024 13:30,83.92443723
5/26/2024 13:45,81.83709433
5/26/2024 14:00,103.936423
5/26/2024 14:15,73.88531189
5/26/2024 14:30,94.75874081
5/26/2024 14:45,82.23468346
5/26/2024 15:00,99.76173726
5/26/2024 15:15,76.40337633
5/26/2024 15:30,88.92743368
5/26/2024 15:45,91.01477657
5/26/2024 16:00,78.88830834
5/26/2024 16:15,94.75874081
5/26/2024 16:30,84.32202635
5/26/2024 16:45,96.44849458
5/26/2024 17:00,80.57806211
5/26/2024 17:15,92.27380879
5/26/2024 17:30,88.09912301
5/26/2024 17:45,78.05999767
5/26/2024 18:00,94.36115169
5/26/2024 18:15,83.92443723
5/26/2024 18:30,97.67439437
5/26/2024 18:45,78.49071922
5/26/2024 19:00,97.27680525
5/26/2024 19:15,87.66840146
5/26/2024 19:30,91.84308725
5/26/2024 19:45,84.32202635
5/26/2024 20:00,87.66840146
5/26/2024 20:15,97.67439437
5/26/2024 20:30,76.80096545
5/26/2024 20:45,101.0207695
5/26/2024 21:00,88.49671213
5/26/2024 21:15,100.1924588
5/26/2024 21:30,76.80096545
5/26/2024 21:45,105.1954553
5/26/2024 22:00,84.7527479
5/26/2024 22:15,91.4123657
5/26/2024 22:30,86.01178012
5/26/2024 22:45,95.18946236
5/26/2024 23:00,94.75874081
5/26/2024 23:15,77.231687
5/26/2024 23:30,101.451491
5/26/2024 23:45,89.3250228
5/27/2024 0:00,101.451491
5/27/2024 0:15,77.231687
5/27/2024 0:30,117.7195126
5/27/2024 0:45,77.66240855
5/27/2024 1:00,103.5388339
5/27/2024 1:15,78.05999767
5/27/2024 1:30,110.1984517
5/27/2024 1:45,81.83709433
5/27/2024 2:00,94.75874081
5/27/2024 2:15,84.32202635
5/27/2024 2:30,101.8490802
5/27/2024 2:45,91.01477657
5/27/2024 3:00,84.32202635
5/27/2024 3:15,105.6261768
5/27/2024 3:30,82.23468346
5/27/2024 3:45,100.6231804
5/27/2024 4:00,77.231687
5/27/2024 4:15,112.7165162
5/27/2024 4:30,78.49071922
5/27/2024 4:45,102.7105233
5/27/2024 5:00,78.05999767
5/27/2024 5:15,110.6291733
5/27/2024 5:30,80.14734056
5/27/2024 5:45,103.1081124
5/27/2024 6:00,87.23767991
5/27/2024 6:15,102.7105233
5/27/2024 6:30,77.231687
5/27/2024 6:45,101.451491
5/27/2024 7:00,85.15033702
5/27/2024 7:15,101.451491
5/27/2024 7:30,76.40337633
5/27/2024 7:45,96.01777303
5/27/2024 8:00,88.49671213
5/27/2024 8:15,92.67139792
5/27/2024 8:30,81.83709433
5/27/2024 8:45,98.10511592
5/27/2024 9:00,87.23767991
5/27/2024 9:15,87.23767991
5/27/2024 9:30,93.93043014
5/27/2024 9:45,86.40936924
5/27/2024 10:00,95.58705148
5/27/2024 10:15,71.40037987
5/27/2024 10:30,104.7978661
5/27/2024 10:45,72.22869055
5/27/2024 11:00,96.01777303
5/27/2024 11:15,71.797969
5/27/2024 11:30,103.5388339
5/27/2024 11:45,72.62627967
5/27/2024 12:00,86.40936924
5/27/2024 12:15,91.01477657
5/27/2024 12:30,73.48772277
5/27/2024 12:45,92.27380879
5/27/2024 13:00,73.48772277
5/27/2024 13:15,101.0207695
5/27/2024 13:30,71.797969
5/27/2024 13:45,72.22869055
5/27/2024 14:00,103.936423
5/27/2024 14:15,71.797969
5/27/2024 14:30,84.7527479
5/27/2024 14:45,81.83709433
5/27/2024 15:00,73.88531189
5/27/2024 15:15,88.49671213
5/27/2024 15:30,72.62627967
5/27/2024 15:45,83.49371568
5/27/2024 16:00,85.15033702
5/27/2024 16:15,73.88531189
5/27/2024 16:30,78.88830834
5/27/2024 16:45,75.97265478
5/27/2024 17:00,85.15033702
5/27/2024 17:15,84.32202635
5/27/2024 17:30,71.797969
5/27/2024 17:45,87.66840146
5/27/2024 18:00,71.40037987
5/27/2024 18:15,83.06299413
5/27/2024 18:30,89.3250228
5/27/2024 18:45,75.14434411
5/27/2024 19:00,93.49970859
5/27/2024 19:15,88.09912301
5/27/2024 19:30,77.66240855
5/27/2024 19:45,92.27380879
5/27/2024 20:00,84.32202635
5/27/2024 20:15,74.71362256
5/27/2024 20:30,93.49970859
5/27/2024 20:45,86.01178012
5/27/2024 21:00,78.05999767
5/27/2024 21:15,90.58405502
5/27/2024 21:30,77.66240855
5/27/2024 21:45,103.936423
5/27/2024 22:00,76.40337633
5/27/2024 22:15,74.71362256
5/27/2024 22:30,97.67439437
5/27/2024 22:45,80.97565124
5/27/2024 23:00,96.01777303
5/27/2024 23:15,76.40337633
5/27/2024 23:30,85.15033702
5/27/2024 23:45,95.18946236
5/28/2024 0:00,76.80096545
5/28/2024 0:15,100.6231804
5/28/2024 0:30,84.32202635
5/28/2024 0:45,80.97565124
5/28/2024 1:00,89.3250228
5/28/2024 1:15,87.66840146
5/28/2024 1:30,97.27680525
5/28/2024 1:45,76.80096545
5/28/2024 2:00,96.44849458
5/28/2024 2:15,89.3250228
5/28/2024 2:30,82.66540501
5/28/2024 2:45,90.58405502
5/28/2024 3:00,86.84009079
5/28/2024 3:15,99.36414814
5/28/2024 3:30,77.66240855
5/28/2024 3:45,101.0207695
5/28/2024 4:00,85.58105857
5/28/2024 4:15,93.10211947
5/28/2024 4:30,89.75574435
5/28/2024 4:45,91.84308725
5/28/2024 5:00,133.5899451
5/28/2024 5:15,397.8541817
5/28/2024 5:30,951.0000481
5/28/2024 5:45,1970.45169
5/28/2024 6:00,2006.367241
5/28/2024 6:15,2024.291884
5/28/2024 6:30,2025.550916
5/28/2024 6:45,2012.629269
5/28/2024 7:00,2059.379124
5/28/2024 7:15,2159.571582
5/28/2024 7:30,2038.074973
5/28/2024 7:45,2060.207434
5/28/2024 8:00,2147.047525
5/28/2024 8:15,2152.878832
5/28/2024 8:30,2215.10153
5/28/2024 8:45,2071.903181
5/28/2024 9:00,2083.598928
5/28/2024 9:15,2304.426553
5/28/2024 9:30,2316.519888
5/28/2024 9:45,2197.972065
5/28/2024 10:00,2246.809262
5/28/2024 10:15,2576.609439
5/28/2024 10:30,2444.278526
5/28/2024 10:45,2456.802584
5/28/2024 11:00,2434.670123
5/28/2024 11:15,2528.600553
5/28/2024 11:30,2299.821145
5/28/2024 11:45,2200.059408
5/28/2024 12:00,1079.156275
5/28/2024 12:15,939.7350229
5/28/2024 12:30,696.3442152
5/28/2024 12:45,669.6063468
5/28/2024 13:00,665.8623825
5/28/2024 13:15,682.9918472
5/28/2024 13:30,646.645575
5/28/2024 13:45,662.5160074
5/28/2024 14:00,639.9859572
5/28/2024 14:15,618.6818067
5/28/2024 14:30,566.4982344
5/28/2024 14:45,518.0917587
5/28/2024 15:00,558.5795844
5/28/2024 15:15,520.5766908
5/28/2024 15:30,197.4692641
5/28/2024 15:45,160.2946811
5/28/2024 16:00,141.5085951
5/28/2024 16:15,139.4212522
5/28/2024 16:30,161.1561242
5/28/2024 16:45,136.5055986
5/28/2024 17:00,140.2826953
5/28/2024 17:15,151.9453096
5/28/2024 17:30,140.2826953
5/28/2024 17:45,144.4573811
5/28/2024 18:00,158.2073382
5/28/2024 18:15,139.8519738
5/28/2024 18:30,147.7706238
5/28/2024 18:45,149.029656
5/28/2024 19:00,143.1983489
5/28/2024 19:15,176.1651136
5/28/2024 19:30,146.9423131
5/28/2024 19:45,144.4573811
5/28/2024 20:00,154.463374
5/28/2024 20:15,158.2073382
5/28/2024 20:30,146.9423131
5/28/2024 20:45,168.2464636
5/28/2024 21:00,149.4603775
5/28/2024 21:15,173.6801816
5/28/2024 21:30,154.463374
5/28/2024 21:45,161.5537134
5/28/2024 22:00,151.1169989
5/28/2024 22:15,159.4663705
5/28/2024 22:30,147.3730347
5/28/2024 22:45,149.8579667
5/28/2024 23:00,158.2073382
5/28/2024 23:15,156.5507169
5/28/2024 23:30,143.595938
5/28/2024 23:45,125.2405735
5/29/2024 0:00,78.88830834
5/29/2024 0:15,67.62328321
5/29/2024 0:30,72.62627967
5/29/2024 0:45,86.40936924
5/29/2024 1:00,70.96965833
5/29/2024 1:15,66.36425099
5/29/2024 1:30,95.58705148
5/29/2024 1:45,67.22569409
5/29/2024 2:00,69.71062611
5/29/2024 2:15,82.23468346
5/29/2024 2:30,78.88830834
5/29/2024 2:45,66.79497254
5/29/2024 3:00,84.32202635
5/29/2024 3:15,78.88830834
5/29/2024 3:30,69.71062611
5/29/2024 3:45,82.66540501
5/29/2024 4:00,69.31303698
5/29/2024 4:15,83.06299413
5/29/2024 4:30,75.57506566
5/29/2024 4:45,115.2345806
5/29/2024 5:00,516.0044159
5/29/2024 5:15,624.1155247
5/29/2024 5:30,722.6513622
5/29/2024 5:45,637.4678927
5/29/2024 6:00,586.1126311
5/29/2024 6:15,604.0704064
5/29/2024 6:30,574.4500168
5/29/2024 6:45,568.1879882
5/29/2024 7:00,574.0192953
5/29/2024 7:15,672.9527219
5/29/2024 7:30,1566.33548
5/29/2024 7:45,1977.542029
5/29/2024 8:00,2005.505798
5/29/2024 8:15,2136.610811
5/29/2024 8:30,2103.213324
5/29/2024 8:45,2013.026858
5/29/2024 9:00,2143.70115
5/29/2024 9:15,1982.975747
5/29/2024 9:30,1998.017869
5/29/2024 9:45,2005.936519
5/29/2024 10:00,2110.303664
5/29/2024 10:15,1968.364347
5/29/2024 10:30,2038.074973
5/29/2024 10:45,2090.258545
5/29/2024 11:00,1956.271011
5/29/2024 11:15,1776.759523
5/29/2024 11:30,2086.514581
5/29/2024 11:45,1968.795069
5/29/2024 12:00,1953.752947
5/29/2024 12:15,1939.969857
5/29/2024 12:30,926.780244
5/29/2024 12:45,667.9497254
5/29/2024 13:00,626.6335891
5/29/2024 13:15,553.1458664
5/29/2024 13:30,693.4285617
5/29/2024 13:45,695.9134937
5/29/2024 14:00,666.2931041
5/29/2024 14:15,536.4471232
5/29/2024 14:30,569.4138879
5/29/2024 14:45,535.6188126
5/29/2024 15:00,550.6278019
5/29/2024 15:15,285.1376655
5/29/2024 15:30,275.5292617
5/29/2024 15:45,278.0473262
5/29/2024 16:00,144.8549702
5/29/2024 16:15,153.6350633
5/29/2024 16:30,168.2464636
5/29/2024 16:45,163.2434671
5/29/2024 17:00,158.6380598
5/29/2024 17:15,181.5988316
5/29/2024 17:30,164.9000885
5/29/2024 17:45,155.7224062
5/29/2024 18:00,183.6861745
5/29/2024 18:15,187.8608603
5/29/2024 18:30,176.1651136
5/29/2024 18:45,182.0295531
5/29/2024 19:00,169.5054958
5/29/2024 19:15,191.6048245
5/29/2024 19:30,202.4722605
5/29/2024 19:45,184.9452067
5/29/2024 20:00,177.4241458
5/29/2024 20:15,181.5988316
5/29/2024 20:30,184.9452067
5/29/2024 20:45,216.2553501
5/29/2024 21:00,191.6048245
5/29/2024 21:15,186.6018281
5/29/2024 21:30,198.2975747
5/29/2024 21:45,184.9452067
5/29/2024 22:00,239.2161219
5/29/2024 22:15,180.3397994
5/29/2024 22:30,208.3035676
5/29/2024 22:45,188.6891709
5/29/2024 23:00,204.1288819
5/29/2024 23:15,211.6499428
5/29/2024 23:30,209.9933214
5/29/2024 23:45,177.8548674
5/30/2024 0:00,125.6712951
5/30/2024 0:15,114.8038591
5/30/2024 0:30,136.5055986
5/30/2024 0:45,139.8519738
5/30/2024 1:00,125.6712951
5/30/2024 1:15,130.24357
5/30/2024 1:30,119.4092664
5/30/2024 1:45,131.5026022
5/30/2024 2:00,145.2856918
5/30/2024 2:15,134.4182558
5/30/2024 2:30,115.6321697
5/30/2024 2:45,142.3700382
5/30/2024 3:00,112.7165162
5/30/2024 3:15,153.2043418
5/30/2024 3:30,126.8971949
5/30/2024 3:45,141.9393167
5/30/2024 4:00,112.7165162
5/30/2024 4:15,141.5085951
5/30/2024 4:30,117.3219235
5/30/2024 4:45,171.5928387
5/30/2024 5:00,442.0859715
5/30/2024 5:15,748.9253767
5/30/2024 5:30,746.0097231
5/30/2024 5:45,658.3413216
5/30/2024 6:00,694.6544615
5/30/2024 6:15,720.1332977
5/30/2024 6:30,767.7114627
5/30/2024 6:45,725.9646048
5/30/2024 7:00,760.6211233
5/30/2024 7:15,765.2265307
5/30/2024 7:30,1287.459843
5/30/2024 7:45,2283.122402
5/30/2024 8:00,2322.781917
5/30/2024 8:15,2583.699779
5/30/2024 8:30,2559.513107
5/30/2024 8:45,2615.440644
5/30/2024 9:00,2564.085382
5/30/2024 9:15,2542.383642
5/30/2024 9:30,2504.380749
5/30/2024 9:45,2542.814364
5/30/2024 10:00,2694.328952
5/30/2024 10:15,2774.509425
5/30/2024 10:30,2694.759673
5/30/2024 10:45,2581.214847
5/30/2024 11:00,2586.648565
5/30/2024 11:15,2558.254075
5/30/2024 11:30,2504.380749
5/30/2024 11:45,2505.242192
5/30/2024 12:00,1436.522631
5/30/2024 12:15,1220.267281
5/30/2024 12:30,1182.695109
5/30/2024 12:45,1117.556758
5/30/2024 13:00,1177.692113
5/30/2024 13:15,1227.35762
5/30/2024 13:30,1235.706992
5/30/2024 13:45,1049.105164
5/30/2024 14:00,1165.565644
5/30/2024 14:15,1160.562648
5/30/2024 14:30,801.5396705
5/30/2024 14:45,771.4885593
5/30/2024 15:00,669.6063468
5/30/2024 15:15,369.4596919
5/30/2024 15:30,323.5381482
5/30/2024 15:45,301.8364087
5/30/2024 16:00,189.9482032
5/30/2024 16:15,179.0807672
5/30/2024 16:30,192.8638567
5/30/2024 16:45,225.0023108
5/30/2024 17:00,204.5596034
5/30/2024 17:15,259.2612401
5/30/2024 17:30,217.9119714
5/30/2024 17:45,200.3849176
5/30/2024 18:00,218.342693
5/30/2024 18:15,203.3005712
5/30/2024 18:30,234.2131254
5/30/2024 18:45,230.0384397
5/30/2024 19:00,206.2162248
5/30/2024 19:15,225.0023108
5/30/2024 19:30,223.776411
5/30/2024 19:45,226.261343
5/30/2024 20:00,224.6047217
5/30/2024 20:15,224.6047217
5/30/2024 20:30,208.3035676
5/30/2024 20:45,205.8186356
5/30/2024 21:00,228.7794074
5/30/2024 21:15,209.9933214
5/30/2024 21:30,252.1377684
5/30/2024 21:45,215.4270394
5/30/2024 22:00,224.6047217
5/30/2024 22:15,201.2132283
5/30/2024 22:30,159.0687813
5/30/2024 22:45,178.2524565
5/30/2024 23:00,158.6380598
5/30/2024 23:15,169.0747742
5/30/2024 23:30,146.1140024
5/30/2024 23:45,172.4211494
5/31/2024 0:00,136.9363202
5/31/2024 0:15,178.2524565
5/31/2024 0:30,132.7616344
5/31/2024 0:45,151.1169989
5/31/2024 1:00,141.9393167
5/31/2024 1:15,165.33081
5/31/2024 1:30,182.8578638
5/31/2024 1:45,164.4693669
5/31/2024 2:00,176.1651136
5/31/2024 2:15,152.3760311
5/31/2024 2:30,174.0777707
5/31/2024 2:45,156.9814384
5/31/2024 3:00,200.3849176
5/31/2024 3:15,154.0326525
5/31/2024 3:30,176.1651136
5/31/2024 3:45,153.6350633
5/31/2024 4:00,177.8548674
5/31/2024 4:15,174.0777707
5/31/2024 4:30,173.6801816
5/31/2024 4:45,243.7883968
5/31/2024 5:00,802.7987027
5/31/2024 5:15,697.6032475
5/31/2024 5:30,644.5582321
5/31/2024 5:45,682.1304041
5/31/2024 6:00,648.7329178
5/31/2024 6:15,699.6905903
5/31/2024 6:30,730.1392906
5/31/2024 6:45,761.449434
5/31/2024 7:00,700.518901
5/31/2024 7:15,923.4338689
5/31/2024 7:30,1747.934311
5/31/2024 7:45,2215.10153
5/31/2024 8:00,2240.977955
5/31/2024 8:15,1626.040113
5/31/2024 8:30,2210.926844
5/31/2024 8:45,2244.32433
5/31/2024 9:00,2407.137076
5/31/2024 9:15,2295.64646
5/31/2024 9:30,2312.775924
5/31/2024 9:45,2307.772928
5/31/2024 10:00,2262.679695
5/31/2024 10:15,2230.93883
5/31/2024 10:30,2273.116409
5/31/2024 10:45,2373.73959
5/31/2024 11:00,2273.94472
5/31/2024 11:15,2332.390321
5/31/2024 11:30,2307.342206
5/31/2024 11:45,2152.050522
5/31/2024 12:00,2169.179986
5/31/2024 12:15,2129.520471
5/31/2024 12:30,2128.261439
5/31/2024 12:45,2132.436125
5/31/2024 13:00,2138.267432
5/31/2024 13:15,2107.38801
5/31/2024 13:30,2025.153327
5/31/2024 13:45,1013.620335
5/31/2024 14:00,840.3708748
5/31/2024 14:15,781.0969631
5/31/2024 14:30,642.0733
5/31/2024 14:45,629.9468318
5/31/2024 15:00,685.4767792
5/31/2024 15:15,374.0650992
5/31/2024 15:30,301.8364087
5/31/2024 15:45,255.914865
5/31/2024 16:00,148.6320669
5/31/2024 16:15,148.2013453
5/31/2024 16:30,163.2434671
5/31/2024 16:45,169.9030849
5/31/2024 17:00,144.0266595
5/31/2024 17:15,146.1140024
5/31/2024 17:30,186.2042389
5/31/2024 17:45,164.0717778
5/31/2024 18:00,146.1140024
5/31/2024 18:15,166.9874314
5/31/2024 18:30,150.7194098
5/31/2024 18:45,177.4241458
5/31/2024 19:00,211.2523536
5/31/2024 19:15,180.7705209
5/31/2024 19:30,166.9874314
5/31/2024 19:45,174.0777707
5/31/2024 20:00,169.9030849
5/31/2024 20:15,167.815742
5/31/2024 20:30,182.8578638
5/31/2024 20:45,178.683178
5/31/2024 21:00,176.1651136
5/31/2024 21:15,160.7254027
5/31/2024 21:30,147.7706238
5/31/2024 21:45,170.3338065
5/31/2024 22:00,144.4573811
5/31/2024 22:15,164.0717778
5/31/2024 22:30,174.0777707
5/31/2024 22:45,146.1140024
5/31/2024 23:00,164.9000885
5/31/2024 23:15,151.5477204
5/31/2024 23:30,147.3730347
5/31/2024 23:45,108.1111088
6/1/2024 0:00,96.8460837
6/1/2024 0:15,105.1954553
6/1/2024 0:30,72.62627967
6/1/2024 0:45,77.231687
6/1/2024 1:00,99.76173726
6/1/2024 1:15,74.71362256
6/1/2024 1:30,94.75874081
6/1/2024 1:45,73.48772277
6/1/2024 2:00,112.7165162
6/1/2024 2:15,85.15033702
6/1/2024 2:30,87.66840146
6/1/2024 2:45,95.58705148
6/1/2024 3:00,80.14734056
6/1/2024 3:15,125.6712951
6/1/2024 3:30,74.31603344
6/1/2024 3:45,98.10511592
6/1/2024 4:00,74.71362256
6/1/2024 4:15,87.66840146
6/1/2024 4:30,105.6261768
6/1/2024 4:45,104.7978661
6/1/2024 5:00,252.9992115
6/1/2024 5:15,814.8920385
6/1/2024 5:30,704.2628653
6/1/2024 5:45,684.6484686
6/1/2024 6:00,1796.771508
6/1/2024 6:15,2088.171203
6/1/2024 6:30,2154.568586
6/1/2024 6:45,2160.830615
6/1/2024 7:00,2149.134868
6/1/2024 7:15,2639.229726
6/1/2024 7:30,2665.967595
6/1/2024 7:45,2585.787122
6/1/2024 8:00,2544.040264
6/1/2024 8:15,2556.564321
6/1/2024 8:30,2543.642675
6/1/2024 8:45,2728.587881
6/1/2024 9:00,1821.819623
6/1/2024 9:15,1359.688533
6/1/2024 9:30,1127.993472
6/1/2024 9:45,1128.821783
6/1/2024 10:00,1110.466419
6/1/2024 10:15,1131.770569
6/1/2024 10:30,1079.586997
6/1/2024 10:45,1079.984586
6/1/2024 11:00,1118.385069
6/1/2024 11:15,1132.168158
6/1/2024 11:30,1170.999362
6/1/2024 11:45,1155.559651
6/1/2024 12:00,1112.553761
6/1/2024 12:15,1005.270963
6/1/2024 12:30,1053.27985
6/1/2024 12:45,1140.948251
6/1/2024 13:00,1052.849128
6/1/2024 13:15,1061.1985
6/1/2024 13:30,1042.843135
6/1/2024 13:45,1097.51164
6/1/2024 14:00,1112.984483
6/1/2024 14:15,907.1658473
6/1/2024 14:30,720.1332977
6/1/2024 14:45,510.5706979
6/1/2024 15:00,397.4234601
6/1/2024 15:15,364.4566954
6/1/2024 15:30,291.3996942
6/1/2024 15:45,275.9599833
6/1/2024 16:00,250.481147
6/1/2024 16:15,191.6048245
6/1/2024 16:30,186.2042389
6/1/2024 16:45,177.8548674
6/1/2024 17:00,172.8187385
6/1/2024 17:15,164.0717778
6/1/2024 17:30,179.9422103
6/1/2024 17:45,184.5144852
6/1/2024 18:00,161.9844349
6/1/2024 18:15,170.7313956
6/1/2024 18:30,176.9934243
6/1/2024 18:45,171.5928387
6/1/2024 19:00,186.2042389
6/1/2024 19:15,165.33081
6/1/2024 19:30,173.24946
6/1/2024 19:45,185.7735174
6/1/2024 20:00,165.7283991
6/1/2024 20:15,179.9422103
6/1/2024 20:30,170.3338065
6/1/2024 20:45,161.5537134
6/1/2024 21:00,187.4301387
6/1/2024 21:15,168.2464636
6/1/2024 21:30,167.815742
6/1/2024 21:45,172.8187385
6/1/2024 22:00,169.5054958
6/1/2024 22:15,186.2042389
6/1/2024 22:30,162.8127456
6/1/2024 22:45,189.9482032
6/1/2024 23:00,173.24946
6/1/2024 23:15,163.6410562
6/1/2024 23:30,168.6440527
6/1/2024 23:45,105.6261768
6/2/2024 0:00,114.3731375
6/2/2024 0:15,90.1864659
6/2/2024 0:30,108.9725519
6/2/2024 0:45,94.36115169
6/2/2024 1:00,72.22869055
6/2/2024 1:15,101.8490802
6/2/2024 1:30,97.67439437
6/2/2024 1:45,106.0237659
6/2/2024 2:00,71.797969
6/2/2024 2:15,114.8038591
6/2/2024 2:30,99.76173726
6/2/2024 2:45,84.32202635
6/2/2024 3:00,92.27380879
6/2/2024 3:15,98.10511592
6/2/2024 3:30,114.3731375
6/2/2024 3:45,70.14134765
6/2/2024 4:00,113.1472377
6/2/2024 4:15,94.36115169
6/2/2024 4:30,110.6291733
6/2/2024 4:45,72.62627967
6/2/2024 5:00,107.7135197
6/2/2024 5:15,101.0207695
6/2/2024 5:30,91.01477657
6/2/2024 5:45,96.01777303
6/2/2024 6:00,92.27380879
6/2/2024 6:15,116.8912019
6/2/2024 6:30,80.57806211
6/2/2024 6:45,108.1111088
6/2/2024 7:00,86.40936924
6/2/2024 7:15,115.6321697
6/2/2024 7:30,78.05999767
6/2/2024 7:45,108.1111088
6/2/2024 8:00,85.58105857
6/2/2024 8:15,108.1111088
6/2/2024 8:30,86.01178012
6/2/2024 8:45,88.92743368
6/2/2024 9:00,99.36414814
6/2/2024 9:15,93.49970859
6/2/2024 9:30,113.1472377
6/2/2024 9:45,68.88231543
6/2/2024 10:00,108.9725519
6/2/2024 10:15,91.4123657
6/2/2024 10:30,103.1081124
6/2/2024 10:45,66.79497254
6/2/2024 11:00,106.4544875
6/2/2024 11:15,94.75874081
6/2/2024 11:30,83.49371568
6/2/2024 11:45,77.231687
6/2/2024 12:00,94.36115169
6/2/2024 12:15,104.3671446
6/2/2024 12:30,63.44859743
6/2/2024 12:45,103.1081124
6/2/2024 13:00,89.3250228
6/2/2024 13:15,82.23468346
6/2/2024 13:30,75.57506566
6/2/2024 13:45,91.4123657
6/2/2024 14:00,100.6231804
6/2/2024 14:15,65.1383512
6/2/2024 14:30,75.14434411
6/2/2024 14:45,106.0237659
6/2/2024 15:00,73.48772277
6/2/2024 15:15,80.14734056
6/2/2024 15:30,91.01477657
6/2/2024 15:45,81.83709433
6/2/2024 16:00,84.7527479
6/2/2024 16:15,82.23468346
6/2/2024 16:30,74.71362256
6/2/2024 16:45,95.18946236
6/2/2024 17:00,87.66840146
6/2/2024 17:15,65.1383512
6/2/2024 17:30,80.14734056
6/2/2024 17:45,87.23767991
6/2/2024 18:00,80.14734056
6/2/2024 18:15,83.06299413
6/2/2024 18:30,76.40337633
6/2/2024 18:45,95.58705148
6/2/2024 19:00,85.58105857
6/2/2024 19:15,67.22569409
6/2/2024 19:30,78.05999767
6/2/2024 19:45,109.3701411
6/2/2024 20:00,67.62328321
6/2/2024 20:15,82.23468346
6/2/2024 20:30,101.451491
6/2/2024 20:45,80.14734056
6/2/2024 21:00,85.58105857
6/2/2024 21:15,69.31303698
6/2/2024 21:30,100.6231804
6/2/2024 21:45,95.58705148
6/2/2024 22:00,69.31303698
6/2/2024 22:15,98.53583747
6/2/2024 22:30,88.92743368
6/2/2024 22:45,69.71062611
6/2/2024 23:00,87.66840146
6/2/2024 23:15,85.15033702
6/2/2024 23:30,98.93342659
6/2/2024 23:45,75.97265478
6/3/2024 0:00,80.97565124
6/3/2024 0:15,99.76173726
6/3/2024 0:30,82.66540501
6/3/2024 0:45,80.14734056
6/3/2024 1:00,85.15033702
6/3/2024 1:15,85.15033702
6/3/2024 1:30,98.10511592
6/3/2024 1:45,80.14734056
6/3/2024 2:00,86.84009079
6/3/2024 2:15,93.49970859
6/3/2024 2:30,73.48772277
6/3/2024 2:45,96.01777303
6/3/2024 3:00,75.57506566
6/3/2024 3:15,107.7135197
6/3/2024 3:30,84.7527479
6/3/2024 3:45,67.62328321
6/3/2024 4:00,98.53583747
6/3/2024 4:15,84.32202635
6/3/2024 4:30,90.1864659
6/3/2024 4:45,74.71362256
6/3/2024 5:00,87.66840146
6/3/2024 5:15,105.1954553
6/3/2024 5:30,72.62627967
6/3/2024 5:45,91.84308725
6/3/2024 6:00,89.3250228
6/3/2024 6:15,86.40936924
6/3/2024 6:30,86.01178012
6/3/2024 6:45,73.88531189
6/3/2024 7:00,108.1111088
6/3/2024 7:15,80.97565124
6/3/2024 7:30,82.66540501
6/3/2024 7:45,81.83709433
6/3/2024 8:00,84.7527479
6/3/2024 8:15,96.44849458
6/3/2024 8:30,65.96666187
6/3/2024 8:45,101.8490802
6/3/2024 9:00,93.49970859
6/3/2024 9:15,65.96666187
6/3/2024 9:30,85.58105857
6/3/2024 9:45,70.96965833
6/3/2024 10:00,112.2857946
6/3/2024 10:15,66.79497254
6/3/2024 10:30,65.1383512
6/3/2024 10:45,97.27680525
6/3/2024 11:00,77.231687
6/3/2024 11:15,88.92743368
6/3/2024 11:30,72.62627967
6/3/2024 11:45,72.22869055
6/3/2024 12:00,79.31902989
6/3/2024 12:15,73.88531189
6/3/2024 12:30,87.23767991
6/3/2024 12:45,81.83709433
6/3/2024 13:00,63.44859743
6/3/2024 13:15,70.96965833
6/3/2024 13:30,78.88830834
6/3/2024 13:45,79.74975144
6/3/2024 14:00,78.49071922
6/3/2024 14:15,76.80096545
6/3/2024 14:30,60.53294387
6/3/2024 14:45,73.05700122
6/3/2024 15:00,75.97265478
6/3/2024 15:15,71.797969
6/3/2024 15:30,83.92443723
6/3/2024 15:45,59.70463319
6/3/2024 16:00,75.97265478
6/3/2024 16:15,70.53893678
6/3/2024 16:30,63.87931898
6/3/2024 16:45,80.97565124
6/3/2024 17:00,82.66540501
6/3/2024 17:15,67.22569409
6/3/2024 17:30,61.36125454
6/3/2024 17:45,73.05700122
6/3/2024 18:00,74.71362256
6/3/2024 18:15,76.80096545
6/3/2024 18:30,75.14434411
6/3/2024 18:45,81.40637279
6/3/2024 19:00,65.1383512
6/3/2024 19:15,63.87931898
6/3/2024 19:30,98.10511592
6/3/2024 19:45,79.31902989
6/3/2024 20:00,66.79497254
6/3/2024 20:15,91.4123657
6/3/2024 20:30,65.1383512
6/3/2024 20:45,65.1383512
6/3/2024 21:00,92.27380879
6/3/2024 21:15,85.58105857
6/3/2024 21:30,64.70762965
6/3/2024 21:45,84.7527479
6/3/2024 22:00,75.97265478
6/3/2024 22:15,67.62328321
6/3/2024 22:30,96.01777303
6/3/2024 22:45,71.40037987
6/3/2024 23:00,83.92443723
6/3/2024 23:15,77.66240855
6/3/2024 23:30,66.79497254
6/3/2024 23:45,95.18946236
6/4/2024 0:00,86.84009079
6/4/2024 0:15,65.1383512
6/4/2024 0:30,88.92743368
6/4/2024 0:45,74.31603344
6/4/2024 1:00,88.49671213
6/4/2024 1:15,84.32202635
6/4/2024 1:30,81.83709433
6/4/2024 1:45,89.3250228
6/4/2024 2:00,66.36425099
6/4/2024 2:15,111.8882055
6/4/2024 2:30,75.57506566
6/4/2024 2:45,81.83709433
6/4/2024 3:00,75.97265478
6/4/2024 3:15,78.05999767
6/4/2024 3:30,89.75574435
6/4/2024 3:45,82.66540501
6/4/2024 4:00,103.936423
6/4/2024 4:15,70.53893678
6/4/2024 4:30,83.92443723
6/4/2024 4:45,96.44849458
6/4/2024 5:00,194.9511996
6/4/2024 5:15,209.1650107
6/4/2024 5:30,184.116896
6/4/2024 5:45,224.1740001
6/4/2024 6:00,291.3996942
6/4/2024 6:15,1092.939365
6/4/2024 6:30,1626.868423
6/4/2024 6:45,1677.395374
6/4/2024 7:00,1675.705621
6/4/2024 7:15,1736.238565
6/4/2024 7:30,1945.834297
6/4/2024 7:45,2234.285205
6/4/2024 8:00,2252.24298
6/4/2024 8:15,2253.899602
6/4/2024 8:30,2205.890715
6/4/2024 8:45,2242.634577
6/4/2024 9:00,2209.23709
6/4/2024 9:15,2280.63747
6/4/2024 9:30,2252.24298
6/4/2024 9:45,2300.682588
6/4/2024 10:00,2303.16752
6/4/2024 10:15,2288.158531
6/4/2024 10:30,2254.761045
6/4/2024 10:45,2145.357771
6/4/2024 11:00,2225.935833
6/4/2024 11:15,2266.02607
6/4/2024 11:30,2176.270326
6/4/2024 11:45,2091.086856
6/4/2024 12:00,2128.659028
6/4/2024 12:15,2107.38801
6/4/2024 12:30,2132.833714
6/4/2024 12:45,2172.923951
6/4/2024 13:00,2119.083757
6/4/2024 13:15,2140.354775
6/4/2024 13:30,2155.396897
6/4/2024 13:45,2186.276319
6/4/2024 14:00,2144.529461
6/4/2024 14:15,1075.8099
6/4/2024 14:30,768.5729058
6/4/2024 14:45,576.5373597
6/4/2024 15:00,306.0110944
6/4/2024 15:15,278.4449153
6/4/2024 15:30,187.4301387
6/4/2024 15:45,199.556607
6/4/2024 16:00,145.2856918
6/4/2024 16:15,181.16811
6/4/2024 16:30,169.9030849
6/4/2024 16:45,168.6440527
6/4/2024 17:00,138.1953524
6/4/2024 17:15,164.0717778
6/4/2024 17:30,174.9060814
6/4/2024 17:45,163.2434671
6/4/2024 18:00,171.5928387
6/4/2024 18:15,141.5085951
6/4/2024 18:30,186.2042389
6/4/2024 18:45,156.9814384
6/4/2024 19:00,196.2102318
6/4/2024 19:15,159.4663705
6/4/2024 19:30,171.5928387
6/4/2024 19:45,154.463374
6/4/2024 20:00,172.8187385
6/4/2024 20:15,165.7283991
6/4/2024 20:30,189.1198925
6/4/2024 20:45,168.6440527
6/4/2024 21:00,164.4693669
6/4/2024 21:15,157.3790276
6/4/2024 21:30,163.6410562
6/4/2024 21:45,146.9423131
6/4/2024 22:00,174.5084923
6/4/2024 22:15,171.1621171
6/4/2024 22:30,143.1983489
6/4/2024 22:45,167.4181529
6/4/2024 23:00,149.8579667
6/4/2024 23:15,174.0777707
6/4/2024 23:30,154.0326525
6/4/2024 23:45,138.5929415
6/5/2024 0:00,73.48772277
6/5/2024 0:15,96.44849458
6/5/2024 0:30,88.92743368
6/5/2024 0:45,111.8882055
6/5/2024 1:00,91.84308725
6/5/2024 1:15,103.1081124
6/5/2024 1:30,80.57806211
6/5/2024 1:45,100.6231804
6/5/2024 2:00,79.31902989
6/5/2024 2:15,131.9333237
6/5/2024 2:30,75.97265478
6/5/2024 2:45,104.3671446
6/5/2024 3:00,73.05700122
6/5/2024 3:15,128.5869486
6/5/2024 3:30,88.09912301
6/5/2024 3:45,100.6231804
6/5/2024 4:00,82.66540501
6/5/2024 4:15,114.8038591
6/5/2024 4:30,90.58405502
6/5/2024 4:45,188.6891709
6/5/2024 5:00,439.6010395
6/5/2024 5:15,1640.651513
6/5/2024 5:30,1718.313922
6/5/2024 5:45,1765.063776
6/5/2024 6:00,1718.711511
6/5/2024 6:15,1941.228889
6/5/2024 6:30,2194.228101
6/5/2024 6:45,2204.664815
6/5/2024 7:00,2152.878832
6/5/2024 7:15,2124.484342
6/5/2024 7:30,2134.092746
6/5/2024 7:45,2094.863953
6/5/2024 8:00,2117.824725
6/5/2024 8:15,2112.821728
6/5/2024 8:30,2125.345786
6/5/2024 8:45,2088.601924
6/5/2024 9:00,2126.174096
6/5/2024 9:15,2159.571582
6/5/2024 9:30,2156.225207
6/5/2024 9:45,2167.920954
6/5/2024 10:00,2149.134868
6/5/2024 10:15,2138.698154
6/5/2024 10:30,2174.182983
6/5/2024 10:45,2190.881726
6/5/2024 11:00,2153.309554
6/5/2024 11:15,2168.318543
6/5/2024 11:30,2145.357771
6/5/2024 11:45,2142.442118
6/5/2024 12:00,2145.357771
6/5/2024 12:15,2119.083757
6/5/2024 12:30,2130.746371
6/5/2024 12:45,2121.568689
6/5/2024 13:00,2073.162213
6/5/2024 13:15,2166.2312
6/5/2024 13:30,2121.99941
6/5/2024 13:45,2084.824827
6/5/2024 14:00,2086.91217
6/5/2024 14:15,1016.535988
6/5/2024 14:30,746.8380338
6/5/2024 14:45,479.2605545
6/5/2024 15:00,261.348583
6/5/2024 15:15,268.0082008
6/5/2024 15:30,195.3819212
6/5/2024 15:45,174.0777707
6/5/2024 16:00,177.8548674
6/5/2024 16:15,173.24946
6/5/2024 16:30,163.2434671
6/5/2024 16:45,164.9000885
6/5/2024 17:00,173.6801816
6/5/2024 17:15,157.8097491
6/5/2024 17:30,185.3427958
6/5/2024 17:45,161.5537134
6/5/2024 18:00,158.2073382
6/5/2024 18:15,188.2915818
6/5/2024 18:30,157.8097491
6/5/2024 18:45,187.0325496
6/5/2024 19:00,166.1591207
6/5/2024 19:15,164.4693669
6/5/2024 19:30,181.16811
6/5/2024 19:45,172.8187385
6/5/2024 20:00,179.9422103
6/5/2024 20:15,173.24946
6/5/2024 20:30,169.9030849
6/5/2024 20:45,179.9422103
6/5/2024 21:00,164.4693669
6/5/2024 21:15,194.1228889
6/5/2024 21:30,164.9000885
6/5/2024 21:45,187.8608603
6/5/2024 22:00,169.5054958
6/5/2024 22:15,169.9030849
6/5/2024 22:30,178.2524565
6/5/2024 22:45,175.7675245
6/5/2024 23:00,182.8578638
6/5/2024 23:15,169.9030849
6/5/2024 23:30,198.2975747
6/5/2024 23:45,129.8459808
6/6/2024 0:00,110.1984517
6/6/2024 0:15,101.8490802
6/6/2024 0:30,100.6231804
6/6/2024 0:45,103.5388339
6/6/2024 1:00,102.2798017
6/6/2024 1:15,111.4574839
6/6/2024 1:30,90.58405502
6/6/2024 1:45,124.4122628
6/6/2024 2:00,90.58405502
6/6/2024 2:15,116.0628913
6/6/2024 2:30,98.93342659
6/6/2024 2:45,118.9785448
6/6/2024 3:00,88.49671213
6/6/2024 3:15,112.2857946
6/6/2024 3:30,106.0237659
6/6/2024 3:45,103.936423
6/6/2024 4:00,103.1081124
6/6/2024 4:15,111.4574839
6/6/2024 4:30,104.3671446
6/6/2024 4:45,146.9423131
6/6/2024 5:00,407.4625855
6/6/2024 5:15,1585.552287
6/6/2024 5:30,1738.325907
6/6/2024 5:45,1724.973539
6/6/2024 6:00,1762.976433
6/6/2024 6:15,1844.780395
6/6/2024 6:30,2206.752158
6/6/2024 6:45,2206.752158
6/6/2024 7:00,2168.749265
6/6/2024 7:15,2160.830615
6/6/2024 7:30,2170.008297
6/6/2024 7:45,2098.210328
6/6/2024 8:00,2241.806266
6/6/2024 8:15,2090.258545
6/6/2024 8:30,1595.989002
6/6/2024 8:45,2247.637573
6/6/2024 9:00,2193.366658
6/6/2024 9:15,2172.923951
6/6/2024 9:30,2131.607814
6/6/2024 9:45,2174.182983
6/6/2024 10:00,2148.704146
6/6/2024 10:15,2146.219214
6/6/2024 10:30,2176.667915
6/6/2024 10:45,2106.5597
6/6/2024 11:00,2167.920954
6/6/2024 11:15,2169.179986
6/6/2024 11:30,2167.092643
6/6/2024 11:45,2106.128978
6/6/2024 12:00,2114.047628
6/6/2024 12:15,2081.511585
6/6/2024 12:30,2040.162316
6/6/2024 12:45,2078.99352
6/6/2024 13:00,2058.550813
6/6/2024 13:15,2024.291884
6/6/2024 13:30,2167.092643
6/6/2024 13:45,2156.655929
6/6/2024 14:00,2196.713033
6/6/2024 14:15,1127.165162
6/6/2024 14:30,684.6484686
6/6/2024 14:45,551.489245
6/6/2024 15:00,584.8867313
6/6/2024 15:15,642.4708892
6/6/2024 15:30,352.7609487
6/6/2024 15:45,217.9119714
6/6/2024 16:00,190.7765138
6/6/2024 16:15,166.1591207
6/6/2024 16:30,183.6861745
6/6/2024 16:45,171.5928387
6/6/2024 17:00,166.9874314
6/6/2024 17:15,197.0385425
6/6/2024 17:30,160.2946811
6/6/2024 17:45,187.0325496
6/6/2024 18:00,169.9030849
6/6/2024 18:15,176.5958351
6/6/2024 18:30,178.2524565
6/6/2024 18:45,172.4211494
6/6/2024 19:00,186.2042389
6/6/2024 19:15,164.0717778
6/6/2024 19:30,193.2945783
6/6/2024 19:45,167.4181529
6/6/2024 20:00,178.683178
6/6/2024 20:15,184.116896
6/6/2024 20:30,166.1591207
6/6/2024 20:45,185.3427958
6/6/2024 21:00,172.8187385
6/6/2024 21:15,187.0325496
6/6/2024 21:30,177.8548674
6/6/2024 21:45,174.5084923
6/6/2024 22:00,176.9934243
6/6/2024 22:15,169.5054958
6/6/2024 22:30,191.2072354
6/6/2024 22:45,168.2464636
6/6/2024 23:00,199.556607
6/6/2024 23:15,163.2434671
6/6/2024 23:30,187.0325496
6/6/2024 23:45,139.8519738
6/7/2024 0:00,103.936423
6/7/2024 0:15,106.885209
6/7/2024 0:30,96.8460837
6/7/2024 0:45,111.8882055
6/7/2024 1:00,88.92743368
6/7/2024 1:15,110.6291733
6/7/2024 1:30,98.53583747
6/7/2024 1:45,111.8882055
6/7/2024 2:00,86.40936924
6/7/2024 2:15,125.6712951
6/7/2024 2:30,86.40936924
6/7/2024 2:45,108.1111088
6/7/2024 3:00,104.7978661
6/7/2024 3:15,97.67439437
6/7/2024 3:30,102.7105233
6/7/2024 3:45,106.0237659
6/7/2024 4:00,106.4544875
6/7/2024 4:15,91.84308725
6/7/2024 4:30,113.9755484
6/7/2024 4:45,187.4301387
6/7/2024 5:00,622.8564925
6/7/2024 5:15,1710.362139
6/7/2024 5:30,1788.422137
6/7/2024 5:45,1788.422137
6/7/2024 6:00,2003.418455
6/7/2024 6:15,2251.41467
6/7/2024 6:30,2145.788493
6/7/2024 6:45,2134.523468
6/7/2024 7:00,2204.234094
6/7/2024 7:15,2377.052832
6/7/2024 7:30,2340.739693
6/7/2024 7:45,2360.784811
6/7/2024 8:00,2168.318543
6/7/2024 8:15,2293.161528
6/7/2024 8:30,2216.32743
6/7/2024 8:45,2271.029066
6/7/2024 9:00,2147.047525
6/7/2024 9:15,2306.944617
6/7/2024 9:30,2293.559117
6/7/2024 9:45,2232.197862
6/7/2024 10:00,2198.800376
6/7/2024 10:15,2286.899499
6/7/2024 10:30,2314.863267
6/7/2024 10:45,2186.276319
6/7/2024 11:00,2271.857377
6/7/2024 11:15,2130.746371
6/7/2024 11:30,2252.24298
6/7/2024 11:45,2311.947614
6/7/2024 12:00,2276.462784
6/7/2024 12:15,2193.797379
6/7/2024 12:30,2143.70115
6/7/2024 12:45,2159.140861
6/7/2024 13:00,2261.420663
6/7/2024 13:15,2253.899602
6/7/2024 13:30,2265.595348
6/7/2024 13:45,2162.917958
6/7/2024 14:00,977.7047841
6/7/2024 14:15,637.4678927
6/7/2024 14:30,352.7609487
6/7/2024 14:45,236.3004683
6/7/2024 15:00,181.5988316
6/7/2024 15:15,203.3005712
6/7/2024 15:30,178.2524565
6/7/2024 15:45,208.3035676
6/7/2024 16:00,174.9060814
6/7/2024 16:15,195.7795103
6/7/2024 16:30,182.0295531
6/7/2024 16:45,187.8608603
6/7/2024 17:00,197.4692641
6/7/2024 17:15,182.4271423
6/7/2024 17:30,195.3819212
6/7/2024 17:45,177.8548674
6/7/2024 18:00,204.5596034
6/7/2024 18:15,171.5928387
6/7/2024 18:30,210.8216321
6/7/2024 18:45,176.1651136
6/7/2024 19:00,195.7795103
6/7/2024 19:15,177.8548674
6/7/2024 19:30,207.9059785
6/7/2024 19:45,184.5144852
6/7/2024 20:00,194.1228889
6/7/2024 20:15,192.8638567
6/7/2024 20:30,198.2975747
6/7/2024 20:45,258.0022079
6/7/2024 21:00,227.5203752
6/7/2024 21:15,242.562497
6/7/2024 21:30,234.6107146
6/7/2024 21:45,244.2191184
6/7/2024 22:00,223.776411
6/7/2024 22:15,252.9992115
6/7/2024 22:30,222.5173788
6/7/2024 22:45,239.2161219
6/7/2024 23:00,246.3064612
6/7/2024 23:15,232.9540932
6/7/2024 23:30,233.7824039
6/7/2024 23:45,184.116896
6/8/2024 0:00,119.8068555
6/8/2024 0:15,100.1924588
6/8/2024 0:30,132.3309129
6/8/2024 0:45,100.6231804
6/8/2024 1:00,122.7225091
6/8/2024 1:15,105.6261768
6/8/2024 1:30,125.2405735
6/8/2024 1:45,99.36414814
6/8/2024 2:00,135.2465664
6/8/2024 2:15,99.36414814
6/8/2024 2:30,123.5839522
6/8/2024 2:45,109.3701411
6/8/2024 3:00,115.6321697
6/8/2024 3:15,105.6261768
6/8/2024 3:30,120.6351662
6/8/2024 3:45,111.0598948
6/8/2024 4:00,109.8008626
6/8/2024 4:15,121.4966093
6/8/2024 4:30,107.2827982
6/8/2024 4:45,134.0206666
6/8/2024 5:00,556.8898306
6/8/2024 5:15,776.9222773
6/8/2024 5:30,1424.396163
6/8/2024 5:45,2190.881726
6/8/2024 6:00,2182.929943
6/8/2024 6:15,2206.752158
6/8/2024 6:30,2181.273322
6/8/2024 6:45,2248.499016
6/8/2024 7:00,2181.704044
6/8/2024 7:15,2295.64646
6/8/2024 7:30,2365.390218
6/8/2024 7:45,2363.302875
6/8/2024 8:00,2359.128189
6/8/2024 8:15,2385.402204
6/8/2024 8:30,2274.375442
6/8/2024 8:45,2220.104526
6/8/2024 9:00,2324.86926
6/8/2024 9:15,2354.953504
6/8/2024 9:30,2360.354089
6/8/2024 9:45,2093.604921
6/8/2024 10:00,2281.896502
6/8/2024 10:15,2361.215532
6/8/2024 10:30,2231.800273
6/8/2024 10:45,2219.673805
6/8/2024 11:00,2330.302978
6/8/2024 11:15,2337.824039
6/8/2024 11:30,2256.848388
6/8/2024 11:45,2297.336213
6/8/2024 12:00,2185.448008
6/8/2024 12:15,2181.273322
6/8/2024 12:30,2167.490232
6/8/2024 12:45,2368.305872
6/8/2024 13:00,2300.251867
6/8/2024 13:15,2013.855169
6/8/2024 13:30,773.5759022
6/8/2024 13:45,842.4582177
6/8/2024 14:00,734.744698
6/8/2024 14:15,737.2627624
6/8/2024 14:30,677.9557183
6/8/2024 14:45,581.1096346
6/8/2024 15:00,476.3449009
6/8/2024 15:15,345.2398878
6/8/2024 15:30,184.116896
6/8/2024 15:45,191.6048245
6/8/2024 16:00,184.9452067
6/8/2024 16:15,232.9540932
6/8/2024 16:30,179.5114887
6/8/2024 16:45,220.827625
6/8/2024 17:00,189.5174816
6/8/2024 17:15,209.5625999
6/8/2024 17:30,186.2042389
6/8/2024 17:45,218.7402821
6/8/2024 18:00,186.2042389
6/8/2024 18:15,209.9933214
6/8/2024 18:30,198.7282963
6/8/2024 18:45,217.0836608
6/8/2024 19:00,241.7010539
6/8/2024 19:15,268.8365115
6/8/2024 19:30,250.481147
6/8/2024 19:45,270.9238544
6/8/2024 20:00,250.9118686
6/8/2024 20:15,280.1346691
6/8/2024 20:30,242.9600861
6/8/2024 20:45,268.4389224
6/8/2024 21:00,242.562497
6/8/2024 21:15,282.222012
6/8/2024 21:30,258.3997971
6/8/2024 21:45,277.6166046
6/8/2024 22:00,258.8305186
6/8/2024 22:15,275.5292617
6/8/2024 22:30,247.1347719
6/8/2024 22:45,277.1858831
6/8/2024 23:00,256.7431757
6/8/2024 23:15,275.0985402
6/8/2024 23:30,246.7371828
6/8/2024 23:45,201.6439498
6/9/2024 0:00,129.4152593
6/9/2024 0:15,149.4603775
6/9/2024 0:30,138.5929415
6/9/2024 0:45,170.7313956
6/9/2024 1:00,137.7646309
6/9/2024 1:15,137.3339093
6/9/2024 1:30,144.0266595
6/9/2024 1:45,134.8489773
6/9/2024 2:00,173.6801816
6/9/2024 2:15,127.758638
6/9/2024 2:30,155.2916847
6/9/2024 2:45,124.809852
6/9/2024 3:00,155.7224062
6/9/2024 3:15,148.6320669
6/9/2024 3:30,156.5507169
6/9/2024 3:45,130.24357
6/9/2024 4:00,156.5507169
6/9/2024 4:15,132.7616344
6/9/2024 4:30,172.4211494
6/9/2024 4:45,141.9393167
6/9/2024 5:00,141.111006
6/9/2024 5:15,148.2013453
6/9/2024 5:30,134.0206666
6/9/2024 5:45,180.7705209
6/9/2024 6:00,128.1562271
6/9/2024 6:15,159.0687813
6/9/2024 6:30,124.4122628
6/9/2024 6:45,158.2073382
6/9/2024 7:00,154.8940956
6/9/2024 7:15,151.1169989
6/9/2024 7:30,135.677288
6/9/2024 7:45,142.3700382
6/9/2024 8:00,143.595938
6/9/2024 8:15,156.9814384
6/9/2024 8:30,152.8067527
6/9/2024 8:45,127.3279164
6/9/2024 9:00,156.1199953
6/9/2024 9:15,122.7225091
6/9/2024 9:30,172.8187385
6/9/2024 9:45,131.9333237
6/9/2024 10:00,151.5477204
6/9/2024 10:15,132.3309129
6/9/2024 10:30,143.595938
6/9/2024 10:45,153.6350633
6/9/2024 11:00,144.0266595
6/9/2024 11:15,146.544724
6/9/2024 11:30,124.4122628
6/9/2024 11:45,151.5477204
6/9/2024 12:00,121.4966093
6/9/2024 12:15,158.6380598
6/9/2024 12:30,118.1502342
6/9/2024 12:45,153.6350633
6/9/2024 13:00,131.0718806
6/9/2024 13:15,140.2826953
6/9/2024 13:30,131.9333237
6/9/2024 13:45,134.0206666
6/9/2024 14:00,149.4603775
6/9/2024 14:15,124.809852
6/9/2024 14:30,148.2013453
6/9/2024 14:45,125.2405735
6/9/2024 15:00,146.544724
6/9/2024 15:15,117.7195126
6/9/2024 15:30,147.7706238
6/9/2024 15:45,121.4966093
6/9/2024 16:00,145.6832809
6/9/2024 16:15,127.758638
6/9/2024 16:30,149.029656
6/9/2024 16:45,119.4092664
6/9/2024 17:00,143.595938
6/9/2024 17:15,118.5478233
6/9/2024 17:30,151.9453096
6/9/2024 17:45,117.3219235
6/9/2024 18:00,150.2886882
6/9/2024 18:15,128.1562271
6/9/2024 18:30,147.3730347
6/9/2024 18:45,123.1532306
6/9/2024 19:00,144.0266595
6/9/2024 19:15,134.8489773
6/9/2024 19:30,142.7676273
6/9/2024 19:45,129.4152593
6/9/2024 20:00,151.1169989
6/9/2024 20:15,134.8489773
6/9/2024 20:30,135.677288
6/9/2024 20:45,138.1953524
6/9/2024 21:00,139.0236631
6/9/2024 21:15,141.9393167
6/9/2024 21:30,126.8971949
6/9/2024 21:45,162.382024
6/9/2024 22:00,121.8941984
6/9/2024 22:15,150.7194098
6/9/2024 22:30,120.2375771
6/9/2024 22:45,163.6410562
6/9/2024 23:00,133.1592235
6/9/2024 23:15,159.897092
6/9/2024 23:30,124.809852
6/9/2024 23:45,153.2043418
6/10/2024 0:00,140.6802844
6/10/2024 0:15,165.33081
6/10/2024 0:30,138.1953524
6/10/2024 0:45,141.111006
6/10/2024 1:00,151.1169989
6/10/2024 1:15,134.8489773
6/10/2024 1:30,175.7675245
6/10/2024 1:45,165.6621343
6/10/2024 2:00,132.5297074
6/10/2024 2:15,132.5297074
6/10/2024 2:30,132.5297074
6/10/2024 2:45,128.9845378
6/10/2024 3:00,157.3790276
6/10/2024 3:15,124.809852
6/10/2024 3:30,157.8097491
6/10/2024 3:45,144.4573811
6/10/2024 4:00,161.9844349
6/10/2024 4:15,128.9845378
6/10/2024 4:30,153.2043418
6/10/2024 4:45,135.2465664
6/10/2024 5:00,157.8097491
6/10/2024 5:15,155.7224062
6/10/2024 5:30,144.0266595
6/10/2024 5:45,146.1140024
6/10/2024 6:00,134.8489773
6/10/2024 6:15,161.1561242
6/10/2024 6:30,146.1140024
6/10/2024 6:45,159.897092
6/10/2024 7:00,122.32492
6/10/2024 7:15,161.5537134
6/10/2024 7:30,125.6712951
6/10/2024 7:45,181.5988316
6/10/2024 8:00,130.6742915
6/10/2024 8:15,149.029656
6/10/2024 8:30,137.7646309
6/10/2024 8:45,142.7676273
6/10/2024 9:00,169.5054958
6/10/2024 9:15,135.2465664
6/10/2024 9:30,149.4603775
6/10/2024 9:45,133.5899451
6/10/2024 10:00,156.1199953
6/10/2024 10:15,145.2856918
6/10/2024 10:30,153.2043418
6/10/2024 10:45,118.1502342
6/10/2024 11:00,151.5477204
6/10/2024 11:15,124.4122628
6/10/2024 11:30,154.0326525
6/10/2024 11:45,126.8971949
6/10/2024 12:00,137.7646309
6/10/2024 12:15,146.544724
6/10/2024 12:30,131.5026022
6/10/2024 12:45,134.4182558
6/10/2024 13:00,128.5869486
6/10/2024 13:15,147.3730347
6/10/2024 13:30,122.7225091
6/10/2024 13:45,144.4573811
6/10/2024 14:00,125.6712951
6/10/2024 14:15,142.7676273
6/10/2024 14:30,116.8912019
6/10/2024 14:45,152.3760311
6/10/2024 15:00,115.2345806
6/10/2024 15:15,141.9393167
6/10/2024 15:30,127.758638
6/10/2024 15:45,141.111006
6/10/2024 16:00,115.6321697
6/10/2024 16:15,135.2465664
6/10/2024 16:30,106.0237659
6/10/2024 16:45,120.6351662
6/10/2024 17:00,108.1111088
6/10/2024 17:15,120.6351662
6/10/2024 17:30,100.1924588
6/10/2024 17:45,118.1502342
6/10/2024 18:00,106.885209
6/10/2024 18:15,115.2345806
6/10/2024 18:30,113.9755484
6/10/2024 18:45,114.8038591
6/10/2024 19:00,107.7135197
6/10/2024 19:15,113.5448268
6/10/2024 19:30,121.8941984
6/10/2024 19:45,114.8038591
6/10/2024 20:00,115.6321697
6/10/2024 20:15,119.8068555
6/10/2024 20:30,118.9785448
6/10/2024 20:45,110.6291733
6/10/2024 21:00,117.3219235
6/10/2024 21:15,112.7165162
6/10/2024 21:30,126.8971949
6/10/2024 21:45,110.6291733
6/10/2024 22:00,118.5478233
6/10/2024 22:15,121.8941984
6/10/2024 22:30,120.6351662
6/10/2024 22:45,109.3701411
6/10/2024 23:00,123.1532306
6/10/2024 23:15,118.9785448
6/10/2024 23:30,119.4092664
6/10/2024 23:45,120.2375771
6/11/2024 0:00,124.4122628
6/11/2024 0:15,116.0628913
6/11/2024 0:30,116.8912019
6/11/2024 0:45,120.2375771
6/11/2024 1:00,121.8941984
6/11/2024 1:15,121.0658877
6/11/2024 1:30,112.2857946
6/11/2024 1:45,135.677288
6/11/2024 2:00,110.6291733
6/11/2024 2:15,126.0688842
6/11/2024 2:30,107.7135197
6/11/2024 2:45,141.111006
6/11/2024 3:00,103.936423
6/11/2024 3:15,131.9333237
6/11/2024 3:30,114.3731375
6/11/2024 3:45,133.1592235
6/11/2024 4:00,101.0207695
6/11/2024 4:15,131.5026022
6/11/2024 4:30,108.9725519
6/11/2024 4:45,135.677288
6/11/2024 5:00,101.451491
6/11/2024 5:15,144.4573811
6/11/2024 5:30,122.7225091
6/11/2024 5:45,200.8156392
6/11/2024 6:00,167.4181529
6/11/2024 6:15,201.6439498
6/11/2024 6:30,187.4301387
6/11/2024 6:45,212.4782534
6/11/2024 7:00,216.6529392
6/11/2024 7:15,222.5173788
6/11/2024 7:30,216.6529392
6/11/2024 7:45,218.342693
6/11/2024 8:00,230.8667503
6/11/2024 8:15,252.5684899
6/11/2024 8:30,243.7883968
6/11/2024 8:45,261.348583
6/11/2024 9:00,331.8875198
6/11/2024 9:15,254.2251113
6/11/2024 9:30,240.4751541
6/11/2024 9:45,241.3034648
6/11/2024 10:00,267.1798902
6/11/2024 10:15,287.2250084
6/11/2024 10:30,263.8335151
6/11/2024 10:45,277.6166046
6/11/2024 11:00,256.7431757
6/11/2024 11:15,259.2612401
6/11/2024 11:30,260.0895508
6/11/2024 11:45,257.5714864
6/11/2024 12:00,235.0414361
6/11/2024 12:15,236.3004683
6/11/2024 12:30,236.6980575
6/11/2024 12:45,242.1317755
6/11/2024 13:00,220.827625
6/11/2024 13:15,244.6498399
6/11/2024 13:30,232.1257826
6/11/2024 13:45,244.2191184
6/11/2024 14:00,221.6890681
6/11/2024 14:15,237.9570897
6/11/2024 14:30,207.0776679
6/11/2024 14:45,206.6469463
6/11/2024 15:00,223.3456894
6/11/2024 15:15,203.3005712
6/11/2024 15:30,217.9119714
6/11/2024 15:45,199.556607
6/11/2024 16:00,197.8668532
6/11/2024 16:15,209.5625999
6/11/2024 16:30,194.5536105
6/11/2024 16:45,199.556607
6/11/2024 17:00,208.3035676
6/11/2024 17:15,196.2102318
6/11/2024 17:30,209.5625999
6/11/2024 17:45,197.0385425
6/11/2024 18:00,194.9511996
6/11/2024 18:15,206.2162248
6/11/2024 18:30,194.5536105
6/11/2024 18:45,193.6921674
6/11/2024 19:00,219.9993143
6/11/2024 19:15,204.5596034
6/11/2024 19:30,175.3368029
6/11/2024 19:45,174.5084923
6/11/2024 20:00,163.2434671
6/11/2024 20:15,162.8127456
6/11/2024 20:30,175.7675245
6/11/2024 20:45,160.7254027
6/11/2024 21:00,174.0777707
6/11/2024 21:15,194.9511996
6/11/2024 21:30,217.9119714
6/11/2024 21:45,229.1769966
6/11/2024 22:00,215.4270394
6/11/2024 22:15,210.3909105
6/11/2024 22:30,229.6077181
6/11/2024 22:45,213.3396965
6/11/2024 23:00,221.2583465
6/11/2024 23:15,183.2554529
6/11/2024 23:30,151.5477204
6/11/2024 23:45,132.7616344
6/12/2024 0:00,85.15033702
6/12/2024 0:15,83.92443723
6/12/2024 0:30,105.6261768
6/12/2024 0:45,84.32202635
6/12/2024 1:00,93.93043014
6/12/2024 1:15,96.8460837
6/12/2024 1:30,89.3250228
6/12/2024 1:45,101.0207695
6/12/2024 2:00,85.58105857
6/12/2024 2:15,89.3250228
6/12/2024 2:30,98.93342659
6/12/2024 2:45,85.58105857
6/12/2024 3:00,81.83709433
6/12/2024 3:15,70.96965833
6/12/2024 3:30,82.66540501
6/12/2024 3:45,98.93342659
6/12/2024 4:00,67.62328321
6/12/2024 4:15,90.58405502
6/12/2024 4:30,86.01178012
6/12/2024 4:45,81.40637279
6/12/2024 5:00,86.40936924
6/12/2024 5:15,94.36115169
6/12/2024 5:30,182.0295531
6/12/2024 5:45,539.7934983
6/12/2024 6:00,355.6766023
6/12/2024 6:15,249.2221148
6/12/2024 6:30,240.0444326
6/12/2024 6:45,168.6440527
6/12/2024 7:00,188.2915818
6/12/2024 7:15,222.5173788
6/12/2024 7:30,217.5143823
6/12/2024 7:45,212.4782534
6/12/2024 8:00,240.4751541
6/12/2024 8:15,235.0414361
6/12/2024 8:30,222.0866572
6/12/2024 8:45,219.9993143
6/12/2024 9:00,190.7765138
6/12/2024 9:15,143.1983489
6/12/2024 9:30,168.6440527
6/12/2024 9:45,150.7194098
6/12/2024 10:00,159.0687813
6/12/2024 10:15,134.0206666
6/12/2024 10:30,168.2464636
6/12/2024 10:45,159.0687813
6/12/2024 11:00,167.4181529
6/12/2024 11:15,146.9423131
6/12/2024 11:30,137.3339093
6/12/2024 11:45,169.5054958
6/12/2024 12:00,156.9814384
6/12/2024 12:15,158.2073382
6/12/2024 12:30,131.9333237
6/12/2024 12:45,132.7616344
6/12/2024 13:00,169.5054958
6/12/2024 13:15,153.6350633
6/12/2024 13:30,133.5899451
6/12/2024 13:45,146.544724
6/12/2024 14:00,133.5899451
6/12/2024 14:15,155.7224062
6/12/2024 14:30,165.7283991
6/12/2024 14:45,131.0718806
6/12/2024 15:00,137.7646309
6/12/2024 15:15,149.4603775
6/12/2024 15:30,153.6350633
6/12/2024 15:45,141.9393167
6/12/2024 16:00,145.2856918
6/12/2024 16:15,127.3279164
6/12/2024 16:30,128.9845378
6/12/2024 16:45,156.5507169
6/12/2024 17:00,130.6742915
6/12/2024 17:15,126.0688842
6/12/2024 17:30,141.111006
6/12/2024 17:45,141.9393167
6/12/2024 18:00,138.1953524
6/12/2024 18:15,142.7676273
6/12/2024 18:30,126.8971949
6/12/2024 18:45,136.1080095
6/12/2024 19:00,158.2073382
6/12/2024 19:15,130.6742915
6/12/2024 19:30,132.3309129
6/12/2024 19:45,145.6832809
6/12/2024 20:00,127.3279164
6/12/2024 20:15,145.6832809
6/12/2024 20:30,147.3730347
6/12/2024 20:45,129.4152593
6/12/2024 21:00,124.4122628
6/12/2024 21:15,147.3730347
6/12/2024 21:30,144.4573811
6/12/2024 21:45,144.4573811
6/12/2024 22:00,138.1953524
6/12/2024 22:15,127.3279164
6/12/2024 22:30,140.6802844
6/12/2024 22:45,141.9393167
6/12/2024 23:00,134.8489773
6/12/2024 23:15,146.9423131
6/12/2024 23:30,123.5839522
6/12/2024 23:45,88.92743368
6/13/2024 0:00,71.797969
6/13/2024 0:15,58.01487943
6/13/2024 0:30,68.05400476
6/13/2024 0:45,55.09922586
6/13/2024 1:00,66.36425099
6/13/2024 1:15,67.22569409
6/13/2024 1:30,66.36425099
6/13/2024 1:45,72.22869055
6/13/2024 2:00,55.92753653
6/13/2024 2:15,70.53893678
6/13/2024 2:30,55.92753653
6/13/2024 2:45,69.31303698
6/13/2024 3:00,81.40637279
6/13/2024 3:15,50.09622941
6/13/2024 3:30,75.14434411
6/13/2024 3:45,52.1835723
6/13/2024 4:00,76.40337633
6/13/2024 4:15,79.74975144
6/13/2024 4:30,53.84019364
6/13/2024 4:45,163.6410562
6/13/2024 5:00,177.4241458
6/13/2024 5:15,197.8668532
6/13/2024 5:30,199.556607
6/13/2024 5:45,183.6861745
6/13/2024 6:00,215.4270394
6/13/2024 6:15,422.9022964
6/13/2024 6:30,1712.880204
6/13/2024 6:45,1888.614596
6/13/2024 7:00,1851.042424
6/13/2024 7:15,1853.129766
6/13/2024 7:30,1961.671597
6/13/2024 7:45,2296.077181
6/13/2024 8:00,2283.553124
6/13/2024 8:15,2265.197759
6/13/2024 8:30,2233.026173
6/13/2024 8:45,2220.932837
6/13/2024 9:00,2111.131974
6/13/2024 9:15,2223.848491
6/13/2024 9:30,2151.6198
6/13/2024 9:45,2092.77661
6/13/2024 10:00,2101.954292
6/13/2024 10:15,2237.200859
6/13/2024 10:30,2251.41467
6/13/2024 10:45,2206.321437
6/13/2024 11:00,2211.755155
6/13/2024 11:15,2233.456894
6/13/2024 11:30,2144.131872
6/13/2024 11:45,2227.625587
6/13/2024 12:00,2170.836608
6/13/2024 12:15,1997.156426
6/13/2024 12:30,2030.984634
6/13/2024 12:45,2001.331112
6/13/2024 13:00,2079.424242
6/13/2024 13:15,2144.131872
6/13/2024 13:30,2160.830615
6/13/2024 13:45,1008.186617
6/13/2024 14:00,688.8231543
6/13/2024 14:15,563.5825808
6/13/2024 14:30,624.9438354
6/13/2024 14:45,516.8327265
6/13/2024 15:00,577.3656704
6/13/2024 15:15,317.2761196
6/13/2024 15:30,246.3064612
6/13/2024 15:45,170.7313956
6/13/2024 16:00,150.7194098
6/13/2024 16:15,173.6801816
6/13/2024 16:30,168.6440527
6/13/2024 16:45,150.2886882
6/13/2024 17:00,142.7676273
6/13/2024 17:15,170.7313956
6/13/2024 17:30,140.6802844
6/13/2024 17:45,144.0266595
6/13/2024 18:00,154.463374
6/13/2024 18:15,166.9874314
6/13/2024 18:30,157.3790276
6/13/2024 18:45,142.3700382
6/13/2024 19:00,147.3730347
6/13/2024 19:15,143.1983489
6/13/2024 19:30,149.8579667
6/13/2024 19:45,139.8519738
6/13/2024 20:00,177.8548674
6/13/2024 20:15,156.5507169
6/13/2024 20:30,173.6801816
6/13/2024 20:45,209.1650107
6/13/2024 21:00,201.2132283
6/13/2024 21:15,192.4662676
6/13/2024 21:30,213.3396965
6/13/2024 21:45,155.7224062
6/13/2024 22:00,141.9393167
6/13/2024 22:15,173.24946
6/13/2024 22:30,206.2162248
6/13/2024 22:45,194.1228889
6/13/2024 23:00,210.8216321
6/13/2024 23:15,194.5536105
6/13/2024 23:30,187.4301387
6/13/2024 23:45,191.2072354
6/14/2024 0:00,124.809852
6/14/2024 0:15,114.3731375
6/14/2024 0:30,128.1562271
6/14/2024 0:45,129.4152593
6/14/2024 1:00,141.9393167
6/14/2024 1:15,136.1080095
6/14/2024 1:30,120.2375771
6/14/2024 1:45,138.1953524
6/14/2024 2:00,111.8882055
6/14/2024 2:15,126.8971949
6/14/2024 2:30,129.4152593
6/14/2024 2:45,118.9785448
6/14/2024 3:00,148.2013453
6/14/2024 3:15,128.5869486
6/14/2024 3:30,111.8882055
6/14/2024 3:45,132.3309129
6/14/2024 4:00,121.0658877
6/14/2024 4:15,129.8459808
6/14/2024 4:30,127.758638
6/14/2024 4:45,153.2043418
6/14/2024 5:00,228.7794074
6/14/2024 5:15,225.0023108
6/14/2024 5:30,227.5203752
6/14/2024 5:45,265.9208579
6/14/2024 6:00,249.6528364
6/14/2024 6:15,255.0865544
6/14/2024 6:30,288.4840406
6/14/2024 6:45,285.9659762
6/14/2024 7:00,260.0895508
6/14/2024 7:15,280.1346691
6/14/2024 7:30,351.9326381
6/14/2024 7:45,363.6283847
6/14/2024 8:00,382.8120599
6/14/2024 8:15,408.6884853
6/14/2024 8:30,571.1036417
6/14/2024 8:45,685.4767792
6/14/2024 9:00,684.217747
6/14/2024 9:15,640.3835463
6/14/2024 9:30,594.8927242
6/14/2024 9:45,624.1155247
6/14/2024 10:00,633.7239285
6/14/2024 10:15,626.2028676
6/14/2024 10:30,624.1155247
6/14/2024 10:45,624.5462462
6/14/2024 11:00,631.205864
6/14/2024 11:15,639.9859572
6/14/2024 11:30,622.0281818
6/14/2024 11:45,598.2390993
6/14/2024 12:00,614.1095318
6/14/2024 12:15,571.5012308
6/14/2024 12:30,606.1577493
6/14/2024 12:45,632.4648963
6/14/2024 13:00,637.8986143
6/14/2024 13:15,663.7750396
6/14/2024 13:30,660.8593861
6/14/2024 13:45,682.9918472
6/14/2024 14:00,637.0703036
6/14/2024 14:15,592.3746598
6/14/2024 14:30,607.8475031
6/14/2024 14:45,467.9955293
6/14/2024 15:00,394.9385281
6/14/2024 15:15,412.4655819
6/14/2024 15:30,253.8275221
6/14/2024 15:45,234.6107146
6/14/2024 16:00,194.5536105
6/14/2024 16:15,200.8156392
6/14/2024 16:30,201.2132283
6/14/2024 16:45,177.4241458
6/14/2024 17:00,200.3849176
6/14/2024 17:15,182.4271423
6/14/2024 17:30,208.3035676
6/14/2024 17:45,176.5958351
6/14/2024 18:00,200.3849176
6/14/2024 18:15,187.0325496
6/14/2024 18:30,187.4301387
6/14/2024 18:45,201.2132283
6/14/2024 19:00,191.6048245
6/14/2024 19:15,218.7402821
6/14/2024 19:30,222.9149679
6/14/2024 19:45,216.6529392
6/14/2024 20:00,180.7705209
6/14/2024 20:15,208.7342892
6/14/2024 20:30,194.5536105
6/14/2024 20:45,184.5144852
6/14/2024 21:00,210.3909105
6/14/2024 21:15,204.1288819
6/14/2024 21:30,231.2643395
6/14/2024 21:45,192.4662676
6/14/2024 22:00,209.9933214
6/14/2024 22:15,208.3035676
6/14/2024 22:30,141.9393167
6/14/2024 22:45,137.7646309
6/14/2024 23:00,128.1562271
6/14/2024 23:15,157.8097491
6/14/2024 23:30,116.8912019
6/14/2024 23:45,76.80096545
6/15/2024 0:00,59.70463319
6/15/2024 0:15,108.1111088
6/15/2024 0:30,62.18956521
6/15/2024 0:45,71.40037987
6/15/2024 1:00,60.10222232
6/15/2024 1:15,76.40337633
6/15/2024 1:30,70.96965833
6/15/2024 1:45,55.09922586
6/15/2024 2:00,104.7978661
6/15/2024 2:15,71.797969
6/15/2024 2:30,78.88830834
6/15/2024 2:45,60.10222232
6/15/2024 3:00,78.05999767
6/15/2024 3:15,68.88231543
6/15/2024 3:30,86.40936924
6/15/2024 3:45,75.57506566
6/15/2024 4:00,91.01477657
6/15/2024 4:15,65.96666187
6/15/2024 4:30,65.53594032
6/15/2024 4:45,75.97265478
6/15/2024 5:00,138.1953524
6/15/2024 5:15,157.8097491
6/15/2024 5:30,126.4996057
6/15/2024 5:45,232.1257826
6/15/2024 6:00,370.2880025
6/15/2024 6:15,490.5255796
6/15/2024 6:30,476.74249
6/15/2024 6:45,743.0940695
6/15/2024 7:00,976.4457519
6/15/2024 7:15,915.0844973
6/15/2024 7:30,927.6085547
6/15/2024 7:45,1006.099274
6/15/2024 8:00,961.4367625
6/15/2024 8:15,972.7017876
6/15/2024 8:30,998.1806239
6/15/2024 8:45,999.0089346
6/15/2024 9:00,1022.798017
6/15/2024 9:15,964.3524161
6/15/2024 9:30,899.6447864
6/15/2024 9:45,905.4760936
6/15/2024 10:00,998.1806239
6/15/2024 10:15,981.8794699
6/15/2024 10:30,925.5212118
6/15/2024 10:45,1011.532992
6/15/2024 11:00,885.4641077
6/15/2024 11:15,942.6506765
6/15/2024 11:30,914.6869082
6/15/2024 11:45,874.1659502
6/15/2024 12:00,837.8528103
6/15/2024 12:15,818.6691352
6/15/2024 12:30,663.7750396
6/15/2024 12:45,623.287214
6/15/2024 13:00,409.5499284
6/15/2024 13:15,508.8809441
6/15/2024 13:30,437.0829751
6/15/2024 13:45,218.342693
6/15/2024 14:00,164.9000885
6/15/2024 14:15,175.7675245
6/15/2024 14:30,153.2043418
6/15/2024 14:45,185.3427958
6/15/2024 15:00,139.4212522
6/15/2024 15:15,152.8067527
6/15/2024 15:30,152.8067527
6/15/2024 15:45,146.1140024
6/15/2024 16:00,144.8549702
6/15/2024 16:15,150.7194098
6/15/2024 16:30,177.4241458
6/15/2024 16:45,148.2013453
6/15/2024 17:00,131.5026022
6/15/2024 17:15,159.4663705
6/15/2024 17:30,147.3730347
6/15/2024 17:45,130.6742915
6/15/2024 18:00,142.3700382
6/15/2024 18:15,136.1080095
6/15/2024 18:30,140.2826953
6/15/2024 18:45,156.1199953
6/15/2024 19:00,139.4212522
6/15/2024 19:15,148.6320669
6/15/2024 19:30,128.1562271
6/15/2024 19:45,156.5507169
6/15/2024 20:00,143.595938
6/15/2024 20:15,133.1592235
6/15/2024 20:30,143.1983489
6/15/2024 20:45,131.9333237
6/15/2024 21:00,176.9934243
6/15/2024 21:15,128.5869486
6/15/2024 21:30,128.5869486
6/15/2024 21:45,146.544724
6/15/2024 22:00,134.4182558
6/15/2024 22:15,173.6801816
6/15/2024 22:30,144.4573811
6/15/2024 22:45,157.8097491
6/15/2024 23:00,139.0236631
6/15/2024 23:15,133.1592235
6/15/2024 23:30,141.9393167
6/15/2024 23:45,110.1984517
6/16/2024 0:00,99.36414814
6/16/2024 0:15,62.62028676
6/16/2024 0:30,75.57506566
6/16/2024 0:45,65.1383512
6/16/2024 1:00,85.58105857
6/16/2024 1:15,61.79197609
6/16/2024 1:30,90.1864659
6/16/2024 1:45,70.96965833
6/16/2024 2:00,71.40037987
6/16/2024 2:15,73.48772277
6/16/2024 2:30,63.44859743
6/16/2024 2:45,91.01477657
6/16/2024 3:00,76.40337633
6/16/2024 3:15,88.09912301
6/16/2024 3:30,58.87632252
6/16/2024 3:45,83.49371568
6/16/2024 4:00,62.62028676
6/16/2024 4:15,105.6261768
6/16/2024 4:30,62.18956521
6/16/2024 4:45,83.92443723
6/16/2024 5:00,68.45159388
6/16/2024 5:15,85.58105857
6/16/2024 5:30,60.10222232
6/16/2024 5:45,100.1924588
6/16/2024 6:00,68.05400476
6/16/2024 6:15,82.66540501
6/16/2024 6:30,56.78897963
6/16/2024 6:45,86.84009079
6/16/2024 7:00,73.48772277
6/16/2024 7:15,98.10511592
6/16/2024 7:30,57.6172903
6/16/2024 7:45,82.66540501
6/16/2024 8:00,64.2769081
6/16/2024 8:15,79.74975144
6/16/2024 8:30,69.71062611
6/16/2024 8:45,91.01477657
6/16/2024 9:00,65.96666187
6/16/2024 9:15,82.66540501
6/16/2024 9:30,55.09922586
6/16/2024 9:45,76.80096545
6/16/2024 10:00,74.71362256
6/16/2024 10:15,91.84308725
6/16/2024 10:30,53.01188297
6/16/2024 10:45,85.15033702
6/16/2024 11:00,59.27391165
6/16/2024 11:15,107.2827982
6/16/2024 11:30,109.3701411
6/16/2024 11:45,123.5839522
6/16/2024 12:00,106.0237659
6/16/2024 12:15,115.2345806
6/16/2024 12:30,91.01477657
6/16/2024 12:45,124.4122628
6/16/2024 13:00,115.2345806
6/16/2024 13:15,118.1502342
6/16/2024 13:30,91.84308725
6/16/2024 13:45,108.1111088
6/16/2024 14:00,110.1984517
6/16/2024 14:15,93.49970859
6/16/2024 14:30,123.9815413
6/16/2024 14:45,116.4604804
6/16/2024 15:00,113.1472377
6/16/2024 15:15,89.3250228
6/16/2024 15:30,97.27680525
6/16/2024 15:45,103.5388339
6/16/2024 16:00,110.6291733
6/16/2024 16:15,115.6321697
6/16/2024 16:30,92.27380879
6/16/2024 16:45,113.9755484
6/16/2024 17:00,97.67439437
6/16/2024 17:15,89.75574435
6/16/2024 17:30,114.8038591
6/16/2024 17:45,106.885209
6/16/2024 18:00,93.49970859
6/16/2024 18:15,100.1924588
6/16/2024 18:30,93.49970859
6/16/2024 18:45,115.2345806
6/16/2024 19:00,91.84308725
6/16/2024 19:15,107.7135197
6/16/2024 19:30,107.7135197
6/16/2024 19:45,90.58405502
6/16/2024 20:00,105.6261768
6/16/2024 20:15,100.6231804
6/16/2024 20:30,86.84009079
6/16/2024 20:45,122.7225091
6/16/2024 21:00,106.885209
6/16/2024 21:15,109.3701411
6/16/2024 21:30,87.23767991
6/16/2024 21:45,90.58405502
6/16/2024 22:00,115.2345806
6/16/2024 22:15,105.6261768
6/16/2024 22:30,120.6351662
6/16/2024 22:45,92.27380879
6/16/2024 23:00,119.8068555
6/16/2024 23:15,96.8460837
6/16/2024 23:30,92.27380879
6/16/2024 23:45,113.1472377
6/17/2024 0:00,119.8068555
6/17/2024 0:15,106.885209
6/17/2024 0:30,97.67439437
6/17/2024 0:45,111.8882055
6/17/2024 1:00,105.6261768
6/17/2024 1:15,109.8008626
6/17/2024 1:30,117.7195126
6/17/2024 1:45,98.53583747
6/17/2024 2:00,121.8941984
6/17/2024 2:15,93.93043014
6/17/2024 2:30,113.5448268
6/17/2024 2:45,99.76173726
6/17/2024 3:00,142.7676273
6/17/2024 3:15,98.93342659
6/17/2024 3:30,113.9755484
6/17/2024 3:45,92.27380879
6/17/2024 4:00,118.9785448
6/17/2024 4:15,100.1924588
6/17/2024 4:30,131.9333237
6/17/2024 4:45,104.3671446
6/17/2024 5:00,113.9755484
6/17/2024 5:15,109.3701411
6/17/2024 5:30,115.6321697
6/17/2024 5:45,103.936423
6/17/2024 6:00,132.7616344
6/17/2024 6:15,125.2405735
6/17/2024 6:30,125.2405735
6/17/2024 6:45,106.885209
6/17/2024 7:00,123.5839522
6/17/2024 7:15,104.7978661
6/17/2024 7:30,144.4573811
6/17/2024 7:45,114.8038591
6/17/2024 8:00,140.6802844
6/17/2024 8:15,101.8490802
6/17/2024 8:30,124.809852
6/17/2024 8:45,124.809852
6/17/2024 9:00,130.6742915
6/17/2024 9:15,134.4182558
6/17/2024 9:30,126.4996057
6/17/2024 9:45,115.6321697
6/17/2024 10:00,123.9815413
6/17/2024 10:15,138.5929415
6/17/2024 10:30,102.7105233
6/17/2024 10:45,155.7224062
6/17/2024 11:00,96.8460837
6/17/2024 11:15,130.6742915
6/17/2024 11:30,120.6351662
6/17/2024 11:45,128.9845378
6/17/2024 12:00,102.2798017
6/17/2024 12:15,151.5477204
6/17/2024 12:30,101.8490802
6/17/2024 12:45,139.0236631
6/17/2024 13:00,111.0598948
6/17/2024 13:15,119.8068555
6/17/2024 13:30,112.2857946
6/17/2024 13:45,138.5929415
6/17/2024 14:00,108.1111088
6/17/2024 14:15,140.2826953
6/17/2024 14:30,100.1924588
6/17/2024 14:45,124.4122628
6/17/2024 15:00,111.0598948
6/17/2024 15:15,138.5929415
6/17/2024 15:30,123.5839522
6/17/2024 15:45,114.3731375
6/17/2024 16:00,106.885209
6/17/2024 16:15,117.3219235
6/17/2024 16:30,107.2827982
6/17/2024 16:45,157.3790276
6/17/2024 17:00,103.936423
6/17/2024 17:15,113.1472377
6/17/2024 17:30,100.6231804
6/17/2024 17:45,117.7195126
6/17/2024 18:00,118.1502342
6/17/2024 18:15,147.7706238
6/17/2024 18:30,98.10511592
6/17/2024 18:45,123.9815413
6/17/2024 19:00,105.1954553
6/17/2024 19:15,137.7646309
6/17/2024 19:30,100.6231804
6/17/2024 19:45,142.7676273
6/17/2024 20:00,101.8490802
6/17/2024 20:15,139.8519738
6/17/2024 20:30,108.5418304
6/17/2024 20:45,125.6712951
6/17/2024 21:00,100.1924588
6/17/2024 21:15,153.6350633
6/17/2024 21:30,123.5839522
6/17/2024 21:45,126.0688842
6/17/2024 22:00,101.8490802
6/17/2024 22:15,128.9845378
6/17/2024 22:30,121.4966093
6/17/2024 22:45,165.7283991
6/17/2024 23:00,108.9725519
6/17/2024 23:15,120.6351662
6/17/2024 23:30,114.8038591
6/17/2024 23:45,144.0266595
6/18/2024 0:00,115.6321697
6/18/2024 0:15,154.8940956
6/18/2024 0:30,105.1954553
6/18/2024 0:45,145.6832809
6/18/2024 1:00,121.8941984
6/18/2024 1:15,135.2465664
6/18/2024 1:30,109.8008626
6/18/2024 1:45,149.8579667
6/18/2024 2:00,134.0206666
6/18/2024 2:15,146.9423131
6/18/2024 2:30,119.4092664
6/18/2024 2:45,123.5839522
6/18/2024 3:00,129.4152593
6/18/2024 3:15,146.1140024
6/18/2024 3:30,159.0687813
6/18/2024 3:45,114.8038591
6/18/2024 4:00,141.5085951
6/18/2024 4:15,121.0658877
6/18/2024 4:30,148.2013453
6/18/2024 4:45,209.1650107
6/18/2024 5:00,1345.905444
6/18/2024 5:15,1722.488607
6/18/2024 5:30,1758.371026
6/18/2024 5:45,525.5796872
6/18/2024 6:00,640.3835463
6/18/2024 6:15,574.847606
6/18/2024 6:30,563.5825808
6/18/2024 6:45,585.2843204
6/18/2024 7:00,548.540459
6/18/2024 7:15,570.6729202
6/18/2024 7:30,589.0614171
6/18/2024 7:45,658.3413216
6/18/2024 8:00,386.5891566
6/18/2024 8:15,263.4359259
6/18/2024 8:30,237.128779
6/18/2024 8:45,230.0384397
6/18/2024 9:00,243.3908077
6/18/2024 9:15,212.0806643
6/18/2024 9:30,255.0865544
6/18/2024 9:45,222.0866572
6/18/2024 10:00,271.354576
6/18/2024 10:15,262.1768937
6/18/2024 10:30,235.0414361
6/18/2024 10:45,259.2612401
6/18/2024 11:00,222.5173788
6/18/2024 11:15,258.0022079
6/18/2024 11:30,217.0836608
6/18/2024 11:45,243.7883968
6/18/2024 12:00,217.0836608
6/18/2024 12:15,245.4781506
6/18/2024 12:30,217.5143823
6/18/2024 12:45,249.2221148
6/18/2024 13:00,200.8156392
6/18/2024 13:15,221.2583465
6/18/2024 13:30,208.7342892
6/18/2024 13:45,202.4722605
6/18/2024 14:00,161.9844349
6/18/2024 14:15,198.7282963
6/18/2024 14:30,167.4181529
6/18/2024 14:45,196.2102318
6/18/2024 15:00,175.7675245
6/18/2024 15:15,175.3368029
6/18/2024 15:30,137.3339093
6/18/2024 15:45,164.9000885
6/18/2024 16:00,156.9814384
6/18/2024 16:15,141.5085951
6/18/2024 16:30,139.4212522
6/18/2024 16:45,138.5929415
6/18/2024 17:00,156.9814384
6/18/2024 17:15,142.7676273
6/18/2024 17:30,138.5929415
6/18/2024 17:45,127.3279164
6/18/2024 18:00,166.1591207
6/18/2024 18:15,131.9333237
6/18/2024 18:30,144.4573811
6/18/2024 18:45,131.5026022
6/18/2024 19:00,173.24946
6/18/2024 19:15,148.2013453
6/18/2024 19:30,185.7735174
6/18/2024 19:45,148.6320669
6/18/2024 20:00,179.9422103
6/18/2024 20:15,151.5477204
6/18/2024 20:30,178.2524565
6/18/2024 20:45,149.029656
6/18/2024 21:00,182.0295531
6/18/2024 21:15,149.4603775
6/18/2024 21:30,178.2524565
6/18/2024 21:45,155.2916847
6/18/2024 22:00,173.24946
6/18/2024 22:15,159.0687813
6/18/2024 22:30,167.815742
6/18/2024 22:45,162.382024
6/18/2024 23:00,164.0717778
6/18/2024 23:15,175.7675245
6/18/2024 23:30,154.8940956
6/18/2024 23:45,123.5839522
6/19/2024 0:00,75.14434411
6/19/2024 0:15,103.936423
6/19/2024 0:30,69.71062611
6/19/2024 0:45,84.32202635
6/19/2024 1:00,70.96965833
6/19/2024 1:15,93.93043014
6/19/2024 1:30,89.75574435
6/19/2024 1:45,79.74975144
6/19/2024 2:00,74.71362256
6/19/2024 2:15,82.23468346
6/19/2024 2:30,103.936423
6/19/2024 2:45,73.48772277
6/19/2024 3:00,111.4574839
6/19/2024 3:15,53.01188297
6/19/2024 3:30,97.27680525
6/19/2024 3:45,81.83709433
6/19/2024 4:00,102.7105233
6/19/2024 4:15,85.58105857
6/19/2024 4:30,97.67439437
6/19/2024 4:45,180.7705209
6/19/2024 5:00,216.6529392
6/19/2024 5:15,295.57438
6/19/2024 5:30,330.2308985
6/19/2024 5:45,512.2273192
6/19/2024 6:00,549.7994912
6/19/2024 6:15,626.2028676
6/19/2024 6:30,659.1696323
6/19/2024 6:45,777.3198665
6/19/2024 7:00,788.1873025
6/19/2024 7:15,864.5906788
6/19/2024 7:30,809.8890421
6/19/2024 7:45,785.669238
6/19/2024 8:00,761.0518449
6/19/2024 8:15,761.8801556
6/19/2024 8:30,733.0880766
6/19/2024 8:45,665.431661
6/19/2024 9:00,673.3834434
6/19/2024 9:15,652.9076036
6/19/2024 9:30,622.8564925
6/19/2024 9:45,662.946729
6/19/2024 10:00,764.39822
6/19/2024 10:15,706.7809297
6/19/2024 10:30,753.9615055
6/19/2024 10:45,770.6602487
6/19/2024 11:00,765.2265307
6/19/2024 11:15,768.5729058
6/19/2024 11:30,765.2265307
6/19/2024 11:45,746.0097231
6/19/2024 12:00,711.3532046
6/19/2024 12:15,676.7298185
6/19/2024 12:30,703.003833
6/19/2024 12:45,731.3983228
6/19/2024 13:00,712.2146477
6/19/2024 13:15,732.2266335
6/19/2024 13:30,723.0489513
6/19/2024 13:45,722.6513622
6/19/2024 14:00,721.7899191
6/19/2024 14:15,724.3079835
6/19/2024 14:30,677.5581292
6/19/2024 14:45,481.3478974
6/19/2024 15:00,234.2131254
6/19/2024 15:15,246.7371828
6/19/2024 15:30,235.8697468
6/19/2024 15:45,184.5144852
6/19/2024 16:00,145.2856918
6/19/2024 16:15,130.24357
6/19/2024 16:30,137.7646309
6/19/2024 16:45,122.7225091
6/19/2024 17:00,134.0206666
6/19/2024 17:15,131.0718806
6/19/2024 17:30,122.7225091
6/19/2024 17:45,135.2465664
6/19/2024 18:00,121.8941984
6/19/2024 18:15,138.5929415
6/19/2024 18:30,119.4092664
6/19/2024 18:45,126.0688842
6/19/2024 19:00,142.3700382
6/19/2024 19:15,129.4152593
6/19/2024 19:30,146.9423131
6/19/2024 19:45,123.9815413
6/19/2024 20:00,142.3700382
6/19/2024 20:15,121.8941984
6/19/2024 20:30,136.1080095
6/19/2024 20:45,129.8459808
6/19/2024 21:00,138.1953524
6/19/2024 21:15,140.2826953
6/19/2024 21:30,127.3279164
6/19/2024 21:45,151.5477204
6/19/2024 22:00,133.1592235
6/19/2024 22:15,148.2013453
6/19/2024 22:30,127.3279164
6/19/2024 22:45,144.4573811
6/19/2024 23:00,124.809852
6/19/2024 23:15,151.5477204
6/19/2024 23:30,133.1592235
6/19/2024 23:45,117.7195126
6/20/2024 0:00,56.78897963
6/20/2024 0:15,67.22569409
6/20/2024 0:30,55.09922586
6/20/2024 0:45,67.62328321
6/20/2024 1:00,58.87632252
6/20/2024 1:15,60.96366542
6/20/2024 1:30,59.70463319
6/20/2024 1:45,68.05400476
6/20/2024 2:00,58.87632252
6/20/2024 2:15,62.62028676
6/20/2024 2:30,65.96666187
6/20/2024 2:45,63.05100831
6/20/2024 3:00,63.87931898
6/20/2024 3:15,67.62328321
6/20/2024 3:30,61.79197609
6/20/2024 3:45,70.53893678
6/20/2024 4:00,60.96366542
6/20/2024 4:15,73.48772277
6/20/2024 4:30,55.92753653
6/20/2024 4:45,115.2345806
6/20/2024 5:00,148.6320669
6/20/2024 5:15,205.3879141
6/20/2024 5:30,192.4662676
6/20/2024 5:45,215.8246285
6/20/2024 6:00,187.4301387
6/20/2024 6:15,224.1740001
6/20/2024 6:30,207.475257
6/20/2024 6:45,217.5143823
6/20/2024 7:00,319.3634625
6/20/2024 7:15,1384.736648
6/20/2024 7:30,2116.996414
6/20/2024 7:45,2141.613807
6/20/2024 8:00,2154.966175
6/20/2024 8:15,2213.014187
6/20/2024 8:30,2246.411673
6/20/2024 8:45,2253.502013
6/20/2024 9:00,2253.502013
6/20/2024 9:15,2230.541241
6/20/2024 9:30,2260.16163
6/20/2024 9:45,2231.369551
6/20/2024 10:00,2252.24298
6/20/2024 10:15,2254.330323
6/20/2024 10:30,2282.724813
6/20/2024 10:45,2250.155638
6/20/2024 11:00,2235.113516
6/20/2024 11:15,2264.336316
6/20/2024 11:30,2248.068295
6/20/2024 11:45,2245.152641
6/20/2024 12:00,2101.523571
6/20/2024 12:15,828.2444065
6/20/2024 12:30,718.8742655
6/20/2024 12:45,736.4013193
6/20/2024 13:00,847.8919357
6/20/2024 13:15,823.6721316
6/20/2024 13:30,811.5456634
6/20/2024 13:45,798.1932954
6/20/2024 14:00,792.7595774
6/20/2024 14:15,596.9800671
6/20/2024 14:30,611.1607458
6/20/2024 14:45,441.6883824
6/20/2024 15:00,258.8305186
6/20/2024 15:15,166.5567098
6/20/2024 15:30,177.8548674
6/20/2024 15:45,147.3730347
6/20/2024 16:00,170.7313956
6/20/2024 16:15,138.1953524
6/20/2024 16:30,163.2434671
6/20/2024 16:45,136.9363202
6/20/2024 17:00,162.382024
6/20/2024 17:15,141.5085951
6/20/2024 17:30,157.8097491
6/20/2024 17:45,151.1169989
6/20/2024 18:00,154.463374
6/20/2024 18:15,132.3309129
6/20/2024 18:30,151.9453096
6/20/2024 18:45,135.2465664
6/20/2024 19:00,164.4693669
6/20/2024 19:15,145.6832809
6/20/2024 19:30,165.7283991
6/20/2024 19:45,140.6802844
6/20/2024 20:00,165.33081
6/20/2024 20:15,141.5085951
6/20/2024 20:30,178.2524565
6/20/2024 20:45,141.111006
6/20/2024 21:00,176.1651136
6/20/2024 21:15,145.2856918
6/20/2024 21:30,180.3397994
6/20/2024 21:45,147.7706238
6/20/2024 22:00,170.7313956
6/20/2024 22:15,151.1169989
6/20/2024 22:30,184.5144852
6/20/2024 22:45,148.2013453
6/20/2024 23:00,173.24946
6/20/2024 23:15,158.6380598
6/20/2024 23:30,178.2524565
6/20/2024 23:45,158.2073382
6/21/2024 0:00,159.4663705
6/21/2024 0:15,131.5026022
6/21/2024 0:30,135.2465664
6/21/2024 0:45,144.8549702
6/21/2024 1:00,132.7616344
6/21/2024 1:15,139.8519738
6/21/2024 1:30,120.2375771
6/21/2024 1:45,148.2013453
6/21/2024 2:00,115.6321697
6/21/2024 2:15,164.4693669
6/21/2024 2:30,116.4604804
6/21/2024 2:45,143.1983489
6/21/2024 3:00,128.9845378
6/21/2024 3:15,137.7646309
6/21/2024 3:30,149.029656
6/21/2024 3:45,131.0718806
6/21/2024 4:00,138.5929415
6/21/2024 4:15,125.2405735
6/21/2024 4:30,150.7194098
6/21/2024 4:45,169.9030849
6/21/2024 5:00,430.4233573
6/21/2024 5:15,1401.435391
6/21/2024 5:30,2058.948402
6/21/2024 5:45,2090.689267
6/21/2024 6:00,2067.728495
6/21/2024 6:15,2175.839604
6/21/2024 6:30,2408.362976
6/21/2024 6:45,2410.450319
6/21/2024 7:00,2247.239984
6/21/2024 7:15,2018.460576
6/21/2024 7:30,2148.306557
6/21/2024 7:45,2114.909071
6/21/2024 8:00,2140.354775
6/21/2024 8:15,2082.339895
6/21/2024 8:30,2008.852173
6/21/2024 8:45,1998.415458
6/21/2024 9:00,1998.017869
6/21/2024 9:15,2190.451004
6/21/2024 9:30,2116.996414
6/21/2024 9:45,1982.147437
6/21/2024 10:00,1973.798065
6/21/2024 10:15,1980.060094
6/21/2024 10:30,2138.267432
6/21/2024 10:45,1969.192658
6/21/2024 11:00,2048.942409
6/21/2024 11:15,2150.791489
6/21/2024 11:30,2003.020866
6/21/2024 11:45,2039.764727
6/21/2024 12:00,2067.728495
6/21/2024 12:15,1939.969857
6/21/2024 12:30,1962.102318
6/21/2024 12:45,1966.277004
6/21/2024 13:00,1975.885408
6/21/2024 13:15,2057.291781
6/21/2024 13:30,2051.029752
6/21/2024 13:45,2008.852173
6/21/2024 14:00,1063.285843
6/21/2024 14:15,799.8830492
6/21/2024 14:30,708.437551
6/21/2024 14:45,616.5944638
6/21/2024 15:00,508.8809441
6/21/2024 15:15,234.6107146
6/21/2024 15:30,276.3575724
6/21/2024 15:45,190.7765138
6/21/2024 16:00,166.1591207
6/21/2024 16:15,150.2886882
6/21/2024 16:30,147.3730347
6/21/2024 16:45,149.8579667
6/21/2024 17:00,174.0777707
6/21/2024 17:15,171.1621171
6/21/2024 17:30,171.9904278
6/21/2024 17:45,151.1169989
6/21/2024 18:00,153.2043418
6/21/2024 18:15,146.9423131
6/21/2024 18:30,155.7224062
6/21/2024 18:45,160.7254027
6/21/2024 19:00,159.897092
6/21/2024 19:15,148.6320669
6/21/2024 19:30,161.1561242
6/21/2024 19:45,150.2886882
6/21/2024 20:00,167.4181529
6/21/2024 20:15,141.111006
6/21/2024 20:30,152.8067527
6/21/2024 20:45,149.029656
6/21/2024 21:00,158.6380598
6/21/2024 21:15,151.5477204
6/21/2024 21:30,164.9000885
6/21/2024 21:45,143.595938
6/21/2024 22:00,156.5507169
6/21/2024 22:15,143.1983489
6/21/2024 22:30,174.5084923
6/21/2024 22:45,130.6742915
6/21/2024 23:00,169.5054958
6/21/2024 23:15,139.8519738
6/21/2024 23:30,163.2434671
6/21/2024 23:45,153.2043418
6/22/2024 0:00,165.33081
6/22/2024 0:15,115.6321697
6/22/2024 0:30,94.36115169
6/22/2024 0:45,74.31603344
6/22/2024 1:00,102.7105233
6/22/2024 1:15,63.87931898
6/22/2024 1:30,91.84308725
6/22/2024 1:45,64.2769081
6/22/2024 2:00,93.93043014
6/22/2024 2:15,70.14134765
6/22/2024 2:30,96.44849458
6/22/2024 2:45,64.70762965
6/22/2024 3:00,88.09912301
6/22/2024 3:15,72.22869055
6/22/2024 3:30,93.10211947
6/22/2024 3:45,79.74975144
6/22/2024 4:00,94.75874081
6/22/2024 4:15,74.31603344
6/22/2024 4:30,91.01477657
6/22/2024 4:45,146.544724
6/22/2024 5:00,437.9112858
6/22/2024 5:15,618.2842176
6/22/2024 5:30,617.4227745
6/22/2024 5:45,628.720932
6/22/2024 6:00,616.1968747
6/22/2024 6:15,755.6181269
6/22/2024 6:30,817.410103
6/22/2024 6:45,997.7499023
6/22/2024 7:00,1031.147389
6/22/2024 7:15,1292.495972
6/22/2024 7:30,2561.169728
6/22/2024 7:45,2778.253389
6/22/2024 8:00,2683.892237
6/22/2024 8:15,2679.319963
6/22/2024 8:30,2630.482765
6/22/2024 8:45,2649.666441
6/22/2024 9:00,2596.654558
6/22/2024 9:15,2768.247396
6/22/2024 9:30,2739.852906
6/22/2024 9:45,2616.268954
6/22/2024 10:00,2600.398522
6/22/2024 10:15,2767.385953
6/22/2024 10:30,2495.633788
6/22/2024 10:45,2428.408094
6/22/2024 11:00,1449.046689
6/22/2024 11:15,1093.336954
6/22/2024 11:30,990.2288414
6/22/2024 11:45,1138.032598
6/22/2024 12:00,1086.677336
6/22/2024 12:15,1019.054053
6/22/2024 12:30,962.6957947
6/22/2024 12:45,1009.445649
6/22/2024 13:00,988.1414986
6/22/2024 13:15,928.0392762
6/22/2024 13:30,917.1718402
6/22/2024 13:45,643.7299214
6/22/2024 14:00,550.6278019
6/22/2024 14:15,536.0164017
6/22/2024 14:30,502.2213263
6/22/2024 14:45,263.0052044
6/22/2024 15:00,269.6979546
6/22/2024 15:15,240.0444326
6/22/2024 15:30,262.1768937
6/22/2024 15:45,212.908975
6/22/2024 16:00,166.5567098
6/22/2024 16:15,124.4122628
6/22/2024 16:30,170.7313956
6/22/2024 16:45,143.1983489
6/22/2024 17:00,155.2916847
6/22/2024 17:15,131.5026022
6/22/2024 17:30,154.463374
6/22/2024 17:45,135.677288
6/22/2024 18:00,142.7676273
6/22/2024 18:15,147.3730347
6/22/2024 18:30,137.3339093
6/22/2024 18:45,153.6350633
6/22/2024 19:00,133.5899451
6/22/2024 19:15,163.6410562
6/22/2024 19:30,133.1592235
6/22/2024 19:45,169.9030849
6/22/2024 20:00,126.4996057
6/22/2024 20:15,166.1591207
6/22/2024 20:30,139.8519738
6/22/2024 20:45,154.8940956
6/22/2024 21:00,150.2886882
6/22/2024 21:15,151.1169989
6/22/2024 21:30,150.2886882
6/22/2024 21:45,144.0266595
6/22/2024 22:00,156.9814384
6/22/2024 22:15,131.0718806
6/22/2024 22:30,166.5567098
6/22/2024 22:45,127.758638
6/22/2024 23:00,161.1561242
6/22/2024 23:15,139.4212522
6/22/2024 23:30,154.463374
6/22/2024 23:45,150.7194098
6/23/2024 0:00,118.1502342
6/23/2024 0:15,83.49371568
6/23/2024 0:30,68.45159388
6/23/2024 0:45,94.75874081
6/23/2024 1:00,55.09922586
6/23/2024 1:15,98.10511592
6/23/2024 1:30,65.1383512
6/23/2024 1:45,86.01178012
6/23/2024 2:00,79.31902989
6/23/2024 2:15,76.40337633
6/23/2024 2:30,84.7527479
6/23/2024 2:45,73.48772277
6/23/2024 3:00,93.93043014
6/23/2024 3:15,56.35825808
6/23/2024 3:30,103.936423
6/23/2024 3:45,64.2769081
6/23/2024 4:00,89.3250228
6/23/2024 4:15,84.32202635
6/23/2024 4:30,78.49071922
6/23/2024 4:45,86.84009079
6/23/2024 5:00,75.14434411
6/23/2024 5:15,88.49671213
6/23/2024 5:30,68.05400476
6/23/2024 5:45,101.0207695
6/23/2024 6:00,60.96366542
6/23/2024 6:15,102.7105233
6/23/2024 6:30,68.45159388
6/23/2024 6:45,86.01178012
6/23/2024 7:00,86.01178012
6/23/2024 7:15,79.74975144
6/23/2024 7:30,85.58105857
6/23/2024 7:45,74.31603344
6/23/2024 8:00,92.27380879
6/23/2024 8:15,64.70762965
6/23/2024 8:30,103.1081124
6/23/2024 8:45,60.10222232
6/23/2024 9:00,99.76173726
6/23/2024 9:15,65.96666187
6/23/2024 9:30,85.58105857
6/23/2024 9:45,79.74975144
6/23/2024 10:00,76.80096545
6/23/2024 10:15,79.31902989
6/23/2024 10:30,74.31603344
6/23/2024 10:45,87.23767991
6/23/2024 11:00,65.1383512
6/23/2024 11:15,102.7105233
6/23/2024 11:30,52.1835723
6/23/2024 11:45,94.36115169
6/23/2024 12:00,66.36425099
6/23/2024 12:15,77.66240855
6/23/2024 12:30,80.14734056
6/23/2024 12:45,68.88231543
6/23/2024 13:00,84.32202635
6/23/2024 13:15,64.70762965
6/23/2024 13:30,90.1864659
6/23/2024 13:45,56.78897963
6/23/2024 14:00,87.66840146
6/23/2024 14:15,66.79497254
6/23/2024 14:30,75.14434411
6/23/2024 14:45,79.31902989
6/23/2024 15:00,60.53294387
6/23/2024 15:15,91.4123657
6/23/2024 15:30,52.61429385
6/23/2024 15:45,92.27380879
6/23/2024 16:00,62.18956521
6/23/2024 16:15,82.23468346
6/23/2024 16:30,70.96965833
6/23/2024 16:45,73.88531189
6/23/2024 17:00,83.49371568
6/23/2024 17:15,61.36125454
6/23/2024 17:30,100.6231804
6/23/2024 17:45,51.35526163
6/23/2024 18:00,94.36115169
6/23/2024 18:15,67.62328321
6/23/2024 18:30,79.74975144
6/23/2024 18:45,78.88830834
6/23/2024 19:00,73.05700122
6/23/2024 19:15,86.01178012
6/23/2024 19:30,69.31303698
6/23/2024 19:45,93.10211947
6/23/2024 20:00,62.18956521
6/23/2024 20:15,95.58705148
6/23/2024 20:30,69.31303698
6/23/2024 20:45,80.57806211
6/23/2024 21:00,86.40936924
6/23/2024 21:15,65.1383512
6/23/2024 21:30,106.885209
6/23/2024 21:45,58.44560097
6/23/2024 22:00,96.01777303
6/23/2024 22:15,68.88231543
6/23/2024 22:30,87.23767991
6/23/2024 22:45,77.66240855
6/23/2024 23:00,79.31902989
6/23/2024 23:15,88.09912301
6/23/2024 23:30,64.2769081
6/23/2024 23:45,98.93342659
6/24/2024 0:00,57.6172903
6/24/2024 0:15,93.93043014
6/24/2024 0:30,66.79497254
6/24/2024 0:45,85.58105857
6/24/2024 1:00,76.40337633
6/24/2024 1:15,71.40037987
6/24/2024 1:30,90.1864659
6/24/2024 1:45,62.62028676
6/24/2024 2:00,97.27680525
6/24/2024 2:15,55.52994741
6/24/2024 2:30,91.84308725
6/24/2024 2:45,70.53893678
6/24/2024 3:00,83.06299413
6/24/2024 3:15,78.05999767
6/24/2024 3:30,72.22869055
6/24/2024 3:45,90.1864659
6/24/2024 4:00,63.05100831
6/24/2024 4:15,96.01777303
6/24/2024 4:30,57.6172903
6/24/2024 4:45,91.4123657
6/24/2024 5:00,69.71062611
6/24/2024 5:15,82.23468346
6/24/2024 5:30,78.05999767
6/24/2024 5:45,73.05700122
6/24/2024 6:00,88.92743368
6/24/2024 6:15,63.05100831
6/24/2024 6:30,102.7105233
6/24/2024 6:45,70.14134765
6/24/2024 7:00,98.10511592
6/24/2024 7:15,71.797969
6/24/2024 7:30,78.88830834
6/24/2024 7:45,80.57806211
6/24/2024 8:00,72.62627967
6/24/2024 8:15,99.36414814
6/24/2024 8:30,58.01487943
6/24/2024 8:45,94.36115169
6/24/2024 9:00,67.22569409
6/24/2024 9:15,81.40637279
6/24/2024 9:30,76.80096545
6/24/2024 9:45,75.57506566
6/24/2024 10:00,83.06299413
6/24/2024 10:15,66.36425099
6/24/2024 10:30,96.01777303
6/24/2024 10:45,58.44560097
6/24/2024 11:00,88.49671213
6/24/2024 11:15,67.62328321
6/24/2024 11:30,83.49371568
6/24/2024 11:45,73.05700122
6/24/2024 12:00,75.14434411
6/24/2024 12:15,82.66540501
6/24/2024 12:30,67.22569409
6/24/2024 12:45,89.75574435
6/24/2024 13:00,58.87632252
6/24/2024 13:15,88.92743368
6/24/2024 13:30,63.44859743
6/24/2024 13:45,86.01178012
6/24/2024 14:00,70.14134765
6/24/2024 14:15,73.48772277
6/24/2024 14:30,80.57806211
6/24/2024 14:45,66.36425099
6/24/2024 15:00,87.66840146
6/24/2024 15:15,52.61429385
6/24/2024 15:30,92.67139792
6/24/2024 15:45,58.44560097
6/24/2024 16:00,80.97565124
6/24/2024 16:15,69.71062611
6/24/2024 16:30,66.36425099
6/24/2024 16:45,83.92443723
6/24/2024 17:00,57.18656875
6/24/2024 17:15,84.32202635
6/24/2024 17:30,53.44260452
6/24/2024 17:45,82.66540501
6/24/2024 18:00,60.10222232
6/24/2024 18:15,78.05999767
6/24/2024 18:30,68.05400476
6/24/2024 18:45,72.22869055
6/24/2024 19:00,76.80096545
6/24/2024 19:15,56.78897963
6/24/2024 19:30,90.1864659
6/24/2024 19:45,50.92454008
6/24/2024 20:00,83.92443723
6/24/2024 20:15,56.35825808
6/24/2024 20:30,80.97565124
6/24/2024 20:45,62.62028676
6/24/2024 21:00,79.31902989
6/24/2024 21:15,75.97265478
6/24/2024 21:30,61.36125454
6/24/2024 21:45,86.84009079
6/24/2024 22:00,55.09922586
6/24/2024 22:15,83.92443723
6/24/2024 22:30,55.52994741
6/24/2024 22:45,83.06299413
6/24/2024 23:00,61.36125454
6/24/2024 23:15,80.14734056
6/24/2024 23:30,65.96666187
6/24/2024 23:45,71.40037987
6/25/2024 0:00,76.80096545
6/25/2024 0:15,60.10222232
6/25/2024 0:30,84.32202635
6/25/2024 0:45,52.61429385
6/25/2024 1:00,86.01178012
6/25/2024 1:15,53.01188297
6/25/2024 1:30,84.7527479
6/25/2024 1:45,58.44560097
6/25/2024 2:00,80.97565124
6/25/2024 2:15,66.79497254
6/25/2024 2:30,67.22569409
6/25/2024 2:45,78.88830834
6/25/2024 3:00,60.96366542
6/25/2024 3:15,81.40637279
6/25/2024 3:30,55.52994741
6/25/2024 3:45,83.06299413
6/25/2024 4:00,49.26791874
6/25/2024 4:15,93.49970859
6/25/2024 4:30,56.78897963
6/25/2024 4:45,103.1081124
6/25/2024 5:00,178.2524565
6/25/2024 5:15,349.8452952
6/25/2024 5:30,603.6728173
6/25/2024 5:45,1784.678173
6/25/2024 6:00,1815.557594
6/25/2024 6:15,1813.470252
6/25/2024 6:30,1818.075659
6/25/2024 6:45,2202.577473
6/25/2024 7:00,2224.279212
6/25/2024 7:15,948.9127052
6/25/2024 7:30,798.1932954
6/25/2024 7:45,661.2569752
6/25/2024 8:00,738.9193837
6/25/2024 8:15,596.5493455
6/25/2024 8:30,271.354576
6/25/2024 8:45,174.9060814
6/25/2024 9:00,200.3849176
6/25/2024 9:15,179.0807672
6/25/2024 9:30,197.4692641
6/25/2024 9:45,180.7705209
6/25/2024 10:00,212.4782534
6/25/2024 10:15,175.7675245
6/25/2024 10:30,195.3819212
6/25/2024 10:45,441.6883824
6/25/2024 11:00,1647.741852
6/25/2024 11:15,1688.229678
6/25/2024 11:30,1742.103004
6/25/2024 11:45,1724.57595
6/25/2024 12:00,2124.915064
6/25/2024 12:15,2157.48424
6/25/2024 12:30,2159.140861
6/25/2024 12:45,2115.30666
6/25/2024 13:00,2229.71293
6/25/2024 13:15,2048.942409
6/25/2024 13:30,2211.324433
6/25/2024 13:45,2141.183086
6/25/2024 14:00,2118.653035
6/25/2024 14:15,1041.153382
6/25/2024 14:30,774.8349345
6/25/2024 14:45,539.7934983
6/25/2024 15:00,442.9474146
6/25/2024 15:15,242.562497
6/25/2024 15:30,225.8637539
6/25/2024 15:45,176.1651136
6/25/2024 16:00,171.1621171
6/25/2024 16:15,195.3819212
6/25/2024 16:30,182.4271423
6/25/2024 16:45,231.2643395
6/25/2024 17:00,224.6047217
6/25/2024 17:15,222.9149679
6/25/2024 17:30,186.6018281
6/25/2024 17:45,161.1561242
6/25/2024 18:00,181.16811
6/25/2024 18:15,172.8187385
6/25/2024 18:30,162.8127456
6/25/2024 18:45,184.9452067
6/25/2024 19:00,183.2554529
6/25/2024 19:15,216.6529392
6/25/2024 19:30,237.9570897
6/25/2024 19:45,215.4270394
6/25/2024 20:00,226.261343
6/25/2024 20:15,226.261343
6/25/2024 20:30,214.1680072
6/25/2024 20:45,231.695061
6/25/2024 21:00,217.0836608
6/25/2024 21:15,227.0896537
6/25/2024 21:30,227.5203752
6/25/2024 21:45,227.9510968
6/25/2024 22:00,217.5143823
6/25/2024 22:15,237.128779
6/25/2024 22:30,216.2553501
6/25/2024 22:45,186.6018281
6/25/2024 23:00,175.7675245
6/25/2024 23:15,165.33081
6/25/2024 23:30,186.6018281
6/25/2024 23:45,168.6440527
6/26/2024 0:00,166.9874314
6/26/2024 0:15,121.0658877
6/26/2024 0:30,88.09912301
6/26/2024 0:45,91.4123657
6/26/2024 1:00,98.10511592
6/26/2024 1:15,87.66840146
6/26/2024 1:30,94.75874081
6/26/2024 1:45,96.44849458
6/26/2024 2:00,88.92743368
6/26/2024 2:15,96.8460837
6/26/2024 2:30,91.84308725
6/26/2024 2:45,93.49970859
6/26/2024 3:00,103.936423
6/26/2024 3:15,93.49970859
6/26/2024 3:30,93.93043014
6/26/2024 3:45,100.6231804
6/26/2024 4:00,89.75574435
6/26/2024 4:15,85.58105857
6/26/2024 4:30,106.0237659
6/26/2024 4:45,168.6440527
6/26/2024 5:00,668.7780361
6/26/2024 5:15,1755.024651
6/26/2024 5:30,2005.108208
6/26/2024 5:45,2125.345786
6/26/2024 6:00,2205.062405
6/26/2024 6:15,2566.172725
6/26/2024 6:30,2552.820357
6/26/2024 6:45,2629.223733
6/26/2024 7:00,2512.332531
6/26/2024 7:15,2703.937356
6/26/2024 7:30,2559.910696
6/26/2024 7:45,2554.9077
6/26/2024 8:00,2670.970591
6/26/2024 8:15,2668.883248
6/26/2024 8:30,2517.335528
6/26/2024 8:45,2567.001036
6/26/2024 9:00,2676.404309
6/26/2024 9:15,2656.75678
6/26/2024 9:30,2687.669334
6/26/2024 9:45,2602.916586
6/26/2024 10:00,2547.386639
6/26/2024 10:15,2659.274844
6/26/2024 10:30,2518.992149
6/26/2024 10:45,2628.395422
6/26/2024 11:00,2693.103052
6/26/2024 11:15,2518.992149
6/26/2024 11:30,2515.678906
6/26/2024 11:45,2700.193391
6/26/2024 12:00,2698.106049
6/26/2024 12:15,2600.000933
6/26/2024 12:30,2553.648668
6/26/2024 12:45,2632.967697
6/26/2024 13:00,2715.633102
6/26/2024 13:15,2578.299193
6/26/2024 13:30,2514.419874
6/26/2024 13:45,2668.452527
6/26/2024 14:00,2714.37407
6/26/2024 14:15,1465.31471
6/26/2024 14:30,1155.957241
6/26/2024 14:45,1021.538985
6/26/2024 15:00,807.3709776
6/26/2024 15:15,674.6424756
6/26/2024 15:30,446.6913789
6/26/2024 15:45,329.8001769
6/26/2024 16:00,232.5233717
6/26/2024 16:15,230.4360288
6/26/2024 16:30,210.3909105
6/26/2024 16:45,225.8637539
6/26/2024 17:00,213.7372856
6/26/2024 17:15,226.6920645
6/26/2024 17:30,191.2072354
6/26/2024 17:45,225.4330323
6/26/2024 18:00,207.9059785
6/26/2024 18:15,210.8216321
6/26/2024 18:30,215.4270394
6/26/2024 18:45,211.2523536
6/26/2024 19:00,218.7402821
6/26/2024 19:15,204.990325
6/26/2024 19:30,222.0866572
6/26/2024 19:45,207.475257
6/26/2024 20:00,230.4360288
6/26/2024 20:15,204.1288819
6/26/2024 20:30,233.3516823
6/26/2024 20:45,206.2162248
6/26/2024 21:00,220.4300359
6/26/2024 21:15,250.481147
6/26/2024 21:30,308.0984373
6/26/2024 21:45,259.2612401
6/26/2024 22:00,278.0473262
6/26/2024 22:15,262.5744828
6/26/2024 22:30,282.6196011
6/26/2024 22:45,259.2612401
6/26/2024 23:00,273.4419188
6/26/2024 23:15,262.5744828
6/26/2024 23:30,287.2250084
6/26/2024 23:45,240.4751541
6/27/2024 0:00,214.9963179
6/27/2024 0:15,204.990325
6/27/2024 0:30,157.3790276
6/27/2024 0:45,148.6320669
6/27/2024 1:00,157.3790276
6/27/2024 1:15,159.4663705
6/27/2024 1:30,156.9814384
6/27/2024 1:45,150.2886882
6/27/2024 2:00,152.3760311
6/27/2024 2:15,166.9874314
6/27/2024 2:30,147.7706238
6/27/2024 2:45,145.6832809
6/27/2024 3:00,169.9030849
6/27/2024 3:15,144.4573811
6/27/2024 3:30,149.8579667
6/27/2024 3:45,154.8940956
6/27/2024 4:00,164.0717778
6/27/2024 4:15,149.8579667
6/27/2024 4:30,148.6320669
6/27/2024 4:45,300.1466549
6/27/2024 5:00,1211.91791
6/27/2024 5:15,2029.328013
6/27/2024 5:30,2048.511688
6/27/2024 5:45,2050.599031
6/27/2024 6:00,2057.68937
6/27/2024 6:15,2230.110519
6/27/2024 6:30,2390.835922
6/27/2024 6:45,2491.028381
6/27/2024 7:00,2423.405098
6/27/2024 7:15,2495.203067
6/27/2024 7:30,2523.166835
6/27/2024 7:45,2475.157948
6/27/2024 8:00,2662.621219
6/27/2024 8:15,2462.236302
6/27/2024 8:30,2628.793012
6/27/2024 8:45,2448.453212
6/27/2024 9:00,2384.573893
6/27/2024 9:15,2364.528775
6/27/2024 9:30,2275.634474
6/27/2024 9:45,2173.354672
6/27/2024 10:00,2134.921057
6/27/2024 10:15,2329.905389
6/27/2024 10:30,2231.800273
6/27/2024 10:45,2357.438436
6/27/2024 11:00,2301.510899
6/27/2024 11:15,2274.375442
6/27/2024 11:30,2335.305975
6/27/2024 11:45,2183.360665
6/27/2024 12:00,2150.3939
6/27/2024 12:15,2152.481243
6/27/2024 12:30,2248.068295
6/27/2024 12:45,2340.342103
6/27/2024 13:00,2294.818149
6/27/2024 13:15,2299.821145
6/27/2024 13:30,2291.471774
6/27/2024 13:45,2288.55612
6/27/2024 14:00,2141.183086
6/27/2024 14:15,1212.74622
6/27/2024 14:30,773.5759022
6/27/2024 14:45,605.7601602
6/27/2024 15:00,385.7277135
6/27/2024 15:15,244.2191184
6/27/2024 15:30,190.3789247
6/27/2024 15:45,188.6891709
6/27/2024 16:00,162.382024
6/27/2024 16:15,188.2915818
6/27/2024 16:30,164.4693669
6/27/2024 16:45,178.2524565
6/27/2024 17:00,165.7283991
6/27/2024 17:15,173.24946
6/27/2024 17:30,183.6861745
6/27/2024 17:45,174.9060814
6/27/2024 18:00,179.9422103
6/27/2024 18:15,166.9874314
6/27/2024 18:30,181.5988316
6/27/2024 18:45,171.9904278
6/27/2024 19:00,165.7283991
6/27/2024 19:15,179.5114887
6/27/2024 19:30,166.5567098
6/27/2024 19:45,176.5958351
6/27/2024 20:00,164.4693669
6/27/2024 20:15,170.3338065
6/27/2024 20:30,169.9030849
6/27/2024 20:45,164.0717778
6/27/2024 21:00,179.9422103
6/27/2024 21:15,152.3760311
6/27/2024 21:30,178.683178
6/27/2024 21:45,163.6410562
6/27/2024 22:00,175.3368029
6/27/2024 22:15,158.6380598
6/27/2024 22:30,173.6801816
6/27/2024 22:45,159.897092
6/27/2024 23:00,167.4181529
6/27/2024 23:15,170.7313956
6/27/2024 23:30,158.2073382
6/27/2024 23:45,141.111006
6/28/2024 0:00,93.49970859
6/28/2024 0:15,116.4604804
6/28/2024 0:30,92.67139792
6/28/2024 0:45,114.3731375
6/28/2024 1:00,91.4123657
6/28/2024 1:15,108.1111088
6/28/2024 1:30,96.01777303
6/28/2024 1:45,103.1081124
6/28/2024 2:00,104.7978661
6/28/2024 2:15,89.75574435
6/28/2024 2:30,118.5478233
6/28/2024 2:45,86.01178012
6/28/2024 3:00,114.3731375
6/28/2024 3:15,90.1864659
6/28/2024 3:30,113.5448268
6/28/2024 3:45,92.67139792
6/28/2024 4:00,116.8912019
6/28/2024 4:15,87.23767991
6/28/2024 4:30,125.2405735
6/28/2024 4:45,215.4270394
6/28/2024 5:00,707.6092404
6/28/2024 5:15,2006.367241
6/28/2024 5:30,2198.402787
6/28/2024 5:45,2088.999513
6/28/2024 6:00,2202.975062
6/28/2024 6:15,2146.219214
6/28/2024 6:30,2060.638156
6/28/2024 6:45,941.3916443
6/28/2024 7:00,743.9223802
6/28/2024 7:15,750.1844089
6/28/2024 7:30,804.0577349
6/28/2024 7:45,686.3050899
6/28/2024 8:00,372.3753454
6/28/2024 8:15,299.3183442
6/28/2024 8:30,245.4781506
6/28/2024 8:45,216.2553501
6/28/2024 9:00,210.3909105
6/28/2024 9:15,232.1257826
6/28/2024 9:30,214.5655963
6/28/2024 9:45,250.481147
6/28/2024 10:00,222.5173788
6/28/2024 10:15,202.4722605
6/28/2024 10:30,178.683178
6/28/2024 10:45,207.9059785
6/28/2024 11:00,216.6529392
6/28/2024 11:15,205.3879141
6/28/2024 11:30,209.1650107
6/28/2024 11:45,178.2524565
6/28/2024 12:00,178.683178
6/28/2024 12:15,172.8187385
6/28/2024 12:30,186.6018281
6/28/2024 12:45,173.24946
6/28/2024 13:00,179.5114887
6/28/2024 13:15,178.2524565
6/28/2024 13:30,169.9030849
6/28/2024 13:45,167.4181529
6/28/2024 14:00,171.1621171
6/28/2024 14:15,166.5567098
6/28/2024 14:30,166.5567098
6/28/2024 14:45,162.8127456
6/28/2024 15:00,145.2856918
6/28/2024 15:15,148.2013453
6/28/2024 15:30,131.9333237
6/28/2024 15:45,150.2886882
6/28/2024 16:00,134.0206666
6/28/2024 16:15,145.2856918
6/28/2024 16:30,132.3309129
6/28/2024 16:45,147.7706238
6/28/2024 17:00,143.595938
6/28/2024 17:15,129.8459808
6/28/2024 17:30,152.8067527
6/28/2024 17:45,126.8971949
6/28/2024 18:00,142.3700382
6/28/2024 18:15,129.4152593
6/28/2024 18:30,146.1140024
6/28/2024 18:45,123.5839522
6/28/2024 19:00,144.4573811
6/28/2024 19:15,138.1953524
6/28/2024 19:30,139.8519738
6/28/2024 19:45,139.8519738
6/28/2024 20:00,139.8519738
6/28/2024 20:15,151.5477204
6/28/2024 20:30,136.1080095
6/28/2024 20:45,162.8127456
6/28/2024 21:00,133.1592235
6/28/2024 21:15,156.9814384
6/28/2024 21:30,128.1562271
6/28/2024 21:45,144.8549702
6/28/2024 22:00,128.1562271
6/28/2024 22:15,149.8579667
6/28/2024 22:30,126.8971949
6/28/2024 22:45,153.2043418
6/28/2024 23:00,128.1562271
6/28/2024 23:15,153.2043418
6/28/2024 23:30,126.0688842
6/28/2024 23:45,140.6802844
6/29/2024 0:00,48.43960806
6/29/2024 0:15,75.97265478
6/29/2024 0:30,56.35825808
6/29/2024 0:45,76.40337633
6/29/2024 1:00,54.70163674
6/29/2024 1:15,73.88531189
6/29/2024 1:30,60.10222232
6/29/2024 1:45,69.31303698
6/29/2024 2:00,68.05400476
6/29/2024 2:15,60.53294387
6/29/2024 2:30,68.88231543
6/29/2024 2:45,66.79497254
6/29/2024 3:00,71.797969
6/29/2024 3:15,57.18656875
6/29/2024 3:30,81.83709433
6/29/2024 3:45,51.75285075
6/29/2024 4:00,80.14734056
6/29/2024 4:15,53.01188297
6/29/2024 4:30,82.23468346
6/29/2024 4:45,54.27091519
6/29/2024 5:00,79.74975144
6/29/2024 5:15,49.66550786
6/29/2024 5:30,81.83709433
6/29/2024 5:45,59.27391165
6/29/2024 6:00,72.62627967
6/29/2024 6:15,70.96965833
6/29/2024 6:30,65.53594032
6/29/2024 6:45,79.74975144
6/29/2024 7:00,62.18956521
6/29/2024 7:15,78.88830834
6/29/2024 7:30,53.44260452
6/29/2024 7:45,75.97265478
6/29/2024 8:00,49.66550786
6/29/2024 8:15,83.49371568
6/29/2024 8:30,86.01178012
6/29/2024 8:45,107.2827982
6/29/2024 9:00,105.6261768
6/29/2024 9:15,102.2798017
6/29/2024 9:30,91.01477657
6/29/2024 9:45,43.00589006
6/29/2024 10:00,80.97565124
6/29/2024 10:15,65.53594032
6/29/2024 10:30,64.2769081
6/29/2024 10:45,62.18956521
6/29/2024 11:00,53.84019364
6/29/2024 11:15,75.97265478
6/29/2024 11:30,49.26791874
6/29/2024 11:45,70.53893678
6/29/2024 12:00,42.17757939
6/29/2024 12:15,75.97265478
6/29/2024 12:30,45.09323295
6/29/2024 12:45,69.31303698
6/29/2024 13:00,43.40347918
6/29/2024 13:15,70.14134765
6/29/2024 13:30,45.49082207
6/29/2024 13:45,67.62328321
6/29/2024 14:00,43.00589006
6/29/2024 14:15,66.36425099
6/29/2024 14:30,44.6625114
6/29/2024 14:45,66.79497254
6/29/2024 15:00,43.40347918
6/29/2024 15:15,68.45159388
6/29/2024 15:30,40.0902365
6/29/2024 15:45,67.22569409
6/29/2024 16:00,42.17757939
6/29/2024 16:15,69.31303698
6/29/2024 16:30,44.6625114
6/29/2024 16:45,65.53594032
6/29/2024 17:00,43.00589006
6/29/2024 17:15,67.62328321
6/29/2024 17:30,40.91854717
6/29/2024 17:45,70.14134765
6/29/2024 18:00,43.40347918
6/29/2024 18:15,63.87931898
6/29/2024 18:30,44.6625114
6/29/2024 18:45,59.27391165
6/29/2024 19:00,51.35526163
6/29/2024 19:15,57.18656875
6/29/2024 19:30,53.01188297
6/29/2024 19:45,53.01188297
6/29/2024 20:00,59.70463319
6/29/2024 20:15,48.00888651
6/29/2024 20:30,66.79497254
6/29/2024 20:45,45.92154362
6/29/2024 21:00,67.62328321
6/29/2024 21:15,44.26492228
6/29/2024 21:30,70.96965833
6/29/2024 21:45,48.00888651
6/29/2024 22:00,68.45159388
6/29/2024 22:15,42.17757939
6/29/2024 22:30,74.71362256
6/29/2024 22:45,44.26492228
6/29/2024 23:00,68.45159388
6/29/2024 23:15,43.40347918
6/29/2024 23:30,73.88531189
6/29/2024 23:45,45.09323295
6/30/2024 0:00,67.62328321
6/30/2024 0:15,44.6625114
6/30/2024 0:30,71.40037987
6/30/2024 0:45,46.74985429
6/30/2024 1:00,67.22569409
6/30/2024 1:15,49.26791874
6/30/2024 1:30,70.53893678
6/30/2024 1:45,49.26791874
6/30/2024 2:00,64.2769081
6/30/2024 2:15,50.92454008
6/30/2024 2:30,77.66240855
6/30/2024 2:45,49.66550786
6/30/2024 3:00,63.44859743
6/30/2024 3:15,55.52994741
6/30/2024 3:30,69.31303698
6/30/2024 3:45,49.66550786
6/30/2024 4:00,68.05400476
6/30/2024 4:15,59.27391165
6/30/2024 4:30,71.797969
6/30/2024 4:45,45.92154362
6/30/2024 5:00,77.66240855
6/30/2024 5:15,48.43960806
6/30/2024 5:30,73.05700122
6/30/2024 5:45,50.92454008
6/30/2024 6:00,73.48772277
6/30/2024 6:15,45.49082207
6/30/2024 6:30,77.66240855
6/30/2024 6:45,48.00888651
6/30/2024 7:00,73.88531189
6/30/2024 7:15,46.35226517
6/30/2024 7:30,73.48772277
6/30/2024 7:45,46.74985429
6/30/2024 8:00,78.49071922
6/30/2024 8:15,47.18057584
6/30/2024 8:30,69.71062611
6/30/2024 8:45,55.09922586
6/30/2024 9:00,65.1383512
6/30/2024 9:15,58.44560097
6/30/2024 9:30,60.53294387
6/30/2024 9:45,60.53294387
6/30/2024 10:00,56.78897963
6/30/2024 10:15,68.45159388
6/30/2024 10:30,48.43960806
6/30/2024 10:45,68.05400476
6/30/2024 11:00,46.35226517
6/30/2024 11:15,70.53893678
6/30/2024 11:30,44.6625114
6/30/2024 11:45,67.62328321
6/30/2024 12:00,43.83420073
6/30/2024 12:15,67.22569409
6/30/2024 12:30,40.91854717
6/30/2024 12:45,69.31303698
6/30/2024 13:00,47.18057584
6/30/2024 13:15,65.96666187
6/30/2024 13:30,41.74685784
6/30/2024 13:45,63.44859743
6/30/2024 14:00,43.00589006
6/30/2024 14:15,66.79497254
6/30/2024 14:30,42.57516851
6/30/2024 14:45,60.53294387
6/30/2024 15:00,44.6625114
6/30/2024 15:15,63.44859743
6/30/2024 15:30,38.0028936
6/30/2024 15:45,63.05100831
6/30/2024 16:00,47.57816497
6/30/2024 16:15,49.26791874
6/30/2024 16:30,53.44260452
6/30/2024 16:45,42.57516851
6/30/2024 17:00,58.01487943
6/30/2024 17:15,42.17757939
6/30/2024 17:30,63.87931898
6/30/2024 17:45,42.57516851
6/30/2024 18:00,60.53294387
6/30/2024 18:15,40.0902365
6/30/2024 18:30,54.70163674
6/30/2024 18:45,49.66550786
6/30/2024 19:00,47.57816497
6/30/2024 19:15,60.53294387
6/30/2024 19:30,42.57516851
6/30/2024 19:45,66.79497254
6/30/2024 20:00,43.00589006
6/30/2024 20:15,66.36425099
6/30/2024 20:30,46.74985429
6/30/2024 20:45,68.45159388
6/30/2024 21:00,44.26492228
6/30/2024 21:15,63.05100831
6/30/2024 21:30,52.61429385
6/30/2024 21:45,67.62328321
6/30/2024 22:00,41.74685784
6/30/2024 22:15,66.79497254
6/30/2024 22:30,56.35825808
6/30/2024 22:45,63.44859743
6/30/2024 23:00,51.35526163
6/30/2024 23:15,58.44560097
6/30/2024 23:30,56.78897963
6/30/2024 23:45,58.44560097
7/1/2024 0:00,58.44560097
7/1/2024 0:15,55.92753653
7/1/2024 0:30,58.87632252
7/1/2024 0:45,58.01487943
7/1/2024 1:00,60.53294387
7/1/2024 1:15,54.27091519
7/1/2024 1:30,64.70762965
7/1/2024 1:45,56.35825808
7/1/2024 2:00,60.96366542
7/1/2024 2:15,53.44260452
7/1/2024 2:30,69.31303698
7/1/2024 2:45,56.35825808
7/1/2024 3:00,58.87632252
7/1/2024 3:15,59.27391165
7/1/2024 3:30,65.1383512
7/1/2024 3:45,60.10222232
7/1/2024 4:00,55.92753653
7/1/2024 4:15,69.31303698
7/1/2024 4:30,58.01487943
7/1/2024 4:45,66.79497254
7/1/2024 5:00,53.01188297
7/1/2024 5:15,69.71062611
7/1/2024 5:30,50.92454008
7/1/2024 5:45,76.80096545
7/1/2024 6:00,45.09323295
7/1/2024 6:15,74.71362256
7/1/2024 6:30,50.09622941
7/1/2024 6:45,75.57506566
7/1/2024 7:00,44.26492228
7/1/2024 7:15,75.14434411
7/1/2024 7:30,47.57816497
7/1/2024 7:45,73.48772277
7/1/2024 8:00,45.09323295
7/1/2024 8:15,74.31603344
7/1/2024 8:30,53.01188297
7/1/2024 8:45,68.05400476
7/1/2024 9:00,62.62028676
7/1/2024 9:15,63.44859743
7/1/2024 9:30,73.88531189
7/1/2024 9:45,63.44859743
7/1/2024 10:00,79.74975144
7/1/2024 10:15,55.92753653
7/1/2024 10:30,80.14734056
7/1/2024 10:45,53.01188297
7/1/2024 11:00,82.23468346
7/1/2024 11:15,53.01188297
7/1/2024 11:30,75.57506566
7/1/2024 11:45,55.09922586
7/1/2024 12:00,77.231687
7/1/2024 12:15,55.09922586
7/1/2024 12:30,73.05700122
7/1/2024 12:45,53.01188297
7/1/2024 13:00,75.57506566
7/1/2024 13:15,50.52695096
7/1/2024 13:30,75.14434411
7/1/2024 13:45,55.92753653
7/1/2024 14:00,73.88531189
7/1/2024 14:15,51.75285075
7/1/2024 14:30,69.71062611
7/1/2024 14:45,44.6625114
7/1/2024 15:00,63.87931898
7/1/2024 15:15,45.92154362
7/1/2024 15:30,68.05400476
7/1/2024 15:45,39.2287934
7/1/2024 16:00,66.36425099
7/1/2024 16:15,44.26492228
7/1/2024 16:30,68.05400476
7/1/2024 16:45,43.40347918
7/1/2024 17:00,63.87931898
7/1/2024 17:15,49.66550786
7/1/2024 17:30,67.22569409
7/1/2024 17:45,41.74685784
7/1/2024 18:00,69.31303698
7/1/2024 18:15,45.92154362
7/1/2024 18:30,69.31303698
7/1/2024 18:45,42.57516851
7/1/2024 19:00,74.71362256
7/1/2024 19:15,46.35226517
7/1/2024 19:30,69.31303698
7/1/2024 19:45,47.57816497
7/1/2024 20:00,73.88531189
7/1/2024 20:15,45.09323295
7/1/2024 20:30,71.40037987
7/1/2024 20:45,47.57816497
7/1/2024 21:00,71.797969
7/1/2024 21:15,45.49082207
7/1/2024 21:30,76.40337633
7/1/2024 21:45,43.83420073
7/1/2024 22:00,73.48772277
7/1/2024 22:15,48.00888651
7/1/2024 22:30,69.71062611
7/1/2024 22:45,55.52994741
7/1/2024 23:00,70.96965833
7/1/2024 23:15,53.44260452
7/1/2024 23:30,65.96666187
7/1/2024 23:45,63.87931898
7/2/2024 0:00,55.92753653
7/2/2024 0:15,71.797969
7/2/2024 0:30,53.44260452
7/2/2024 0:45,72.62627967
7/2/2024 1:00,49.66550786
7/2/2024 1:15,73.88531189
7/2/2024 1:30,43.83420073
7/2/2024 1:45,81.40637279
7/2/2024 2:00,45.49082207
7/2/2024 2:15,71.797969
7/2/2024 2:30,55.09922586
7/2/2024 2:45,70.14134765
7/2/2024 3:00,54.27091519
7/2/2024 3:15,67.22569409
7/2/2024 3:30,63.05100831
7/2/2024 3:45,53.84019364
7/2/2024 4:00,76.40337633
7/2/2024 4:15,48.83719719
7/2/2024 4:30,74.31603344
7/2/2024 4:45,103.1081124
7/2/2024 5:00,293.4870371
7/2/2024 5:15,862.900925
7/2/2024 5:30,1783.021551
7/2/2024 5:45,1762.545711
7/2/2024 6:00,1797.20223
7/2/2024 6:15,1808.069666
7/2/2024 6:30,2321.125296
7/2/2024 6:45,2440.534562
7/2/2024 7:00,2445.106837
7/2/2024 7:15,2636.314073
7/2/2024 7:30,2561.169728
7/2/2024 7:45,2633.398419
7/2/2024 8:00,2759.036582
7/2/2024 8:15,2735.678221
7/2/2024 8:30,2620.874362
7/2/2024 8:45,2689.756677
7/2/2024 9:00,2619.615329
7/2/2024 9:15,2637.970694
7/2/2024 9:30,2728.98547
7/2/2024 9:45,2820.000247
7/2/2024 10:00,2695.190395
7/2/2024 10:15,2607.919583
7/2/2024 10:30,2646.750787
7/2/2024 10:45,2559.082386
7/2/2024 11:00,2614.612333
7/2/2024 11:15,2617.958708
7/2/2024 11:30,2545.730017
7/2/2024 11:45,2685.581991
7/2/2024 12:00,2578.299193
7/2/2024 12:15,2514.419874
7/2/2024 12:30,2530.687896
7/2/2024 12:45,2505.639781
7/2/2024 13:00,1290.806218
7/2/2024 13:15,1097.51164
7/2/2024 13:30,861.2443037
7/2/2024 13:45,962.2650732
7/2/2024 14:00,946.3946407
7/2/2024 14:15,1015.276956
7/2/2024 14:30,875.8557039
7/2/2024 14:45,865.4189895
7/2/2024 15:00,479.2605545
7/2/2024 15:15,308.0984373
7/2/2024 15:30,255.0865544
7/2/2024 15:45,228.3486859
7/2/2024 16:00,139.4212522
7/2/2024 16:15,161.9844349
7/2/2024 16:30,134.0206666
7/2/2024 16:45,164.4693669
7/2/2024 17:00,135.2465664
7/2/2024 17:15,163.2434671
7/2/2024 17:30,146.9423131
7/2/2024 17:45,161.5537134
7/2/2024 18:00,138.1953524
7/2/2024 18:15,163.2434671
7/2/2024 18:30,142.3700382
7/2/2024 18:45,158.2073382
7/2/2024 19:00,154.8940956
7/2/2024 19:15,152.3760311
7/2/2024 19:30,166.5567098
7/2/2024 19:45,150.7194098
7/2/2024 20:00,170.3338065
7/2/2024 20:15,144.8549702
7/2/2024 20:30,169.0747742
7/2/2024 20:45,139.8519738
7/2/2024 21:00,175.3368029
7/2/2024 21:15,144.0266595
7/2/2024 21:30,169.0747742
7/2/2024 21:45,154.0326525
7/2/2024 22:00,161.9844349
7/2/2024 22:15,154.463374
7/2/2024 22:30,148.2013453
7/2/2024 22:45,156.5507169
7/2/2024 23:00,137.3339093
7/2/2024 23:15,165.33081
7/2/2024 23:30,139.0236631
7/2/2024 23:45,90.58405502
7/3/2024 0:00,65.1383512
7/3/2024 0:15,90.58405502
7/3/2024 0:30,70.96965833
7/3/2024 0:45,78.05999767
7/3/2024 1:00,82.66540501
7/3/2024 1:15,70.53893678
7/3/2024 1:30,90.1864659
7/3/2024 1:45,63.05100831
7/3/2024 2:00,91.4123657
7/3/2024 2:15,62.62028676
7/3/2024 2:30,93.49970859
7/3/2024 2:45,70.14134765
7/3/2024 3:00,89.75574435
7/3/2024 3:15,76.80096545
7/3/2024 3:30,74.71362256
7/3/2024 3:45,94.75874081
7/3/2024 4:00,66.36425099
7/3/2024 4:15,92.27380879
7/3/2024 4:30,66.36425099
7/3/2024 4:45,206.2162248
7/3/2024 5:00,544.3657732
7/3/2024 5:15,718.8742655
7/3/2024 5:30,670.865379
7/3/2024 5:45,598.2390993
7/3/2024 6:00,584.0252882
7/3/2024 6:15,621.1998711
7/3/2024 6:30,1248.661771
7/3/2024 6:45,2136.610811
7/3/2024 7:00,2219.276216
7/3/2024 7:15,2315.293989
7/3/2024 7:30,2175.442015
7/3/2024 7:45,2179.185979
7/3/2024 8:00,2318.607231
7/3/2024 8:15,2135.351778
7/3/2024 8:30,2183.791387
7/3/2024 8:45,2252.24298
7/3/2024 9:00,2149.532457
7/3/2024 9:15,2072.30077
7/3/2024 9:30,2139.526464
7/3/2024 9:45,2147.047525
7/3/2024 10:00,2169.577575
7/3/2024 10:15,2374.965489
7/3/2024 10:30,2392.094954
7/3/2024 10:45,2398.356983
7/3/2024 11:00,2413.399105
7/3/2024 11:15,2152.878832
7/3/2024 11:30,2104.472357
7/3/2024 11:45,2283.553124
7/3/2024 12:00,2147.875836
7/3/2024 12:15,2116.565692
7/3/2024 12:30,2110.303664
7/3/2024 12:45,2013.855169
7/3/2024 13:00,1235.27627
7/3/2024 13:15,1072.065936
7/3/2024 13:30,1190.613759
7/3/2024 13:45,1039.066039
7/3/2024 14:00,978.5330948
7/3/2024 14:15,926.780244
7/3/2024 14:30,839.5425641
7/3/2024 14:45,613.6788102
7/3/2024 15:00,377.8090634
7/3/2024 15:15,226.261343
7/3/2024 15:30,194.9511996
7/3/2024 15:45,154.463374
7/3/2024 16:00,178.683178
7/3/2024 16:15,162.382024
7/3/2024 16:30,175.7675245
7/3/2024 16:45,159.4663705
7/3/2024 17:00,180.7705209
7/3/2024 17:15,171.9904278
7/3/2024 17:30,157.3790276
7/3/2024 17:45,173.24946
7/3/2024 18:00,161.5537134
7/3/2024 18:15,173.6801816
7/3/2024 18:30,144.0266595
7/3/2024 18:45,185.7735174
7/3/2024 19:00,151.1169989
7/3/2024 19:15,179.9422103
7/3/2024 19:30,152.3760311
7/3/2024 19:45,192.8638567
7/3/2024 20:00,153.2043418
7/3/2024 20:15,181.5988316
7/3/2024 20:30,160.7254027
7/3/2024 20:45,169.9030849
7/3/2024 21:00,164.0717778
7/3/2024 21:15,164.4693669
7/3/2024 21:30,177.4241458
7/3/2024 21:45,146.1140024
7/3/2024 22:00,185.7735174
7/3/2024 22:15,146.544724
7/3/2024 22:30,173.24946
7/3/2024 22:45,145.6832809
7/3/2024 23:00,181.5988316
7/3/2024 23:15,153.6350633
7/3/2024 23:30,164.4693669
7/3/2024 23:45,126.4996057
7/4/2024 0:00,88.49671213
7/4/2024 0:15,94.75874081
7/4/2024 0:30,77.66240855
7/4/2024 0:45,111.4574839
7/4/2024 1:00,69.31303698
7/4/2024 1:15,103.1081124
7/4/2024 1:30,89.3250228
7/4/2024 1:45,92.67139792
7/4/2024 2:00,92.67139792
7/4/2024 2:15,86.01178012
7/4/2024 2:30,108.5418304
7/4/2024 2:45,77.231687
7/4/2024 3:00,100.1924588
7/4/2024 3:15,92.27380879
7/4/2024 3:30,99.76173726
7/4/2024 3:45,86.40936924
7/4/2024 4:00,91.84308725
7/4/2024 4:15,103.936423
7/4/2024 4:30,80.14734056
7/4/2024 4:45,154.0326525
7/4/2024 5:00,209.1650107
7/4/2024 5:15,349.0169845
7/4/2024 5:30,986.8824663
7/4/2024 5:45,1603.079341
7/4/2024 6:00,1748.365033
7/4/2024 6:15,1711.621171
7/4/2024 6:30,1759.630058
7/4/2024 6:45,1733.753633
7/4/2024 7:00,1827.684063
7/4/2024 7:15,1841.864741
7/4/2024 7:30,1941.659611
7/4/2024 7:45,1823.078655
7/4/2024 8:00,1773.413147
7/4/2024 8:15,1864.825513
7/4/2024 8:30,1758.371026
7/4/2024 8:45,1847.298459
7/4/2024 9:00,1822.681066
7/4/2024 9:15,1808.467255
7/4/2024 9:30,1867.343578
7/4/2024 9:45,1764.235465
7/4/2024 10:00,1982.147437
7/4/2024 10:15,2206.752158
7/4/2024 10:30,2210.065401
7/4/2024 10:45,2233.887616
7/4/2024 11:00,2114.47835
7/4/2024 11:15,2118.222314
7/4/2024 11:30,2179.185979
7/4/2024 11:45,2170.836608
7/4/2024 12:00,2181.273322
7/4/2024 12:15,2058.948402
7/4/2024 12:30,2075.647145
7/4/2024 12:45,2063.553809
7/4/2024 13:00,2157.48424
7/4/2024 13:15,2184.619697
7/4/2024 13:30,2159.969172
7/4/2024 13:45,2020.117198
7/4/2024 14:00,2055.602027
7/4/2024 14:15,1299.586311
7/4/2024 14:30,832.0215032
7/4/2024 14:45,733.0880766
7/4/2024 15:00,743.0940695
7/4/2024 15:15,381.5530277
7/4/2024 15:30,264.6618257
7/4/2024 15:45,254.6558328
7/4/2024 16:00,131.5026022
7/4/2024 16:15,150.2886882
7/4/2024 16:30,130.24357
7/4/2024 16:45,151.9453096
7/4/2024 17:00,132.3309129
7/4/2024 17:15,154.463374
7/4/2024 17:30,138.5929415
7/4/2024 17:45,150.7194098
7/4/2024 18:00,139.4212522
7/4/2024 18:15,143.1983489
7/4/2024 18:30,146.9423131
7/4/2024 18:45,137.7646309
7/4/2024 19:00,143.1983489
7/4/2024 19:15,135.2465664
7/4/2024 19:30,150.2886882
7/4/2024 19:45,136.9363202
7/4/2024 20:00,153.2043418
7/4/2024 20:15,129.4152593
7/4/2024 20:30,156.9814384
7/4/2024 20:45,126.8971949
7/4/2024 21:00,157.8097491
7/4/2024 21:15,130.24357
7/4/2024 21:30,158.6380598
7/4/2024 21:45,135.677288
7/4/2024 22:00,152.8067527
7/4/2024 22:15,140.2826953
7/4/2024 22:30,149.029656
7/4/2024 22:45,147.3730347
7/4/2024 23:00,140.2826953
7/4/2024 23:15,154.463374
7/4/2024 23:30,134.8489773
7/4/2024 23:45,118.5478233
7/5/2024 0:00,51.35526163
7/5/2024 0:15,75.97265478
7/5/2024 0:30,50.09622941
7/5/2024 0:45,84.32202635
7/5/2024 1:00,60.53294387
7/5/2024 1:15,73.48772277
7/5/2024 1:30,70.96965833
7/5/2024 1:45,66.36425099
7/5/2024 2:00,76.40337633
7/5/2024 2:15,58.44560097
7/5/2024 2:30,80.97565124
7/5/2024 2:45,53.01188297
7/5/2024 3:00,86.01178012
7/5/2024 3:15,53.84019364
7/5/2024 3:30,82.23468346
7/5/2024 3:45,67.62328321
7/5/2024 4:00,72.62627967
7/5/2024 4:15,75.14434411
7/5/2024 4:30,59.70463319
7/5/2024 4:45,142.7676273
7/5/2024 5:00,487.1792045
7/5/2024 5:15,1435.661188
7/5/2024 5:30,1442.353938
7/5/2024 5:45,1464.486399
7/5/2024 6:00,1477.838767
7/5/2024 6:15,1681.57006
7/5/2024 6:30,1776.328801
7/5/2024 6:45,1819.334691
7/5/2024 7:00,1840.605709
7/5/2024 7:15,1821.819623
7/5/2024 7:30,2008.023862
7/5/2024 7:45,1944.972854
7/5/2024 8:00,1830.168995
7/5/2024 8:15,1893.220003
7/5/2024 8:30,1830.599716
7/5/2024 8:45,1859.391795
7/5/2024 9:00,1982.147437
7/5/2024 9:15,1825.59672
7/5/2024 9:30,1812.641941
7/5/2024 9:45,1808.467255
7/5/2024 10:00,1835.205124
7/5/2024 10:15,1881.126667
7/5/2024 10:30,1768.410151
7/5/2024 10:45,1845.211116
7/5/2024 11:00,1720.798854
7/5/2024 11:15,1719.970543
7/5/2024 11:30,1839.379809
7/5/2024 11:45,1879.867635
7/5/2024 12:00,1757.973437
7/5/2024 12:15,1712.880204
7/5/2024 12:30,1719.539821
7/5/2024 12:45,1709.96455
7/5/2024 13:00,1176.002359
7/5/2024 13:15,846.2021819
7/5/2024 13:30,577.3656704
7/5/2024 13:45,661.6876967
7/5/2024 14:00,561.4952379
7/5/2024 14:15,525.1820981
7/5/2024 14:30,532.2724374
7/5/2024 14:45,482.6069296
7/5/2024 15:00,415.811957
7/5/2024 15:15,243.3908077
7/5/2024 15:30,240.0444326
7/5/2024 15:45,195.7795103
7/5/2024 16:00,149.4603775
7/5/2024 16:15,130.24357
7/5/2024 16:30,151.9453096
7/5/2024 16:45,126.0688842
7/5/2024 17:00,155.7224062
7/5/2024 17:15,125.2405735
7/5/2024 17:30,148.6320669
7/5/2024 17:45,126.4996057
7/5/2024 18:00,151.1169989
7/5/2024 18:15,122.7225091
7/5/2024 18:30,144.0266595
7/5/2024 18:45,126.4996057
7/5/2024 19:00,150.7194098
7/5/2024 19:15,128.1562271
7/5/2024 19:30,154.463374
7/5/2024 19:45,127.3279164
7/5/2024 20:00,148.6320669
7/5/2024 20:15,131.0718806
7/5/2024 20:30,155.2916847
7/5/2024 20:45,126.0688842
7/5/2024 21:00,154.0326525
7/5/2024 21:15,126.8971949
7/5/2024 21:30,151.5477204
7/5/2024 21:45,134.8489773
7/5/2024 22:00,152.3760311
7/5/2024 22:15,132.7616344
7/5/2024 22:30,142.3700382
7/5/2024 22:45,140.2826953
7/5/2024 23:00,135.677288
7/5/2024 23:15,141.5085951
7/5/2024 23:30,136.9363202
7/5/2024 23:45,122.7225091
7/6/2024 0:00,56.35825808
7/6/2024 0:15,83.92443723
7/6/2024 0:30,52.1835723
7/6/2024 0:45,80.97565124
7/6/2024 1:00,52.61429385
7/6/2024 1:15,81.40637279
7/6/2024 1:30,59.27391165
7/6/2024 1:45,79.74975144
7/6/2024 2:00,58.44560097
7/6/2024 2:15,74.31603344
7/6/2024 2:30,72.22869055
7/6/2024 2:45,61.36125454
7/6/2024 3:00,78.05999767
7/6/2024 3:15,58.01487943
7/6/2024 3:30,83.49371568
7/6/2024 3:45,53.44260452
7/6/2024 4:00,83.49371568
7/6/2024 4:15,51.35526163
7/6/2024 4:30,87.23767991
7/6/2024 4:45,154.0326525
7/6/2024 5:00,649.9919501
7/6/2024 5:15,654.9949465
7/6/2024 5:30,562.3235486
7/6/2024 5:45,558.9771735
7/6/2024 6:00,543.9681841
7/6/2024 6:15,548.540459
7/6/2024 6:30,536.4471232
7/6/2024 6:45,553.5765879
7/6/2024 7:00,553.5765879
7/6/2024 7:15,584.4560097
7/6/2024 7:30,539.3627768
7/6/2024 7:45,315.1887767
7/6/2024 8:00,277.6166046
7/6/2024 8:15,288.0533191
7/6/2024 8:30,264.6618257
7/6/2024 8:45,273.0111973
7/6/2024 9:00,208.7342892
7/6/2024 9:15,232.5233717
7/6/2024 9:30,207.475257
7/6/2024 9:45,232.1257826
7/6/2024 10:00,230.0384397
7/6/2024 10:15,225.4330323
7/6/2024 10:30,202.9029821
7/6/2024 10:45,197.8668532
7/6/2024 11:00,175.7675245
7/6/2024 11:15,187.4301387
7/6/2024 11:30,216.2553501
7/6/2024 11:45,174.5084923
7/6/2024 12:00,178.2524565
7/6/2024 12:15,146.1140024
7/6/2024 12:30,171.5928387
7/6/2024 12:45,150.7194098
7/6/2024 13:00,176.1651136
7/6/2024 13:15,153.2043418
7/6/2024 13:30,153.6350633
7/6/2024 13:45,138.5929415
7/6/2024 14:00,145.2856918
7/6/2024 14:15,150.7194098
7/6/2024 14:30,133.1592235
7/6/2024 14:45,148.2013453
7/6/2024 15:00,135.677288
7/6/2024 15:15,149.029656
7/6/2024 15:30,126.4996057
7/6/2024 15:45,144.4573811
7/6/2024 16:00,120.6351662
7/6/2024 16:15,139.0236631
7/6/2024 16:30,117.7195126
7/6/2024 16:45,136.1080095
7/6/2024 17:00,124.809852
7/6/2024 17:15,121.4966093
7/6/2024 17:30,132.3309129
7/6/2024 17:45,115.6321697
7/6/2024 18:00,128.5869486
7/6/2024 18:15,119.8068555
7/6/2024 18:30,128.5869486
7/6/2024 18:45,114.8038591
7/6/2024 19:00,141.9393167
7/6/2024 19:15,119.4092664
7/6/2024 19:30,141.111006
7/6/2024 19:45,123.9815413
7/6/2024 20:00,141.5085951
7/6/2024 20:15,123.1532306
7/6/2024 20:30,147.3730347
7/6/2024 20:45,121.4966093
7/6/2024 21:00,144.0266595
7/6/2024 21:15,122.32492
7/6/2024 21:30,150.2886882
7/6/2024 21:45,118.9785448
7/6/2024 22:00,140.6802844
7/6/2024 22:15,117.3219235
7/6/2024 22:30,135.2465664
7/6/2024 22:45,116.0628913
7/6/2024 23:00,133.1592235
7/6/2024 23:15,118.9785448
7/6/2024 23:30,134.8489773
7/6/2024 23:45,106.885209
7/7/2024 0:00,65.53594032
7/7/2024 0:15,61.79197609
7/7/2024 0:30,59.70463319
7/7/2024 0:45,69.31303698
7/7/2024 1:00,56.78897963
7/7/2024 1:15,71.40037987
7/7/2024 1:30,53.84019364
7/7/2024 1:45,75.57506566
7/7/2024 2:00,47.18057584
7/7/2024 2:15,79.31902989
7/7/2024 2:30,48.00888651
7/7/2024 2:45,79.31902989
7/7/2024 3:00,53.01188297
7/7/2024 3:15,73.88531189
7/7/2024 3:30,60.96366542
7/7/2024 3:45,72.22869055
7/7/2024 4:00,65.96666187
7/7/2024 4:15,63.44859743
7/7/2024 4:30,80.57806211
7/7/2024 4:45,58.44560097
7/7/2024 5:00,82.23468346
7/7/2024 5:15,52.61429385
7/7/2024 5:30,82.23468346
7/7/2024 5:45,57.6172903
7/7/2024 6:00,76.40337633
7/7/2024 6:15,65.1383512
7/7/2024 6:30,72.62627967
7/7/2024 6:45,66.79497254
7/7/2024 7:00,62.62028676
7/7/2024 7:15,80.57806211
7/7/2024 7:30,52.1835723
7/7/2024 7:45,84.7527479
7/7/2024 8:00,46.74985429
7/7/2024 8:15,83.49371568
7/7/2024 8:30,58.01487943
7/7/2024 8:45,70.53893678
7/7/2024 9:00,61.79197609
7/7/2024 9:15,69.31303698
7/7/2024 9:30,72.22869055
7/7/2024 9:45,51.35526163
7/7/2024 10:00,78.49071922
7/7/2024 10:15,48.43960806
7/7/2024 10:30,78.05999767
7/7/2024 10:45,53.84019364
7/7/2024 11:00,70.14134765
7/7/2024 11:15,59.27391165
7/7/2024 11:30,65.96666187
7/7/2024 11:45,70.53893678
7/7/2024 12:00,51.35526163
7/7/2024 12:15,70.96965833
7/7/2024 12:30,48.00888651
7/7/2024 12:45,75.97265478
7/7/2024 13:00,45.49082207
7/7/2024 13:15,71.40037987
7/7/2024 13:30,50.09622941
7/7/2024 13:45,72.22869055
7/7/2024 14:00,58.01487943
7/7/2024 14:15,56.78897963
7/7/2024 14:30,66.36425099
7/7/2024 14:45,56.35825808
7/7/2024 15:00,71.797969
7/7/2024 15:15,46.35226517
7/7/2024 15:30,66.36425099
7/7/2024 15:45,46.74985429
7/7/2024 16:00,73.05700122
7/7/2024 16:15,45.09323295
7/7/2024 16:30,65.53594032
7/7/2024 16:45,42.17757939
7/7/2024 17:00,70.14134765
7/7/2024 17:15,47.18057584
7/7/2024 17:30,65.96666187
7/7/2024 17:45,44.6625114
7/7/2024 18:00,70.53893678
7/7/2024 18:15,49.66550786
7/7/2024 18:30,65.53594032
7/7/2024 18:45,47.18057584
7/7/2024 19:00,73.05700122
7/7/2024 19:15,45.09323295
7/7/2024 19:30,68.45159388
7/7/2024 19:45,49.66550786
7/7/2024 20:00,72.62627967
7/7/2024 20:15,50.92454008
7/7/2024 20:30,68.45159388
7/7/2024 20:45,55.52994741
7/7/2024 21:00,65.96666187
7/7/2024 21:15,58.44560097
7/7/2024 21:30,69.71062611
7/7/2024 21:45,58.87632252
7/7/2024 22:00,59.27391165
7/7/2024 22:15,68.05400476
7/7/2024 22:30,59.70463319
7/7/2024 22:45,70.14134765
7/7/2024 23:00,54.27091519
7/7/2024 23:15,73.48772277
7/7/2024 23:30,53.01188297
7/7/2024 23:45,76.40337633
7/8/2024 0:00,46.74985429
7/8/2024 0:15,79.31902989
7/8/2024 0:30,53.84019364
7/8/2024 0:45,79.31902989
7/8/2024 1:00,55.09922586
7/8/2024 1:15,68.05400476
7/8/2024 1:30,63.87931898
7/8/2024 1:45,67.62328321
7/8/2024 2:00,59.70463319
7/8/2024 2:15,61.79197609
7/8/2024 2:30,70.14134765
7/8/2024 2:45,55.52994741
7/8/2024 3:00,74.71362256
7/8/2024 3:15,50.52695096
7/8/2024 3:30,74.71362256
7/8/2024 3:45,53.84019364
7/8/2024 4:00,74.31603344
7/8/2024 4:15,48.43960806
7/8/2024 4:30,78.88830834
7/8/2024 4:45,54.70163674
7/8/2024 5:00,75.14434411
7/8/2024 5:15,62.62028676
7/8/2024 5:30,63.44859743
7/8/2024 5:45,72.22869055
7/8/2024 6:00,59.27391165
7/8/2024 6:15,77.66240855
7/8/2024 6:30,52.1835723
7/8/2024 6:45,75.97265478
7/8/2024 7:00,52.1835723
7/8/2024 7:15,83.06299413
7/8/2024 7:30,49.66550786
7/8/2024 7:45,75.14434411
7/8/2024 8:00,59.70463319
7/8/2024 8:15,66.79497254
7/8/2024 8:30,73.05700122
7/8/2024 8:45,52.61429385
7/8/2024 9:00,78.05999767
7/8/2024 9:15,49.66550786
7/8/2024 9:30,76.80096545
7/8/2024 9:45,52.61429385
7/8/2024 10:00,75.14434411
7/8/2024 10:15,58.01487943
7/8/2024 10:30,73.48772277
7/8/2024 10:45,60.10222232
7/8/2024 11:00,65.53594032
7/8/2024 11:15,69.31303698
7/8/2024 11:30,53.84019364
7/8/2024 11:45,65.96666187
7/8/2024 12:00,56.35825808
7/8/2024 12:15,73.05700122
7/8/2024 12:30,46.35226517
7/8/2024 12:45,70.53893678
7/8/2024 13:00,49.26791874
7/8/2024 13:15,65.53594032
7/8/2024 13:30,42.57516851
7/8/2024 13:45,70.14134765
7/8/2024 14:00,46.35226517
7/8/2024 14:15,68.05400476
7/8/2024 14:30,41.31613629
7/8/2024 14:45,70.53893678
7/8/2024 15:00,44.6625114
7/8/2024 15:15,68.88231543
7/8/2024 15:30,43.00589006
7/8/2024 15:45,63.44859743
7/8/2024 16:00,43.83420073
7/8/2024 16:15,60.96366542
7/8/2024 16:30,51.75285075
7/8/2024 16:45,57.6172903
7/8/2024 17:00,52.1835723
7/8/2024 17:15,51.75285075
7/8/2024 17:30,60.10222232
7/8/2024 17:45,44.6625114
7/8/2024 18:00,61.79197609
7/8/2024 18:15,43.40347918
7/8/2024 18:30,69.31303698
7/8/2024 18:45,41.31613629
7/8/2024 19:00,63.87931898
7/8/2024 19:15,40.0902365
7/8/2024 19:30,68.05400476
7/8/2024 19:45,46.35226517
7/8/2024 20:00,66.36425099
7/8/2024 20:15,48.83719719
7/8/2024 20:30,69.31303698
7/8/2024 20:45,44.6625114
7/8/2024 21:00,62.18956521
7/8/2024 21:15,53.44260452
7/8/2024 21:30,60.53294387
7/8/2024 21:45,48.00888651
7/8/2024 22:00,55.52994741
7/8/2024 22:15,58.44560097
7/8/2024 22:30,50.92454008
7/8/2024 22:45,61.79197609
7/8/2024 23:00,48.43960806
7/8/2024 23:15,63.87931898
7/8/2024 23:30,45.09323295
7/8/2024 23:45,67.22569409
7/9/2024 0:00,49.66550786
7/9/2024 0:15,65.53594032
7/9/2024 0:30,45.49082207
7/9/2024 0:45,70.14134765
7/9/2024 1:00,44.26492228
7/9/2024 1:15,70.53893678
7/9/2024 1:30,45.09323295
7/9/2024 1:45,70.96965833
7/9/2024 2:00,44.6625114
7/9/2024 2:15,72.62627967
7/9/2024 2:30,46.35226517
7/9/2024 2:45,71.40037987
7/9/2024 3:00,48.00888651
7/9/2024 3:15,70.96965833
7/9/2024 3:30,49.26791874
7/9/2024 3:45,73.48772277
7/9/2024 4:00,48.00888651
7/9/2024 4:15,70.96965833
7/9/2024 4:30,48.43960806
7/9/2024 4:45,122.7225091
7/9/2024 5:00,284.706944
7/9/2024 5:15,1565.507169
7/9/2024 5:30,1785.108894
7/9/2024 5:45,1818.075659
7/9/2024 6:00,1772.154115
7/9/2024 6:15,1816.419038
7/9/2024 6:30,2089.430235
7/9/2024 6:45,2257.676698
7/9/2024 7:00,2247.637573
7/9/2024 7:15,2141.183086
7/9/2024 7:30,2133.264436
7/9/2024 7:45,2328.215635
7/9/2024 8:00,2298.992835
7/9/2024 8:15,2297.733802
7/9/2024 8:30,2260.16163
7/9/2024 8:45,2211.324433
7/9/2024 9:00,2148.704146
7/9/2024 9:15,2296.077181
7/9/2024 9:30,2269.372445
7/9/2024 9:45,2192.969069
7/9/2024 10:00,2203.803372
7/9/2024 10:15,2289.384431
7/9/2024 10:30,2238.459891
7/9/2024 10:45,2215.499119
7/9/2024 11:00,2100.69526
7/9/2024 11:15,2191.279315
7/9/2024 11:30,2200.059408
7/9/2024 11:45,2181.273322
7/9/2024 12:00,2158.31255
7/9/2024 12:15,2183.360665
7/9/2024 12:30,2123.656032
7/9/2024 12:45,2127.002407
7/9/2024 13:00,2207.149747
7/9/2024 13:15,2276.860374
7/9/2024 13:30,2237.63158
7/9/2024 13:45,2210.926844
7/9/2024 14:00,2102.385014
7/9/2024 14:15,808.2324207
7/9/2024 14:30,752.2717518
7/9/2024 14:45,482.176208
7/9/2024 15:00,212.908975
7/9/2024 15:15,193.6921674
7/9/2024 15:30,126.8971949
7/9/2024 15:45,155.7224062
7/9/2024 16:00,120.6351662
7/9/2024 16:15,128.1562271
7/9/2024 16:30,113.9755484
7/9/2024 16:45,124.809852
7/9/2024 17:00,120.6351662
7/9/2024 17:15,115.2345806
7/9/2024 17:30,134.0206666
7/9/2024 17:45,115.2345806
7/9/2024 18:00,129.4152593
7/9/2024 18:15,115.2345806
7/9/2024 18:30,111.0598948
7/9/2024 18:45,127.758638
7/9/2024 19:00,115.2345806
7/9/2024 19:15,127.3279164
7/9/2024 19:30,149.4603775
7/9/2024 19:45,177.4241458
7/9/2024 20:00,173.6801816
7/9/2024 20:15,165.7283991
7/9/2024 20:30,184.9452067
7/9/2024 20:45,166.1591207
7/9/2024 21:00,184.5144852
7/9/2024 21:15,165.7283991
7/9/2024 21:30,178.2524565
7/9/2024 21:45,167.4181529
7/9/2024 22:00,162.8127456
7/9/2024 22:15,180.7705209
7/9/2024 22:30,168.2464636
7/9/2024 22:45,183.2554529
7/9/2024 23:00,166.9874314
7/9/2024 23:15,187.4301387
7/9/2024 23:30,165.7283991
7/9/2024 23:45,163.2434671
7/10/2024 0:00,49.26791874
7/10/2024 0:15,63.44859743
7/10/2024 0:30,54.70163674
7/10/2024 0:45,51.35526163
7/10/2024 1:00,58.44560097
7/10/2024 1:15,55.92753653
7/10/2024 1:30,63.05100831
7/10/2024 1:45,46.74985429
7/10/2024 2:00,68.05400476
7/10/2024 2:15,50.09622941
7/10/2024 2:30,69.71062611
7/10/2024 2:45,43.83420073
7/10/2024 3:00,75.14434411
7/10/2024 3:15,48.00888651
7/10/2024 3:30,74.31603344
7/10/2024 3:45,48.00888651
7/10/2024 4:00,75.57506566
7/10/2024 4:15,48.43960806
7/10/2024 4:30,69.71062611
7/10/2024 4:45,149.029656
7/10/2024 5:00,651.6817038
7/10/2024 5:15,1755.024651
7/10/2024 5:30,1818.50638
7/10/2024 5:45,1823.509377
7/10/2024 6:00,1947.92164
7/10/2024 6:15,1965.017972
7/10/2024 6:30,2136.180089
7/10/2024 6:45,2428.408094
7/10/2024 7:00,2459.320648
7/10/2024 7:15,2422.146065
7/10/2024 7:30,2403.790701
7/10/2024 7:45,2407.137076
7/10/2024 8:00,2432.185191
7/10/2024 8:15,2395.010608
7/10/2024 8:30,2426.751473
7/10/2024 8:45,2498.549442
7/10/2024 9:00,2426.320751
7/10/2024 9:15,2412.537662
7/10/2024 9:30,2445.935148
7/10/2024 9:45,2254.761045
7/10/2024 10:00,2291.902495
7/10/2024 10:15,2354.522782
7/10/2024 10:30,2422.146065
7/10/2024 10:45,2467.67002
7/10/2024 11:00,2375.826933
7/10/2024 11:15,2437.188187
7/10/2024 11:30,2438.844808
7/10/2024 11:45,2253.899602
7/10/2024 12:00,2072.731492
7/10/2024 12:15,1190.613759
7/10/2024 12:30,995.2318379
7/10/2024 12:45,2063.123088
7/10/2024 13:00,2083.168206
7/10/2024 13:15,2077.734488
7/10/2024 13:30,1936.225893
7/10/2024 13:45,2003.849176
7/10/2024 14:00,2030.156323
7/10/2024 14:15,1070.806904
7/10/2024 14:30,699.6905903
7/10/2024 14:45,365.2850061
7/10/2024 15:00,368.2006597
7/10/2024 15:15,314.360466
7/10/2024 15:30,164.9000885
7/10/2024 15:45,132.7616344
7/10/2024 16:00,113.5448268
7/10/2024 16:15,118.9785448
7/10/2024 16:30,118.5478233
7/10/2024 16:45,112.7165162
7/10/2024 17:00,129.8459808
7/10/2024 17:15,112.7165162
7/10/2024 17:30,114.8038591
7/10/2024 17:45,124.809852
7/10/2024 18:00,110.6291733
7/10/2024 18:15,124.809852
7/10/2024 18:30,110.1984517
7/10/2024 18:45,109.3701411
7/10/2024 19:00,130.6742915
7/10/2024 19:15,112.2857946
7/10/2024 19:30,113.9755484
7/10/2024 19:45,123.5839522
7/10/2024 20:00,119.4092664
7/10/2024 20:15,125.6712951
7/10/2024 20:30,112.7165162
7/10/2024 20:45,124.4122628
7/10/2024 21:00,115.6321697
7/10/2024 21:15,110.1984517
7/10/2024 21:30,128.9845378
7/10/2024 21:45,114.8038591
7/10/2024 22:00,124.4122628
7/10/2024 22:15,107.2827982
7/10/2024 22:30,124.809852
7/10/2024 22:45,107.7135197
7/10/2024 23:00,108.9725519
7/10/2024 23:15,130.6742915
7/10/2024 23:30,106.0237659
7/10/2024 23:45,109.8008626
7/11/2024 0:00,52.1835723
7/11/2024 0:15,65.53594032
7/11/2024 0:30,43.83420073
7/11/2024 0:45,62.62028676
7/11/2024 1:00,51.75285075
7/11/2024 1:15,50.09622941
7/11/2024 1:30,58.44560097
7/11/2024 1:45,48.83719719
7/11/2024 2:00,65.53594032
7/11/2024 2:15,47.18057584
7/11/2024 2:30,64.2769081
7/11/2024 2:45,43.83420073
7/11/2024 3:00,70.14134765
7/11/2024 3:15,48.00888651
7/11/2024 3:30,62.62028676
7/11/2024 3:45,45.92154362
7/11/2024 4:00,71.797969
7/11/2024 4:15,47.18057584
7/11/2024 4:30,60.53294387
7/11/2024 4:45,146.9423131
7/11/2024 5:00,837.0244997
7/11/2024 5:15,1684.916435
7/11/2024 5:30,1711.621171
7/11/2024 5:45,1698.268803
7/11/2024 6:00,1693.265807
7/11/2024 6:15,2088.171203
7/11/2024 6:30,2106.957289
7/11/2024 6:45,2137.439121
7/11/2024 7:00,2067.728495
7/11/2024 7:15,2092.345888
7/11/2024 7:30,2163.746268
7/11/2024 7:45,2195.454001
7/11/2024 8:00,2130.746371
7/11/2024 8:15,2061.035745
7/11/2024 8:30,2077.734488
7/11/2024 8:45,2142.872839
7/11/2024 9:00,2115.737382
7/11/2024 9:15,2295.64646
7/11/2024 9:30,2200.887719
7/11/2024 9:45,2087.342892
7/11/2024 10:00,2133.264436
7/11/2024 10:15,2167.092643
7/11/2024 10:30,2141.613807
7/11/2024 10:45,2028.466569
7/11/2024 11:00,2003.849176
7/11/2024 11:15,2066.900185
7/11/2024 11:30,2090.258545
7/11/2024 11:45,2070.213427
7/11/2024 12:00,2068.556806
7/11/2024 12:15,2071.472459
7/11/2024 12:30,1982.975747
7/11/2024 12:45,2154.966175
7/11/2024 13:00,2119.481346
7/11/2024 13:15,2081.080863
7/11/2024 13:30,2122.397
7/11/2024 13:45,2052.288784
7/11/2024 14:00,2078.99352
7/11/2024 14:15,1053.27985
7/11/2024 14:30,782.3228629
7/11/2024 14:45,535.6188126
7/11/2024 15:00,201.6439498
7/11/2024 15:15,209.1650107
7/11/2024 15:30,204.990325
7/11/2024 15:45,145.2856918
7/11/2024 16:00,120.6351662
7/11/2024 16:15,123.9815413
7/11/2024 16:30,126.8971949
7/11/2024 16:45,120.6351662
7/11/2024 17:00,122.32492
7/11/2024 17:15,138.5929415
7/11/2024 17:30,119.4092664
7/11/2024 17:45,122.32492
7/11/2024 18:00,131.9333237
7/11/2024 18:15,119.4092664
7/11/2024 18:30,118.5478233
7/11/2024 18:45,133.1592235
7/11/2024 19:00,120.6351662
7/11/2024 19:15,112.2857946
7/11/2024 19:30,133.5899451
7/11/2024 19:45,116.8912019
7/11/2024 20:00,116.8912019
7/11/2024 20:15,136.1080095
7/11/2024 20:30,123.1532306
7/11/2024 20:45,121.4966093
7/11/2024 21:00,132.7616344
7/11/2024 21:15,121.4966093
7/11/2024 21:30,122.7225091
7/11/2024 21:45,124.809852
7/11/2024 22:00,114.3731375
7/11/2024 22:15,136.1080095
7/11/2024 22:30,124.809852
7/11/2024 22:45,114.3731375
7/11/2024 23:00,133.1592235
7/11/2024 23:15,120.6351662
7/11/2024 23:30,136.1080095
7/11/2024 23:45,80.57806211
7/12/2024 0:00,55.09922586
7/12/2024 0:15,70.53893678
7/12/2024 0:30,56.78897963
7/12/2024 0:45,70.53893678
7/12/2024 1:00,52.61429385
7/12/2024 1:15,58.44560097
7/12/2024 1:30,71.797969
7/12/2024 1:45,53.84019364
7/12/2024 2:00,73.05700122
7/12/2024 2:15,58.87632252
7/12/2024 2:30,52.61429385
7/12/2024 2:45,70.53893678
7/12/2024 3:00,56.78897963
7/12/2024 3:15,77.231687
7/12/2024 3:30,56.78897963
7/12/2024 3:45,70.53893678
7/12/2024 4:00,58.44560097
7/12/2024 4:15,60.10222232
7/12/2024 4:30,73.48772277
7/12/2024 4:45,171.5928387
7/12/2024 5:00,816.5817923
7/12/2024 5:15,1668.217692
7/12/2024 5:30,1719.539821
7/12/2024 5:45,1688.229678
7/12/2024 6:00,1681.57006
7/12/2024 6:15,1715.795857
7/12/2024 6:30,1750.452376
7/12/2024 6:45,2098.607917
7/12/2024 7:00,2139.957186
7/12/2024 7:15,2151.222211
7/12/2024 7:30,2120.309657
7/12/2024 7:45,2141.183086
7/12/2024 8:00,2136.610811
7/12/2024 8:15,2165.40289
7/12/2024 8:30,2143.270428
7/12/2024 8:45,2116.996414
7/12/2024 9:00,2134.921057
7/12/2024 9:15,2107.38801
7/12/2024 9:30,2084.427238
7/12/2024 9:45,2127.002407
7/12/2024 10:00,2108.647042
7/12/2024 10:15,2126.571685
7/12/2024 10:30,2110.734385
7/12/2024 10:45,2119.083757
7/12/2024 11:00,2096.122985
7/12/2024 11:15,1957.099322
7/12/2024 11:30,2065.210431
7/12/2024 11:45,2057.291781
7/12/2024 12:00,2057.291781
7/12/2024 12:15,2028.466569
7/12/2024 12:30,2061.035745
7/12/2024 12:45,1999.67449
7/12/2024 13:00,2172.493229
7/12/2024 13:15,2134.092746
7/12/2024 13:30,2084.427238
7/12/2024 13:45,2094.433231
7/12/2024 14:00,2045.596034
7/12/2024 14:15,989.8312523
7/12/2024 14:30,735.5730086
7/12/2024 14:45,484.6942725
7/12/2024 15:00,417.8992999
7/12/2024 15:15,185.7735174
7/12/2024 15:30,133.5899451
7/12/2024 15:45,135.2465664
7/12/2024 16:00,121.8941984
7/12/2024 16:15,141.111006
7/12/2024 16:30,129.4152593
7/12/2024 16:45,141.5085951
7/12/2024 17:00,119.4092664
7/12/2024 17:15,134.0206666
7/12/2024 17:30,128.1562271
7/12/2024 17:45,117.3219235
7/12/2024 18:00,136.1080095
7/12/2024 18:15,119.4092664
7/12/2024 18:30,135.2465664
7/12/2024 18:45,119.8068555
7/12/2024 19:00,137.3339093
7/12/2024 19:15,139.8519738
7/12/2024 19:30,125.2405735
7/12/2024 19:45,141.5085951
7/12/2024 20:00,122.7225091
7/12/2024 20:15,139.8519738
7/12/2024 20:30,128.1562271
7/12/2024 20:45,143.1983489
7/12/2024 21:00,122.7225091
7/12/2024 21:15,142.3700382
7/12/2024 21:30,120.6351662
7/12/2024 21:45,137.7646309
7/12/2024 22:00,127.3279164
7/12/2024 22:15,131.0718806
7/12/2024 22:30,128.5869486
7/12/2024 22:45,131.5026022
7/12/2024 23:00,132.3309129
7/12/2024 23:15,125.2405735
7/12/2024 23:30,136.9363202
7/12/2024 23:45,107.2827982
7/13/2024 0:00,76.40337633
7/13/2024 0:15,55.52994741
7/13/2024 0:30,71.40037987
7/13/2024 0:45,50.09622941
7/13/2024 1:00,73.48772277
7/13/2024 1:15,50.52695096
7/13/2024 1:30,73.05700122
7/13/2024 1:45,53.84019364
7/13/2024 2:00,75.14434411
7/13/2024 2:15,50.09622941
7/13/2024 2:30,78.88830834
7/13/2024 2:45,50.92454008
7/13/2024 3:00,74.71362256
7/13/2024 3:15,56.78897963
7/13/2024 3:30,72.22869055
7/13/2024 3:45,59.70463319
7/13/2024 4:00,71.40037987
7/13/2024 4:15,57.18656875
7/13/2024 4:30,73.88531189
7/13/2024 4:45,125.2405735
7/13/2024 5:00,402.4264566
7/13/2024 5:15,1568.853544
7/13/2024 5:30,1657.350256
7/13/2024 5:45,1661.09422
7/13/2024 6:00,1666.527938
7/13/2024 6:15,1732.063879
7/13/2024 6:30,2013.026858
7/13/2024 6:45,2117.824725
7/13/2024 7:00,2063.123088
7/13/2024 7:15,2065.210431
7/13/2024 7:30,2110.303664
7/13/2024 7:45,2126.571685
7/13/2024 8:00,2172.493229
7/13/2024 8:15,2033.900287
7/13/2024 8:30,2115.30666
7/13/2024 8:45,2251.41467
7/13/2024 9:00,2006.76483
7/13/2024 9:15,689.651465
7/13/2024 9:30,656.6847003
7/13/2024 9:45,639.5552356
7/13/2024 10:00,786.9282703
7/13/2024 10:15,698.8291472
7/13/2024 10:30,456.6973718
7/13/2024 10:45,268.0082008
7/13/2024 11:00,230.4360288
7/13/2024 11:15,177.4241458
7/13/2024 11:30,182.8578638
7/13/2024 11:45,170.7313956
7/13/2024 12:00,134.8489773
7/13/2024 12:15,126.8971949
7/13/2024 12:30,144.0266595
7/13/2024 12:45,182.8578638
7/13/2024 13:00,173.6801816
7/13/2024 13:15,135.677288
7/13/2024 13:30,140.2826953
7/13/2024 13:45,134.8489773
7/13/2024 14:00,132.3309129
7/13/2024 14:15,134.8489773
7/13/2024 14:30,127.758638
7/13/2024 14:45,124.4122628
7/13/2024 15:00,123.5839522
7/13/2024 15:15,127.3279164
7/13/2024 15:30,141.111006
7/13/2024 15:45,136.1080095
7/13/2024 16:00,120.6351662
7/13/2024 16:15,122.7225091
7/13/2024 16:30,133.5899451
7/13/2024 16:45,121.4966093
7/13/2024 17:00,126.4996057
7/13/2024 17:15,122.32492
7/13/2024 17:30,115.6321697
7/13/2024 17:45,118.9785448
7/13/2024 18:00,113.9755484
7/13/2024 18:15,120.6351662
7/13/2024 18:30,126.4996057
7/13/2024 18:45,118.5478233
7/13/2024 19:00,123.1532306
7/13/2024 19:15,118.1502342
7/13/2024 19:30,118.1502342
7/13/2024 19:45,129.8459808
7/13/2024 20:00,118.5478233
7/13/2024 20:15,119.8068555
7/13/2024 20:30,117.3219235
7/13/2024 20:45,125.6712951
7/13/2024 21:00,126.4996057
7/13/2024 21:15,121.0658877
7/13/2024 21:30,115.6321697
7/13/2024 21:45,130.24357
7/13/2024 22:00,120.6351662
7/13/2024 22:15,120.2375771
7/13/2024 22:30,116.0628913
7/13/2024 22:45,132.7616344
7/13/2024 23:00,118.5478233
7/13/2024 23:15,119.8068555
7/13/2024 23:30,126.0688842
7/13/2024 23:45,110.1984517
7/14/2024 0:00,46.74985429
7/14/2024 0:15,43.40347918
7/14/2024 0:30,66.36425099
7/14/2024 0:45,45.92154362
7/14/2024 1:00,43.83420073
7/14/2024 1:15,62.62028676
7/14/2024 1:30,47.57816497
7/14/2024 1:45,47.18057584
7/14/2024 2:00,65.1383512
7/14/2024 2:15,45.49082207
7/14/2024 2:30,49.26791874
7/14/2024 2:45,62.18956521
7/14/2024 3:00,47.57816497
7/14/2024 3:15,45.09323295
7/14/2024 3:30,65.53594032
7/14/2024 3:45,47.57816497
7/14/2024 4:00,53.01188297
7/14/2024 4:15,58.01487943
7/14/2024 4:30,46.74985429
7/14/2024 4:45,68.05400476
7/14/2024 5:00,43.40347918
7/14/2024 5:15,50.09622941
7/14/2024 5:30,64.2769081
7/14/2024 5:45,50.09622941
7/14/2024 6:00,55.52994741
7/14/2024 6:15,56.35825808
7/14/2024 6:30,49.26791874
7/14/2024 6:45,62.18956521
7/14/2024 7:00,47.57816497
7/14/2024 7:15,46.35226517
7/14/2024 7:30,65.96666187
7/14/2024 7:45,47.18057584
7/14/2024 8:00,61.36125454
7/14/2024 8:15,45.92154362
7/14/2024 8:30,47.57816497
7/14/2024 8:45,64.70762965
7/14/2024 9:00,45.09323295
7/14/2024 9:15,46.74985429
7/14/2024 9:30,57.18656875
7/14/2024 9:45,46.74985429
7/14/2024 10:00,60.96366542
7/14/2024 10:15,44.26492228
7/14/2024 10:30,43.83420073
7/14/2024 10:45,59.70463319
7/14/2024 11:00,43.40347918
7/14/2024 11:15,41.74685784
7/14/2024 11:30,64.2769081
7/14/2024 11:45,43.40347918
7/14/2024 12:00,43.40347918
7/14/2024 12:15,60.96366542
7/14/2024 12:30,41.74685784
7/14/2024 12:45,44.26492228
7/14/2024 13:00,47.18057584
7/14/2024 13:15,52.61429385
7/14/2024 13:30,41.31613629
7/14/2024 13:45,43.40347918
7/14/2024 14:00,56.35825808
7/14/2024 14:15,44.6625114
7/14/2024 14:30,43.83420073
7/14/2024 14:45,44.26492228
7/14/2024 15:00,47.57816497
7/14/2024 15:15,55.09922586
7/14/2024 15:30,44.26492228
7/14/2024 15:45,45.49082207
7/14/2024 16:00,44.6625114
7/14/2024 16:15,44.6625114
7/14/2024 16:30,45.49082207
7/14/2024 16:45,45.49082207
7/14/2024 17:00,45.49082207
7/14/2024 17:15,42.57516851
7/14/2024 17:30,47.18057584
7/14/2024 17:45,42.17757939
7/14/2024 18:00,43.83420073
7/14/2024 18:15,40.91854717
7/14/2024 18:30,45.09323295
7/14/2024 18:45,42.57516851
7/14/2024 19:00,42.57516851
7/14/2024 19:15,44.26492228
7/14/2024 19:30,39.65951495
7/14/2024 19:45,40.48782562
7/14/2024 20:00,41.31613629
7/14/2024 20:15,45.09323295
7/14/2024 20:30,40.91854717
7/14/2024 20:45,42.57516851
7/14/2024 21:00,42.17757939
7/14/2024 21:15,43.40347918
7/14/2024 21:30,40.48782562
7/14/2024 21:45,43.83420073
7/14/2024 22:00,43.00589006
7/14/2024 22:15,55.09922586
7/14/2024 22:30,40.48782562
7/14/2024 22:45,49.26791874
7/14/2024 23:00,43.40347918
7/14/2024 23:15,45.09323295
7/14/2024 23:30,41.74685784
7/14/2024 23:45,45.92154362
7/15/2024 0:00,53.01188297
7/15/2024 0:15,43.40347918
7/15/2024 0:30,44.26492228
7/15/2024 0:45,42.57516851
7/15/2024 1:00,43.00589006
7/15/2024 1:15,41.74685784
7/15/2024 1:30,45.49082207
7/15/2024 1:45,53.01188297
7/15/2024 2:00,44.26492228
7/15/2024 2:15,43.40347918
7/15/2024 2:30,44.26492228
7/15/2024 2:45,41.74685784
7/15/2024 3:00,49.26791874
7/15/2024 3:15,50.92454008
7/15/2024 3:30,44.6625114
7/15/2024 3:45,41.74685784
7/15/2024 4:00,46.74985429
7/15/2024 4:15,44.26492228
7/15/2024 4:30,56.78897963
7/15/2024 4:45,40.91854717
7/15/2024 5:00,46.35226517
7/15/2024 5:15,41.31613629
7/15/2024 5:30,45.92154362
7/15/2024 5:45,55.09922586
7/15/2024 6:00,44.6625114
7/15/2024 6:15,41.31613629
7/15/2024 6:30,48.00888651
7/15/2024 6:45,58.87632252
7/15/2024 7:00,43.00589006
7/15/2024 7:15,40.0902365
7/15/2024 7:30,46.35226517
7/15/2024 7:45,44.26492228
7/15/2024 8:00,51.35526163
7/15/2024 8:15,41.31613629
7/15/2024 8:30,42.17757939
7/15/2024 8:45,39.2287934
7/15/2024 9:00,53.84019364
7/15/2024 9:15,40.48782562
7/15/2024 9:30,42.57516851
7/15/2024 9:45,43.40347918
7/15/2024 10:00,43.00589006
7/15/2024 10:15,38.0028936
7/15/2024 10:30,39.2287934
7/15/2024 10:45,38.40048273
7/15/2024 11:00,52.61429385
7/15/2024 11:15,38.40048273
7/15/2024 11:30,39.2287934
7/15/2024 11:45,42.17757939
7/15/2024 12:00,41.74685784
7/15/2024 12:15,41.31613629
7/15/2024 12:30,41.74685784
7/15/2024 12:45,43.40347918
7/15/2024 13:00,40.91854717
7/15/2024 13:15,40.48782562
7/15/2024 13:30,43.00589006
7/15/2024 13:45,40.48782562
7/15/2024 14:00,41.31613629
7/15/2024 14:15,44.26492228
7/15/2024 14:30,41.31613629
7/15/2024 14:45,40.91854717
7/15/2024 15:00,42.17757939
7/15/2024 15:15,42.57516851
7/15/2024 15:30,40.91854717
7/15/2024 15:45,41.31613629
7/15/2024 16:00,42.17757939
7/15/2024 16:15,41.74685784
7/15/2024 16:30,40.91854717
7/15/2024 16:45,43.83420073
7/15/2024 17:00,40.0902365
7/15/2024 17:15,42.17757939
7/15/2024 17:30,40.91854717
7/15/2024 17:45,42.57516851
7/15/2024 18:00,39.2287934
7/15/2024 18:15,44.6625114
7/15/2024 18:30,40.0902365
7/15/2024 18:45,43.00589006
7/15/2024 19:00,39.65951495
7/15/2024 19:15,45.92154362
7/15/2024 19:30,39.2287934
7/15/2024 19:45,42.17757939
7/15/2024 20:00,40.48782562
7/15/2024 20:15,41.31613629
7/15/2024 20:30,39.2287934
7/15/2024 20:45,43.83420073
7/15/2024 21:00,39.2287934
7/15/2024 21:15,41.31613629
7/15/2024 21:30,41.31613629
7/15/2024 21:45,40.91854717
7/15/2024 22:00,41.74685784
7/15/2024 22:15,43.00589006
7/15/2024 22:30,43.83420073
7/15/2024 22:45,42.17757939
7/15/2024 23:00,47.18057584
7/15/2024 23:15,44.26492228
7/15/2024 23:30,43.00589006
7/15/2024 23:45,42.57516851
7/16/2024 0:00,43.40347918
7/16/2024 0:15,43.00589006
7/16/2024 0:30,42.57516851
7/16/2024 0:45,42.57516851
7/16/2024 1:00,45.49082207
7/16/2024 1:15,42.57516851
7/16/2024 1:30,44.26492228
7/16/2024 1:45,46.35226517
7/16/2024 2:00,57.6172903
7/16/2024 2:15,41.74685784
7/16/2024 2:30,45.49082207
7/16/2024 2:45,41.74685784
7/16/2024 3:00,47.18057584
7/16/2024 3:15,54.27091519
7/16/2024 3:30,48.43960806
7/16/2024 3:45,44.6625114
7/16/2024 4:00,44.6625114
7/16/2024 4:15,46.35226517
7/16/2024 4:30,54.70163674
7/16/2024 4:45,52.61429385
7/16/2024 5:00,222.9149679
7/16/2024 5:15,1401.435391
7/16/2024 5:30,1772.584837
7/16/2024 5:45,1747.536722
7/16/2024 6:00,1744.587936
7/16/2024 6:15,1754.627061
7/16/2024 6:30,1861.081549
7/16/2024 6:45,1841.036431
7/16/2024 7:00,1850.644834
7/16/2024 7:15,1888.217007
7/16/2024 7:30,1892.391692
7/16/2024 7:45,1881.126667
7/16/2024 8:00,1905.74406
7/16/2024 8:15,1357.203601
7/16/2024 8:30,1895.307346
7/16/2024 8:45,1913.66271
7/16/2024 9:00,1877.780292
7/16/2024 9:15,1896.566378
7/16/2024 9:30,1878.177881
7/16/2024 9:45,737.6603515
7/16/2024 10:00,1813.470252
7/16/2024 10:15,1887.388696
7/16/2024 10:30,1892.789281
7/16/2024 10:45,1890.304349
7/16/2024 11:00,1896.135657
7/16/2024 11:15,1878.177881
7/16/2024 11:30,1915.352464
7/16/2024 11:45,1880.695946
7/16/2024 12:00,1858.165895
7/16/2024 12:15,1879.436913
7/16/2024 12:30,1874.433917
7/16/2024 12:45,1886.129664
7/16/2024 13:00,1908.262125
7/16/2024 13:15,1886.129664
7/16/2024 13:30,1878.608603
7/16/2024 13:45,1881.524256
7/16/2024 14:00,690.0821866
7/16/2024 14:15,446.6913789
7/16/2024 14:30,336.0622056
7/16/2024 14:45,215.8246285
7/16/2024 15:00,223.776411
7/16/2024 15:15,165.7283991
7/16/2024 15:30,127.3279164
7/16/2024 15:45,127.758638
7/16/2024 16:00,127.3279164
7/16/2024 16:15,121.8941984
7/16/2024 16:30,124.4122628
7/16/2024 16:45,123.9815413
7/16/2024 17:00,127.3279164
7/16/2024 17:15,124.4122628
7/16/2024 17:30,120.6351662
7/16/2024 17:45,121.4966093
7/16/2024 18:00,122.7225091
7/16/2024 18:15,119.8068555
7/16/2024 18:30,123.9815413
7/16/2024 18:45,123.5839522
7/16/2024 19:00,122.7225091
7/16/2024 19:15,124.4122628
7/16/2024 19:30,121.8941984
7/16/2024 19:45,124.809852
7/16/2024 20:00,118.9785448
7/16/2024 20:15,123.5839522
7/16/2024 20:30,121.8941984
7/16/2024 20:45,120.2375771
7/16/2024 21:00,123.1532306
7/16/2024 21:15,124.4122628
7/16/2024 21:30,120.2375771
7/16/2024 21:45,124.809852
7/16/2024 22:00,125.6712951
7/16/2024 22:15,120.6351662
7/16/2024 22:30,126.0688842
7/16/2024 22:45,122.7225091
7/16/2024 23:00,117.3219235
7/16/2024 23:15,115.2345806
7/16/2024 23:30,118.1502342
7/16/2024 23:45,103.5388339
7/17/2024 0:00,53.84019364
7/17/2024 0:15,57.6172903
7/17/2024 0:30,54.70163674
7/17/2024 0:45,53.01188297
7/17/2024 1:00,57.6172903
7/17/2024 1:15,54.70163674
7/17/2024 1:30,53.44260452
7/17/2024 1:45,55.09922586
7/17/2024 2:00,56.78897963
7/17/2024 2:15,55.09922586
7/17/2024 2:30,52.61429385
7/17/2024 2:45,56.78897963
7/17/2024 3:00,55.92753653
7/17/2024 3:15,56.35825808
7/17/2024 3:30,55.09922586
7/17/2024 3:45,55.09922586
7/17/2024 4:00,54.70163674
7/17/2024 4:15,55.52994741
7/17/2024 4:30,56.35825808
7/17/2024 4:45,56.35825808
7/17/2024 5:00,116.8912019
7/17/2024 5:15,123.1532306
7/17/2024 5:30,166.9874314
7/17/2024 5:45,239.613711
7/17/2024 6:00,243.3908077
7/17/2024 6:15,237.128779
7/17/2024 6:30,269.6979546
7/17/2024 6:45,280.9629797
7/17/2024 7:00,219.9993143
7/17/2024 7:15,260.0895508
7/17/2024 7:30,286.7942869
7/17/2024 7:45,301.8364087
7/17/2024 8:00,288.0533191
7/17/2024 8:15,297.2310013
7/17/2024 8:30,298.4900335
7/17/2024 8:45,294.7460693
7/17/2024 9:00,301.008098
7/17/2024 9:15,277.1858831
7/17/2024 9:30,226.261343
7/17/2024 9:45,232.9540932
7/17/2024 10:00,256.7431757
7/17/2024 10:15,250.481147
7/17/2024 10:30,235.0414361
7/17/2024 10:45,240.8727432
7/17/2024 11:00,246.3064612
7/17/2024 11:15,232.9540932
7/17/2024 11:30,229.1769966
7/17/2024 11:45,209.9933214
7/17/2024 12:00,204.1288819
7/17/2024 12:15,205.3879141
7/17/2024 12:30,222.0866572
7/17/2024 12:45,219.9993143
7/17/2024 13:00,182.4271423
7/17/2024 13:15,273.8726404
7/17/2024 13:30,281.3605689
7/17/2024 13:45,294.3153478
7/17/2024 14:00,271.7852975
7/17/2024 14:15,275.0985402
7/17/2024 14:30,246.3064612
7/17/2024 14:45,257.5714864
7/17/2024 15:00,248.8245257
7/17/2024 15:15,246.3064612
7/17/2024 15:30,214.1680072
7/17/2024 15:45,190.3789247
7/17/2024 16:00,114.3731375
7/17/2024 16:15,112.7165162
7/17/2024 16:30,115.2345806
7/17/2024 16:45,123.5839522
7/17/2024 17:00,117.3219235
7/17/2024 17:15,122.32492
7/17/2024 17:30,118.1502342
7/17/2024 17:45,118.5478233
7/17/2024 18:00,117.7195126
7/17/2024 18:15,118.5478233
7/17/2024 18:30,118.1502342
7/17/2024 18:45,116.0628913
7/17/2024 19:00,118.5478233
7/17/2024 19:15,117.7195126
7/17/2024 19:30,118.5478233
7/17/2024 19:45,116.8912019
7/17/2024 20:00,115.2345806
7/17/2024 20:15,116.0628913
7/17/2024 20:30,113.9755484
7/17/2024 20:45,114.8038591
7/17/2024 21:00,116.0628913
7/17/2024 21:15,118.1502342
7/17/2024 21:30,112.7165162
7/17/2024 21:45,113.9755484
7/17/2024 22:00,113.1472377
7/17/2024 22:15,117.3219235
7/17/2024 22:30,113.5448268
7/17/2024 22:45,108.1111088
7/17/2024 23:00,108.1111088
7/17/2024 23:15,111.4574839
7/17/2024 23:30,108.5418304
7/17/2024 23:45,96.44849458
7/18/2024 0:00,43.00589006
7/18/2024 0:15,39.65951495
7/18/2024 0:30,41.31613629
7/18/2024 0:45,43.00589006
7/18/2024 1:00,39.65951495
7/18/2024 1:15,41.31613629
7/18/2024 1:30,46.74985429
7/18/2024 1:45,43.00589006
7/18/2024 2:00,41.74685784
7/18/2024 2:15,42.57516851
7/18/2024 2:30,39.2287934
7/18/2024 2:45,42.17757939
7/18/2024 3:00,41.31613629
7/18/2024 3:15,40.0902365
7/18/2024 3:30,42.17757939
7/18/2024 3:45,44.26492228
7/18/2024 4:00,40.0902365
7/18/2024 4:15,42.17757939
7/18/2024 4:30,41.74685784
7/18/2024 4:45,89.75574435
7/18/2024 5:00,113.9755484
7/18/2024 5:15,112.2857946
7/18/2024 5:30,149.4603775
7/18/2024 5:45,185.7735174
7/18/2024 6:00,211.2523536
7/18/2024 6:15,212.4782534
7/18/2024 6:30,210.3909105
7/18/2024 6:45,237.5263681
7/18/2024 7:00,241.7010539
7/18/2024 7:15,244.6498399
7/18/2024 7:30,264.2642366
7/18/2024 7:45,303.49303
7/18/2024 8:00,280.5322582
7/18/2024 8:15,288.4840406
7/18/2024 8:30,287.2250084
7/18/2024 8:45,278.8756368
7/18/2024 9:00,280.1346691
7/18/2024 9:15,276.788294
7/18/2024 9:30,263.0052044
7/18/2024 9:45,279.273226
7/18/2024 10:00,290.140662
7/18/2024 10:15,278.0473262
7/18/2024 10:30,290.5713835
7/18/2024 10:45,290.9689727
7/18/2024 11:00,293.4870371
7/18/2024 11:15,279.273226
7/18/2024 11:30,284.3093549
7/18/2024 11:45,254.6558328
7/18/2024 12:00,236.6980575
7/18/2024 12:15,227.5203752
7/18/2024 12:30,252.9992115
7/18/2024 12:45,261.348583
7/18/2024 13:00,245.8757397
7/18/2024 13:15,254.6558328
7/18/2024 13:30,260.4871399
7/18/2024 13:45,237.5263681
7/18/2024 14:00,260.9178615
7/18/2024 14:15,255.4841435
7/18/2024 14:30,216.2553501
7/18/2024 14:45,217.0836608
7/18/2024 15:00,224.6047217
7/18/2024 15:15,213.3396965
7/18/2024 15:30,214.5655963
7/18/2024 15:45,171.9904278
7/18/2024 16:00,115.2345806
7/18/2024 16:15,120.2375771
7/18/2024 16:30,114.8038591
7/18/2024 16:45,122.7225091
7/18/2024 17:00,115.2345806
7/18/2024 17:15,113.5448268
7/18/2024 17:30,113.5448268
7/18/2024 17:45,113.9755484
7/18/2024 18:00,110.1984517
7/18/2024 18:15,116.4604804
7/18/2024 18:30,112.2857946
7/18/2024 18:45,113.1472377
7/18/2024 19:00,118.9785448
7/18/2024 19:15,111.0598948
7/18/2024 19:30,116.4604804
7/18/2024 19:45,111.0598948
7/18/2024 20:00,116.4604804
7/18/2024 20:15,117.7195126
7/18/2024 20:30,112.2857946
7/18/2024 20:45,113.9755484
7/18/2024 21:00,119.8068555
7/18/2024 21:15,112.2857946
7/18/2024 21:30,117.3219235
7/18/2024 21:45,116.8912019
7/18/2024 22:00,114.8038591
7/18/2024 22:15,117.7195126
7/18/2024 22:30,118.1502342
7/18/2024 22:45,117.3219235
7/18/2024 23:00,115.2345806
7/18/2024 23:15,115.2345806
7/18/2024 23:30,118.5478233
7/18/2024 23:45,104.7978661
7/19/2024 0:00,45.09323295
7/19/2024 0:15,44.6625114
7/19/2024 0:30,43.40347918
7/19/2024 0:45,49.26791874
7/19/2024 1:00,40.48782562
7/19/2024 1:15,45.92154362
7/19/2024 1:30,47.57816497
7/19/2024 1:45,45.92154362
7/19/2024 2:00,45.92154362
7/19/2024 2:15,49.26791874
7/19/2024 2:30,43.83420073
7/19/2024 2:45,50.52695096
7/19/2024 3:00,43.40347918
7/19/2024 3:15,48.83719719
7/19/2024 3:30,42.57516851
7/19/2024 3:45,46.35226517
7/19/2024 4:00,47.57816497
7/19/2024 4:15,44.26492228
7/19/2024 4:30,47.18057584
7/19/2024 4:45,113.9755484
7/19/2024 5:00,108.9725519
7/19/2024 5:15,116.4604804
7/19/2024 5:30,166.5567098
7/19/2024 5:45,211.6499428
7/19/2024 6:00,225.0023108
7/19/2024 6:15,213.3396965
7/19/2024 6:30,308.926748
7/19/2024 6:45,328.5411447
7/19/2024 7:00,348.586263
7/19/2024 7:15,332.7158305
7/19/2024 7:30,309.7550587
7/19/2024 7:45,328.9718663
7/19/2024 8:00,313.1014338
7/19/2024 8:15,327.712834
7/19/2024 8:30,329.8001769
7/19/2024 8:45,367.372349
7/19/2024 9:00,407.0318639
7/19/2024 9:15,470.0828722
7/19/2024 9:30,680.9045043
7/19/2024 9:45,666.2931041
7/19/2024 10:00,632.8956178
7/19/2024 10:15,676.299097
7/19/2024 10:30,692.1695295
7/19/2024 10:45,679.6454721
7/19/2024 11:00,645.4196752
7/19/2024 11:15,620.3715605
7/19/2024 11:30,614.1095318
7/19/2024 11:45,626.6335891
7/19/2024 12:00,596.5493455
7/19/2024 12:15,590.2873169
7/19/2024 12:30,667.5190039
7/19/2024 12:45,705.5218975
7/19/2024 13:00,696.3442152
7/19/2024 13:15,702.1755224
7/19/2024 13:30,670.865379
7/19/2024 13:45,680.9045043
7/19/2024 14:00,653.7690467
7/19/2024 14:15,656.2539787
7/19/2024 14:30,624.9438354
7/19/2024 14:45,606.5884709
7/19/2024 15:00,626.6335891
7/19/2024 15:15,623.287214
7/19/2024 15:30,319.794184
7/19/2024 15:45,235.4390252
7/19/2024 16:00,137.7646309
7/19/2024 16:15,131.0718806
7/19/2024 16:30,123.5839522
7/19/2024 16:45,131.0718806
7/19/2024 17:00,120.2375771
7/19/2024 17:15,111.8882055
7/19/2024 17:30,128.1562271
7/19/2024 17:45,119.4092664
7/19/2024 18:00,113.1472377
7/19/2024 18:15,115.2345806
7/19/2024 18:30,116.8912019
7/19/2024 18:45,118.1502342
7/19/2024 19:00,115.6321697
7/19/2024 19:15,118.1502342
7/19/2024 19:30,118.9785448
7/19/2024 19:45,127.758638
7/19/2024 20:00,114.3731375
7/19/2024 20:15,124.4122628
7/19/2024 20:30,122.7225091
7/19/2024 20:45,122.7225091
7/19/2024 21:00,125.2405735
7/19/2024 21:15,120.2375771
7/19/2024 21:30,115.2345806
7/19/2024 21:45,109.8008626
7/19/2024 22:00,114.3731375
7/19/2024 22:15,113.9755484
7/19/2024 22:30,109.3701411
7/19/2024 22:45,115.2345806
7/19/2024 23:00,113.5448268
7/19/2024 23:15,110.6291733
7/19/2024 23:30,112.7165162
7/19/2024 23:45,107.2827982
7/20/2024 0:00,46.74985429
7/20/2024 0:15,50.09622941
7/20/2024 0:30,48.43960806
7/20/2024 0:45,48.83719719
7/20/2024 1:00,48.83719719
7/20/2024 1:15,57.6172903
7/20/2024 1:30,48.83719719
7/20/2024 1:45,50.52695096
7/20/2024 2:00,46.74985429
7/20/2024 2:15,50.09622941
7/20/2024 2:30,45.92154362
7/20/2024 2:45,49.66550786
7/20/2024 3:00,50.09622941
7/20/2024 3:15,49.26791874
7/20/2024 3:30,49.26791874
7/20/2024 3:45,49.26791874
7/20/2024 4:00,53.44260452
7/20/2024 4:15,48.00888651
7/20/2024 4:30,51.75285075
7/20/2024 4:45,108.9725519
7/20/2024 5:00,139.8519738
7/20/2024 5:15,134.0206666
7/20/2024 5:30,165.33081
7/20/2024 5:45,252.5684899
7/20/2024 6:00,265.5232688
7/20/2024 6:15,239.2161219
7/20/2024 6:30,279.7039475
7/20/2024 6:45,530.1850946
7/20/2024 7:00,623.287214
7/20/2024 7:15,677.9557183
7/20/2024 7:30,635.8112714
7/20/2024 7:45,629.9468318
7/20/2024 8:00,602.4137851
7/20/2024 8:15,616.5944638
7/20/2024 8:30,616.5944638
7/20/2024 8:45,637.8986143
7/20/2024 9:00,657.9437325
7/20/2024 9:15,602.4137851
7/20/2024 9:30,589.8897277
7/20/2024 9:45,595.3234458
7/20/2024 10:00,649.5943609
7/20/2024 10:15,629.9468318
7/20/2024 10:30,616.1968747
7/20/2024 10:45,617.0251853
7/20/2024 11:00,605.3294387
7/20/2024 11:15,594.0644135
7/20/2024 11:30,610.3324351
7/20/2024 11:45,600.3264422
7/20/2024 12:00,556.0615199
7/20/2024 12:15,575.2783275
7/20/2024 12:30,600.7240313
7/20/2024 12:45,638.7269249
7/20/2024 13:00,634.1215176
7/20/2024 13:15,621.5974602
7/20/2024 13:30,610.3324351
7/20/2024 13:45,548.540459
7/20/2024 14:00,614.9378424
7/20/2024 14:15,585.715042
7/20/2024 14:30,407.8601746
7/20/2024 14:45,174.0777707
7/20/2024 15:00,121.4966093
7/20/2024 15:15,85.58105857
7/20/2024 15:30,94.75874081
7/20/2024 15:45,77.231687
7/20/2024 16:00,91.4123657
7/20/2024 16:15,71.797969
7/20/2024 16:30,91.84308725
7/20/2024 16:45,67.22569409
7/20/2024 17:00,92.27380879
7/20/2024 17:15,71.797969
7/20/2024 17:30,86.01178012
7/20/2024 17:45,83.06299413
7/20/2024 18:00,74.31603344
7/20/2024 18:15,91.01477657
7/20/2024 18:30,79.31902989
7/20/2024 18:45,89.75574435
7/20/2024 19:00,70.96965833
7/20/2024 19:15,88.92743368
7/20/2024 19:30,66.36425099
7/20/2024 19:45,92.67139792
7/20/2024 20:00,68.88231543
7/20/2024 20:15,98.10511592
7/20/2024 20:30,74.71362256
7/20/2024 20:45,87.23767991
7/20/2024 21:00,83.06299413
7/20/2024 21:15,85.15033702
7/20/2024 21:30,89.75574435
7/20/2024 21:45,81.40637279
7/20/2024 22:00,94.75874081
7/20/2024 22:15,74.31603344
7/20/2024 22:30,97.27680525
7/20/2024 22:45,65.96666187
7/20/2024 23:00,108.9725519
7/20/2024 23:15,94.75874081
7/20/2024 23:30,101.8490802
7/20/2024 23:45,85.58105857
7/21/2024 0:00,74.71362256
7/21/2024 0:15,88.09912301
7/21/2024 0:30,64.2769081
7/21/2024 0:45,89.75574435
7/21/2024 1:00,64.2769081
7/21/2024 1:15,93.49970859
7/21/2024 1:30,68.05400476
7/21/2024 1:45,88.09912301
7/21/2024 2:00,81.83709433
7/21/2024 2:15,69.31303698
7/21/2024 2:30,99.36414814
7/21/2024 2:45,60.96366542
7/21/2024 3:00,96.44849458
7/21/2024 3:15,78.49071922
7/21/2024 3:30,85.58105857
7/21/2024 3:45,79.74975144
7/21/2024 4:00,79.31902989
7/21/2024 4:15,96.44849458
7/21/2024 4:30,58.44560097
7/21/2024 4:45,100.1924588
7/21/2024 5:00,73.48772277
7/21/2024 5:15,87.66840146
7/21/2024 5:30,87.23767991
7/21/2024 5:45,71.797969
7/21/2024 6:00,100.1924588
7/21/2024 6:15,64.70762965
7/21/2024 6:30,98.10511592
7/21/2024 6:45,74.31603344
7/21/2024 7:00,86.40936924
7/21/2024 7:15,88.09912301
7/21/2024 7:30,81.40637279
7/21/2024 7:45,91.84308725
7/21/2024 8:00,63.44859743
7/21/2024 8:15,103.1081124
7/21/2024 8:30,81.40637279
7/21/2024 8:45,128.5869486
7/21/2024 9:00,136.5055986
7/21/2024 9:15,113.1472377
7/21/2024 9:30,132.7616344
7/21/2024 9:45,104.7978661
7/21/2024 10:00,134.4182558
7/21/2024 10:15,110.6291733
7/21/2024 10:30,124.809852
7/21/2024 10:45,121.4966093
7/21/2024 11:00,112.7165162
7/21/2024 11:15,128.1562271
7/21/2024 11:30,106.885209
7/21/2024 11:45,131.0718806
7/21/2024 12:00,100.1924588
7/21/2024 12:15,129.4152593
7/21/2024 12:30,103.1081124
7/21/2024 12:45,129.4152593
7/21/2024 13:00,105.6261768
7/21/2024 13:15,124.809852
7/21/2024 13:30,112.7165162
7/21/2024 13:45,108.9725519
7/21/2024 14:00,117.3219235
7/21/2024 14:15,106.4544875
7/21/2024 14:30,126.4996057
7/21/2024 14:45,91.4123657
7/21/2024 15:00,121.0658877
7/21/2024 15:15,97.67439437
7/21/2024 15:30,123.1532306
7/21/2024 15:45,90.1864659
7/21/2024 16:00,123.5839522
7/21/2024 16:15,95.58705148
7/21/2024 16:30,115.6321697
7/21/2024 16:45,101.0207695
7/21/2024 17:00,118.1502342
7/21/2024 17:15,96.01777303
7/21/2024 17:30,117.3219235
7/21/2024 17:45,94.36115169
7/21/2024 18:00,113.1472377
7/21/2024 18:15,101.451491
7/21/2024 18:30,111.4574839
7/21/2024 18:45,91.4123657
7/21/2024 19:00,113.1472377
7/21/2024 19:15,98.93342659
7/21/2024 19:30,112.7165162
7/21/2024 19:45,94.36115169
7/21/2024 20:00,106.885209
7/21/2024 20:15,103.1081124
7/21/2024 20:30,115.6321697
7/21/2024 20:45,94.36115169
7/21/2024 21:00,111.8882055
7/21/2024 21:15,104.7978661
7/21/2024 21:30,109.3701411
7/21/2024 21:45,98.53583747
7/21/2024 22:00,115.6321697
7/21/2024 22:15,102.7105233
7/21/2024 22:30,107.2827982
7/21/2024 22:45,111.4574839
7/21/2024 23:00,102.2798017
7/21/2024 23:15,108.5418304
7/21/2024 23:30,105.6261768
7/21/2024 23:45,115.2345806
7/22/2024 0:00,104.7978661
7/22/2024 0:15,108.9725519
7/22/2024 0:30,110.6291733
7/22/2024 0:45,116.0628913
7/22/2024 1:00,101.0207695
7/22/2024 1:15,121.8941984
7/22/2024 1:30,99.36414814
7/22/2024 1:45,118.1502342
7/22/2024 2:00,97.67439437
7/22/2024 2:15,121.4966093
7/22/2024 2:30,93.93043014
7/22/2024 2:45,125.6712951
7/22/2024 3:00,96.8460837
7/22/2024 3:15,118.9785448
7/22/2024 3:30,101.8490802
7/22/2024 3:45,125.6712951
7/22/2024 4:00,93.93043014
7/22/2024 4:15,128.9845378
7/22/2024 4:30,98.10511592
7/22/2024 4:45,131.9333237
7/22/2024 5:00,99.76173726
7/22/2024 5:15,124.809852
7/22/2024 5:30,97.67439437
7/22/2024 5:45,125.2405735
7/22/2024 6:00,98.93342659
7/22/2024 6:15,119.8068555
7/22/2024 6:30,106.0237659
7/22/2024 6:45,118.5478233
7/22/2024 7:00,109.8008626
7/22/2024 7:15,108.5418304
7/22/2024 7:30,110.1984517
7/22/2024 7:45,111.4574839
7/22/2024 8:00,112.2857946
7/22/2024 8:15,103.5388339
7/22/2024 8:30,119.8068555
7/22/2024 8:45,100.1924588
7/22/2024 9:00,118.5478233
7/22/2024 9:15,103.936423
7/22/2024 9:30,123.9815413
7/22/2024 9:45,88.09912301
7/22/2024 10:00,116.0628913
7/22/2024 10:15,91.01477657
7/22/2024 10:30,113.9755484
7/22/2024 10:45,91.84308725
7/22/2024 11:00,109.3701411
7/22/2024 11:15,91.01477657
7/22/2024 11:30,112.2857946
7/22/2024 11:45,84.32202635
7/22/2024 12:00,112.2857946
7/22/2024 12:15,86.01178012
7/22/2024 12:30,105.6261768
7/22/2024 12:45,92.67139792
7/22/2024 13:00,92.67139792
7/22/2024 13:15,97.67439437
7/22/2024 13:30,91.4123657
7/22/2024 13:45,96.8460837
7/22/2024 14:00,92.27380879
7/22/2024 14:15,98.53583747
7/22/2024 14:30,83.92443723
7/22/2024 14:45,105.6261768
7/22/2024 15:00,79.74975144
7/22/2024 15:15,90.1864659
7/22/2024 15:30,98.10511592
7/22/2024 15:45,84.7527479
7/22/2024 16:00,102.7105233
7/22/2024 16:15,80.97565124
7/22/2024 16:30,80.14734056
7/22/2024 16:45,99.76173726
7/22/2024 17:00,80.97565124
7/22/2024 17:15,90.1864659
7/22/2024 17:30,90.58405502
7/22/2024 17:45,80.57806211
7/22/2024 18:00,94.75874081
7/22/2024 18:15,91.84308725
7/22/2024 18:30,87.66840146
7/22/2024 18:45,94.36115169
7/22/2024 19:00,78.05999767
7/22/2024 19:15,83.06299413
7/22/2024 19:30,100.6231804
7/22/2024 19:45,78.49071922
7/22/2024 20:00,90.58405502
7/22/2024 20:15,83.06299413
7/22/2024 20:30,86.40936924
7/22/2024 20:45,98.93342659
7/22/2024 21:00,88.09912301
7/22/2024 21:15,81.40637279
7/22/2024 21:30,97.67439437
7/22/2024 21:45,87.23767991
7/22/2024 22:00,100.6231804
7/22/2024 22:15,86.84009079
7/22/2024 22:30,92.27380879
7/22/2024 22:45,99.36414814
7/22/2024 23:00,81.83709433
7/22/2024 23:15,100.6231804
7/22/2024 23:30,91.84308725
7/22/2024 23:45,103.936423
7/23/2024 0:00,84.7527479
7/23/2024 0:15,84.7527479
7/23/2024 0:30,110.1984517
7/23/2024 0:45,83.49371568
7/23/2024 1:00,105.6261768
7/23/2024 1:15,91.01477657
7/23/2024 1:30,102.7105233
7/23/2024 1:45,93.10211947
7/23/2024 2:00,95.58705148
7/23/2024 2:15,95.18946236
7/23/2024 2:30,95.18946236
7/23/2024 2:45,104.3671446
7/23/2024 3:00,89.75574435
7/23/2024 3:15,106.0237659
7/23/2024 3:30,91.84308725
7/23/2024 3:45,113.5448268
7/23/2024 4:00,91.84308725
7/23/2024 4:15,111.8882055
7/23/2024 4:30,89.3250228
7/23/2024 4:45,111.4574839
7/23/2024 5:00,117.3219235
7/23/2024 5:15,114.3731375
7/23/2024 5:30,158.6380598
7/23/2024 5:45,139.4212522
7/23/2024 6:00,171.1621171
7/23/2024 6:15,144.8549702
7/23/2024 6:30,148.2013453
7/23/2024 6:45,155.2916847
7/23/2024 7:00,212.0806643
7/23/2024 7:15,263.4359259
7/23/2024 7:30,486.7816154
7/23/2024 7:45,642.0733
7/23/2024 8:00,696.7418044
7/23/2024 8:15,722.6513622
7/23/2024 8:30,684.6484686
7/23/2024 8:45,695.5159046
7/23/2024 9:00,710.1273048
7/23/2024 9:15,655.4256681
7/23/2024 9:30,693.4285617
7/23/2024 9:45,680.9045043
7/23/2024 10:00,733.9163873
7/23/2024 10:15,718.8742655
7/23/2024 10:30,670.0370683
7/23/2024 10:45,650.8202607
7/23/2024 11:00,652.9076036
7/23/2024 11:15,715.9586119
7/23/2024 11:30,717.6152333
7/23/2024 11:45,673.7810325
7/23/2024 12:00,617.853496
7/23/2024 12:15,610.7631567
7/23/2024 12:30,642.4708892
7/23/2024 12:45,677.1274077
7/23/2024 13:00,711.3532046
7/23/2024 13:15,689.651465
7/23/2024 13:30,721.3923299
7/23/2024 13:45,721.7899191
7/23/2024 14:00,748.5277875
7/23/2024 14:15,692.1695295
7/23/2024 14:30,625.3745569
7/23/2024 14:45,321.4508054
7/23/2024 15:00,285.9659762
7/23/2024 15:15,219.6017252
7/23/2024 15:30,251.3094577
7/23/2024 15:45,206.2162248
7/23/2024 16:00,136.9363202
7/23/2024 16:15,124.4122628
7/23/2024 16:30,147.3730347
7/23/2024 16:45,125.6712951
7/23/2024 17:00,148.6320669
7/23/2024 17:15,126.4996057
7/23/2024 17:30,154.8940956
7/23/2024 17:45,125.6712951
7/23/2024 18:00,145.6832809
7/23/2024 18:15,130.24357
7/23/2024 18:30,141.5085951
7/23/2024 18:45,127.758638
7/23/2024 19:00,139.0236631
7/23/2024 19:15,131.9333237
7/23/2024 19:30,131.5026022
7/23/2024 19:45,143.595938
7/23/2024 20:00,127.3279164
7/23/2024 20:15,145.6832809
7/23/2024 20:30,129.8459808
7/23/2024 20:45,152.3760311
7/23/2024 21:00,126.4996057
7/23/2024 21:15,150.2886882
7/23/2024 21:30,130.24357
7/23/2024 21:45,150.7194098
7/23/2024 22:00,125.2405735
7/23/2024 22:15,154.8940956
7/23/2024 22:30,132.7616344
7/23/2024 22:45,146.9423131
7/23/2024 23:00,137.3339093
7/23/2024 23:15,138.5929415
7/23/2024 23:30,132.7616344
7/23/2024 23:45,106.0237659
7/24/2024 0:00,63.05100831
7/24/2024 0:15,57.6172903
7/24/2024 0:30,62.18956521
7/24/2024 0:45,55.92753653
7/24/2024 1:00,64.2769081
7/24/2024 1:15,57.6172903
7/24/2024 1:30,68.05400476
7/24/2024 1:45,50.52695096
7/24/2024 2:00,75.14434411
7/24/2024 2:15,51.35526163
7/24/2024 2:30,81.40637279
7/24/2024 2:45,50.09622941
7/24/2024 3:00,73.48772277
7/24/2024 3:15,49.26791874
7/24/2024 3:30,72.22869055
7/24/2024 3:45,53.01188297
7/24/2024 4:00,71.40037987
7/24/2024 4:15,69.31303698
7/24/2024 4:30,95.18946236
7/24/2024 4:45,121.8941984
7/24/2024 5:00,204.1288819
7/24/2024 5:15,233.7824039
7/24/2024 5:30,324.7971805
7/24/2024 5:45,297.6617229
7/24/2024 6:00,326.8845234
7/24/2024 6:15,294.7460693
7/24/2024 6:30,488.8689583
7/24/2024 6:45,609.934846
7/24/2024 7:00,638.2962034
7/24/2024 7:15,647.9046072
7/24/2024 7:30,622.0281818
7/24/2024 7:45,642.9016107
7/24/2024 8:00,661.6876967
7/24/2024 8:15,682.1304041
7/24/2024 8:30,677.1274077
7/24/2024 8:45,692.9978401
7/24/2024 9:00,659.6003539
7/24/2024 9:15,627.8594889
7/24/2024 9:30,648.3353287
7/24/2024 9:45,591.14876
7/24/2024 10:00,667.5190039
7/24/2024 10:15,661.2569752
7/24/2024 10:30,679.2147505
7/24/2024 10:45,659.6003539
7/24/2024 11:00,673.7810325
7/24/2024 11:15,653.3383252
7/24/2024 11:30,651.6817038
7/24/2024 11:45,610.7631567
7/24/2024 12:00,607.8475031
7/24/2024 12:15,581.9379453
7/24/2024 12:30,648.7329178
7/24/2024 12:45,676.299097
7/24/2024 13:00,696.7418044
7/24/2024 13:15,646.645575
7/24/2024 13:30,681.3020934
7/24/2024 13:45,666.2931041
7/24/2024 14:00,654.1666358
7/24/2024 14:15,669.6063468
7/24/2024 14:30,602.4137851
7/24/2024 14:45,485.5225831
7/24/2024 15:00,321.4508054
7/24/2024 15:15,240.0444326
7/24/2024 15:30,191.6048245
7/24/2024 15:45,168.2464636
7/24/2024 16:00,122.32492
7/24/2024 16:15,148.2013453
7/24/2024 16:30,118.1502342
7/24/2024 16:45,116.8912019
7/24/2024 17:00,131.9333237
7/24/2024 17:15,113.1472377
7/24/2024 17:30,131.9333237
7/24/2024 17:45,110.1984517
7/24/2024 18:00,115.2345806
7/24/2024 18:15,129.4152593
7/24/2024 18:30,114.3731375
7/24/2024 18:45,131.0718806
7/24/2024 19:00,113.1472377
7/24/2024 19:15,123.9815413
7/24/2024 19:30,120.6351662
7/24/2024 19:45,116.0628913
7/24/2024 20:00,130.24357
7/24/2024 20:15,117.7195126
7/24/2024 20:30,132.7616344
7/24/2024 20:45,118.5478233
7/24/2024 21:00,134.4182558
7/24/2024 21:15,114.8038591
7/24/2024 21:30,125.2405735
7/24/2024 21:45,124.809852
7/24/2024 22:00,126.8971949
7/24/2024 22:15,134.4182558
7/24/2024 22:30,116.4604804
7/24/2024 22:45,141.111006
7/24/2024 23:00,123.5839522
7/24/2024 23:15,138.5929415
7/24/2024 23:30,78.88830834
7/24/2024 23:45,72.62627967
7/25/2024 0:00,40.48782562
7/25/2024 0:15,67.62328321
7/25/2024 0:30,40.48782562
7/25/2024 0:45,69.71062611
7/25/2024 1:00,45.49082207
7/25/2024 1:15,65.53594032
7/25/2024 1:30,46.74985429
7/25/2024 1:45,65.53594032
7/25/2024 2:00,51.35526163
7/25/2024 2:15,63.44859743
7/25/2024 2:30,48.00888651
7/25/2024 2:45,64.2769081
7/25/2024 3:00,50.09622941
7/25/2024 3:15,70.14134765
7/25/2024 3:30,45.92154362
7/25/2024 3:45,70.96965833
7/25/2024 4:00,43.00589006
7/25/2024 4:15,77.231687
7/25/2024 4:30,64.70762965
7/25/2024 4:45,166.9874314
7/25/2024 5:00,210.3909105
7/25/2024 5:15,259.6588293
7/25/2024 5:30,291.3996942
7/25/2024 5:45,306.0110944
7/25/2024 6:00,320.1917731
7/25/2024 6:15,340.6676129
7/25/2024 6:30,283.0503226
7/25/2024 6:45,463.390122
7/25/2024 7:00,653.3383252
7/25/2024 7:15,711.7839261
7/25/2024 7:30,646.2479858
7/25/2024 7:45,694.2568723
7/25/2024 8:00,680.0430612
7/25/2024 8:15,744.3531017
7/25/2024 8:30,724.3079835
7/25/2024 8:45,753.530784
7/25/2024 9:00,691.7388079
7/25/2024 9:15,690.4797757
7/25/2024 9:30,629.1185211
7/25/2024 9:45,638.2962034
7/25/2024 10:00,686.3050899
7/25/2024 10:15,698.8291472
7/25/2024 10:30,694.2568723
7/25/2024 10:45,711.7839261
7/25/2024 11:00,679.2147505
7/25/2024 11:15,646.2479858
7/25/2024 11:30,642.9016107
7/25/2024 11:45,609.934846
7/25/2024 12:00,566.1006453
7/25/2024 12:15,559.8386166
7/25/2024 12:30,623.287214
7/25/2024 12:45,633.2932069
7/25/2024 13:00,624.9438354
7/25/2024 13:15,547.3145592
7/25/2024 13:30,498.8749512
7/25/2024 13:45,563.5825808
7/25/2024 14:00,547.3145592
7/25/2024 14:15,529.754373
7/25/2024 14:30,491.3538903
7/25/2024 14:45,466.3057756
7/25/2024 15:00,422.0739857
7/25/2024 15:15,153.6350633
7/25/2024 15:30,124.4122628
7/25/2024 15:45,120.2375771
7/25/2024 16:00,119.8068555
7/25/2024 16:15,112.7165162
7/25/2024 16:30,116.0628913
7/25/2024 16:45,116.0628913
7/25/2024 17:00,113.5448268
7/25/2024 17:15,115.6321697
7/25/2024 17:30,111.8882055
7/25/2024 17:45,116.4604804
7/25/2024 18:00,119.8068555
7/25/2024 18:15,114.8038591
7/25/2024 18:30,113.9755484
7/25/2024 18:45,112.7165162
7/25/2024 19:00,116.4604804
7/25/2024 19:15,111.0598948
7/25/2024 19:30,114.8038591
7/25/2024 19:45,112.7165162
7/25/2024 20:00,115.2345806
7/25/2024 20:15,120.2375771
7/25/2024 20:30,116.8912019
7/25/2024 20:45,119.4092664
7/25/2024 21:00,118.1502342
7/25/2024 21:15,120.2375771
7/25/2024 21:30,117.7195126
7/25/2024 21:45,123.1532306
7/25/2024 22:00,120.2375771
7/25/2024 22:15,119.8068555
7/25/2024 22:30,125.2405735
7/25/2024 22:45,119.8068555
7/25/2024 23:00,124.4122628
7/25/2024 23:15,118.9785448
7/25/2024 23:30,127.758638
7/25/2024 23:45,80.14734056
7/26/2024 0:00,48.83719719
7/26/2024 0:15,49.66550786
7/26/2024 0:30,43.00589006
7/26/2024 0:45,49.26791874
7/26/2024 1:00,46.35226517
7/26/2024 1:15,51.75285075
7/26/2024 1:30,50.52695096
7/26/2024 1:45,45.49082207
7/26/2024 2:00,49.26791874
7/26/2024 2:15,46.35226517
7/26/2024 2:30,59.70463319
7/26/2024 2:45,46.74985429
7/26/2024 3:00,46.74985429
7/26/2024 3:15,48.83719719
7/26/2024 3:30,47.18057584
7/26/2024 3:45,52.1835723
7/26/2024 4:00,45.09323295
7/26/2024 4:15,50.09622941
7/26/2024 4:30,66.79497254
7/26/2024 4:45,195.3819212
7/26/2024 5:00,230.4360288
7/26/2024 5:15,247.9630826
7/26/2024 5:30,267.6106117
7/26/2024 5:45,308.926748
7/26/2024 6:00,312.6707122
7/26/2024 6:15,340.2368914
7/26/2024 6:30,485.0918616
7/26/2024 6:45,634.9829607
7/26/2024 7:00,651.2509823
7/26/2024 7:15,647.9046072
7/26/2024 7:30,651.2509823
7/26/2024 7:45,715.9586119
7/26/2024 8:00,707.1785188
7/26/2024 8:15,705.0911759
7/26/2024 8:30,695.9134937
7/26/2024 8:45,713.871269
7/26/2024 9:00,702.1755224
7/26/2024 9:15,649.1636394
7/26/2024 9:30,613.6788102
7/26/2024 9:45,622.4589033
7/26/2024 10:00,662.5160074
7/26/2024 10:15,720.5640193
7/26/2024 10:30,679.2147505
7/26/2024 10:45,681.732815
7/26/2024 11:00,640.8142678
7/26/2024 11:15,596.5493455
7/26/2024 11:30,572.3626739
7/26/2024 11:45,308.4960265
7/26/2024 12:00,293.0563155
7/26/2024 12:15,286.3966977
7/26/2024 12:30,285.1376655
7/26/2024 12:45,305.1827838
7/26/2024 13:00,295.57438
7/26/2024 13:15,311.4448124
7/26/2024 13:30,293.8846262
7/26/2024 13:45,311.0140909
7/26/2024 14:00,315.1887767
7/26/2024 14:15,326.0562127
7/26/2024 14:30,296.8334122
7/26/2024 14:45,291.3996942
7/26/2024 15:00,271.7852975
7/26/2024 15:15,239.2161219
7/26/2024 15:30,234.6107146
7/26/2024 15:45,146.9423131
7/26/2024 16:00,141.5085951
7/26/2024 16:15,144.8549702
7/26/2024 16:30,125.6712951
7/26/2024 16:45,122.7225091
7/26/2024 17:00,124.809852
7/26/2024 17:15,115.6321697
7/26/2024 17:30,118.1502342
7/26/2024 17:45,114.3731375
7/26/2024 18:00,117.3219235
7/26/2024 18:15,118.1502342
7/26/2024 18:30,116.4604804
7/26/2024 18:45,115.6321697
7/26/2024 19:00,114.8038591
7/26/2024 19:15,118.1502342
7/26/2024 19:30,113.9755484
7/26/2024 19:45,120.2375771
7/26/2024 20:00,117.7195126
7/26/2024 20:15,118.1502342
7/26/2024 20:30,120.6351662
7/26/2024 20:45,118.1502342
7/26/2024 21:00,124.809852
7/26/2024 21:15,117.3219235
7/26/2024 21:30,120.2375771
7/26/2024 21:45,121.4966093
7/26/2024 22:00,123.1532306
7/26/2024 22:15,122.7225091
7/26/2024 22:30,118.9785448
7/26/2024 22:45,121.0658877
7/26/2024 23:00,125.2405735
7/26/2024 23:15,117.7195126
7/26/2024 23:30,102.7105233
7/26/2024 23:45,59.70463319
7/27/2024 0:00,48.43960806
7/27/2024 0:15,48.43960806
7/27/2024 0:30,48.83719719
7/27/2024 0:45,55.09922586
7/27/2024 1:00,48.43960806
7/27/2024 1:15,50.52695096
7/27/2024 1:30,50.09622941
7/27/2024 1:45,54.27091519
7/27/2024 2:00,50.92454008
7/27/2024 2:15,48.00888651
7/27/2024 2:30,53.01188297
7/27/2024 2:45,51.75285075
7/27/2024 3:00,51.75285075
7/27/2024 3:15,53.44260452
7/27/2024 3:30,50.92454008
7/27/2024 3:45,52.1835723
7/27/2024 4:00,50.52695096
7/27/2024 4:15,52.61429385
7/27/2024 4:30,64.2769081
7/27/2024 4:45,57.6172903
7/27/2024 5:00,195.7795103
7/27/2024 5:15,174.9060814
7/27/2024 5:30,189.1198925
7/27/2024 5:45,237.9570897
7/27/2024 6:00,249.6528364
7/27/2024 6:15,229.1769966
7/27/2024 6:30,247.1347719
7/27/2024 6:45,257.1738973
7/27/2024 7:00,306.8394051
7/27/2024 7:15,306.8394051
7/27/2024 7:30,363.6283847
7/27/2024 7:45,609.934846
7/27/2024 8:00,637.8986143
7/27/2024 8:15,604.501128
7/27/2024 8:30,628.720932
7/27/2024 8:45,639.1576465
7/27/2024 9:00,657.0822894
7/27/2024 9:15,614.5071209
7/27/2024 9:30,582.7993884
7/27/2024 9:45,591.14876
7/27/2024 10:00,664.2057612
7/27/2024 10:15,666.2931041
7/27/2024 10:30,640.8142678
7/27/2024 10:45,629.1185211
7/27/2024 11:00,610.7631567
7/27/2024 11:15,622.0281818
7/27/2024 11:30,621.1998711
7/27/2024 11:45,618.2842176
7/27/2024 12:00,605.7601602
7/27/2024 12:15,586.1126311
7/27/2024 12:30,385.7277135
7/27/2024 12:45,249.2221148
7/27/2024 13:00,225.0023108
7/27/2024 13:15,275.9599833
7/27/2024 13:30,256.3124542
7/27/2024 13:45,262.5744828
7/27/2024 14:00,266.7491686
7/27/2024 14:15,270.0955437
7/27/2024 14:30,204.5596034
7/27/2024 14:45,219.1710037
7/27/2024 15:00,210.3909105
7/27/2024 15:15,223.3456894
7/27/2024 15:30,192.8638567
7/27/2024 15:45,142.3700382
7/27/2024 16:00,112.2857946
7/27/2024 16:15,147.3730347
7/27/2024 16:30,118.1502342
7/27/2024 16:45,133.5899451
7/27/2024 17:00,115.6321697
7/27/2024 17:15,133.1592235
7/27/2024 17:30,131.9333237
7/27/2024 17:45,131.0718806
7/27/2024 18:00,115.6321697
7/27/2024 18:15,124.4122628
7/27/2024 18:30,122.32492
7/27/2024 18:45,133.1592235
7/27/2024 19:00,124.4122628
7/27/2024 19:15,135.2465664
7/27/2024 19:30,126.8971949
7/27/2024 19:45,124.4122628
7/27/2024 20:00,128.1562271
7/27/2024 20:15,125.6712951
7/27/2024 20:30,131.9333237
7/27/2024 20:45,121.4966093
7/27/2024 21:00,141.9393167
7/27/2024 21:15,118.1502342
7/27/2024 21:30,130.24357
7/27/2024 21:45,106.4544875
7/27/2024 22:00,126.4996057
7/27/2024 22:15,104.3671446
7/27/2024 22:30,128.5869486
7/27/2024 22:45,104.3671446
7/27/2024 23:00,133.1592235
7/27/2024 23:15,108.5418304
7/27/2024 23:30,136.5055986
7/27/2024 23:45,77.231687
7/28/2024 0:00,69.71062611
7/28/2024 0:15,43.83420073
7/28/2024 0:30,62.18956521
7/28/2024 0:45,52.1835723
7/28/2024 1:00,61.36125454
7/28/2024 1:15,58.01487943
7/28/2024 1:30,45.49082207
7/28/2024 1:45,66.36425099
7/28/2024 2:00,47.18057584
7/28/2024 2:15,72.22869055
7/28/2024 2:30,46.74985429
7/28/2024 2:45,67.22569409
7/28/2024 3:00,45.09323295
7/28/2024 3:15,66.79497254
7/28/2024 3:30,49.26791874
7/28/2024 3:45,70.14134765
7/28/2024 4:00,46.74985429
7/28/2024 4:15,61.79197609
7/28/2024 4:30,50.52695096
7/28/2024 4:45,58.01487943
7/28/2024 5:00,68.05400476
7/28/2024 5:15,47.18057584
7/28/2024 5:30,68.05400476
7/28/2024 5:45,45.92154362
7/28/2024 6:00,65.96666187
7/28/2024 6:15,50.52695096
7/28/2024 6:30,64.70762965
7/28/2024 6:45,48.43960806
7/28/2024 7:00,62.62028676
7/28/2024 7:15,43.83420073
7/28/2024 7:30,64.2769081
7/28/2024 7:45,50.92454008
7/28/2024 8:00,56.35825808
7/28/2024 8:15,58.01487943
7/28/2024 8:30,42.17757939
7/28/2024 8:45,64.70762965
7/28/2024 9:00,48.00888651
7/28/2024 9:15,67.22569409
7/28/2024 9:30,45.09323295
7/28/2024 9:45,62.18956521
7/28/2024 10:00,45.09323295
7/28/2024 10:15,53.01188297
7/28/2024 10:30,53.84019364
7/28/2024 10:45,43.83420073
7/28/2024 11:00,63.44859743
7/28/2024 11:15,45.09323295
7/28/2024 11:30,58.87632252
7/28/2024 11:45,45.49082207
7/28/2024 12:00,45.49082207
7/28/2024 12:15,58.01487943
7/28/2024 12:30,44.6625114
7/28/2024 12:45,62.62028676
7/28/2024 13:00,42.57516851
7/28/2024 13:15,45.09323295
7/28/2024 13:30,59.70463319
7/28/2024 13:45,43.83420073
7/28/2024 14:00,50.09622941
7/28/2024 14:15,51.75285075
7/28/2024 14:30,47.57816497
7/28/2024 14:45,52.1835723
7/28/2024 15:00,55.09922586
7/28/2024 15:15,44.6625114
7/28/2024 15:30,43.00589006
7/28/2024 15:45,58.44560097
7/28/2024 16:00,41.74685784
7/28/2024 16:15,43.40347918
7/28/2024 16:30,60.10222232
7/28/2024 16:45,39.65951495
7/28/2024 17:00,43.00589006
7/28/2024 17:15,58.44560097
7/28/2024 17:30,39.2287934
7/28/2024 17:45,43.00589006
7/28/2024 18:00,55.52994741
7/28/2024 18:15,41.31613629
7/28/2024 18:30,52.61429385
7/28/2024 18:45,50.92454008
7/28/2024 19:00,41.74685784
7/28/2024 19:15,58.87632252
7/28/2024 19:30,42.17757939
7/28/2024 19:45,50.09622941
7/28/2024 20:00,58.44560097
7/28/2024 20:15,47.18057584
7/28/2024 20:30,51.75285075
7/28/2024 20:45,53.44260452
7/28/2024 21:00,41.31613629
7/28/2024 21:15,61.36125454
7/28/2024 21:30,45.49082207
7/28/2024 21:45,41.74685784
7/28/2024 22:00,64.2769081
7/28/2024 22:15,45.49082207
7/28/2024 22:30,59.70463319
7/28/2024 22:45,42.17757939
7/28/2024 23:00,47.18057584
7/28/2024 23:15,62.18956521
7/28/2024 23:30,44.6625114
7/28/2024 23:45,60.10222232
7/29/2024 0:00,48.83719719
7/29/2024 0:15,41.74685784
7/29/2024 0:30,61.36125454
7/29/2024 0:45,45.92154362
7/29/2024 1:00,68.05400476
7/29/2024 1:15,41.31613629
7/29/2024 1:30,47.18057584
7/29/2024 1:45,60.96366542
7/29/2024 2:00,43.83420073
7/29/2024 2:15,64.70762965
7/29/2024 2:30,47.18057584
7/29/2024 2:45,60.53294387
7/29/2024 3:00,44.26492228
7/29/2024 3:15,46.35226517
7/29/2024 3:30,64.70762965
7/29/2024 3:45,47.18057584
7/29/2024 4:00,70.53893678
7/29/2024 4:15,47.18057584
7/29/2024 4:30,60.10222232
7/29/2024 4:45,48.43960806
7/29/2024 5:00,43.00589006
7/29/2024 5:15,67.62328321
7/29/2024 5:30,47.18057584
7/29/2024 5:45,61.79197609
7/29/2024 6:00,44.6625114
7/29/2024 6:15,63.87931898
7/29/2024 6:30,46.35226517
7/29/2024 6:45,49.26791874
7/29/2024 7:00,60.96366542
7/29/2024 7:15,46.35226517
7/29/2024 7:30,61.36125454
7/29/2024 7:45,42.17757939
7/29/2024 8:00,64.2769081
7/29/2024 8:15,50.09622941
7/29/2024 8:30,50.09622941
7/29/2024 8:45,53.44260452
7/29/2024 9:00,40.48782562
7/29/2024 9:15,62.62028676
7/29/2024 9:30,43.40347918
7/29/2024 9:45,60.53294387
7/29/2024 10:00,48.43960806
7/29/2024 10:15,54.27091519
7/29/2024 10:30,53.84019364
7/29/2024 10:45,40.91854717
7/29/2024 11:00,62.18956521
7/29/2024 11:15,43.83420073
7/29/2024 11:30,63.05100831
7/29/2024 11:45,41.31613629
7/29/2024 12:00,48.43960806
7/29/2024 12:15,56.35825808
7/29/2024 12:30,38.83120428
7/29/2024 12:45,59.70463319
7/29/2024 13:00,44.6625114
7/29/2024 13:15,58.44560097
7/29/2024 13:30,42.57516851
7/29/2024 13:45,48.43960806
7/29/2024 14:00,61.36125454
7/29/2024 14:15,39.2287934
7/29/2024 14:30,59.27391165
7/29/2024 14:45,43.40347918
7/29/2024 15:00,50.92454008
7/29/2024 15:15,50.09622941
7/29/2024 15:30,41.74685784
7/29/2024 15:45,56.35825808
7/29/2024 16:00,43.00589006
7/29/2024 16:15,55.09922586
7/29/2024 16:30,47.57816497
7/29/2024 16:45,40.0902365
7/29/2024 17:00,58.01487943
7/29/2024 17:15,42.57516851
7/29/2024 17:30,53.01188297
7/29/2024 17:45,48.00888651
7/29/2024 18:00,50.92454008
7/29/2024 18:15,64.70762965
7/29/2024 18:30,40.91854717
7/29/2024 18:45,41.74685784
7/29/2024 19:00,58.87632252
7/29/2024 19:15,43.00589006
7/29/2024 19:30,61.36125454
7/29/2024 19:45,44.26492228
7/29/2024 20:00,43.40347918
7/29/2024 20:15,60.10222232
7/29/2024 20:30,43.83420073
7/29/2024 20:45,64.2769081
7/29/2024 21:00,44.6625114
7/29/2024 21:15,41.74685784
7/29/2024 21:30,60.53294387
7/29/2024 21:45,48.00888651
7/29/2024 22:00,60.96366542
7/29/2024 22:15,45.49082207
7/29/2024 22:30,45.92154362
7/29/2024 22:45,64.2769081
7/29/2024 23:00,40.91854717
7/29/2024 23:15,62.18956521
7/29/2024 23:30,45.92154362
7/29/2024 23:45,47.18057584
7/30/2024 0:00,62.18956521
7/30/2024 0:15,43.83420073
7/30/2024 0:30,63.87931898
7/30/2024 0:45,47.18057584
7/30/2024 1:00,46.35226517
7/30/2024 1:15,58.01487943
7/30/2024 1:30,45.09323295
7/30/2024 1:45,65.1383512
7/30/2024 2:00,43.83420073
7/30/2024 2:15,58.01487943
7/30/2024 2:30,51.35526163
7/30/2024 2:45,41.31613629
7/30/2024 3:00,62.62028676
7/30/2024 3:15,46.35226517
7/30/2024 3:30,65.96666187
7/30/2024 3:45,43.83420073
7/30/2024 4:00,62.18956521
7/30/2024 4:15,76.80096545
7/30/2024 4:30,66.79497254
7/30/2024 4:45,139.4212522
7/30/2024 5:00,175.7675245
7/30/2024 5:15,194.1228889
7/30/2024 5:30,192.0355461
7/30/2024 5:45,260.4871399
7/30/2024 6:00,311.4448124
7/30/2024 6:15,306.0110944
7/30/2024 6:30,285.5352546
7/30/2024 6:45,306.0110944
7/30/2024 7:00,312.2731231
7/30/2024 7:15,351.1043274
7/30/2024 7:30,332.7158305
7/30/2024 7:45,357.7639452
7/30/2024 8:00,331.0592091
7/30/2024 8:15,273.8726404
7/30/2024 8:30,265.9208579
7/30/2024 8:45,298.4900335
7/30/2024 9:00,280.5322582
7/30/2024 9:15,288.4840406
7/30/2024 9:30,243.7883968
7/30/2024 9:45,239.613711
7/30/2024 10:00,264.6618257
7/30/2024 10:15,522.2664445
7/30/2024 10:30,573.5885737
7/30/2024 10:45,548.1428699
7/30/2024 11:00,541.4501197
7/30/2024 11:15,547.3145592
7/30/2024 11:30,528.9260623
7/30/2024 11:45,499.7032618
7/30/2024 12:00,489.2665474
7/30/2024 12:15,488.0075152
7/30/2024 12:30,518.0917587
7/30/2024 12:45,539.3627768
7/30/2024 13:00,535.188091
7/30/2024 13:15,543.1398735
7/30/2024 13:30,537.2754339
7/30/2024 13:45,538.1037446
7/30/2024 14:00,538.1037446
7/30/2024 14:15,494.7002654
7/30/2024 14:30,172.8187385
7/30/2024 14:45,149.4603775
7/30/2024 15:00,152.8067527
7/30/2024 15:15,158.2073382
7/30/2024 15:30,132.7616344
7/30/2024 15:45,125.6712951
7/30/2024 16:00,116.4604804
7/30/2024 16:15,121.4966093
7/30/2024 16:30,119.8068555
7/30/2024 16:45,121.8941984
7/30/2024 17:00,116.4604804
7/30/2024 17:15,120.6351662
7/30/2024 17:30,111.8882055
7/30/2024 17:45,120.2375771
7/30/2024 18:00,112.2857946
7/30/2024 18:15,121.0658877
7/30/2024 18:30,122.7225091
7/30/2024 18:45,121.0658877
7/30/2024 19:00,117.3219235
7/30/2024 19:15,115.6321697
7/30/2024 19:30,123.5839522
7/30/2024 19:45,113.9755484
7/30/2024 20:00,118.9785448
7/30/2024 20:15,117.7195126
7/30/2024 20:30,127.3279164
7/30/2024 20:45,120.2375771
7/30/2024 21:00,122.7225091
7/30/2024 21:15,117.7195126
7/30/2024 21:30,120.2375771
7/30/2024 21:45,118.5478233
7/30/2024 22:00,116.0628913
7/30/2024 22:15,119.8068555
7/30/2024 22:30,115.2345806
7/30/2024 22:45,123.5839522
7/30/2024 23:00,113.1472377
7/30/2024 23:15,114.8038591
7/30/2024 23:30,112.2857946
7/30/2024 23:45,103.1081124
7/31/2024 0:00,45.09323295
7/31/2024 0:15,42.57516851
7/31/2024 0:30,43.00589006
7/31/2024 0:45,43.00589006
7/31/2024 1:00,48.83719719
7/31/2024 1:15,41.74685784
7/31/2024 1:30,56.35825808
7/31/2024 1:45,41.74685784
7/31/2024 2:00,48.43960806
7/31/2024 2:15,43.40347918
7/31/2024 2:30,43.00589006
7/31/2024 2:45,45.92154362
7/31/2024 3:00,58.44560097
7/31/2024 3:15,45.92154362
7/31/2024 3:30,42.17757939
7/31/2024 3:45,45.92154362
7/31/2024 4:00,47.57816497
7/31/2024 4:15,55.92753653
7/31/2024 4:30,45.92154362
7/31/2024 4:45,113.9755484
7/31/2024 5:00,275.9599833
7/31/2024 5:15,480.0888651
7/31/2024 5:30,564.0133024
7/31/2024 5:45,1039.066039
7/31/2024 6:00,1537.112679
7/31/2024 6:15,1286.631532
7/31/2024 6:30,1917.439807
7/31/2024 6:45,1503.715193
7/31/2024 7:00,1666.527938
7/31/2024 7:15,1962.930629
7/31/2024 7:30,1995.930526
7/31/2024 7:45,2098.607917
7/31/2024 8:00,2432.58278
7/31/2024 8:15,2463.495334
7/31/2024 8:30,2463.495334
7/31/2024 8:45,1531.281372
7/31/2024 9:00,1509.148911
7/31/2024 9:15,2410.450319
7/31/2024 9:30,2396.700361
7/31/2024 9:45,2261.851384
7/31/2024 10:00,2533.20596
7/31/2024 10:15,2445.106837
7/31/2024 10:30,2429.667126
7/31/2024 10:45,1535.853647
7/31/2024 11:00,830.762471
7/31/2024 11:15,895.9008222
7/31/2024 11:30,928.4368654
7/31/2024 11:45,991.9185952
7/31/2024 12:00,1017.364299
7/31/2024 12:15,999.8372452
7/31/2024 12:30,1011.532992
7/31/2024 12:45,936.3886478
7/31/2024 13:00,667.9497254
7/31/2024 13:15,647.9046072
7/31/2024 13:30,594.4620027
7/31/2024 13:45,635.8112714
7/31/2024 14:00,628.2902105
7/31/2024 14:15,555.2332093
7/31/2024 14:30,500.1339834
7/31/2024 14:45,519.3176585
7/31/2024 15:00,198.7282963
7/31/2024 15:15,179.0807672
7/31/2024 15:30,177.4241458
7/31/2024 15:45,175.7675245
7/31/2024 16:00,173.6801816
7/31/2024 16:15,169.9030849
7/31/2024 16:30,176.1651136
7/31/2024 16:45,168.6440527
7/31/2024 17:00,169.9030849
7/31/2024 17:15,142.7676273
7/31/2024 17:30,148.2013453
7/31/2024 17:45,142.7676273
7/31/2024 18:00,137.3339093
7/31/2024 18:15,136.5055986
7/31/2024 18:30,140.2826953
7/31/2024 18:45,136.5055986
7/31/2024 19:00,143.595938
7/31/2024 19:15,138.1953524
7/31/2024 19:30,144.8549702
7/31/2024 19:45,141.111006
7/31/2024 20:00,137.7646309
7/31/2024 20:15,141.111006
7/31/2024 20:30,136.1080095
7/31/2024 20:45,143.1983489
7/31/2024 21:00,139.0236631
7/31/2024 21:15,138.5929415
7/31/2024 21:30,148.6320669
7/31/2024 21:45,133.1592235
7/31/2024 22:00,136.1080095
7/31/2024 22:15,134.0206666
7/31/2024 22:30,133.1592235
7/31/2024 22:45,135.2465664
7/31/2024 23:00,131.0718806
7/31/2024 23:15,138.5929415
7/31/2024 23:30,131.5026022
7/31/2024 23:45,99.76173726
8/1/2024 0:00,60.53294387
8/1/2024 0:15,58.01487943
8/1/2024 0:30,63.87931898
8/1/2024 0:45,59.27391165
8/1/2024 1:00,59.27391165
8/1/2024 1:15,63.44859743
8/1/2024 1:30,63.05100831
8/1/2024 1:45,60.53294387
8/1/2024 2:00,58.01487943
8/1/2024 2:15,60.10222232
8/1/2024 2:30,61.36125454
8/1/2024 2:45,58.44560097
8/1/2024 3:00,61.79197609
8/1/2024 3:15,59.70463319
8/1/2024 3:30,61.36125454
8/1/2024 3:45,60.10222232
8/1/2024 4:00,57.6172903
8/1/2024 4:15,61.79197609
8/1/2024 4:30,56.35825808
8/1/2024 4:45,190.7765138
8/1/2024 5:00,814.0637279
8/1/2024 5:15,1729.578947
8/1/2024 5:30,1796.373919
8/1/2024 5:45,1807.638944
8/1/2024 6:00,1777.587833
8/1/2024 6:15,1771.325805
8/1/2024 6:30,2100.69526
8/1/2024 6:45,2546.127607
8/1/2024 7:00,2544.470985
8/1/2024 7:15,2581.612436
8/1/2024 7:30,2579.955814
8/1/2024 7:45,2582.043157
8/1/2024 8:00,2492.718135
8/1/2024 8:15,2512.73012
8/1/2024 8:30,2465.582677
8/1/2024 8:45,2558.651664
8/1/2024 9:00,2574.522096
8/1/2024 9:15,2563.257071
8/1/2024 9:30,2449.281523
8/1/2024 9:45,2465.980266
8/1/2024 10:00,2502.293406
8/1/2024 10:15,2532.377649
8/1/2024 10:30,2473.501327
8/1/2024 10:45,2554.476978
8/1/2024 11:00,2620.046051
8/1/2024 11:15,2633.398419
8/1/2024 11:30,2540.296299
8/1/2024 11:45,2490.630792
8/1/2024 12:00,2582.043157
8/1/2024 12:15,2456.802584
8/1/2024 12:30,2491.856691
8/1/2024 12:45,2569.5191
8/1/2024 13:00,2588.305186
8/1/2024 13:15,2492.718135
8/1/2024 13:30,2514.419874
8/1/2024 13:45,2552.820357
8/1/2024 14:00,2379.140175
8/1/2024 14:15,1205.225159
8/1/2024 14:30,1029.490767
8/1/2024 14:45,442.5166931
8/1/2024 15:00,303.49303
8/1/2024 15:15,276.3575724
8/1/2024 15:30,199.9541961
8/1/2024 15:45,192.0355461
8/1/2024 16:00,192.8638567
8/1/2024 16:15,180.3397994
8/1/2024 16:30,182.0295531
8/1/2024 16:45,176.1651136
8/1/2024 17:00,169.9030849
8/1/2024 17:15,177.8548674
8/1/2024 17:30,174.9060814
8/1/2024 17:45,166.9874314
8/1/2024 18:00,171.9904278
8/1/2024 18:15,173.24946
8/1/2024 18:30,166.5567098
8/1/2024 18:45,145.2856918
8/1/2024 19:00,134.8489773
8/1/2024 19:15,145.2856918
8/1/2024 19:30,140.6802844
8/1/2024 19:45,129.8459808
8/1/2024 20:00,131.5026022
8/1/2024 20:15,130.24357
8/1/2024 20:30,129.8459808
8/1/2024 20:45,134.8489773
8/1/2024 21:00,140.2826953
8/1/2024 21:15,131.0718806
8/1/2024 21:30,128.5869486
8/1/2024 21:45,128.5869486
8/1/2024 22:00,128.1562271
8/1/2024 22:15,135.2465664
8/1/2024 22:30,129.4152593
8/1/2024 22:45,122.32492
8/1/2024 23:00,124.4122628
8/1/2024 23:15,139.4212522
8/1/2024 23:30,121.8941984
8/1/2024 23:45,110.6291733
8/2/2024 0:00,54.70163674
8/2/2024 0:15,72.62627967
8/2/2024 0:30,55.09922586
8/2/2024 0:45,56.35825808
8/2/2024 1:00,57.6172903
8/2/2024 1:15,66.79497254
8/2/2024 1:30,57.18656875
8/2/2024 1:45,55.09922586
8/2/2024 2:00,70.53893678
8/2/2024 2:15,58.44560097
8/2/2024 2:30,54.27091519
8/2/2024 2:45,63.05100831
8/2/2024 3:00,61.36125454
8/2/2024 3:15,58.44560097
8/2/2024 3:30,58.44560097
8/2/2024 3:45,68.45159388
8/2/2024 4:00,56.35825808
8/2/2024 4:15,60.53294387
8/2/2024 4:30,94.75874081
8/2/2024 4:45,194.5536105
8/2/2024 5:00,329.8001769
8/2/2024 5:15,373.2036561
8/2/2024 5:30,717.2176442
8/2/2024 5:45,626.6335891
8/2/2024 6:00,563.5825808
8/2/2024 6:15,602.4137851
8/2/2024 6:30,616.1968747
8/2/2024 6:45,619.5101174
8/2/2024 7:00,681.3020934
8/2/2024 7:15,931.3856514
8/2/2024 7:30,957.6596658
8/2/2024 7:45,1006.529995
8/2/2024 8:00,872.5093288
8/2/2024 8:15,900.9038186
8/2/2024 8:30,966.8704805
8/2/2024 8:45,985.225845
8/2/2024 9:00,937.64768
8/2/2024 9:15,1277.45385
8/2/2024 9:30,2348.260753
8/2/2024 9:45,2357.869157
8/2/2024 10:00,1170.171052
8/2/2024 10:15,951.0000481
8/2/2024 10:30,935.1296156
8/2/2024 10:45,981.4818808
8/2/2024 11:00,1455.308717
8/2/2024 11:15,2318.607231
8/2/2024 11:30,2337.824039
8/2/2024 11:45,2331.992732
8/2/2024 12:00,2434.272534
8/2/2024 12:15,2433.013501
8/2/2024 12:30,2511.504221
8/2/2024 12:45,2493.115724
8/2/2024 13:00,2415.486448
8/2/2024 13:15,2467.239298
8/2/2024 13:30,2561.169728
8/2/2024 13:45,2508.157845
8/2/2024 14:00,2292.333217
8/2/2024 14:15,1103.376079
8/2/2024 14:30,1037.409417
8/2/2024 14:45,933.0422727
8/2/2024 15:00,653.3383252
8/2/2024 15:15,290.5713835
8/2/2024 15:30,285.5352546
8/2/2024 15:45,241.3034648
8/2/2024 16:00,176.5958351
8/2/2024 16:15,171.9904278
8/2/2024 16:30,181.16811
8/2/2024 16:45,171.9904278
8/2/2024 17:00,169.0747742
8/2/2024 17:15,167.4181529
8/2/2024 17:30,139.8519738
8/2/2024 17:45,141.9393167
8/2/2024 18:00,142.3700382
8/2/2024 18:15,140.2826953
8/2/2024 18:30,141.111006
8/2/2024 18:45,142.3700382
8/2/2024 19:00,141.5085951
8/2/2024 19:15,146.544724
8/2/2024 19:30,141.5085951
8/2/2024 19:45,147.7706238
8/2/2024 20:00,139.4212522
8/2/2024 20:15,143.595938
8/2/2024 20:30,139.8519738
8/2/2024 20:45,142.3700382
8/2/2024 21:00,145.6832809
8/2/2024 21:15,150.7194098
8/2/2024 21:30,153.2043418
8/2/2024 21:45,142.3700382
8/2/2024 22:00,155.7224062
8/2/2024 22:15,144.4573811
8/2/2024 22:30,140.6802844
8/2/2024 22:45,142.7676273
8/2/2024 23:00,135.2465664
8/2/2024 23:15,141.111006
8/2/2024 23:30,147.3730347
8/2/2024 23:45,87.66840146
8/3/2024 0:00,65.1383512
8/3/2024 0:15,62.62028676
8/3/2024 0:30,61.79197609
8/3/2024 0:45,63.05100831
8/3/2024 1:00,63.05100831
8/3/2024 1:15,64.2769081
8/3/2024 1:30,78.05999767
8/3/2024 1:45,60.96366542
8/3/2024 2:00,63.05100831
8/3/2024 2:15,66.36425099
8/3/2024 2:30,67.62328321
8/3/2024 2:45,62.62028676
8/3/2024 3:00,75.14434411
8/3/2024 3:15,62.18956521
8/3/2024 3:30,65.96666187
8/3/2024 3:45,65.1383512
8/3/2024 4:00,69.31303698
8/3/2024 4:15,94.75874081
8/3/2024 4:30,91.4123657
8/3/2024 4:45,180.7705209
8/3/2024 5:00,660.8593861
8/3/2024 5:15,1613.085334
8/3/2024 5:30,1770.895083
8/3/2024 5:45,1832.256338
8/3/2024 6:00,1843.123774
8/3/2024 6:15,1863.566481
8/3/2024 6:30,2129.91806
8/3/2024 6:45,2307.772928
8/3/2024 7:00,2287.297088
8/3/2024 7:15,2276.860374
8/3/2024 7:30,2507.329535
8/3/2024 7:45,2548.645671
8/3/2024 8:00,2525.254178
8/3/2024 8:15,2527.341521
8/3/2024 8:30,2496.462099
8/3/2024 8:45,2662.621219
8/3/2024 9:00,2535.690892
8/3/2024 9:15,2584.1305
8/3/2024 9:30,2441.362873
8/3/2024 9:45,2428.408094
8/3/2024 10:00,2517.335528
8/3/2024 10:15,2580.784125
8/3/2024 10:30,2535.690892
8/3/2024 10:45,2568.690789
8/3/2024 11:00,2426.320751
8/3/2024 11:15,2461.407991
8/3/2024 11:30,2512.332531
8/3/2024 11:45,2517.335528
8/3/2024 12:00,2409.224419
8/3/2024 12:15,1783.41914
8/3/2024 12:30,1086.246614
8/3/2024 12:45,1210.228156
8/3/2024 13:00,1091.680332
8/3/2024 13:15,994.8342488
8/3/2024 13:30,978.5330948
8/3/2024 13:45,1051.590096
8/3/2024 14:00,953.9157016
8/3/2024 14:15,1039.49676
8/3/2024 14:30,915.5152189
8/3/2024 14:45,984.7951234
8/3/2024 15:00,882.9460433
8/3/2024 15:15,830.3317494
8/3/2024 15:30,770.6602487
8/3/2024 15:45,576.1066382
8/3/2024 16:00,264.6618257
8/3/2024 16:15,185.3427958
8/3/2024 16:30,170.7313956
8/3/2024 16:45,166.9874314
8/3/2024 17:00,163.6410562
8/3/2024 17:15,159.0687813
8/3/2024 17:30,162.8127456
8/3/2024 17:45,153.2043418
8/3/2024 18:00,157.8097491
8/3/2024 18:15,159.0687813
8/3/2024 18:30,150.2886882
8/3/2024 18:45,155.7224062
8/3/2024 19:00,121.8941984
8/3/2024 19:15,133.1592235
8/3/2024 19:30,121.8941984
8/3/2024 19:45,123.5839522
8/3/2024 20:00,120.6351662
8/3/2024 20:15,121.4966093
8/3/2024 20:30,122.7225091
8/3/2024 20:45,122.32492
8/3/2024 21:00,123.9815413
8/3/2024 21:15,120.6351662
8/3/2024 21:30,133.1592235
8/3/2024 21:45,118.9785448
8/3/2024 22:00,132.3309129
8/3/2024 22:15,126.0688842
8/3/2024 22:30,119.8068555
8/3/2024 22:45,130.24357
8/3/2024 23:00,112.7165162
8/3/2024 23:15,111.4574839
8/3/2024 23:30,112.2857946
8/3/2024 23:45,94.75874081
8/4/2024 0:00,46.74985429
8/4/2024 0:15,47.18057584
8/4/2024 0:30,53.44260452
8/4/2024 0:45,50.52695096
8/4/2024 1:00,45.09323295
8/4/2024 1:15,49.26791874
8/4/2024 1:30,46.35226517
8/4/2024 1:45,48.43960806
8/4/2024 2:00,47.18057584
8/4/2024 2:15,44.26492228
8/4/2024 2:30,51.35526163
8/4/2024 2:45,49.26791874
8/4/2024 3:00,48.00888651
8/4/2024 3:15,45.09323295
8/4/2024 3:30,48.43960806
8/4/2024 3:45,47.18057584
8/4/2024 4:00,45.49082207
8/4/2024 4:15,50.09622941
8/4/2024 4:30,45.49082207
8/4/2024 4:45,52.1835723
8/4/2024 5:00,44.6625114
8/4/2024 5:15,49.66550786
8/4/2024 5:30,45.92154362
8/4/2024 5:45,48.83719719
8/4/2024 6:00,51.75285075
8/4/2024 6:15,47.18057584
8/4/2024 6:30,46.35226517
8/4/2024 6:45,43.00589006
8/4/2024 7:00,49.66550786
8/4/2024 7:15,45.92154362
8/4/2024 7:30,46.74985429
8/4/2024 7:45,45.49082207
8/4/2024 8:00,46.35226517
8/4/2024 8:15,45.09323295
8/4/2024 8:30,43.40347918
8/4/2024 8:45,47.18057584
8/4/2024 9:00,44.6625114
8/4/2024 9:15,45.92154362
8/4/2024 9:30,43.40347918
8/4/2024 9:45,50.09622941
8/4/2024 10:00,45.09323295
8/4/2024 10:15,43.00589006
8/4/2024 10:30,46.74985429
8/4/2024 10:45,44.6625114
8/4/2024 11:00,49.26791874
8/4/2024 11:15,46.35226517
8/4/2024 11:30,43.83420073
8/4/2024 11:45,48.00888651
8/4/2024 12:00,43.00589006
8/4/2024 12:15,46.35226517
8/4/2024 12:30,44.26492228
8/4/2024 12:45,45.09323295
8/4/2024 13:00,45.49082207
8/4/2024 13:15,43.00589006
8/4/2024 13:30,48.00888651
8/4/2024 13:45,43.00589006
8/4/2024 14:00,45.49082207
8/4/2024 14:15,45.09323295
8/4/2024 14:30,45.09323295
8/4/2024 14:45,46.35226517
8/4/2024 15:00,44.26492228
8/4/2024 15:15,46.35226517
8/4/2024 15:30,46.35226517
8/4/2024 15:45,44.26492228
8/4/2024 16:00,45.49082207
8/4/2024 16:15,42.57516851
8/4/2024 16:30,48.00888651
8/4/2024 16:45,43.00589006
8/4/2024 17:00,45.09323295
8/4/2024 17:15,50.09622941
8/4/2024 17:30,43.00589006
8/4/2024 17:45,46.74985429
8/4/2024 18:00,43.00589006
8/4/2024 18:15,47.57816497
8/4/2024 18:30,45.09323295
8/4/2024 18:45,44.26492228
8/4/2024 19:00,45.92154362
8/4/2024 19:15,44.6625114
8/4/2024 19:30,47.18057584
8/4/2024 19:45,45.92154362
8/4/2024 20:00,45.09323295
8/4/2024 20:15,50.09622941
8/4/2024 20:30,54.70163674
8/4/2024 20:45,48.43960806
8/4/2024 21:00,44.6625114
8/4/2024 21:15,52.61429385
8/4/2024 21:30,47.18057584
8/4/2024 21:45,46.74985429
8/4/2024 22:00,46.35226517
8/4/2024 22:15,47.18057584
8/4/2024 22:30,47.18057584
8/4/2024 22:45,49.26791874
8/4/2024 23:00,49.26791874
8/4/2024 23:15,46.74985429
8/4/2024 23:30,48.00888651
8/4/2024 23:45,45.09323295
8/5/2024 0:00,52.1835723
8/5/2024 0:15,48.43960806
8/5/2024 0:30,46.74985429
8/5/2024 0:45,48.00888651
8/5/2024 1:00,45.92154362
8/5/2024 1:15,53.44260452
8/5/2024 1:30,44.6625114
8/5/2024 1:45,48.83719719
8/5/2024 2:00,46.35226517
8/5/2024 2:15,48.00888651
8/5/2024 2:30,48.83719719
8/5/2024 2:45,46.74985429
8/5/2024 3:00,49.26791874
8/5/2024 3:15,46.35226517
8/5/2024 3:30,52.61429385
8/5/2024 3:45,44.6625114
8/5/2024 4:00,49.66550786
8/5/2024 4:15,44.6625114
8/5/2024 4:30,49.66550786
8/5/2024 4:45,48.43960806
8/5/2024 5:00,50.09622941
8/5/2024 5:15,45.09323295
8/5/2024 5:30,53.84019364
8/5/2024 5:45,50.92454008
8/5/2024 6:00,49.26791874
8/5/2024 6:15,45.49082207
8/5/2024 6:30,45.49082207
8/5/2024 6:45,48.00888651
8/5/2024 7:00,48.00888651
8/5/2024 7:15,45.49082207
8/5/2024 7:30,44.26492228
8/5/2024 7:45,46.35226517
8/5/2024 8:00,45.92154362
8/5/2024 8:15,51.35526163
8/5/2024 8:30,43.40347918
8/5/2024 8:45,47.57816497
8/5/2024 9:00,45.09323295
8/5/2024 9:15,47.57816497
8/5/2024 9:30,42.57516851
8/5/2024 9:45,45.49082207
8/5/2024 10:00,45.09323295
8/5/2024 10:15,44.6625114
8/5/2024 10:30,44.26492228
8/5/2024 10:45,44.26492228
8/5/2024 11:00,46.35226517
8/5/2024 11:15,43.00589006
8/5/2024 11:30,46.35226517
8/5/2024 11:45,42.57516851
8/5/2024 12:00,48.00888651
8/5/2024 12:15,42.57516851
8/5/2024 12:30,45.09323295
8/5/2024 12:45,44.26492228
8/5/2024 13:00,46.35226517
8/5/2024 13:15,45.09323295
8/5/2024 13:30,43.00589006
8/5/2024 13:45,48.00888651
8/5/2024 14:00,43.00589006
8/5/2024 14:15,45.09323295
8/5/2024 14:30,55.09922586
8/5/2024 14:45,44.26492228
8/5/2024 15:00,45.92154362
8/5/2024 15:15,43.00589006
8/5/2024 15:30,47.57816497
8/5/2024 15:45,48.43960806
8/5/2024 16:00,45.09323295
8/5/2024 16:15,45.49082207
8/5/2024 16:30,43.00589006
8/5/2024 16:45,48.43960806
8/5/2024 17:00,43.00589006
8/5/2024 17:15,45.09323295
8/5/2024 17:30,43.83420073
8/5/2024 17:45,44.6625114
8/5/2024 18:00,45.49082207
8/5/2024 18:15,42.57516851
8/5/2024 18:30,45.92154362
8/5/2024 18:45,45.49082207
8/5/2024 19:00,43.83420073
8/5/2024 19:15,45.49082207
8/5/2024 19:30,44.26492228
8/5/2024 19:45,47.57816497
8/5/2024 20:00,43.83420073
8/5/2024 20:15,44.6625114
8/5/2024 20:30,47.18057584
8/5/2024 20:45,46.74985429
8/5/2024 21:00,47.57816497
8/5/2024 21:15,44.6625114
8/5/2024 21:30,45.49082207
8/5/2024 21:45,48.83719719
8/5/2024 22:00,44.6625114
8/5/2024 22:15,48.00888651
8/5/2024 22:30,44.6625114
8/5/2024 22:45,48.83719719
8/5/2024 23:00,46.35226517
8/5/2024 23:15,48.43960806
8/5/2024 23:30,47.57816497
8/5/2024 23:45,46.35226517
8/6/2024 0:00,48.00888651
8/6/2024 0:15,45.49082207
8/6/2024 0:30,52.1835723
8/6/2024 0:45,48.83719719
8/6/2024 1:00,44.6625114
8/6/2024 1:15,48.83719719
8/6/2024 1:30,48.83719719
8/6/2024 1:45,50.09622941
8/6/2024 2:00,45.92154362
8/6/2024 2:15,45.92154362
8/6/2024 2:30,48.83719719
8/6/2024 2:45,44.6625114
8/6/2024 3:00,48.00888651
8/6/2024 3:15,48.43960806
8/6/2024 3:30,49.26791874
8/6/2024 3:45,46.35226517
8/6/2024 4:00,45.49082207
8/6/2024 4:15,46.74985429
8/6/2024 4:30,50.09622941
8/6/2024 4:45,114.8038591
8/6/2024 5:00,328.5411447
8/6/2024 5:15,1281.197814
8/6/2024 5:30,1753.368029
8/6/2024 5:45,1796.373919
8/6/2024 6:00,1834.34368
8/6/2024 6:15,1476.579735
8/6/2024 6:30,457.956404
8/6/2024 6:45,1735.840975
8/6/2024 7:00,1452.790653
8/6/2024 7:15,2100.297671
8/6/2024 7:30,2124.484342
8/6/2024 7:45,2214.240087
8/6/2024 8:00,2215.499119
8/6/2024 8:15,2508.157845
8/6/2024 8:30,2543.642675
8/6/2024 8:45,2521.940935
8/6/2024 9:00,2522.338524
8/6/2024 9:15,2484.766352
8/6/2024 9:30,2457.630894
8/6/2024 9:45,2434.670123
8/6/2024 10:00,2452.627898
8/6/2024 10:15,2556.166732
8/6/2024 10:30,2564.085382
8/6/2024 10:45,2432.185191
8/6/2024 11:00,2461.80558
8/6/2024 11:15,2546.558328
8/6/2024 11:30,2531.118617
8/6/2024 11:45,2475.157948
8/6/2024 12:00,2368.703461
8/6/2024 12:15,2371.652247
8/6/2024 12:30,2381.65824
8/6/2024 12:45,2506.468092
8/6/2024 13:00,2589.961807
8/6/2024 13:15,2572.037164
8/6/2024 13:30,2479.332634
8/6/2024 13:45,2592.910593
8/6/2024 14:00,1357.203601
8/6/2024 14:15,1094.198397
8/6/2024 14:30,930.1266191
8/6/2024 14:45,471.7394936
8/6/2024 15:00,418.7276106
8/6/2024 15:15,305.5803729
8/6/2024 15:30,253.3968006
8/6/2024 15:45,199.9541961
8/6/2024 16:00,172.4211494
8/6/2024 16:15,159.897092
8/6/2024 16:30,164.0717778
8/6/2024 16:45,162.382024
8/6/2024 17:00,155.7224062
8/6/2024 17:15,127.758638
8/6/2024 17:30,131.5026022
8/6/2024 17:45,120.6351662
8/6/2024 18:00,128.1562271
8/6/2024 18:15,121.0658877
8/6/2024 18:30,125.6712951
8/6/2024 18:45,121.0658877
8/6/2024 19:00,127.3279164
8/6/2024 19:15,123.5839522
8/6/2024 19:30,129.8459808
8/6/2024 19:45,121.0658877
8/6/2024 20:00,121.4966093
8/6/2024 20:15,127.3279164
8/6/2024 20:30,119.4092664
8/6/2024 20:45,123.9815413
8/6/2024 21:00,121.8941984
8/6/2024 21:15,126.0688842
8/6/2024 21:30,123.5839522
8/6/2024 21:45,121.4966093
8/6/2024 22:00,121.8941984
8/6/2024 22:15,115.2345806
8/6/2024 22:30,120.6351662
8/6/2024 22:45,115.6321697
8/6/2024 23:00,116.4604804
8/6/2024 23:15,118.1502342
8/6/2024 23:30,58.44560097
8/6/2024 23:45,60.10222232
8/7/2024 0:00,52.1835723
8/7/2024 0:15,53.84019364
8/7/2024 0:30,50.52695096
8/7/2024 0:45,51.75285075
8/7/2024 1:00,53.44260452
8/7/2024 1:15,60.53294387
8/7/2024 1:30,54.27091519
8/7/2024 1:45,52.61429385
8/7/2024 2:00,53.01188297
8/7/2024 2:15,47.57816497
8/7/2024 2:30,47.18057584
8/7/2024 2:45,52.1835723
8/7/2024 3:00,48.00888651
8/7/2024 3:15,49.26791874
8/7/2024 3:30,51.75285075
8/7/2024 3:45,48.83719719
8/7/2024 4:00,61.36125454
8/7/2024 4:15,70.53893678
8/7/2024 4:30,73.05700122
8/7/2024 4:45,122.32492
8/7/2024 5:00,210.8216321
8/7/2024 5:15,205.3879141
8/7/2024 5:30,205.8186356
8/7/2024 5:45,189.9482032
8/7/2024 6:00,174.5084923
8/7/2024 6:15,187.0325496
8/7/2024 6:30,226.6920645
8/7/2024 6:45,461.7335007
8/7/2024 7:00,2051.029752
8/7/2024 7:15,2203.405783
8/7/2024 7:30,2192.538347
8/7/2024 7:45,2263.508006
8/7/2024 8:00,2574.522096
8/7/2024 8:15,2539.037267
8/7/2024 8:30,2508.555435
8/7/2024 8:45,2549.473982
8/7/2024 9:00,2535.690892
8/7/2024 9:15,2446.796591
8/7/2024 9:30,2455.974273
8/7/2024 9:45,2492.287413
8/7/2024 10:00,2518.992149
8/7/2024 10:15,2540.296299
8/7/2024 10:30,2541.12461
8/7/2024 10:45,2530.687896
8/7/2024 11:00,2296.905492
8/7/2024 11:15,2539.865578
8/7/2024 11:30,2544.901707
8/7/2024 11:45,2495.203067
8/7/2024 12:00,2464.323645
8/7/2024 12:15,2467.239298
8/7/2024 12:30,2489.371759
8/7/2024 12:45,2474.760359
8/7/2024 13:00,2602.088276
8/7/2024 13:15,2527.772242
8/7/2024 13:30,2588.305186
8/7/2024 13:45,2573.693786
8/7/2024 14:00,1406.869109
8/7/2024 14:15,1127.165162
8/7/2024 14:30,923.8645905
8/7/2024 14:45,256.3124542
8/7/2024 15:00,226.261343
8/7/2024 15:15,219.1710037
8/7/2024 15:30,187.4301387
8/7/2024 15:45,156.5507169
8/7/2024 16:00,149.4603775
8/7/2024 16:15,163.2434671
8/7/2024 16:30,147.7706238
8/7/2024 16:45,155.2916847
8/7/2024 17:00,116.8912019
8/7/2024 17:15,123.5839522
8/7/2024 17:30,117.7195126
8/7/2024 17:45,116.0628913
8/7/2024 18:00,121.0658877
8/7/2024 18:15,116.4604804
8/7/2024 18:30,118.5478233
8/7/2024 18:45,120.2375771
8/7/2024 19:00,134.4182558
8/7/2024 19:15,130.6742915
8/7/2024 19:30,123.5839522
8/7/2024 19:45,115.2345806
8/7/2024 20:00,115.6321697
8/7/2024 20:15,117.7195126
8/7/2024 20:30,115.2345806
8/7/2024 20:45,118.5478233
8/7/2024 21:00,116.4604804
8/7/2024 21:15,118.5478233
8/7/2024 21:30,118.5478233
8/7/2024 21:45,121.4966093
8/7/2024 22:00,119.8068555
8/7/2024 22:15,114.8038591
8/7/2024 22:30,122.7225091
8/7/2024 22:45,112.7165162
8/7/2024 23:00,113.1472377
8/7/2024 23:15,112.7165162
8/7/2024 23:30,111.0598948
8/7/2024 23:45,88.49671213
8/8/2024 0:00,48.43960806
8/8/2024 0:15,48.00888651
8/8/2024 0:30,49.66550786
8/8/2024 0:45,47.57816497
8/8/2024 1:00,47.18057584
8/8/2024 1:15,47.18057584
8/8/2024 1:30,49.66550786
8/8/2024 1:45,52.1835723
8/8/2024 2:00,47.57816497
8/8/2024 2:15,48.83719719
8/8/2024 2:30,46.74985429
8/8/2024 2:45,46.74985429
8/8/2024 3:00,47.57816497
8/8/2024 3:15,53.01188297
8/8/2024 3:30,48.83719719
8/8/2024 3:45,47.57816497
8/8/2024 4:00,49.26791874
8/8/2024 4:15,47.57816497
8/8/2024 4:30,56.35825808
8/8/2024 4:45,152.3760311
8/8/2024 5:00,692.1695295
8/8/2024 5:15,1753.798751
8/8/2024 5:30,1747.934311
8/8/2024 5:45,1748.762622
8/8/2024 6:00,1777.587833
8/8/2024 6:15,1767.548708
8/8/2024 6:30,2020.117198
8/8/2024 6:45,2190.053415
8/8/2024 7:00,2416.712347
8/8/2024 7:15,2561.60045
8/8/2024 7:30,2577.43775
8/8/2024 7:45,2577.868472
8/8/2024 8:00,2550.302292
8/8/2024 8:15,2529.031274
8/8/2024 8:30,2520.681903
8/8/2024 8:45,2529.859585
8/8/2024 9:00,2518.163838
8/8/2024 9:15,2528.202964
8/8/2024 9:30,2267.285102
8/8/2024 9:45,2470.585673
8/8/2024 10:00,2521.510213
8/8/2024 10:15,2537.380646
8/8/2024 10:30,2521.940935
8/8/2024 10:45,2532.775239
8/8/2024 11:00,2549.473982
8/8/2024 11:15,2539.467989
8/8/2024 11:30,2524.425867
8/8/2024 11:45,2522.338524
8/8/2024 12:00,2470.983263
8/8/2024 12:15,2468.89592
8/8/2024 12:30,2515.678906
8/8/2024 12:45,2538.639678
8/8/2024 13:00,2473.932048
8/8/2024 13:15,2555.338421
8/8/2024 13:30,2462.633891
8/8/2024 13:45,2555.338421
8/8/2024 14:00,1849.385802
8/8/2024 14:15,1057.852125
8/8/2024 14:30,872.5093288
8/8/2024 14:45,443.3450038
8/8/2024 15:00,455.8690611
8/8/2024 15:15,412.0348604
8/8/2024 15:30,297.2310013
8/8/2024 15:45,235.0414361
8/8/2024 16:00,199.1258854
8/8/2024 16:15,189.1198925
8/8/2024 16:30,203.7312927
8/8/2024 16:45,184.5144852
8/8/2024 17:00,192.4662676
8/8/2024 17:15,189.5174816
8/8/2024 17:30,161.9844349
8/8/2024 17:45,154.0326525
8/8/2024 18:00,151.5477204
8/8/2024 18:15,156.5507169
8/8/2024 18:30,145.2856918
8/8/2024 18:45,162.382024
8/8/2024 19:00,147.7706238
8/8/2024 19:15,155.2916847
8/8/2024 19:30,146.9423131
8/8/2024 19:45,142.7676273
8/8/2024 20:00,156.5507169
8/8/2024 20:15,146.1140024
8/8/2024 20:30,156.5507169
8/8/2024 20:45,146.544724
8/8/2024 21:00,150.7194098
8/8/2024 21:15,137.3339093
8/8/2024 21:30,137.3339093
8/8/2024 21:45,134.4182558
8/8/2024 22:00,127.3279164
8/8/2024 22:15,137.7646309
8/8/2024 22:30,128.9845378
8/8/2024 22:45,136.9363202
8/8/2024 23:00,130.6742915
8/8/2024 23:15,126.4996057
8/8/2024 23:30,137.7646309
8/8/2024 23:45,123.1532306
8/9/2024 0:00,73.05700122
8/9/2024 0:15,65.1383512
8/9/2024 0:30,62.18956521
8/9/2024 0:45,78.49071922
8/9/2024 1:00,64.2769081
8/9/2024 1:15,69.31303698
8/9/2024 1:30,68.88231543
8/9/2024 1:45,62.62028676
8/9/2024 2:00,73.48772277
8/9/2024 2:15,62.62028676
8/9/2024 2:30,69.71062611
8/9/2024 2:45,66.79497254
8/9/2024 3:00,64.2769081
8/9/2024 3:15,64.2769081
8/9/2024 3:30,68.45159388
8/9/2024 3:45,62.18956521
8/9/2024 4:00,75.14434411
8/9/2024 4:15,62.18956521
8/9/2024 4:30,66.79497254
8/9/2024 4:45,154.0326525
8/9/2024 5:00,559.407895
8/9/2024 5:15,1737.928318
8/9/2024 5:30,1744.190347
8/9/2024 5:45,1761.717401
8/9/2024 6:00,1744.587936
8/9/2024 6:15,1819.73228
8/9/2024 6:30,2190.451004
8/9/2024 6:45,1785.937205
8/9/2024 7:00,621.1998711
8/9/2024 7:15,2005.505798
8/9/2024 7:30,2578.299193
8/9/2024 7:45,2528.600553
8/9/2024 8:00,2501.067506
8/9/2024 8:15,2513.989153
8/9/2024 8:30,2538.208957
8/9/2024 8:45,2511.073499
8/9/2024 9:00,2484.368763
8/9/2024 9:15,2523.166835
8/9/2024 9:30,2439.673119
8/9/2024 9:45,2485.197074
8/9/2024 10:00,2509.416878
8/9/2024 10:15,2497.290409
8/9/2024 10:30,2491.856691
8/9/2024 10:45,2504.380749
8/9/2024 11:00,2515.248185
8/9/2024 11:15,2498.11872
8/9/2024 11:30,2499.808474
8/9/2024 11:45,2503.552438
8/9/2024 12:00,2460.97727
8/9/2024 12:15,2463.495334
8/9/2024 12:30,2494.374756
8/9/2024 12:45,2473.070605
8/9/2024 13:00,2443.450216
8/9/2024 13:15,2425.061719
8/9/2024 13:30,2463.064612
8/9/2024 13:45,2529.428863
8/9/2024 14:00,1380.561962
8/9/2024 14:15,759.7928127
8/9/2024 14:30,619.9408389
8/9/2024 14:45,371.9777563
8/9/2024 15:00,290.140662
8/9/2024 15:15,207.0776679
8/9/2024 15:30,197.8668532
8/9/2024 15:45,155.2916847
8/9/2024 16:00,115.6321697
8/9/2024 16:15,127.758638
8/9/2024 16:30,115.6321697
8/9/2024 16:45,128.9845378
8/9/2024 17:00,120.6351662
8/9/2024 17:15,115.6321697
8/9/2024 17:30,116.4604804
8/9/2024 17:45,113.9755484
8/9/2024 18:00,116.4604804
8/9/2024 18:15,113.9755484
8/9/2024 18:30,114.8038591
8/9/2024 18:45,115.6321697
8/9/2024 19:00,116.0628913
8/9/2024 19:15,113.9755484
8/9/2024 19:30,125.6712951
8/9/2024 19:45,116.8912019
8/9/2024 20:00,111.4574839
8/9/2024 20:15,112.7165162
8/9/2024 20:30,114.8038591
8/9/2024 20:45,120.2375771
8/9/2024 21:00,121.0658877
8/9/2024 21:15,113.1472377
8/9/2024 21:30,113.9755484
8/9/2024 21:45,115.2345806
8/9/2024 22:00,112.7165162
8/9/2024 22:15,116.8912019
8/9/2024 22:30,113.9755484
8/9/2024 22:45,110.6291733
8/9/2024 23:00,113.5448268
8/9/2024 23:15,111.0598948
8/9/2024 23:30,112.7165162
8/9/2024 23:45,99.76173726
8/10/2024 0:00,50.09622941
8/10/2024 0:15,49.66550786
8/10/2024 0:30,46.35226517
8/10/2024 0:45,46.35226517
8/10/2024 1:00,46.74985429
8/10/2024 1:15,48.83719719
8/10/2024 1:30,46.74985429
8/10/2024 1:45,45.49082207
8/10/2024 2:00,46.74985429
8/10/2024 2:15,50.52695096
8/10/2024 2:30,47.57816497
8/10/2024 2:45,45.92154362
8/10/2024 3:00,47.57816497
8/10/2024 3:15,45.49082207
8/10/2024 3:30,46.35226517
8/10/2024 3:45,46.35226517
8/10/2024 4:00,51.35526163
8/10/2024 4:15,46.35226517
8/10/2024 4:30,50.52695096
8/10/2024 4:45,57.18656875
8/10/2024 5:00,256.7431757
8/10/2024 5:15,1107.550765
8/10/2024 5:30,1762.545711
8/10/2024 5:45,1788.024548
8/10/2024 6:00,1793.855855
8/10/2024 6:15,1778.846865
8/10/2024 6:30,1901.569375
8/10/2024 6:45,2170.008297
8/10/2024 7:00,2133.695157
8/10/2024 7:15,1889.045317
8/10/2024 7:30,1908.262125
8/10/2024 7:45,2141.613807
8/10/2024 8:00,2071.472459
8/10/2024 8:15,2159.140861
8/10/2024 8:30,2139.526464
8/10/2024 8:45,2115.737382
8/10/2024 9:00,2093.174199
8/10/2024 9:15,2105.300667
8/10/2024 9:30,2055.204438
8/10/2024 9:45,2055.602027
8/10/2024 10:00,2188.363661
8/10/2024 10:15,2139.957186
8/10/2024 10:30,1954.183668
8/10/2024 10:45,2111.131974
8/10/2024 11:00,2107.785599
8/10/2024 11:15,2103.213324
8/10/2024 11:30,2114.909071
8/10/2024 11:45,2111.562696
8/10/2024 12:00,2112.821728
8/10/2024 12:15,2094.433231
8/10/2024 12:30,2100.69526
8/10/2024 12:45,2054.773716
8/10/2024 13:00,2159.571582
8/10/2024 13:15,2148.704146
8/10/2024 13:30,2144.131872
8/10/2024 13:45,2111.960285
8/10/2024 14:00,1014.879367
8/10/2024 14:15,723.4796728
8/10/2024 14:30,541.8808412
8/10/2024 14:45,227.9510968
8/10/2024 15:00,219.9993143
8/10/2024 15:15,134.8489773
8/10/2024 15:30,140.6802844
8/10/2024 15:45,133.1592235
8/10/2024 16:00,160.7254027
8/10/2024 16:15,149.029656
8/10/2024 16:30,128.1562271
8/10/2024 16:45,137.3339093
8/10/2024 17:00,125.6712951
8/10/2024 17:15,126.8971949
8/10/2024 17:30,129.8459808
8/10/2024 17:45,132.7616344
8/10/2024 18:00,126.0688842
8/10/2024 18:15,126.4996057
8/10/2024 18:30,126.4996057
8/10/2024 18:45,119.4092664
8/10/2024 19:00,131.5026022
8/10/2024 19:15,120.6351662
8/10/2024 19:30,123.1532306
8/10/2024 19:45,116.0628913
8/10/2024 20:00,121.8941984
8/10/2024 20:15,124.4122628
8/10/2024 20:30,117.7195126
8/10/2024 20:45,117.3219235
8/10/2024 21:00,113.5448268
8/10/2024 21:15,114.8038591
8/10/2024 21:30,113.9755484
8/10/2024 21:45,113.5448268
8/10/2024 22:00,111.8882055
8/10/2024 22:15,112.2857946
8/10/2024 22:30,117.7195126
8/10/2024 22:45,123.9815413
8/10/2024 23:00,122.7225091
8/10/2024 23:15,111.8882055
8/10/2024 23:30,119.8068555
8/10/2024 23:45,96.8460837
8/11/2024 0:00,48.00888651
8/11/2024 0:15,49.26791874
8/11/2024 0:30,47.18057584
8/11/2024 0:45,47.57816497
8/11/2024 1:00,47.57816497
8/11/2024 1:15,50.09622941
8/11/2024 1:30,48.00888651
8/11/2024 1:45,47.57816497
8/11/2024 2:00,50.52695096
8/11/2024 2:15,48.43960806
8/11/2024 2:30,47.57816497
8/11/2024 2:45,52.1835723
8/11/2024 3:00,49.66550786
8/11/2024 3:15,48.43960806
8/11/2024 3:30,48.00888651
8/11/2024 3:45,47.57816497
8/11/2024 4:00,55.52994741
8/11/2024 4:15,47.18057584
8/11/2024 4:30,48.00888651
8/11/2024 4:45,49.66550786
8/11/2024 5:00,46.74985429
8/11/2024 5:15,48.43960806
8/11/2024 5:30,48.00888651
8/11/2024 5:45,49.66550786
8/11/2024 6:00,48.00888651
8/11/2024 6:15,45.49082207
8/11/2024 6:30,46.74985429
8/11/2024 6:45,47.57816497
8/11/2024 7:00,44.6625114
8/11/2024 7:15,46.35226517
8/11/2024 7:30,48.43960806
8/11/2024 7:45,45.92154362
8/11/2024 8:00,48.00888651
8/11/2024 8:15,46.74985429
8/11/2024 8:30,48.00888651
8/11/2024 8:45,45.09323295
8/11/2024 9:00,46.35226517
8/11/2024 9:15,44.6625114
8/11/2024 9:30,47.18057584
8/11/2024 9:45,45.49082207
8/11/2024 10:00,45.09323295
8/11/2024 10:15,46.35226517
8/11/2024 10:30,46.35226517
8/11/2024 10:45,45.09323295
8/11/2024 11:00,44.6625114
8/11/2024 11:15,51.75285075
8/11/2024 11:30,45.49082207
8/11/2024 11:45,45.09323295
8/11/2024 12:00,45.49082207
8/11/2024 12:15,47.18057584
8/11/2024 12:30,45.92154362
8/11/2024 12:45,45.09323295
8/11/2024 13:00,47.18057584
8/11/2024 13:15,45.09323295
8/11/2024 13:30,45.92154362
8/11/2024 13:45,45.09323295
8/11/2024 14:00,46.35226517
8/11/2024 14:15,45.09323295
8/11/2024 14:30,45.49082207
8/11/2024 14:45,46.35226517
8/11/2024 15:00,46.74985429
8/11/2024 15:15,47.57816497
8/11/2024 15:30,47.57816497
8/11/2024 15:45,50.09622941
8/11/2024 16:00,47.18057584
8/11/2024 16:15,48.43960806
8/11/2024 16:30,48.00888651
8/11/2024 16:45,51.75285075
8/11/2024 17:00,55.52994741
8/11/2024 17:15,47.18057584
8/11/2024 17:30,55.52994741
8/11/2024 17:45,48.43960806
8/11/2024 18:00,46.74985429
8/11/2024 18:15,46.74985429
8/11/2024 18:30,49.66550786
8/11/2024 18:45,48.00888651
8/11/2024 19:00,48.43960806
8/11/2024 19:15,50.52695096
8/11/2024 19:30,46.74985429
8/11/2024 19:45,44.6625114
8/11/2024 20:00,45.09323295
8/11/2024 20:15,48.00888651
8/11/2024 20:30,48.00888651
8/11/2024 20:45,47.57816497
8/11/2024 21:00,53.01188297
8/11/2024 21:15,47.18057584
8/11/2024 21:30,47.18057584
8/11/2024 21:45,47.57816497
8/11/2024 22:00,50.09622941
8/11/2024 22:15,47.18057584
8/11/2024 22:30,46.35226517
8/11/2024 22:45,48.00888651
8/11/2024 23:00,47.57816497
8/11/2024 23:15,47.57816497
8/11/2024 23:30,47.57816497
8/11/2024 23:45,50.09622941
8/12/2024 0:00,47.18057584
8/12/2024 0:15,48.43960806
8/12/2024 0:30,48.00888651
8/12/2024 0:45,50.09622941
8/12/2024 1:00,47.57816497
8/12/2024 1:15,46.74985429
8/12/2024 1:30,49.26791874
8/12/2024 1:45,47.57816497
8/12/2024 2:00,48.00888651
8/12/2024 2:15,47.18057584
8/12/2024 2:30,48.83719719
8/12/2024 2:45,47.57816497
8/12/2024 3:00,47.18057584
8/12/2024 3:15,47.18057584
8/12/2024 3:30,48.43960806
8/12/2024 3:45,48.83719719
8/12/2024 4:00,47.57816497
8/12/2024 4:15,48.83719719
8/12/2024 4:30,46.74985429
8/12/2024 4:45,48.00888651
8/12/2024 5:00,49.66550786
8/12/2024 5:15,52.1835723
8/12/2024 5:30,47.57816497
8/12/2024 5:45,47.57816497
8/12/2024 6:00,45.92154362
8/12/2024 6:15,48.00888651
8/12/2024 6:30,53.44260452
8/12/2024 6:45,48.43960806
8/12/2024 7:00,46.35226517
8/12/2024 7:15,47.57816497
8/12/2024 7:30,45.49082207
8/12/2024 7:45,43.83420073
8/12/2024 8:00,48.00888651
8/12/2024 8:15,45.92154362
8/12/2024 8:30,45.09323295
8/12/2024 8:45,45.49082207
8/12/2024 9:00,47.18057584
8/12/2024 9:15,44.26492228
8/12/2024 9:30,45.09323295
8/12/2024 9:45,45.92154362
8/12/2024 10:00,47.18057584
8/12/2024 10:15,45.09323295
8/12/2024 10:30,45.49082207
8/12/2024 10:45,46.74985429
8/12/2024 11:00,46.74985429
8/12/2024 11:15,45.92154362
8/12/2024 11:30,46.74985429
8/12/2024 11:45,48.83719719
8/12/2024 12:00,48.00888651
8/12/2024 12:15,47.57816497
8/12/2024 12:30,48.00888651
8/12/2024 12:45,56.78897963
8/12/2024 13:00,47.57816497
8/12/2024 13:15,56.78897963
8/12/2024 13:30,48.83719719
8/12/2024 13:45,56.78897963
8/12/2024 14:00,57.6172903
8/12/2024 14:15,53.01188297
8/12/2024 14:30,56.78897963
8/12/2024 14:45,59.27391165
8/12/2024 15:00,54.27091519
8/12/2024 15:15,59.70463319
8/12/2024 15:30,64.2769081
8/12/2024 15:45,54.27091519
8/12/2024 16:00,61.79197609
8/12/2024 16:15,61.79197609
8/12/2024 16:30,55.92753653
8/12/2024 16:45,53.01188297
8/12/2024 17:00,60.96366542
8/12/2024 17:15,57.6172903
8/12/2024 17:30,48.83719719
8/12/2024 17:45,58.87632252
8/12/2024 18:00,53.84019364
8/12/2024 18:15,50.09622941
8/12/2024 18:30,50.52695096
8/12/2024 18:45,53.44260452
8/12/2024 19:00,48.43960806
8/12/2024 19:15,47.57816497
8/12/2024 19:30,47.18057584
8/12/2024 19:45,45.92154362
8/12/2024 20:00,46.35226517
8/12/2024 20:15,48.00888651
8/12/2024 20:30,47.18057584
8/12/2024 20:45,53.44260452
8/12/2024 21:00,52.61429385
8/12/2024 21:15,50.09622941
8/12/2024 21:30,47.18057584
8/12/2024 21:45,47.18057584
8/12/2024 22:00,49.26791874
8/12/2024 22:15,47.57816497
8/12/2024 22:30,48.00888651
8/12/2024 22:45,48.00888651
8/12/2024 23:00,50.92454008
8/12/2024 23:15,47.18057584
8/12/2024 23:30,46.74985429
8/12/2024 23:45,49.26791874
8/13/2024 0:00,48.00888651
8/13/2024 0:15,48.00888651
8/13/2024 0:30,48.00888651
8/13/2024 0:45,50.09622941
8/13/2024 1:00,47.18057584
8/13/2024 1:15,46.74985429
8/13/2024 1:30,49.26791874
8/13/2024 1:45,48.00888651
8/13/2024 2:00,47.18057584
8/13/2024 2:15,47.18057584
8/13/2024 2:30,48.83719719
8/13/2024 2:45,53.44260452
8/13/2024 3:00,47.57816497
8/13/2024 3:15,49.26791874
8/13/2024 3:30,47.18057584
8/13/2024 3:45,46.74985429
8/13/2024 4:00,46.35226517
8/13/2024 4:15,49.26791874
8/13/2024 4:30,48.00888651
8/13/2024 4:45,47.57816497
8/13/2024 5:00,130.6742915
8/13/2024 5:15,960.6084518
8/13/2024 5:30,1732.063879
8/13/2024 5:45,1737.497597
8/13/2024 6:00,1767.151119
8/13/2024 6:15,1812.244352
8/13/2024 6:30,2124.086753
8/13/2024 6:45,2134.921057
8/13/2024 7:00,2129.91806
8/13/2024 7:15,2121.1711
8/13/2024 7:30,2101.125982
8/13/2024 7:45,2112.821728
8/13/2024 8:00,2107.785599
8/13/2024 8:15,2093.174199
8/13/2024 8:30,2102.782603
8/13/2024 8:45,2106.5597
8/13/2024 9:00,2093.604921
8/13/2024 9:15,2106.128978
8/13/2024 9:30,2098.210328
8/13/2024 9:45,2102.385014
8/13/2024 10:00,2110.303664
8/13/2024 10:15,2128.261439
8/13/2024 10:30,2112.821728
8/13/2024 10:45,1955.409568
8/13/2024 11:00,2127.433128
8/13/2024 11:15,2101.523571
8/13/2024 11:30,2134.921057
8/13/2024 11:45,2132.436125
8/13/2024 12:00,2104.472357
8/13/2024 12:15,2119.481346
8/13/2024 12:30,2118.222314
8/13/2024 12:45,2092.77661
8/13/2024 13:00,2149.963179
8/13/2024 13:15,2147.445114
8/13/2024 13:30,2142.872839
8/13/2024 13:45,2141.183086
8/13/2024 14:00,922.1748367
8/13/2024 14:15,763.1391878
8/13/2024 14:30,635.3805498
8/13/2024 14:45,313.9297445
8/13/2024 15:00,245.8757397
8/13/2024 15:15,179.0807672
8/13/2024 15:30,154.463374
8/13/2024 15:45,151.9453096
8/13/2024 16:00,146.9423131
8/13/2024 16:15,142.7676273
8/13/2024 16:30,141.5085951
8/13/2024 16:45,141.111006
8/13/2024 17:00,127.758638
8/13/2024 17:15,134.0206666
8/13/2024 17:30,133.1592235
8/13/2024 17:45,133.5899451
8/13/2024 18:00,128.9845378
8/13/2024 18:15,127.3279164
8/13/2024 18:30,123.1532306
8/13/2024 18:45,128.5869486
8/13/2024 19:00,123.1532306
8/13/2024 19:15,127.758638
8/13/2024 19:30,124.4122628
8/13/2024 19:45,122.7225091
8/13/2024 20:00,126.4996057
8/13/2024 20:15,124.809852
8/13/2024 20:30,132.7616344
8/13/2024 20:45,130.6742915
8/13/2024 21:00,132.7616344
8/13/2024 21:15,128.1562271
8/13/2024 21:30,128.9845378
8/13/2024 21:45,121.4966093
8/13/2024 22:00,122.7225091
8/13/2024 22:15,128.9845378
8/13/2024 22:30,118.5478233
8/13/2024 22:45,113.9755484
8/13/2024 23:00,115.2345806
8/13/2024 23:15,116.8912019
8/13/2024 23:30,117.7195126
8/13/2024 23:45,105.6261768
8/14/2024 0:00,50.09622941
8/14/2024 0:15,50.09622941
8/14/2024 0:30,53.01188297
8/14/2024 0:45,50.09622941
8/14/2024 1:00,50.92454008
8/14/2024 1:15,50.52695096
8/14/2024 1:30,56.35825808
8/14/2024 1:45,50.09622941
8/14/2024 2:00,53.44260452
8/14/2024 2:15,52.61429385
8/14/2024 2:30,53.44260452
8/14/2024 2:45,50.09622941
8/14/2024 3:00,55.09922586
8/14/2024 3:15,59.27391165
8/14/2024 3:30,50.92454008
8/14/2024 3:45,53.84019364
8/14/2024 4:00,50.92454008
8/14/2024 4:15,53.84019364
8/14/2024 4:30,49.26791874
8/14/2024 4:45,171.9904278
8/14/2024 5:00,318.5351518
8/14/2024 5:15,279.7039475
8/14/2024 5:30,211.6499428
8/14/2024 5:45,203.3005712
8/14/2024 6:00,246.7371828
8/14/2024 6:15,1573.856541
8/14/2024 6:30,1722.886197
8/14/2024 6:45,1735.840975
8/14/2024 7:00,1822.250345
8/14/2024 7:15,1979.629372
8/14/2024 7:30,2092.77661
8/14/2024 7:45,2073.559802
8/14/2024 8:00,2101.125982
8/14/2024 8:15,2110.734385
8/14/2024 8:30,2106.128978
8/14/2024 8:45,2084.427238
8/14/2024 9:00,2123.258443
8/14/2024 9:15,2106.5597
8/14/2024 9:30,2091.517578
8/14/2024 9:45,2111.562696
8/14/2024 10:00,2099.436228
8/14/2024 10:15,2099.436228
8/14/2024 10:30,2102.385014
8/14/2024 10:45,2090.689267
8/14/2024 11:00,2103.213324
8/14/2024 11:15,2088.999513
8/14/2024 11:30,2097.348885
8/14/2024 11:45,2085.255549
8/14/2024 12:00,2088.171203
8/14/2024 12:15,2024.722605
8/14/2024 12:30,2048.942409
8/14/2024 12:45,2087.773613
8/14/2024 13:00,2051.029752
8/14/2024 13:15,2080.252553
8/14/2024 13:30,2184.619697
8/14/2024 13:45,2171.664918
8/14/2024 14:00,2093.604921
8/14/2024 14:15,1073.324968
8/14/2024 14:30,712.6122368
8/14/2024 14:45,580.7120455
8/14/2024 15:00,418.7276106
8/14/2024 15:15,271.7852975
8/14/2024 15:30,199.1258854
8/14/2024 15:45,154.463374
8/14/2024 16:00,143.1983489
8/14/2024 16:15,144.4573811
8/14/2024 16:30,124.809852
8/14/2024 16:45,133.1592235
8/14/2024 17:00,134.4182558
8/14/2024 17:15,130.6742915
8/14/2024 17:30,126.4996057
8/14/2024 17:45,128.1562271
8/14/2024 18:00,130.24357
8/14/2024 18:15,118.9785448
8/14/2024 18:30,128.5869486
8/14/2024 18:45,126.0688842
8/14/2024 19:00,134.4182558
8/14/2024 19:15,123.1532306
8/14/2024 19:30,118.9785448
8/14/2024 19:45,123.5839522
8/14/2024 20:00,116.0628913
8/14/2024 20:15,118.9785448
8/14/2024 20:30,116.4604804
8/14/2024 20:45,113.9755484
8/14/2024 21:00,117.7195126
8/14/2024 21:15,118.5478233
8/14/2024 21:30,116.8912019
8/14/2024 21:45,120.6351662
8/14/2024 22:00,118.9785448
8/14/2024 22:15,120.2375771
8/14/2024 22:30,112.7165162
8/14/2024 22:45,112.7165162
8/14/2024 23:00,114.8038591
8/14/2024 23:15,109.8008626
8/14/2024 23:30,112.2857946
8/14/2024 23:45,92.27380879
8/15/2024 0:00,46.35226517
8/15/2024 0:15,46.35226517
8/15/2024 0:30,46.35226517
8/15/2024 0:45,46.74985429
8/15/2024 1:00,45.09323295
8/15/2024 1:15,47.18057584
8/15/2024 1:30,53.01188297
8/15/2024 1:45,44.6625114
8/15/2024 2:00,46.35226517
8/15/2024 2:15,50.09622941
8/15/2024 2:30,44.6625114
8/15/2024 2:45,45.92154362
8/15/2024 3:00,47.18057584
8/15/2024 3:15,44.6625114
8/15/2024 3:30,45.49082207
8/15/2024 3:45,45.09323295
8/15/2024 4:00,50.09622941
8/15/2024 4:15,45.49082207
8/15/2024 4:30,43.83420073
8/15/2024 4:45,168.2464636
8/15/2024 5:00,1111.725451
8/15/2024 5:15,1766.720397
8/15/2024 5:30,1779.675176
8/15/2024 5:45,1730.837979
8/15/2024 6:00,1729.148225
8/15/2024 6:15,1745.846968
8/15/2024 6:30,1791.768512
8/15/2024 6:45,2090.689267
8/15/2024 7:00,2110.734385
8/15/2024 7:15,2109.475353
8/15/2024 7:30,2112.821728
8/15/2024 7:45,2104.472357
8/15/2024 8:00,2111.131974
8/15/2024 8:15,2109.475353
8/15/2024 8:30,2109.044632
8/15/2024 8:45,2111.960285
8/15/2024 9:00,2111.131974
8/15/2024 9:15,2131.177093
8/15/2024 9:30,2102.385014
8/15/2024 9:45,2116.996414
8/15/2024 10:00,2077.734488
8/15/2024 10:15,2172.923951
8/15/2024 10:30,2097.779606
8/15/2024 10:45,2134.523468
8/15/2024 11:00,2042.249659
8/15/2024 11:15,2163.315547
8/15/2024 11:30,2210.926844
8/15/2024 11:45,2206.321437
8/15/2024 12:00,2168.749265
8/15/2024 12:15,2079.821831
8/15/2024 12:30,2061.035745
8/15/2024 12:45,2136.610811
8/15/2024 13:00,2111.562696
8/15/2024 13:15,2213.411776
8/15/2024 13:30,2149.134868
8/15/2024 13:45,2142.044529
8/15/2024 14:00,2100.69526
8/15/2024 14:15,837.8528103
8/15/2024 14:30,700.0881795
8/15/2024 14:45,518.4893479
8/15/2024 15:00,423.2998855
8/15/2024 15:15,293.4870371
8/15/2024 15:30,248.3938041
8/15/2024 15:45,201.2132283
8/15/2024 16:00,121.8941984
8/15/2024 16:15,117.7195126
8/15/2024 16:30,120.2375771
8/15/2024 16:45,118.9785448
8/15/2024 17:00,129.8459808
8/15/2024 17:15,119.4092664
8/15/2024 17:30,119.4092664
8/15/2024 17:45,121.4966093
8/15/2024 18:00,118.9785448
8/15/2024 18:15,126.8971949
8/15/2024 18:30,122.7225091
8/15/2024 18:45,126.0688842
8/15/2024 19:00,125.2405735
8/15/2024 19:15,125.2405735
8/15/2024 19:30,137.7646309
8/15/2024 19:45,126.0688842
8/15/2024 20:00,122.7225091
8/15/2024 20:15,121.8941984
8/15/2024 20:30,126.4996057
8/15/2024 20:45,124.4122628
8/15/2024 21:00,122.7225091
8/15/2024 21:15,123.1532306
8/15/2024 21:30,123.9815413
8/15/2024 21:45,124.4122628
8/15/2024 22:00,120.6351662
8/15/2024 22:15,120.2375771
8/15/2024 22:30,126.4996057
8/15/2024 22:45,123.9815413
8/15/2024 23:00,121.4966093
8/15/2024 23:15,117.7195126
8/15/2024 23:30,115.6321697
8/15/2024 23:45,112.2857946
8/16/2024 0:00,56.35825808
8/16/2024 0:15,54.27091519
8/16/2024 0:30,54.27091519
8/16/2024 0:45,57.6172903
8/16/2024 1:00,53.44260452
8/16/2024 1:15,54.70163674
8/16/2024 1:30,52.61429385
8/16/2024 1:45,50.92454008
8/16/2024 2:00,53.44260452
8/16/2024 2:15,52.61429385
8/16/2024 2:30,49.66550786
8/16/2024 2:45,49.26791874
8/16/2024 3:00,50.92454008
8/16/2024 3:15,48.83719719
8/16/2024 3:30,46.35226517
8/16/2024 3:45,48.00888651
8/16/2024 4:00,46.74985429
8/16/2024 4:15,46.74985429
8/16/2024 4:30,46.35226517
8/16/2024 4:45,133.5899451
8/16/2024 5:00,542.2784304
8/16/2024 5:15,1706.187453
8/16/2024 5:30,1736.669286
8/16/2024 5:45,1741.274693
8/16/2024 6:00,1729.578947
8/16/2024 6:15,1736.238565
8/16/2024 6:30,1871.518263
8/16/2024 6:45,2119.912068
8/16/2024 7:00,2139.526464
8/16/2024 7:15,2135.351778
8/16/2024 7:30,2131.177093
8/16/2024 7:45,2139.526464
8/16/2024 8:00,2131.177093
8/16/2024 8:15,2142.442118
8/16/2024 8:30,2165.833611
8/16/2024 8:45,2116.134971
8/16/2024 9:00,2118.222314
8/16/2024 9:15,2128.261439
8/16/2024 9:30,2106.128978
8/16/2024 9:45,2040.593038
8/16/2024 10:00,2113.650039
8/16/2024 10:15,2123.258443
8/16/2024 10:30,2146.616804
8/16/2024 10:45,2136.610811
8/16/2024 11:00,2129.91806
8/16/2024 11:15,2137.869843
8/16/2024 11:30,2133.695157
8/16/2024 11:45,2151.222211
8/16/2024 12:00,2133.695157
8/16/2024 12:15,2121.99941
8/16/2024 12:30,2153.707143
8/16/2024 12:45,2083.168206
8/16/2024 13:00,2197.541344
8/16/2024 13:15,2065.641152
8/16/2024 13:30,2073.162213
8/16/2024 13:45,2217.188873
8/16/2024 14:00,2099.866949
8/16/2024 14:15,971.4427554
8/16/2024 14:30,648.7329178
8/16/2024 14:45,517.6610372
8/16/2024 15:00,569.0162988
8/16/2024 15:15,279.7039475
8/16/2024 15:30,266.7491686
8/16/2024 15:45,211.6499428
8/16/2024 16:00,169.9030849
8/16/2024 16:15,172.8187385
8/16/2024 16:30,161.1561242
8/16/2024 16:45,166.9874314
8/16/2024 17:00,159.0687813
8/16/2024 17:15,161.5537134
8/16/2024 17:30,157.8097491
8/16/2024 17:45,158.2073382
8/16/2024 18:00,151.9453096
8/16/2024 18:15,151.1169989
8/16/2024 18:30,155.7224062
8/16/2024 18:45,158.2073382
8/16/2024 19:00,150.2886882
8/16/2024 19:15,148.6320669
8/16/2024 19:30,146.1140024
8/16/2024 19:45,157.8097491
8/16/2024 20:00,149.4603775
8/16/2024 20:15,136.5055986
8/16/2024 20:30,147.3730347
8/16/2024 20:45,141.9393167
8/16/2024 21:00,139.0236631
8/16/2024 21:15,153.2043418
8/16/2024 21:30,144.4573811
8/16/2024 21:45,147.3730347
8/16/2024 22:00,136.5055986
8/16/2024 22:15,136.5055986
8/16/2024 22:30,128.5869486
8/16/2024 22:45,125.2405735
8/16/2024 23:00,128.5869486
8/16/2024 23:15,123.5839522
8/16/2024 23:30,126.8971949
8/16/2024 23:45,117.7195126
8/17/2024 0:00,53.01188297
8/17/2024 0:15,55.52994741
8/17/2024 0:30,54.70163674
8/17/2024 0:45,57.6172903
8/17/2024 1:00,51.75285075
8/17/2024 1:15,55.09922586
8/17/2024 1:30,53.01188297
8/17/2024 1:45,53.01188297
8/17/2024 2:00,53.01188297
8/17/2024 2:15,50.09622941
8/17/2024 2:30,50.09622941
8/17/2024 2:45,50.52695096
8/17/2024 3:00,50.09622941
8/17/2024 3:15,48.00888651
8/17/2024 3:30,48.43960806
8/17/2024 3:45,50.52695096
8/17/2024 4:00,47.18057584
8/17/2024 4:15,47.57816497
8/17/2024 4:30,48.83719719
8/17/2024 4:45,75.97265478
8/17/2024 5:00,533.1007481
8/17/2024 5:15,1649.829195
8/17/2024 5:30,1668.217692
8/17/2024 5:45,1657.350256
8/17/2024 6:00,1720.401265
8/17/2024 6:15,2012.198548
8/17/2024 6:30,1971.710722
8/17/2024 6:45,2000.105212
8/17/2024 7:00,2154.966175
8/17/2024 7:15,2138.267432
8/17/2024 7:30,2030.553912
8/17/2024 7:45,2066.038741
8/17/2024 8:00,1991.75584
8/17/2024 8:15,2068.126084
8/17/2024 8:30,1843.952084
8/17/2024 8:45,1729.976536
8/17/2024 9:00,1788.422137
8/17/2024 9:15,1898.653721
8/17/2024 9:30,1808.467255
8/17/2024 9:45,1724.57595
8/17/2024 10:00,1753.798751
8/17/2024 10:15,1902.000096
8/17/2024 10:30,1775.069769
8/17/2024 10:45,1665.699628
8/17/2024 11:00,727.6543586
8/17/2024 11:15,568.5855773
8/17/2024 11:30,673.3834434
8/17/2024 11:45,615.3354316
8/17/2024 12:00,517.2303157
8/17/2024 12:15,510.968287
8/17/2024 12:30,606.1577493
8/17/2024 12:45,553.974177
8/17/2024 13:00,633.2932069
8/17/2024 13:15,671.2961005
8/17/2024 13:30,545.6248055
8/17/2024 13:45,569.0162988
8/17/2024 14:00,622.8564925
8/17/2024 14:15,461.7335007
8/17/2024 14:30,422.0739857
8/17/2024 14:45,278.8756368
8/17/2024 15:00,275.5292617
8/17/2024 15:15,285.1376655
8/17/2024 15:30,267.6106117
8/17/2024 15:45,228.7794074
8/17/2024 16:00,194.5536105
8/17/2024 16:15,188.2915818
8/17/2024 16:30,168.6440527
8/17/2024 16:45,176.5958351
8/17/2024 17:00,178.2524565
8/17/2024 17:15,172.8187385
8/17/2024 17:30,164.4693669
8/17/2024 17:45,163.6410562
8/17/2024 18:00,170.7313956
8/17/2024 18:15,159.4663705
8/17/2024 18:30,159.4663705
8/17/2024 18:45,159.4663705
8/17/2024 19:00,167.815742
8/17/2024 19:15,152.8067527
8/17/2024 19:30,154.0326525
8/17/2024 19:45,146.544724
8/17/2024 20:00,151.5477204
8/17/2024 20:15,141.9393167
8/17/2024 20:30,143.1983489
8/17/2024 20:45,146.9423131
8/17/2024 21:00,141.111006
8/17/2024 21:15,138.5929415
8/17/2024 21:30,150.2886882
8/17/2024 21:45,131.0718806
8/17/2024 22:00,138.1953524
8/17/2024 22:15,131.5026022
8/17/2024 22:30,136.1080095
8/17/2024 22:45,133.1592235
8/17/2024 23:00,130.6742915
8/17/2024 23:15,137.3339093
8/17/2024 23:30,129.8459808
8/17/2024 23:45,106.885209
8/18/2024 0:00,62.18956521
8/18/2024 0:15,63.05100831
8/18/2024 0:30,64.2769081
8/18/2024 0:45,62.62028676
8/18/2024 1:00,62.18956521
8/18/2024 1:15,65.1383512
8/18/2024 1:30,62.62028676
8/18/2024 1:45,61.79197609
8/18/2024 2:00,63.44859743
8/18/2024 2:15,63.44859743
8/18/2024 2:30,61.79197609
8/18/2024 2:45,61.79197609
8/18/2024 3:00,63.87931898
8/18/2024 3:15,62.18956521
8/18/2024 3:30,60.53294387
8/18/2024 3:45,63.44859743
8/18/2024 4:00,56.78897963
8/18/2024 4:15,63.44859743
8/18/2024 4:30,59.27391165
8/18/2024 4:45,61.79197609
8/18/2024 5:00,50.92454008
8/18/2024 5:15,55.92753653
8/18/2024 5:30,53.84019364
8/18/2024 5:45,55.92753653
8/18/2024 6:00,50.52695096
8/18/2024 6:15,48.43960806
8/18/2024 6:30,51.75285075
8/18/2024 6:45,48.83719719
8/18/2024 7:00,50.09622941
8/18/2024 7:15,51.35526163
8/18/2024 7:30,54.70163674
8/18/2024 7:45,50.09622941
8/18/2024 8:00,50.92454008
8/18/2024 8:15,52.1835723
8/18/2024 8:30,50.09622941
8/18/2024 8:45,48.43960806
8/18/2024 9:00,57.18656875
8/18/2024 9:15,53.44260452
8/18/2024 9:30,63.05100831
8/18/2024 9:45,58.44560097
8/18/2024 10:00,70.96965833
8/18/2024 10:15,60.53294387
8/18/2024 10:30,73.48772277
8/18/2024 10:45,78.49071922
8/18/2024 11:00,71.797969
8/18/2024 11:15,74.31603344
8/18/2024 11:30,81.40637279
8/18/2024 11:45,78.49071922
8/18/2024 12:00,73.88531189
8/18/2024 12:15,86.84009079
8/18/2024 12:30,78.49071922
8/18/2024 12:45,80.97565124
8/18/2024 13:00,83.06299413
8/18/2024 13:15,86.01178012
8/18/2024 13:30,81.83709433
8/18/2024 13:45,85.15033702
8/18/2024 14:00,87.23767991
8/18/2024 14:15,89.3250228
8/18/2024 14:30,80.97565124
8/18/2024 14:45,88.09912301
8/18/2024 15:00,86.40936924
8/18/2024 15:15,90.58405502
8/18/2024 15:30,89.3250228
8/18/2024 15:45,88.09912301
8/18/2024 16:00,97.67439437
8/18/2024 16:15,86.01178012
8/18/2024 16:30,86.40936924
8/18/2024 16:45,86.40936924
8/18/2024 17:00,88.09912301
8/18/2024 17:15,85.15033702
8/18/2024 17:30,88.49671213
8/18/2024 17:45,86.01178012
8/18/2024 18:00,84.7527479
8/18/2024 18:15,73.05700122
8/18/2024 18:30,78.49071922
8/18/2024 18:45,83.06299413
8/18/2024 19:00,69.71062611
8/18/2024 19:15,74.31603344
8/18/2024 19:30,79.74975144
8/18/2024 19:45,70.14134765
8/18/2024 20:00,69.71062611
8/18/2024 20:15,75.14434411
8/18/2024 20:30,69.71062611
8/18/2024 20:45,70.53893678
8/18/2024 21:00,73.48772277
8/18/2024 21:15,68.45159388
8/18/2024 21:30,75.14434411
8/18/2024 21:45,67.62328321
8/18/2024 22:00,65.96666187
8/18/2024 22:15,66.36425099
8/18/2024 22:30,70.14134765
8/18/2024 22:45,63.05100831
8/18/2024 23:00,64.2769081
8/18/2024 23:15,63.05100831
8/18/2024 23:30,63.44859743
8/18/2024 23:45,63.05100831
8/19/2024 0:00,63.87931898
8/19/2024 0:15,62.62028676
8/19/2024 0:30,62.62028676
8/19/2024 0:45,64.70762965
8/19/2024 1:00,61.36125454
8/19/2024 1:15,61.36125454
8/19/2024 1:30,62.62028676
8/19/2024 1:45,64.2769081
8/19/2024 2:00,57.18656875
8/19/2024 2:15,61.79197609
8/19/2024 2:30,57.6172903
8/19/2024 2:45,61.36125454
8/19/2024 3:00,53.44260452
8/19/2024 3:15,56.78897963
8/19/2024 3:30,56.35825808
8/19/2024 3:45,53.84019364
8/19/2024 4:00,52.61429385
8/19/2024 4:15,55.52994741
8/19/2024 4:30,52.61429385
8/19/2024 4:45,62.18956521
8/19/2024 5:00,50.92454008
8/19/2024 5:15,53.44260452
8/19/2024 5:30,51.35526163
8/19/2024 5:45,51.75285075
8/19/2024 6:00,46.35226517
8/19/2024 6:15,46.74985429
8/19/2024 6:30,44.6625114
8/19/2024 6:45,43.40347918
8/19/2024 7:00,43.83420073
8/19/2024 7:15,45.92154362
8/19/2024 7:30,45.49082207
8/19/2024 7:45,45.49082207
8/19/2024 8:00,43.83420073
8/19/2024 8:15,51.75285075
8/19/2024 8:30,43.83420073
8/19/2024 8:45,44.6625114
8/19/2024 9:00,45.49082207
8/19/2024 9:15,45.49082207
8/19/2024 9:30,43.40347918
8/19/2024 9:45,44.26492228
8/19/2024 10:00,45.09323295
8/19/2024 10:15,44.26492228
8/19/2024 10:30,43.83420073
8/19/2024 10:45,46.35226517
8/19/2024 11:00,45.92154362
8/19/2024 11:15,45.49082207
8/19/2024 11:30,45.92154362
8/19/2024 11:45,55.52994741
8/19/2024 12:00,58.44560097
8/19/2024 12:15,51.35526163
8/19/2024 12:30,60.10222232
8/19/2024 12:45,70.53893678
8/19/2024 13:00,56.78897963
8/19/2024 13:15,68.05400476
8/19/2024 13:30,67.62328321
8/19/2024 13:45,63.05100831
8/19/2024 14:00,70.96965833
8/19/2024 14:15,63.87931898
8/19/2024 14:30,69.71062611
8/19/2024 14:45,70.53893678
8/19/2024 15:00,66.36425099
8/19/2024 15:15,72.62627967
8/19/2024 15:30,65.53594032
8/19/2024 15:45,70.14134765
8/19/2024 16:00,62.62028676
8/19/2024 16:15,64.2769081
8/19/2024 16:30,64.70762965
8/19/2024 16:45,62.62028676
8/19/2024 17:00,67.62328321
8/19/2024 17:15,57.6172903
8/19/2024 17:30,61.36125454
8/19/2024 17:45,55.52994741
8/19/2024 18:00,55.92753653
8/19/2024 18:15,58.01487943
8/19/2024 18:30,58.01487943
8/19/2024 18:45,53.84019364
8/19/2024 19:00,55.52994741
8/19/2024 19:15,58.44560097
8/19/2024 19:30,55.92753653
8/19/2024 19:45,56.78897963
8/19/2024 20:00,57.6172903
8/19/2024 20:15,57.18656875
8/19/2024 20:30,55.09922586
8/19/2024 20:45,54.70163674
8/19/2024 21:00,56.35825808
8/19/2024 21:15,51.35526163
8/19/2024 21:30,58.01487943
8/19/2024 21:45,52.61429385
8/19/2024 22:00,52.1835723
8/19/2024 22:15,51.75285075
8/19/2024 22:30,56.35825808
8/19/2024 22:45,50.92454008
8/19/2024 23:00,52.1835723
8/19/2024 23:15,50.92454008
8/19/2024 23:30,55.09922586
8/19/2024 23:45,51.75285075
8/20/2024 0:00,51.35526163
8/20/2024 0:15,53.44260452
8/20/2024 0:30,50.09622941
8/20/2024 0:45,51.75285075
8/20/2024 1:00,51.35526163
8/20/2024 1:15,54.27091519
8/20/2024 1:30,51.35526163
8/20/2024 1:45,49.66550786
8/20/2024 2:00,49.26791874
8/20/2024 2:15,49.26791874
8/20/2024 2:30,48.83719719
8/20/2024 2:45,48.43960806
8/20/2024 3:00,47.18057584
8/20/2024 3:15,47.57816497
8/20/2024 3:30,45.09323295
8/20/2024 3:45,45.49082207
8/20/2024 4:00,47.57816497
8/20/2024 4:15,46.74985429
8/20/2024 4:30,45.49082207
8/20/2024 4:45,184.5144852
8/20/2024 5:00,344.4115772
8/20/2024 5:15,1579.687848
8/20/2024 5:30,1205.655881
8/20/2024 5:45,328.9718663
8/20/2024 6:00,356.1073238
8/20/2024 6:15,346.0681985
8/20/2024 6:30,357.7639452
8/20/2024 6:45,346.0681985
8/20/2024 7:00,356.1073238
8/20/2024 7:15,326.0562127
8/20/2024 7:30,1397.691427
8/20/2024 7:45,1704.10011
8/20/2024 8:00,1732.4946
8/20/2024 8:15,2131.607814
8/20/2024 8:30,2227.194866
8/20/2024 8:45,2240.547234
8/20/2024 9:00,2231.800273
8/20/2024 9:15,2198.402787
8/20/2024 9:30,2214.670808
8/20/2024 9:45,2146.616804
8/20/2024 10:00,2284.381434
8/20/2024 10:15,2339.083071
8/20/2024 10:30,2403.790701
8/20/2024 10:45,2522.769246
8/20/2024 11:00,2324.86926
8/20/2024 11:15,2218.414773
8/20/2024 11:30,2334.477664
8/20/2024 11:45,2373.308868
8/20/2024 12:00,2270.598345
8/20/2024 12:15,2395.838918
8/20/2024 12:30,2455.974273
8/20/2024 12:45,2614.181611
8/20/2024 13:00,2539.467989
8/20/2024 13:15,2429.667126
8/20/2024 13:30,2440.534562
8/20/2024 13:45,1884.042321
8/20/2024 14:00,1106.722454
8/20/2024 14:15,1177.261391
8/20/2024 14:30,1132.59888
8/20/2024 14:45,900.075508
8/20/2024 15:00,652.079293
8/20/2024 15:15,418.7276106
8/20/2024 15:30,316.845398
8/20/2024 15:45,294.7460693
8/20/2024 16:00,222.0866572
8/20/2024 16:15,216.6529392
8/20/2024 16:30,225.0023108
8/20/2024 16:45,225.8637539
8/20/2024 17:00,225.0023108
8/20/2024 17:15,218.7402821
8/20/2024 17:30,217.9119714
8/20/2024 17:45,213.7372856
8/20/2024 18:00,212.0806643
8/20/2024 18:15,213.3396965
8/20/2024 18:30,209.5625999
8/20/2024 18:45,210.3909105
8/20/2024 19:00,200.3849176
8/20/2024 19:15,198.7282963
8/20/2024 19:30,207.475257
8/20/2024 19:45,208.3035676
8/20/2024 20:00,190.7765138
8/20/2024 20:15,207.9059785
8/20/2024 20:30,187.8608603
8/20/2024 20:45,205.3879141
8/20/2024 21:00,187.0325496
8/20/2024 21:15,206.6469463
8/20/2024 21:30,185.7735174
8/20/2024 21:45,222.9149679
8/20/2024 22:00,202.4722605
8/20/2024 22:15,205.3879141
8/20/2024 22:30,172.8187385
8/20/2024 22:45,186.2042389
8/20/2024 23:00,170.7313956
8/20/2024 23:15,181.5988316
8/20/2024 23:30,143.595938
8/20/2024 23:45,167.4181529
8/21/2024 0:00,93.49970859
8/21/2024 0:15,101.8490802
8/21/2024 0:30,102.7105233
8/21/2024 0:45,95.18946236
8/21/2024 1:00,92.67139792
8/21/2024 1:15,95.18946236
8/21/2024 1:30,93.10211947
8/21/2024 1:45,84.7527479
8/21/2024 2:00,91.4123657
8/21/2024 2:15,87.66840146
8/21/2024 2:30,87.66840146
8/21/2024 2:45,91.4123657
8/21/2024 3:00,85.15033702
8/21/2024 3:15,81.40637279
8/21/2024 3:30,79.31902989
8/21/2024 3:45,77.66240855
8/21/2024 4:00,83.49371568
8/21/2024 4:15,78.88830834
8/21/2024 4:30,83.49371568
8/21/2024 4:45,139.4212522
8/21/2024 5:00,299.3183442
8/21/2024 5:15,452.522686
8/21/2024 5:30,472.1702151
8/21/2024 5:45,545.2272163
8/21/2024 6:00,898.3857542
8/21/2024 6:15,912.9971544
8/21/2024 6:30,812.8046956
8/21/2024 6:45,1095.855018
8/21/2024 7:00,2359.128189
8/21/2024 7:15,2498.11872
8/21/2024 7:30,2518.59456
8/21/2024 7:45,2602.916586
8/21/2024 8:00,2549.076393
8/21/2024 8:15,2512.73012
8/21/2024 8:30,2591.22084
8/21/2024 8:45,2586.648565
8/21/2024 9:00,2658.844123
8/21/2024 9:15,2529.859585
8/21/2024 9:30,2501.895817
8/21/2024 9:45,2549.904703
8/21/2024 10:00,2628.793012
8/21/2024 10:15,2630.880355
8/21/2024 10:30,2564.516104
8/21/2024 10:45,2542.383642
8/21/2024 11:00,2523.166835
8/21/2024 11:15,2552.389635
8/21/2024 11:30,2559.082386
8/21/2024 11:45,2458.459205
8/21/2024 12:00,2521.079492
8/21/2024 12:15,2396.700361
8/21/2024 12:30,2334.080075
8/21/2024 12:45,2260.16163
8/21/2024 13:00,2432.58278
8/21/2024 13:15,2491.028381
8/21/2024 13:30,1616.03412
8/21/2024 13:45,1166.824677
8/21/2024 14:00,1088.333957
8/21/2024 14:15,983.1385021
8/21/2024 14:30,964.7831376
8/21/2024 14:45,670.0370683
8/21/2024 15:00,577.7632595
8/21/2024 15:15,601.9830635
8/21/2024 15:30,324.3664589
8/21/2024 15:45,301.8364087
8/21/2024 16:00,222.5173788
8/21/2024 16:15,233.7824039
8/21/2024 16:30,219.9993143
8/21/2024 16:45,232.9540932
8/21/2024 17:00,222.0866572
8/21/2024 17:15,241.7010539
8/21/2024 17:30,217.9119714
8/21/2024 17:45,225.8637539
8/21/2024 18:00,207.0776679
8/21/2024 18:15,216.6529392
8/21/2024 18:30,220.4300359
8/21/2024 18:45,211.2523536
8/21/2024 19:00,225.0023108
8/21/2024 19:15,208.7342892
8/21/2024 19:30,223.3456894
8/21/2024 19:45,214.1680072
8/21/2024 20:00,215.4270394
8/21/2024 20:15,213.7372856
8/21/2024 20:30,199.9541961
8/21/2024 20:45,210.3909105
8/21/2024 21:00,212.0806643
8/21/2024 21:15,213.3396965
8/21/2024 21:30,203.7312927
8/21/2024 21:45,196.6409534
8/21/2024 22:00,202.041539
8/21/2024 22:15,181.16811
8/21/2024 22:30,192.4662676
8/21/2024 22:45,182.8578638
8/21/2024 23:00,87.23767991
8/21/2024 23:15,110.1984517
8/21/2024 23:30,88.92743368
8/21/2024 23:45,106.0237659
8/22/2024 0:00,90.1864659
8/22/2024 0:15,89.3250228
8/22/2024 0:30,97.67439437
8/22/2024 0:45,82.23468346
8/22/2024 1:00,93.49970859
8/22/2024 1:15,84.7527479
8/22/2024 1:30,81.83709433
8/22/2024 1:45,93.93043014
8/22/2024 2:00,81.40637279
8/22/2024 2:15,84.7527479
8/22/2024 2:30,95.58705148
8/22/2024 2:45,71.40037987
8/22/2024 3:00,93.10211947
8/22/2024 3:15,78.49071922
8/22/2024 3:30,77.231687
8/22/2024 3:45,93.10211947
8/22/2024 4:00,72.22869055
8/22/2024 4:15,85.15033702
8/22/2024 4:30,75.14434411
8/22/2024 4:45,133.1592235
8/22/2024 5:00,255.914865
8/22/2024 5:15,261.348583
8/22/2024 5:30,546.8838377
8/22/2024 5:45,871.2502966
8/22/2024 6:00,772.7475916
8/22/2024 6:15,758.5337804
8/22/2024 6:30,1048.276853
8/22/2024 6:45,2314.034956
8/22/2024 7:00,2379.140175
8/22/2024 7:15,2389.57689
8/22/2024 7:30,2374.137179
8/22/2024 7:45,2441.760462
8/22/2024 8:00,2428.408094
8/22/2024 8:15,2427.149062
8/22/2024 8:30,2516.904806
8/22/2024 8:45,2574.522096
8/22/2024 9:00,2579.955814
8/22/2024 9:15,2572.434754
8/22/2024 9:30,2533.20596
8/22/2024 9:45,2460.148959
8/22/2024 10:00,2336.565007
8/22/2024 10:15,2480.591666
8/22/2024 10:30,2527.772242
8/22/2024 10:45,2523.597556
8/22/2024 11:00,2333.218632
8/22/2024 11:15,2525.684899
8/22/2024 11:30,2632.570108
8/22/2024 11:45,2640.91948
8/22/2024 12:00,2636.314073
8/22/2024 12:15,2611.696679
8/22/2024 12:30,2629.621322
8/22/2024 12:45,2633.796008
8/22/2024 13:00,2627.533979
8/22/2024 13:15,2622.133394
8/22/2024 13:30,2618.787019
8/22/2024 13:45,2592.479872
8/22/2024 14:00,2590.82325
8/22/2024 14:15,1380.164373
8/22/2024 14:30,1148.866901
8/22/2024 14:45,909.2531902
8/22/2024 15:00,622.4589033
8/22/2024 15:15,605.7601602
8/22/2024 15:30,413.7246142
8/22/2024 15:45,179.5114887
8/22/2024 16:00,174.5084923
8/22/2024 16:15,174.0777707
8/22/2024 16:30,175.3368029
8/22/2024 16:45,180.7705209
8/22/2024 17:00,170.3338065
8/22/2024 17:15,176.1651136
8/22/2024 17:30,172.4211494
8/22/2024 17:45,169.9030849
8/22/2024 18:00,152.8067527
8/22/2024 18:15,172.8187385
8/22/2024 18:30,162.382024
8/22/2024 18:45,171.5928387
8/22/2024 19:00,159.4663705
8/22/2024 19:15,156.1199953
8/22/2024 19:30,160.7254027
8/22/2024 19:45,156.9814384
8/22/2024 20:00,156.9814384
8/22/2024 20:15,155.7224062
8/22/2024 20:30,157.3790276
8/22/2024 20:45,152.3760311
8/22/2024 21:00,137.3339093
8/22/2024 21:15,153.6350633
8/22/2024 21:30,141.111006
8/22/2024 21:45,150.7194098
8/22/2024 22:00,124.809852
8/22/2024 22:15,136.5055986
8/22/2024 22:30,119.4092664
8/22/2024 22:45,141.9393167
8/22/2024 23:00,120.2375771
8/22/2024 23:15,137.7646309
8/22/2024 23:30,118.1502342
8/22/2024 23:45,128.5869486
8/23/2024 0:00,55.92753653
8/23/2024 0:15,67.22569409
8/23/2024 0:30,57.18656875
8/23/2024 0:45,53.01188297
8/23/2024 1:00,51.75285075
8/23/2024 1:15,50.52695096
8/23/2024 1:30,58.87632252
8/23/2024 1:45,50.92454008
8/23/2024 2:00,49.26791874
8/23/2024 2:15,49.66550786
8/23/2024 2:30,50.92454008
8/23/2024 2:45,61.36125454
8/23/2024 3:00,48.83719719
8/23/2024 3:15,55.52994741
8/23/2024 3:30,52.1835723
8/23/2024 3:45,48.83719719
8/23/2024 4:00,50.92454008
8/23/2024 4:15,62.18956521
8/23/2024 4:30,176.5958351
8/23/2024 4:45,448.3480002
8/23/2024 5:00,865.8165786
8/23/2024 5:15,2034.728598
8/23/2024 5:30,2086.91217
8/23/2024 5:45,2093.174199
8/23/2024 6:00,2070.213427
8/23/2024 6:15,2212.583465
8/23/2024 6:30,2460.546548
8/23/2024 6:45,2468.89592
8/23/2024 7:00,2359.9565
8/23/2024 7:15,2398.356983
8/23/2024 7:30,2384.176304
8/23/2024 7:45,2401.272636
8/23/2024 8:00,2390.007611
8/23/2024 8:15,2493.115724
8/23/2024 8:30,2395.838918
8/23/2024 8:45,2500.636785
8/23/2024 9:00,2548.21495
8/23/2024 9:15,2563.687793
8/23/2024 9:30,2509.416878
8/23/2024 9:45,2530.687896
8/23/2024 10:00,2460.97727
8/23/2024 10:15,2454.284519
8/23/2024 10:30,2454.715241
8/23/2024 10:45,2463.064612
8/23/2024 11:00,2454.284519
8/23/2024 11:15,2476.847702
8/23/2024 11:30,2470.983263
8/23/2024 11:45,2488.941038
8/23/2024 12:00,2473.501327
8/23/2024 12:15,2454.284519
8/23/2024 12:30,2370.393215
8/23/2024 12:45,2299.821145
8/23/2024 13:00,2387.920268
8/23/2024 13:15,2365.787807
8/23/2024 13:30,2444.709248
8/23/2024 13:45,2455.543552
8/23/2024 14:00,1297.498968
8/23/2024 14:15,1001.924588
8/23/2024 14:30,718.8742655
8/23/2024 14:45,249.2221148
8/23/2024 15:00,209.1650107
8/23/2024 15:15,209.1650107
8/23/2024 15:30,204.5596034
8/23/2024 15:45,204.990325
8/23/2024 16:00,191.6048245
8/23/2024 16:15,193.2945783
8/23/2024 16:30,190.7765138
8/23/2024 16:45,191.6048245
8/23/2024 17:00,188.6891709
8/23/2024 17:15,195.3819212
8/23/2024 17:30,196.2102318
8/23/2024 17:45,187.4301387
8/23/2024 18:00,191.6048245
8/23/2024 18:15,185.3427958
8/23/2024 18:30,187.4301387
8/23/2024 18:45,181.5988316
8/23/2024 19:00,183.6861745
8/23/2024 19:15,176.9934243
8/23/2024 19:30,175.3368029
8/23/2024 19:45,182.0295531
8/23/2024 20:00,176.1651136
8/23/2024 20:15,172.4211494
8/23/2024 20:30,172.4211494
8/23/2024 20:45,166.1591207
8/23/2024 21:00,176.9934243
8/23/2024 21:15,158.2073382
8/23/2024 21:30,174.5084923
8/23/2024 21:45,161.1561242
8/23/2024 22:00,164.9000885
8/23/2024 22:15,146.544724
8/23/2024 22:30,155.7224062
8/23/2024 22:45,157.3790276
8/23/2024 23:00,156.1199953
8/23/2024 23:15,145.2856918
8/23/2024 23:30,145.2856918
8/23/2024 23:45,147.7706238
8/24/2024 0:00,85.58105857
8/24/2024 0:15,79.31902989
8/24/2024 0:30,70.96965833
8/24/2024 0:45,77.66240855
8/24/2024 1:00,80.14734056
8/24/2024 1:15,71.40037987
8/24/2024 1:30,84.32202635
8/24/2024 1:45,62.62028676
8/24/2024 2:00,81.40637279
8/24/2024 2:15,74.31603344
8/24/2024 2:30,73.05700122
8/24/2024 2:45,73.88531189
8/24/2024 3:00,73.88531189
8/24/2024 3:15,78.49071922
8/24/2024 3:30,68.45159388
8/24/2024 3:45,73.88531189
8/24/2024 4:00,82.66540501
8/24/2024 4:15,68.88231543
8/24/2024 4:30,77.66240855
8/24/2024 4:45,187.8608603
8/24/2024 5:00,816.9793814
8/24/2024 5:15,1769.636051
8/24/2024 5:30,1777.985422
8/24/2024 5:45,1786.765515
8/24/2024 6:00,1862.73817
8/24/2024 6:15,2223.450901
8/24/2024 6:30,2324.86926
8/24/2024 6:45,1641.910545
8/24/2024 7:00,2206.752158
8/24/2024 7:15,2222.191869
8/24/2024 7:30,2195.056412
8/24/2024 7:45,2196.315444
8/24/2024 8:00,2240.547234
8/24/2024 8:15,2207.580469
8/24/2024 8:30,2165.0053
8/24/2024 8:45,1556.329487
8/24/2024 9:00,787.7565809
8/24/2024 9:15,735.5730086
8/24/2024 9:30,475.9141794
8/24/2024 9:45,335.6314841
8/24/2024 10:00,159.897092
8/24/2024 10:15,178.2524565
8/24/2024 10:30,170.3338065
8/24/2024 10:45,162.8127456
8/24/2024 11:00,174.9060814
8/24/2024 11:15,161.9844349
8/24/2024 11:30,166.9874314
8/24/2024 11:45,171.1621171
8/24/2024 12:00,153.6350633
8/24/2024 12:15,171.9904278
8/24/2024 12:30,156.5507169
8/24/2024 12:45,178.683178
8/24/2024 13:00,177.4241458
8/24/2024 13:15,154.0326525
8/24/2024 13:30,160.7254027
8/24/2024 13:45,152.8067527
8/24/2024 14:00,147.7706238
8/24/2024 14:15,165.7283991
8/24/2024 14:30,139.8519738
8/24/2024 14:45,135.677288
8/24/2024 15:00,116.8912019
8/24/2024 15:15,130.6742915
8/24/2024 15:30,115.6321697
8/24/2024 15:45,147.3730347
8/24/2024 16:00,124.4122628
8/24/2024 16:15,128.9845378
8/24/2024 16:30,119.4092664
8/24/2024 16:45,129.4152593
8/24/2024 17:00,118.1502342
8/24/2024 17:15,129.4152593
8/24/2024 17:30,113.1472377
8/24/2024 17:45,131.9333237
8/24/2024 18:00,116.4604804
8/24/2024 18:15,124.809852
8/24/2024 18:30,121.8941984
8/24/2024 18:45,113.9755484
8/24/2024 19:00,139.0236631
8/24/2024 19:15,109.8008626
8/24/2024 19:30,118.1502342
8/24/2024 19:45,111.8882055
8/24/2024 20:00,99.36414814
8/24/2024 20:15,107.2827982
8/24/2024 20:30,108.9725519
8/24/2024 20:45,103.1081124
8/24/2024 21:00,109.8008626
8/24/2024 21:15,114.8038591
8/24/2024 21:30,103.5388339
8/24/2024 21:45,108.9725519
8/24/2024 22:00,113.1472377
8/24/2024 22:15,111.0598948
8/24/2024 22:30,99.76173726
8/24/2024 22:45,100.6231804
8/24/2024 23:00,98.10511592
8/24/2024 23:15,96.8460837
8/24/2024 23:30,97.27680525
8/24/2024 23:45,91.84308725
8/25/2024 0:00,44.6625114
8/25/2024 0:15,43.40347918
8/25/2024 0:30,44.26492228
8/25/2024 0:45,45.92154362
8/25/2024 1:00,43.40347918
8/25/2024 1:15,44.6625114
8/25/2024 1:30,45.49082207
8/25/2024 1:45,43.00589006
8/25/2024 2:00,48.83719719
8/25/2024 2:15,43.83420073
8/25/2024 2:30,45.92154362
8/25/2024 2:45,43.83420073
8/25/2024 3:00,43.00589006
8/25/2024 3:15,43.83420073
8/25/2024 3:30,45.09323295
8/25/2024 3:45,43.83420073
8/25/2024 4:00,43.00589006
8/25/2024 4:15,48.00888651
8/25/2024 4:30,50.52695096
8/25/2024 4:45,43.83420073
8/25/2024 5:00,43.40347918
8/25/2024 5:15,45.09323295
8/25/2024 5:30,43.40347918
8/25/2024 5:45,43.83420073
8/25/2024 6:00,42.17757939
8/25/2024 6:15,43.40347918
8/25/2024 6:30,42.17757939
8/25/2024 6:45,42.57516851
8/25/2024 7:00,44.6625114
8/25/2024 7:15,42.17757939
8/25/2024 7:30,41.74685784
8/25/2024 7:45,41.31613629
8/25/2024 8:00,43.00589006
8/25/2024 8:15,41.31613629
8/25/2024 8:30,41.74685784
8/25/2024 8:45,41.31613629
8/25/2024 9:00,43.40347918
8/25/2024 9:15,42.17757939
8/25/2024 9:30,41.74685784
8/25/2024 9:45,42.57516851
8/25/2024 10:00,42.57516851
8/25/2024 10:15,40.91854717
8/25/2024 10:30,43.40347918
8/25/2024 10:45,43.40347918
8/25/2024 11:00,42.17757939
8/25/2024 11:15,42.57516851
8/25/2024 11:30,41.31613629
8/25/2024 11:45,42.57516851
8/25/2024 12:00,41.74685784
8/25/2024 12:15,40.91854717
8/25/2024 12:30,44.26492228
8/25/2024 12:45,59.70463319
8/25/2024 13:00,45.92154362
8/25/2024 13:15,58.87632252
8/25/2024 13:30,65.1383512
8/25/2024 13:45,54.70163674
8/25/2024 14:00,62.18956521
8/25/2024 14:15,50.92454008
8/25/2024 14:30,72.62627967
8/25/2024 14:45,57.18656875
8/25/2024 15:00,53.44260452
8/25/2024 15:15,75.14434411
8/25/2024 15:30,57.18656875
8/25/2024 15:45,60.96366542
8/25/2024 16:00,84.7527479
8/25/2024 16:15,69.31303698
8/25/2024 16:30,68.88231543
8/25/2024 16:45,85.15033702
8/25/2024 17:00,72.22869055
8/25/2024 17:15,72.62627967
8/25/2024 17:30,74.71362256
8/25/2024 17:45,70.53893678
8/25/2024 18:00,73.88531189
8/25/2024 18:15,70.96965833
8/25/2024 18:30,63.44859743
8/25/2024 18:45,73.05700122
8/25/2024 19:00,68.88231543
8/25/2024 19:15,57.6172903
8/25/2024 19:30,67.22569409
8/25/2024 19:45,69.31303698
8/25/2024 20:00,58.87632252
8/25/2024 20:15,60.10222232
8/25/2024 20:30,58.44560097
8/25/2024 20:45,55.92753653
8/25/2024 21:00,54.27091519
8/25/2024 21:15,55.09922586
8/25/2024 21:30,54.27091519
8/25/2024 21:45,55.92753653
8/25/2024 22:00,54.70163674
8/25/2024 22:15,55.09922586
8/25/2024 22:30,50.09622941
8/25/2024 22:45,53.01188297
8/25/2024 23:00,61.79197609
8/25/2024 23:15,48.83719719
8/25/2024 23:30,49.66550786
8/25/2024 23:45,48.43960806
8/26/2024 0:00,50.52695096
8/26/2024 0:15,50.09622941
8/26/2024 0:30,50.92454008
8/26/2024 0:45,53.44260452
8/26/2024 1:00,51.75285075
8/26/2024 1:15,48.83719719
8/26/2024 1:30,48.00888651
8/26/2024 1:45,48.00888651
8/26/2024 2:00,46.74985429
8/26/2024 2:15,46.74985429
8/26/2024 2:30,43.40347918
8/26/2024 2:45,48.00888651
8/26/2024 3:00,44.26492228
8/26/2024 3:15,43.83420073
8/26/2024 3:30,44.26492228
8/26/2024 3:45,44.26492228
8/26/2024 4:00,42.57516851
8/26/2024 4:15,43.83420073
8/26/2024 4:30,45.92154362
8/26/2024 4:45,43.40347918
8/26/2024 5:00,44.26492228
8/26/2024 5:15,43.40347918
8/26/2024 5:30,45.92154362
8/26/2024 5:45,43.83420073
8/26/2024 6:00,43.40347918
8/26/2024 6:15,43.00589006
8/26/2024 6:30,45.92154362
8/26/2024 6:45,42.17757939
8/26/2024 7:00,41.31613629
8/26/2024 7:15,44.26492228
8/26/2024 7:30,42.57516851
8/26/2024 7:45,41.74685784
8/26/2024 8:00,43.40347918
8/26/2024 8:15,48.83719719
8/26/2024 8:30,46.74985429
8/26/2024 8:45,43.00589006
8/26/2024 9:00,41.74685784
8/26/2024 9:15,43.00589006
8/26/2024 9:30,42.17757939
8/26/2024 9:45,41.31613629
8/26/2024 10:00,42.57516851
8/26/2024 10:15,43.00589006
8/26/2024 10:30,41.31613629
8/26/2024 10:45,40.91854717
8/26/2024 11:00,48.43960806
8/26/2024 11:15,42.57516851
8/26/2024 11:30,43.00589006
8/26/2024 11:45,42.17757939
8/26/2024 12:00,46.35226517
8/26/2024 12:15,45.92154362
8/26/2024 12:30,42.17757939
8/26/2024 12:45,53.01188297
8/26/2024 13:00,55.52994741
8/26/2024 13:15,49.26791874
8/26/2024 13:30,59.70463319
8/26/2024 13:45,46.35226517
8/26/2024 14:00,59.70463319
8/26/2024 14:15,46.74985429
8/26/2024 14:30,53.44260452
8/26/2024 14:45,62.62028676
8/26/2024 15:00,47.18057584
8/26/2024 15:15,62.62028676
8/26/2024 15:30,55.52994741
8/26/2024 15:45,44.6625114
8/26/2024 16:00,63.44859743
8/26/2024 16:15,53.01188297
8/26/2024 16:30,49.26791874
8/26/2024 16:45,63.44859743
8/26/2024 17:00,48.43960806
8/26/2024 17:15,47.18057584
8/26/2024 17:30,53.01188297
8/26/2024 17:45,45.09323295
8/26/2024 18:00,55.92753653
8/26/2024 18:15,47.57816497
8/26/2024 18:30,45.49082207
8/26/2024 18:45,50.09622941
8/26/2024 19:00,47.18057584
8/26/2024 19:15,47.18057584
8/26/2024 19:30,44.26492228
8/26/2024 19:45,44.26492228
8/26/2024 20:00,45.92154362
8/26/2024 20:15,45.49082207
8/26/2024 20:30,41.74685784
8/26/2024 20:45,45.09323295
8/26/2024 21:00,45.92154362
8/26/2024 21:15,43.00589006
8/26/2024 21:30,43.83420073
8/26/2024 21:45,44.26492228
8/26/2024 22:00,45.92154362
8/26/2024 22:15,44.6625114
8/26/2024 22:30,43.40347918
8/26/2024 22:45,46.35226517
8/26/2024 23:00,43.40347918
8/26/2024 23:15,49.66550786
8/26/2024 23:30,44.26492228
8/26/2024 23:45,45.09323295
8/27/2024 0:00,44.26492228
8/27/2024 0:15,43.00589006
8/27/2024 0:30,44.26492228
8/27/2024 0:45,45.92154362
8/27/2024 1:00,44.26492228
8/27/2024 1:15,44.26492228
8/27/2024 1:30,47.57816497
8/27/2024 1:45,43.83420073
8/27/2024 2:00,43.83420073
8/27/2024 2:15,44.26492228
8/27/2024 2:30,45.92154362
8/27/2024 2:45,43.83420073
8/27/2024 3:00,44.26492228
8/27/2024 3:15,46.35226517
8/27/2024 3:30,52.61429385
8/27/2024 3:45,44.6625114
8/27/2024 4:00,44.26492228
8/27/2024 4:15,45.49082207
8/27/2024 4:30,44.26492228
8/27/2024 4:45,44.26492228
8/27/2024 5:00,43.40347918
8/27/2024 5:15,45.49082207
8/27/2024 5:30,44.26492228
8/27/2024 5:45,43.40347918
8/27/2024 6:00,42.57516851
8/27/2024 6:15,43.83420073
8/27/2024 6:30,41.74685784
8/27/2024 6:45,41.74685784
8/27/2024 7:00,43.40347918
8/27/2024 7:15,40.91854717
8/27/2024 7:30,42.57516851
8/27/2024 7:45,41.31613629
8/27/2024 8:00,43.83420073
8/27/2024 8:15,46.35226517
8/27/2024 8:30,43.00589006
8/27/2024 8:45,41.74685784
8/27/2024 9:00,43.83420073
8/27/2024 9:15,41.31613629
8/27/2024 9:30,41.74685784
8/27/2024 9:45,43.83420073
8/27/2024 10:00,42.17757939
8/27/2024 10:15,41.74685784
8/27/2024 10:30,42.57516851
8/27/2024 10:45,43.00589006
8/27/2024 11:00,41.31613629
8/27/2024 11:15,41.31613629
8/27/2024 11:30,43.83420073
8/27/2024 11:45,42.57516851
8/27/2024 12:00,41.31613629
8/27/2024 12:15,51.75285075
8/27/2024 12:30,42.57516851
8/27/2024 12:45,43.83420073
8/27/2024 13:00,41.31613629
8/27/2024 13:15,42.17757939
8/27/2024 13:30,42.17757939
8/27/2024 13:45,42.17757939
8/27/2024 14:00,41.74685784
8/27/2024 14:15,45.92154362
8/27/2024 14:30,48.83719719
8/27/2024 14:45,43.00589006
8/27/2024 15:00,55.52994741
8/27/2024 15:15,48.43960806
8/27/2024 15:30,43.83420073
8/27/2024 15:45,47.18057584
8/27/2024 16:00,40.91854717
8/27/2024 16:15,42.17757939
8/27/2024 16:30,50.09622941
8/27/2024 16:45,41.74685784
8/27/2024 17:00,48.83719719
8/27/2024 17:15,44.26492228
8/27/2024 17:30,48.00888651
8/27/2024 17:45,42.17757939
8/27/2024 18:00,49.26791874
8/27/2024 18:15,43.40347918
8/27/2024 18:30,49.66550786
8/27/2024 18:45,42.17757939
8/27/2024 19:00,56.35825808
8/27/2024 19:15,42.57516851
8/27/2024 19:30,42.57516851
8/27/2024 19:45,48.83719719
8/27/2024 20:00,43.83420073
8/27/2024 20:15,42.57516851
8/27/2024 20:30,42.17757939
8/27/2024 20:45,44.26492228
8/27/2024 21:00,44.26492228
8/27/2024 21:15,43.40347918
8/27/2024 21:30,45.09323295
8/27/2024 21:45,53.84019364
8/27/2024 22:00,43.40347918
8/27/2024 22:15,44.26492228
8/27/2024 22:30,44.6625114
8/27/2024 22:45,45.09323295
8/27/2024 23:00,44.26492228
8/27/2024 23:15,43.40347918
8/27/2024 23:30,45.49082207
8/27/2024 23:45,44.26492228
8/28/2024 0:00,43.83420073
8/28/2024 0:15,44.6625114
8/28/2024 0:30,44.6625114
8/28/2024 0:45,43.00589006
8/28/2024 1:00,44.26492228
8/28/2024 1:15,45.09323295
8/28/2024 1:30,44.6625114
8/28/2024 1:45,45.49082207
8/28/2024 2:00,43.00589006
8/28/2024 2:15,45.49082207
8/28/2024 2:30,45.09323295
8/28/2024 2:45,43.40347918
8/28/2024 3:00,43.83420073
8/28/2024 3:15,45.92154362
8/28/2024 3:30,43.00589006
8/28/2024 3:45,43.00589006
8/28/2024 4:00,43.00589006
8/28/2024 4:15,45.92154362
8/28/2024 4:30,48.43960806
8/28/2024 4:45,53.01188297
8/28/2024 5:00,118.5478233
8/28/2024 5:15,108.5418304
8/28/2024 5:30,108.5418304
8/28/2024 5:45,110.6291733
8/28/2024 6:00,110.6291733
8/28/2024 6:15,110.6291733
8/28/2024 6:30,118.5478233
8/28/2024 6:45,140.6802844
8/28/2024 7:00,161.1561242
8/28/2024 7:15,153.6350633
8/28/2024 7:30,162.382024
8/28/2024 7:45,139.0236631
8/28/2024 8:00,137.3339093
8/28/2024 8:15,146.9423131
8/28/2024 8:30,132.3309129
8/28/2024 8:45,131.0718806
8/28/2024 9:00,129.4152593
8/28/2024 9:15,137.7646309
8/28/2024 9:30,129.8459808
8/28/2024 9:45,135.2465664
8/28/2024 10:00,163.6410562
8/28/2024 10:15,182.0295531
8/28/2024 10:30,170.3338065
8/28/2024 10:45,158.6380598
8/28/2024 11:00,146.544724
8/28/2024 11:15,143.595938
8/28/2024 11:30,166.1591207
8/28/2024 11:45,171.1621171
8/28/2024 12:00,153.2043418
8/28/2024 12:15,152.3760311
8/28/2024 12:30,175.7675245
8/28/2024 12:45,169.9030849
8/28/2024 13:00,170.7313956
8/28/2024 13:15,176.5958351
8/28/2024 13:30,145.6832809
8/28/2024 13:45,157.8097491
8/28/2024 14:00,138.1953524
8/28/2024 14:15,158.6380598
8/28/2024 14:30,143.1983489
8/28/2024 14:45,147.7706238
8/28/2024 15:00,159.4663705
8/28/2024 15:15,146.544724
8/28/2024 15:30,144.8549702
8/28/2024 15:45,165.33081
8/28/2024 16:00,127.758638
8/28/2024 16:15,143.595938
8/28/2024 16:30,150.7194098
8/28/2024 16:45,154.0326525
8/28/2024 17:00,136.9363202
8/28/2024 17:15,144.8549702
8/28/2024 17:30,129.8459808
8/28/2024 17:45,131.5026022
8/28/2024 18:00,127.3279164
8/28/2024 18:15,126.8971949
8/28/2024 18:30,126.0688842
8/28/2024 18:45,128.1562271
8/28/2024 19:00,134.4182558
8/28/2024 19:15,123.5839522
8/28/2024 19:30,131.9333237
8/28/2024 19:45,135.2465664
8/28/2024 20:00,121.8941984
8/28/2024 20:15,123.1532306
8/28/2024 20:30,123.5839522
8/28/2024 20:45,119.8068555
8/28/2024 21:00,122.32492
8/28/2024 21:15,120.2375771
8/28/2024 21:30,117.7195126
8/28/2024 21:45,121.4966093
8/28/2024 22:00,125.6712951
8/28/2024 22:15,117.7195126
8/28/2024 22:30,114.8038591
8/28/2024 22:45,112.2857946
8/28/2024 23:00,114.3731375
8/28/2024 23:15,112.2857946
8/28/2024 23:30,112.2857946
8/28/2024 23:45,108.1111088
8/29/2024 0:00,47.57816497
8/29/2024 0:15,55.09922586
8/29/2024 0:30,49.66550786
8/29/2024 0:45,48.00888651
8/29/2024 1:00,54.70163674
8/29/2024 1:15,48.00888651
8/29/2024 1:30,49.66550786
8/29/2024 1:45,47.18057584
8/29/2024 2:00,47.18057584
8/29/2024 2:15,47.57816497
8/29/2024 2:30,49.26791874
8/29/2024 2:45,47.57816497
8/29/2024 3:00,47.18057584
8/29/2024 3:15,48.00888651
8/29/2024 3:30,49.26791874
8/29/2024 3:45,47.57816497
8/29/2024 4:00,47.57816497
8/29/2024 4:15,47.18057584
8/29/2024 4:30,48.43960806
8/29/2024 4:45,48.83719719
8/29/2024 5:00,209.1650107
8/29/2024 5:15,308.926748
8/29/2024 5:30,892.5544471
8/29/2024 5:45,1718.313922
8/29/2024 6:00,1723.714507
8/29/2024 6:15,1729.148225
8/29/2024 6:30,1732.925322
8/29/2024 6:45,2114.047628
8/29/2024 7:00,2170.008297
8/29/2024 7:15,2135.351778
8/29/2024 7:30,2117.394003
8/29/2024 7:45,2138.267432
8/29/2024 8:00,2098.607917
8/29/2024 8:15,2087.773613
8/29/2024 8:30,2104.472357
8/29/2024 8:45,2098.607917
8/29/2024 9:00,2128.659028
8/29/2024 9:15,2112.821728
8/29/2024 9:30,2108.216321
8/29/2024 9:45,2131.177093
8/29/2024 10:00,2113.650039
8/29/2024 10:15,2096.520574
8/29/2024 10:30,2132.005403
8/29/2024 10:45,2170.836608
8/29/2024 11:00,2144.529461
8/29/2024 11:15,2134.092746
8/29/2024 11:30,2118.653035
8/29/2024 11:45,2161.228204
8/29/2024 12:00,2147.875836
8/29/2024 12:15,2057.291781
8/29/2024 12:30,2042.680381
8/29/2024 12:45,2116.996414
8/29/2024 13:00,2168.749265
8/29/2024 13:15,2080.650142
8/29/2024 13:30,2205.890715
8/29/2024 13:45,2200.49013
8/29/2024 14:00,2119.481346
8/29/2024 14:15,821.1540672
8/29/2024 14:30,675.0400648
8/29/2024 14:45,480.0888651
8/29/2024 15:00,452.1250969
8/29/2024 15:15,344.8422987
8/29/2024 15:30,247.1347719
8/29/2024 15:45,219.1710037
8/29/2024 16:00,152.8067527
8/29/2024 16:15,171.5928387
8/29/2024 16:30,148.2013453
8/29/2024 16:45,161.5537134
8/29/2024 17:00,160.2946811
8/29/2024 17:15,154.463374
8/29/2024 17:30,150.7194098
8/29/2024 17:45,149.4603775
8/29/2024 18:00,155.7224062
8/29/2024 18:15,142.3700382
8/29/2024 18:30,148.6320669
8/29/2024 18:45,148.2013453
8/29/2024 19:00,139.8519738
8/29/2024 19:15,145.6832809
8/29/2024 19:30,151.1169989
8/29/2024 19:45,135.677288
8/29/2024 20:00,139.4212522
8/29/2024 20:15,131.5026022
8/29/2024 20:30,138.5929415
8/29/2024 20:45,131.5026022
8/29/2024 21:00,140.6802844
8/29/2024 21:15,136.1080095
8/29/2024 21:30,134.8489773
8/29/2024 21:45,128.9845378
8/29/2024 22:00,125.2405735
8/29/2024 22:15,119.4092664
8/29/2024 22:30,121.4966093
8/29/2024 22:45,131.9333237
8/29/2024 23:00,118.1502342
8/29/2024 23:15,118.9785448
8/29/2024 23:30,116.4604804
8/29/2024 23:45,94.36115169
8/30/2024 0:00,56.35825808
8/30/2024 0:15,55.92753653
8/30/2024 0:30,56.78897963
8/30/2024 0:45,57.6172903
8/30/2024 1:00,56.35825808
8/30/2024 1:15,55.09922586
8/30/2024 1:30,56.78897963
8/30/2024 1:45,51.75285075
8/30/2024 2:00,51.35526163
8/30/2024 2:15,50.92454008
8/30/2024 2:30,58.87632252
8/30/2024 2:45,50.92454008
8/30/2024 3:00,52.1835723
8/30/2024 3:15,50.92454008
8/30/2024 3:30,58.01487943
8/30/2024 3:45,50.92454008
8/30/2024 4:00,50.92454008
8/30/2024 4:15,51.35526163
8/30/2024 4:30,78.05999767
8/30/2024 4:45,322.279116
8/30/2024 5:00,1081.243618
8/30/2024 5:15,1808.467255
8/30/2024 5:30,1898.653721
8/30/2024 5:45,1960.445697
8/30/2024 6:00,2188.363661
8/30/2024 6:15,2415.884037
8/30/2024 6:30,2600.829243
8/30/2024 6:45,2605.003929
8/30/2024 7:00,2641.317069
8/30/2024 7:15,2558.651664
8/30/2024 7:30,2625.446637
8/30/2024 7:45,2611.696679
8/30/2024 8:00,2587.874464
8/30/2024 8:15,2577.43775
8/30/2024 8:30,2567.862479
8/30/2024 8:45,2590.82325
8/30/2024 9:00,2578.696782
8/30/2024 9:15,2555.73601
8/30/2024 9:30,2583.699779
8/30/2024 9:45,2555.338421
8/30/2024 10:00,2552.389635
8/30/2024 10:15,2565.344414
8/30/2024 10:30,2570.347411
8/30/2024 10:45,2543.642675
8/30/2024 11:00,2544.470985
8/30/2024 11:15,2544.901707
8/30/2024 11:30,2530.687896
8/30/2024 11:45,2566.172725
8/30/2024 12:00,2565.775136
8/30/2024 12:15,2559.513107
8/30/2024 12:30,2560.341418
8/30/2024 12:45,2478.935045
8/30/2024 13:00,2584.1305
8/30/2024 13:15,2471.844706
8/30/2024 13:30,2450.109834
8/30/2024 13:45,2445.106837
8/30/2024 14:00,1823.906966
8/30/2024 14:15,1106.291733
8/30/2024 14:30,1071.635214
8/30/2024 14:45,861.2443037
8/30/2024 15:00,653.7690467
8/30/2024 15:15,390.3331208
8/30/2024 15:30,275.9599833
8/30/2024 15:45,256.7431757
8/30/2024 16:00,167.4181529
8/30/2024 16:15,164.9000885
8/30/2024 16:30,159.4663705
8/30/2024 16:45,159.897092
8/30/2024 17:00,162.8127456
8/30/2024 17:15,157.8097491
8/30/2024 17:30,151.1169989
8/30/2024 17:45,154.463374
8/30/2024 18:00,152.8067527
8/30/2024 18:15,144.0266595
8/30/2024 18:30,143.1983489
8/30/2024 18:45,141.111006
8/30/2024 19:00,147.7706238
8/30/2024 19:15,136.5055986
8/30/2024 19:30,138.1953524
8/30/2024 19:45,139.8519738
8/30/2024 20:00,131.0718806
8/30/2024 20:15,124.809852
8/30/2024 20:30,134.4182558
8/30/2024 20:45,124.809852
8/30/2024 21:00,127.3279164
8/30/2024 21:15,132.3309129
8/30/2024 21:30,126.8971949
8/30/2024 21:45,122.32492
8/30/2024 22:00,124.809852
8/30/2024 22:15,118.5478233
8/30/2024 22:30,118.1502342
8/30/2024 22:45,121.4966093
8/30/2024 23:00,115.6321697
8/30/2024 23:15,118.5478233
8/30/2024 23:30,115.2345806
8/30/2024 23:45,115.2345806
8/31/2024 0:00,58.87632252
8/31/2024 0:15,57.6172903
8/31/2024 0:30,65.96666187
8/31/2024 0:45,60.53294387
8/31/2024 1:00,57.18656875
8/31/2024 1:15,56.78897963
8/31/2024 1:30,58.01487943
8/31/2024 1:45,58.87632252
8/31/2024 2:00,57.6172903
8/31/2024 2:15,56.78897963
8/31/2024 2:30,62.18956521
8/31/2024 2:45,54.70163674
8/31/2024 3:00,55.52994741
8/31/2024 3:15,55.09922586
8/31/2024 3:30,53.44260452
8/31/2024 3:45,51.75285075
8/31/2024 4:00,52.1835723
8/31/2024 4:15,53.44260452
8/31/2024 4:30,50.92454008
8/31/2024 4:45,193.2945783
8/31/2024 5:00,1161.82168
8/31/2024 5:15,2435.929155
8/31/2024 5:30,2347.432443
8/31/2024 5:45,2320.694574
8/31/2024 6:00,2380.399207
8/31/2024 6:15,2377.052832
8/31/2024 6:30,2402.100947
8/31/2024 6:45,2396.26964
8/31/2024 7:00,2502.724127
8/31/2024 7:15,2534.862581
8/31/2024 7:30,2520.251181
8/31/2024 7:45,2484.766352
8/31/2024 8:00,2513.989153
8/31/2024 8:15,2506.468092
8/31/2024 8:30,2497.721131
8/31/2024 8:45,2486.025384
8/31/2024 9:00,2496.462099
8/31/2024 9:15,2481.022388
8/31/2024 9:30,2405.447322
8/31/2024 9:45,2414.227415
8/31/2024 10:00,2493.944034
8/31/2024 10:15,2485.594663
8/31/2024 10:30,1599.335377
8/31/2024 10:45,1132.168158
8/31/2024 11:00,1074.981589
8/31/2024 11:15,837.4552212
8/31/2024 11:30,656.2539787
8/31/2024 11:45,596.1517564
8/31/2024 12:00,512.2273192
8/31/2024 12:15,517.6610372
8/31/2024 12:30,479.2605545
8/31/2024 12:45,463.8208436
8/31/2024 13:00,440.4293502
8/31/2024 13:15,433.3390109
8/31/2024 13:30,317.7068411
8/31/2024 13:45,213.3396965
8/31/2024 14:00,222.9149679
8/31/2024 14:15,219.1710037
8/31/2024 14:30,218.342693
8/31/2024 14:45,215.4270394
8/31/2024 15:00,212.908975
8/31/2024 15:15,216.2553501
8/31/2024 15:30,216.6529392
8/31/2024 15:45,217.5143823
8/31/2024 16:00,183.6861745
8/31/2024 16:15,187.4301387
8/31/2024 16:30,179.0807672
8/31/2024 16:45,181.16811
8/31/2024 17:00,178.683178
8/31/2024 17:15,182.8578638
8/31/2024 17:30,179.0807672
8/31/2024 17:45,175.7675245
8/31/2024 18:00,177.4241458
8/31/2024 18:15,179.0807672
8/31/2024 18:30,172.4211494
8/31/2024 18:45,181.16811
8/31/2024 19:00,170.3338065
8/31/2024 19:15,179.9422103
8/31/2024 19:30,169.5054958
8/31/2024 19:45,166.9874314
8/31/2024 20:00,171.9904278
8/31/2024 20:15,166.9874314
8/31/2024 20:30,164.4693669
8/31/2024 20:45,164.9000885
8/31/2024 21:00,164.4693669
8/31/2024 21:15,145.6832809
8/31/2024 21:30,167.815742
8/31/2024 21:45,163.6410562
8/31/2024 22:00,153.2043418
8/31/2024 22:15,143.1983489
8/31/2024 22:30,161.5537134
8/31/2024 22:45,140.2826953
8/31/2024 23:00,153.2043418
8/31/2024 23:15,149.8579667
8/31/2024 23:30,137.7646309
8/31/2024 23:45,150.2886882
9/1/2024 0:00,68.88231543
9/1/2024 0:15,77.231687
9/1/2024 0:30,61.79197609
9/1/2024 0:45,65.53594032
9/1/2024 1:00,60.10222232
9/1/2024 1:15,60.10222232
9/1/2024 1:30,61.36125454
9/1/2024 1:45,58.87632252
9/1/2024 2:00,60.53294387
9/1/2024 2:15,59.70463319
9/1/2024 2:30,58.44560097
9/1/2024 2:45,60.10222232
9/1/2024 3:00,60.10222232
9/1/2024 3:15,57.18656875
9/1/2024 3:30,59.70463319
9/1/2024 3:45,60.96366542
9/1/2024 4:00,55.09922586
9/1/2024 4:15,61.36125454
9/1/2024 4:30,72.22869055
9/1/2024 4:45,57.18656875
9/1/2024 5:00,56.78897963
9/1/2024 5:15,58.01487943
9/1/2024 5:30,54.70163674
9/1/2024 5:45,55.09922586
9/1/2024 6:00,55.52994741
9/1/2024 6:15,53.84019364
9/1/2024 6:30,56.35825808
9/1/2024 6:45,54.70163674
9/1/2024 7:00,53.84019364
9/1/2024 7:15,53.44260452
9/1/2024 7:30,55.09922586
9/1/2024 7:45,56.35825808
9/1/2024 8:00,54.27091519
9/1/2024 8:15,54.70163674
9/1/2024 8:30,55.09922586
9/1/2024 8:45,55.92753653
9/1/2024 9:00,54.70163674
9/1/2024 9:15,53.84019364
9/1/2024 9:30,56.35825808
9/1/2024 9:45,55.52994741
9/1/2024 10:00,57.6172903
9/1/2024 10:15,55.92753653
9/1/2024 10:30,58.87632252
9/1/2024 10:45,56.78897963
9/1/2024 11:00,80.97565124
9/1/2024 11:15,68.05400476
9/1/2024 11:30,77.231687
9/1/2024 11:45,78.05999767
9/1/2024 12:00,77.66240855
9/1/2024 12:15,92.27380879
9/1/2024 12:30,73.88531189
9/1/2024 12:45,97.27680525
9/1/2024 13:00,75.97265478
9/1/2024 13:15,91.4123657
9/1/2024 13:30,81.83709433
9/1/2024 13:45,82.66540501
9/1/2024 14:00,80.14734056
9/1/2024 14:15,87.23767991
9/1/2024 14:30,79.31902989
9/1/2024 14:45,88.49671213
9/1/2024 15:00,90.58405502
9/1/2024 15:15,86.84009079
9/1/2024 15:30,77.66240855
9/1/2024 15:45,90.58405502
9/1/2024 16:00,84.32202635
9/1/2024 16:15,92.27380879
9/1/2024 16:30,98.53583747
9/1/2024 16:45,78.05999767
9/1/2024 17:00,91.4123657
9/1/2024 17:15,88.92743368
9/1/2024 17:30,88.92743368
9/1/2024 17:45,84.7527479
9/1/2024 18:00,95.58705148
9/1/2024 18:15,73.88531189
9/1/2024 18:30,95.58705148
9/1/2024 18:45,81.83709433
9/1/2024 19:00,83.49371568
9/1/2024 19:15,83.92443723
9/1/2024 19:30,79.74975144
9/1/2024 19:45,85.15033702
9/1/2024 20:00,73.48772277
9/1/2024 20:15,81.40637279
9/1/2024 20:30,73.88531189
9/1/2024 20:45,77.66240855
9/1/2024 21:00,75.14434411
9/1/2024 21:15,67.62328321
9/1/2024 21:30,67.62328321
9/1/2024 21:45,83.92443723
9/1/2024 22:00,68.05400476
9/1/2024 22:15,67.62328321
9/1/2024 22:30,67.22569409
9/1/2024 22:45,65.53594032
9/1/2024 23:00,61.79197609
9/1/2024 23:15,63.87931898
9/1/2024 23:30,64.70762965
9/1/2024 23:45,60.53294387
9/2/2024 0:00,57.6172903
9/2/2024 0:15,60.10222232
9/2/2024 0:30,58.01487943
9/2/2024 0:45,60.10222232
9/2/2024 1:00,56.35825808
9/2/2024 1:15,65.53594032
9/2/2024 1:30,58.01487943
9/2/2024 1:45,55.52994741
9/2/2024 2:00,56.35825808
9/2/2024 2:15,58.87632252
9/2/2024 2:30,54.27091519
9/2/2024 2:45,53.44260452
9/2/2024 3:00,56.35825808
9/2/2024 3:15,52.1835723
9/2/2024 3:30,50.92454008
9/2/2024 3:45,50.92454008
9/2/2024 4:00,50.52695096
9/2/2024 4:15,51.75285075
9/2/2024 4:30,50.52695096
9/2/2024 4:45,50.92454008
9/2/2024 5:00,52.61429385
9/2/2024 5:15,50.92454008
9/2/2024 5:30,50.92454008
9/2/2024 5:45,51.35526163
9/2/2024 6:00,50.92454008
9/2/2024 6:15,49.26791874
9/2/2024 6:30,49.26791874
9/2/2024 6:45,49.66550786
9/2/2024 7:00,49.66550786
9/2/2024 7:15,48.43960806
9/2/2024 7:30,48.83719719
9/2/2024 7:45,50.52695096
9/2/2024 8:00,49.26791874
9/2/2024 8:15,48.83719719
9/2/2024 8:30,50.09622941
9/2/2024 8:45,50.09622941
9/2/2024 9:00,48.83719719
9/2/2024 9:15,49.26791874
9/2/2024 9:30,52.1835723
9/2/2024 9:45,49.26791874
9/2/2024 10:00,48.43960806
9/2/2024 10:15,48.43960806
9/2/2024 10:30,52.1835723
9/2/2024 10:45,50.09622941
9/2/2024 11:00,58.87632252
9/2/2024 11:15,70.53893678
9/2/2024 11:30,49.66550786
9/2/2024 11:45,76.40337633
9/2/2024 12:00,57.6172903
9/2/2024 12:15,81.83709433
9/2/2024 12:30,65.96666187
9/2/2024 12:45,80.14734056
9/2/2024 13:00,82.66540501
9/2/2024 13:15,70.96965833
9/2/2024 13:30,85.58105857
9/2/2024 13:45,94.75874081
9/2/2024 14:00,98.10511592
9/2/2024 14:15,76.40337633
9/2/2024 14:30,102.7105233
9/2/2024 14:45,99.76173726
9/2/2024 15:00,80.57806211
9/2/2024 15:15,96.8460837
9/2/2024 15:30,90.1864659
9/2/2024 15:45,81.40637279
9/2/2024 16:00,91.4123657
9/2/2024 16:15,80.97565124
9/2/2024 16:30,91.01477657
9/2/2024 16:45,86.01178012
9/2/2024 17:00,90.58405502
9/2/2024 17:15,98.10511592
9/2/2024 17:30,85.58105857
9/2/2024 17:45,88.49671213
9/2/2024 18:00,97.27680525
9/2/2024 18:15,81.83709433
9/2/2024 18:30,91.84308725
9/2/2024 18:45,83.49371568
9/2/2024 19:00,84.32202635
9/2/2024 19:15,81.83709433
9/2/2024 19:30,88.92743368
9/2/2024 19:45,76.80096545
9/2/2024 20:00,91.84308725
9/2/2024 20:15,70.96965833
9/2/2024 20:30,85.15033702
9/2/2024 20:45,77.231687
9/2/2024 21:00,82.23468346
9/2/2024 21:15,85.58105857
9/2/2024 21:30,83.92443723
9/2/2024 21:45,74.71362256
9/2/2024 22:00,80.57806211
9/2/2024 22:15,67.62328321
9/2/2024 22:30,79.31902989
9/2/2024 22:45,78.05999767
9/2/2024 23:00,67.22569409
9/2/2024 23:15,72.62627967
9/2/2024 23:30,72.22869055
9/2/2024 23:45,67.62328321
9/3/2024 0:00,65.96666187
9/3/2024 0:15,70.53893678
9/3/2024 0:30,81.83709433
9/3/2024 0:45,66.36425099
9/3/2024 1:00,65.53594032
9/3/2024 1:15,66.36425099
9/3/2024 1:30,67.22569409
9/3/2024 1:45,73.88531189
9/3/2024 2:00,65.96666187
9/3/2024 2:15,63.05100831
9/3/2024 2:30,63.44859743
9/3/2024 2:45,63.87931898
9/3/2024 3:00,60.96366542
9/3/2024 3:15,62.62028676
9/3/2024 3:30,64.70762965
9/3/2024 3:45,61.36125454
9/3/2024 4:00,60.96366542
9/3/2024 4:15,60.96366542
9/3/2024 4:30,62.62028676
9/3/2024 4:45,134.8489773
9/3/2024 5:00,536.0164017
9/3/2024 5:15,1743.759625
9/3/2024 5:30,1756.714404
9/3/2024 5:45,1773.810737
9/3/2024 6:00,1750.849965
9/3/2024 6:15,1746.27769
9/3/2024 6:30,2124.915064
9/3/2024 6:45,2183.360665
9/3/2024 7:00,2184.188976
9/3/2024 7:15,2202.577473
9/3/2024 7:30,2122.827721
9/3/2024 7:45,2107.38801
9/3/2024 8:00,2212.583465
9/3/2024 8:15,2289.384431
9/3/2024 8:30,2291.074185
9/3/2024 8:45,2140.785496
9/3/2024 9:00,2130.348782
9/3/2024 9:15,2128.261439
9/3/2024 9:30,2121.568689
9/3/2024 9:45,2142.044529
9/3/2024 10:00,2315.293989
9/3/2024 10:15,2229.282209
9/3/2024 10:30,2188.363661
9/3/2024 10:45,2198.800376
9/3/2024 11:00,2111.960285
9/3/2024 11:15,2191.710037
9/3/2024 11:30,2157.881829
9/3/2024 11:45,2180.842601
9/3/2024 12:00,2275.203752
9/3/2024 12:15,2285.640467
9/3/2024 12:30,2143.270428
9/3/2024 12:45,2147.445114
9/3/2024 13:00,2144.529461
9/3/2024 13:15,2241.375544
9/3/2024 13:30,2222.589458
9/3/2024 13:45,2241.806266
9/3/2024 14:00,2140.785496
9/3/2024 14:15,2159.969172
9/3/2024 14:30,2248.896605
9/3/2024 14:45,2023.894295
9/3/2024 15:00,1998.017869
9/3/2024 15:15,1904.485028
9/3/2024 15:30,1925.789179
9/3/2024 15:45,1943.316232
9/3/2024 16:00,2000.933523
9/3/2024 16:15,2005.936519
9/3/2024 16:30,1921.183771
9/3/2024 16:45,1738.325907
9/3/2024 17:00,1912.006089
9/3/2024 17:15,1876.52126
9/3/2024 17:30,1952.493915
9/3/2024 17:45,1861.479138
9/3/2024 18:00,1814.331695
9/3/2024 18:15,1819.73228
9/3/2024 18:30,892.1237255
9/3/2024 18:45,816.1510707
9/3/2024 19:00,731.8290444
9/3/2024 19:15,533.1007481
9/3/2024 19:30,601.5854744
9/3/2024 19:45,645.4196752
9/3/2024 20:00,562.3235486
9/3/2024 20:15,527.269441
9/3/2024 20:30,556.4922415
9/3/2024 20:45,632.0341747
9/3/2024 21:00,503.049637
9/3/2024 21:15,516.0044159
9/3/2024 21:30,456.2997827
9/3/2024 21:45,256.7431757
9/3/2024 22:00,264.2642366
9/3/2024 22:15,271.354576
9/3/2024 22:30,203.3005712
9/3/2024 22:45,194.9511996
9/3/2024 23:00,197.8668532
9/3/2024 23:15,193.6921674
9/3/2024 23:30,192.4662676
9/3/2024 23:45,180.3397994
9/4/2024 0:00,116.8912019
9/4/2024 0:15,103.1081124
9/4/2024 0:30,93.93043014
9/4/2024 0:45,91.01477657
9/4/2024 1:00,95.58705148
9/4/2024 1:15,113.9755484
9/4/2024 1:30,84.7527479
9/4/2024 1:45,84.7527479
9/4/2024 2:00,79.31902989
9/4/2024 2:15,98.93342659
9/4/2024 2:30,76.40337633
9/4/2024 2:45,75.14434411
9/4/2024 3:00,65.96666187
9/4/2024 3:15,91.01477657
9/4/2024 3:30,72.62627967
9/4/2024 3:45,62.18956521
9/4/2024 4:00,70.53893678
9/4/2024 4:15,75.14434411
9/4/2024 4:30,76.80096545
9/4/2024 4:45,132.7616344
9/4/2024 5:00,150.7194098
9/4/2024 5:15,206.2162248
9/4/2024 5:30,196.2102318
9/4/2024 5:45,187.8608603
9/4/2024 6:00,174.0777707
9/4/2024 6:15,177.4241458
9/4/2024 6:30,511.3990085
9/4/2024 6:45,714.3019906
9/4/2024 7:00,2071.472459
9/4/2024 7:15,2229.71293
9/4/2024 7:30,2223.848491
9/4/2024 7:45,2115.737382
9/4/2024 8:00,2096.520574
9/4/2024 8:15,2264.336316
9/4/2024 8:30,2226.764144
9/4/2024 8:45,2152.878832
9/4/2024 9:00,2254.761045
9/4/2024 9:15,2234.285205
9/4/2024 9:30,2130.746371
9/4/2024 9:45,2108.216321
9/4/2024 10:00,2168.318543
9/4/2024 10:15,2197.541344
9/4/2024 10:30,2212.152744
9/4/2024 10:45,2172.923951
9/4/2024 11:00,2226.366555
9/4/2024 11:15,2239.288201
9/4/2024 11:30,2231.369551
9/4/2024 11:45,2234.715927
9/4/2024 12:00,2150.3939
9/4/2024 12:15,2105.300667
9/4/2024 12:30,2102.782603
9/4/2024 12:45,2037.246663
9/4/2024 13:00,2244.72192
9/4/2024 13:15,2243.462887
9/4/2024 13:30,2185.017286
9/4/2024 13:45,2250.155638
9/4/2024 14:00,2182.532354
9/4/2024 14:15,2210.926844
9/4/2024 14:30,2219.673805
9/4/2024 14:45,2173.752261
9/4/2024 15:00,2202.146751
9/4/2024 15:15,2197.972065
9/4/2024 15:30,2232.197862
9/4/2024 15:45,2210.926844
9/4/2024 16:00,2179.616701
9/4/2024 16:15,2189.191972
9/4/2024 16:30,2204.664815
9/4/2024 16:45,2204.664815
9/4/2024 17:00,2194.62569
9/4/2024 17:15,2140.354775
9/4/2024 17:30,769.4012165
9/4/2024 17:45,1491.191136
9/4/2024 18:00,1768.80774
9/4/2024 18:15,1784.247451
9/4/2024 18:30,1775.069769
9/4/2024 18:45,1826.855752
9/4/2024 19:00,1801.807637
9/4/2024 19:15,1779.675176
9/4/2024 19:30,1804.292569
9/4/2024 19:45,1760.060779
9/4/2024 20:00,1791.768512
9/4/2024 20:15,1800.946194
9/4/2024 20:30,1787.593826
9/4/2024 20:45,1774.67218
9/4/2024 21:00,1767.151119
9/4/2024 21:15,1780.072765
9/4/2024 21:30,1777.587833
9/4/2024 21:45,1770.895083
9/4/2024 22:00,1773.413147
9/4/2024 22:15,1765.063776
9/4/2024 22:30,1008.186617
9/4/2024 22:45,675.8683754
9/4/2024 23:00,655.8563896
9/4/2024 23:15,264.2642366
9/4/2024 23:30,199.9541961
9/4/2024 23:45,168.2464636
9/5/2024 0:00,134.4182558
9/5/2024 0:15,118.5478233
9/5/2024 0:30,123.1532306
9/5/2024 0:45,110.6291733
9/5/2024 1:00,112.2857946
9/5/2024 1:15,121.8941984
9/5/2024 1:30,110.1984517
9/5/2024 1:45,119.8068555
9/5/2024 2:00,87.66840146
9/5/2024 2:15,98.93342659
9/5/2024 2:30,92.27380879
9/5/2024 2:45,87.66840146
9/5/2024 3:00,110.1984517
9/5/2024 3:15,86.01178012
9/5/2024 3:30,87.23767991
9/5/2024 3:45,88.92743368
9/5/2024 4:00,80.57806211
9/5/2024 4:15,88.09912301
9/5/2024 4:30,81.40637279
9/5/2024 4:45,199.1258854
9/5/2024 5:00,560.2362057
9/5/2024 5:15,1404.781766
9/5/2024 5:30,1429.829881
9/5/2024 5:45,1414.39017
9/5/2024 6:00,1436.92022
9/5/2024 6:15,1453.221374
9/5/2024 6:30,1456.965339
9/5/2024 6:45,1509.977222
9/5/2024 7:00,1774.241458
9/5/2024 7:15,1785.937205
9/5/2024 7:30,1759.199336
9/5/2024 7:45,1764.235465
9/5/2024 8:00,1799.720294
9/5/2024 8:15,1746.675279
9/5/2024 8:30,1777.587833
9/5/2024 8:45,1768.80774
9/5/2024 9:00,1762.976433
9/5/2024 9:15,1802.205226
9/5/2024 9:30,1805.12088
9/5/2024 9:45,1800.548605
9/5/2024 10:00,1829.771406
9/5/2024 10:15,1710.362139
9/5/2024 10:30,1750.021654
9/5/2024 10:45,1810.157009
9/5/2024 11:00,1796.771508
9/5/2024 11:15,1772.982426
9/5/2024 11:30,1810.157009
9/5/2024 11:45,1824.337688
9/5/2024 12:00,1810.98532
9/5/2024 12:15,1797.632952
9/5/2024 12:30,1795.114887
9/5/2024 12:45,1845.211116
9/5/2024 13:00,1823.906966
9/5/2024 13:15,1885.301353
9/5/2024 13:30,1995.930526
9/5/2024 13:45,2002.192555
9/5/2024 14:00,1967.536036
9/5/2024 14:15,1996.758837
9/5/2024 14:30,2040.990627
9/5/2024 14:45,2073.990524
9/5/2024 15:00,1959.186665
9/5/2024 15:15,1936.225893
9/5/2024 15:30,1943.746954
9/5/2024 15:45,1884.870631
9/5/2024 16:00,1936.623482
9/5/2024 16:15,2038.074973
9/5/2024 16:30,1971.710722
9/5/2024 16:45,1858.994206
9/5/2024 17:00,1811.382909
9/5/2024 17:15,1817.644937
9/5/2024 17:30,1779.675176
9/5/2024 17:45,1783.41914
9/5/2024 18:00,1773.810737
9/5/2024 18:15,1762.545711
9/5/2024 18:30,1777.587833
9/5/2024 18:45,1757.542715
9/5/2024 19:00,1736.238565
9/5/2024 19:15,1686.573057
9/5/2024 19:30,1753.798751
9/5/2024 19:45,1851.473145
9/5/2024 20:00,1733.753633
9/5/2024 20:15,1719.970543
9/5/2024 20:30,1741.274693
9/5/2024 20:45,1852.732177
9/5/2024 21:00,1793.458266
9/5/2024 21:15,1793.458266
9/5/2024 21:30,1766.322808
9/5/2024 21:45,1777.985422
9/5/2024 22:00,1754.19634
9/5/2024 22:15,1758.371026
9/5/2024 22:30,989.4005308
9/5/2024 22:45,676.299097
9/5/2024 23:00,621.1998711
9/5/2024 23:15,275.0985402
9/5/2024 23:30,174.0777707
9/5/2024 23:45,110.6291733
9/6/2024 0:00,121.4966093
9/6/2024 0:15,108.9725519
9/6/2024 0:30,107.7135197
9/6/2024 0:45,118.9785448
9/6/2024 1:00,107.2827982
9/6/2024 1:15,111.0598948
9/6/2024 1:30,101.8490802
9/6/2024 1:45,109.8008626
9/6/2024 2:00,96.01777303
9/6/2024 2:15,90.1864659
9/6/2024 2:30,102.2798017
9/6/2024 2:45,88.92743368
9/6/2024 3:00,93.93043014
9/6/2024 3:15,91.84308725
9/6/2024 3:30,88.92743368
9/6/2024 3:45,93.49970859
9/6/2024 4:00,81.83709433
9/6/2024 4:15,100.6231804
9/6/2024 4:30,83.06299413
9/6/2024 4:45,137.7646309
9/6/2024 5:00,202.041539
9/6/2024 5:15,843.7172499
9/6/2024 5:30,1445.700313
9/6/2024 5:45,1467.832775
9/6/2024 6:00,1452.790653
9/6/2024 6:15,1467.832775
9/6/2024 6:30,1444.872003
9/6/2024 6:45,1603.907652
9/6/2024 7:00,1757.111993
9/6/2024 7:15,1751.280686
9/6/2024 7:30,1783.41914
9/6/2024 7:45,1827.253341
9/6/2024 8:00,1799.720294
9/6/2024 8:15,1785.937205
9/6/2024 8:30,1822.250345
9/6/2024 8:45,1967.105315
9/6/2024 9:00,1977.14444
9/6/2024 9:15,1999.67449
9/6/2024 9:30,2010.111205
9/6/2024 9:45,2008.023862
9/6/2024 10:00,2054.773716
9/6/2024 10:15,2076.906177
9/6/2024 10:30,1885.698942
9/6/2024 10:45,1904.91575
9/6/2024 11:00,2056.032749
9/6/2024 11:15,2043.07797
9/6/2024 11:30,2043.508691
9/6/2024 11:45,2047.252655
9/6/2024 12:00,2043.508691
9/6/2024 12:15,1919.52715
9/6/2024 12:30,1811.382909
9/6/2024 12:45,1828.943095
9/6/2024 13:00,1817.247348
9/6/2024 13:15,1836.033434
9/6/2024 13:30,1827.684063
9/6/2024 13:45,1869.430921
9/6/2024 14:00,1826.855752
9/6/2024 14:15,1836.861745
9/6/2024 14:30,1802.205226
9/6/2024 14:45,1793.027544
9/6/2024 15:00,1945.403575
9/6/2024 15:15,2118.653035
9/6/2024 15:30,1851.903867
9/6/2024 15:45,1799.720294
9/6/2024 16:00,1783.41914
9/6/2024 16:15,1792.199233
9/6/2024 16:30,1790.50948
9/6/2024 16:45,1785.937205
9/6/2024 17:00,1783.41914
9/6/2024 17:15,1800.548605
9/6/2024 17:30,1774.241458
9/6/2024 17:45,1766.322808
9/6/2024 18:00,1780.934208
9/6/2024 18:15,1770.066772
9/6/2024 18:30,1773.413147
9/6/2024 18:45,1784.678173
9/6/2024 19:00,1760.458369
9/6/2024 19:15,1798.858851
9/6/2024 19:30,1761.286679
9/6/2024 19:45,1783.849862
9/6/2024 20:00,1756.283683
9/6/2024 20:15,1792.596823
9/6/2024 20:30,1776.759523
9/6/2024 20:45,1756.714404
9/6/2024 21:00,1776.328801
9/6/2024 21:15,1790.111891
9/6/2024 21:30,1761.717401
9/6/2024 21:45,1749.624065
9/6/2024 22:00,1742.931315
9/6/2024 22:15,1780.503487
9/6/2024 22:30,1078.327964
9/6/2024 22:45,651.2509823
9/6/2024 23:00,602.4137851
9/6/2024 23:15,269.2672331
9/6/2024 23:30,187.8608603
9/6/2024 23:45,105.1954553
9/7/2024 0:00,102.7105233
9/7/2024 0:15,81.83709433
9/7/2024 0:30,88.49671213
9/7/2024 0:45,96.8460837
9/7/2024 1:00,82.66540501
9/7/2024 1:15,94.75874081
9/7/2024 1:30,82.23468346
9/7/2024 1:45,97.27680525
9/7/2024 2:00,85.58105857
9/7/2024 2:15,83.06299413
9/7/2024 2:30,102.7105233
9/7/2024 2:45,85.58105857
9/7/2024 3:00,95.58705148
9/7/2024 3:15,82.66540501
9/7/2024 3:30,84.32202635
9/7/2024 3:45,92.27380879
9/7/2024 4:00,81.40637279
9/7/2024 4:15,97.27680525
9/7/2024 4:30,82.66540501
9/7/2024 4:45,163.6410562
9/7/2024 5:00,504.7062583
9/7/2024 5:15,1398.519738
9/7/2024 5:30,1425.655195
9/7/2024 5:45,1417.305824
9/7/2024 6:00,1436.522631
9/7/2024 6:15,1416.046791
9/7/2024 6:30,1500.799539
9/7/2024 6:45,1783.021551
9/7/2024 7:00,1752.937308
9/7/2024 7:15,1713.277793
9/7/2024 7:30,1712.051893
9/7/2024 7:45,1712.449482
9/7/2024 8:00,1717.8832
9/7/2024 8:15,1732.063879
9/7/2024 8:30,1747.536722
9/7/2024 8:45,1732.925322
9/7/2024 9:00,1741.672283
9/7/2024 9:15,1776.328801
9/7/2024 9:30,1756.714404
9/7/2024 9:45,1767.548708
9/7/2024 10:00,1748.365033
9/7/2024 10:15,1791.768512
9/7/2024 10:30,1777.587833
9/7/2024 10:45,1799.720294
9/7/2024 11:00,1792.596823
9/7/2024 11:15,1890.304349
9/7/2024 11:30,1885.698942
9/7/2024 11:45,1787.593826
9/7/2024 12:00,1785.506483
9/7/2024 12:15,1742.103004
9/7/2024 12:30,1801.807637
9/7/2024 12:45,1650.657506
9/7/2024 13:00,1904.485028
9/7/2024 13:15,2132.833714
9/7/2024 13:30,2226.764144
9/7/2024 13:45,2217.586462
9/7/2024 14:00,2240.977955
9/7/2024 14:15,2236.372548
9/7/2024 14:30,2240.977955
9/7/2024 14:45,2171.664918
9/7/2024 15:00,2155.396897
9/7/2024 15:15,2172.09564
9/7/2024 15:30,2167.920954
9/7/2024 15:45,2155.794486
9/7/2024 16:00,2159.140861
9/7/2024 16:15,2134.921057
9/7/2024 16:30,2140.785496
9/7/2024 16:45,2148.306557
9/7/2024 17:00,2154.966175
9/7/2024 17:15,2147.445114
9/7/2024 17:30,2147.875836
9/7/2024 17:45,2156.655929
9/7/2024 18:00,2137.439121
9/7/2024 18:15,961.8343516
9/7/2024 18:30,762.7084662
9/7/2024 18:45,712.6122368
9/7/2024 19:00,618.6818067
9/7/2024 19:15,515.1429728
9/7/2024 19:30,310.5833693
9/7/2024 19:45,269.2672331
9/7/2024 20:00,215.4270394
9/7/2024 20:15,183.6861745
9/7/2024 20:30,192.4662676
9/7/2024 20:45,233.7824039
9/7/2024 21:00,184.5144852
9/7/2024 21:15,187.8608603
9/7/2024 21:30,203.3005712
9/7/2024 21:45,194.5536105
9/7/2024 22:00,167.4181529
9/7/2024 22:15,164.9000885
9/7/2024 22:30,196.2102318
9/7/2024 22:45,165.7283991
9/7/2024 23:00,169.9030849
9/7/2024 23:15,153.6350633
9/7/2024 23:30,168.6440527
9/7/2024 23:45,118.5478233
9/8/2024 0:00,69.71062611
9/8/2024 0:15,69.31303698
9/8/2024 0:30,73.88531189
9/8/2024 0:45,80.97565124
9/8/2024 1:00,64.2769081
9/8/2024 1:15,64.2769081
9/8/2024 1:30,62.62028676
9/8/2024 1:45,67.22569409
9/8/2024 2:00,60.96366542
9/8/2024 2:15,59.27391165
9/8/2024 2:30,60.10222232
9/8/2024 2:45,63.87931898
9/8/2024 3:00,62.18956521
9/8/2024 3:15,58.87632252
9/8/2024 3:30,57.18656875
9/8/2024 3:45,58.87632252
9/8/2024 4:00,64.2769081
9/8/2024 4:15,56.35825808
9/8/2024 4:30,59.27391165
9/8/2024 4:45,60.53294387
9/8/2024 5:00,59.27391165
9/8/2024 5:15,58.87632252
9/8/2024 5:30,53.44260452
9/8/2024 5:45,74.71362256
9/8/2024 6:00,63.05100831
9/8/2024 6:15,53.84019364
9/8/2024 6:30,55.92753653
9/8/2024 6:45,54.27091519
9/8/2024 7:00,67.62328321
9/8/2024 7:15,54.27091519
9/8/2024 7:30,58.44560097
9/8/2024 7:45,58.87632252
9/8/2024 8:00,75.57506566
9/8/2024 8:15,59.27391165
9/8/2024 8:30,62.62028676
9/8/2024 8:45,73.48772277
9/8/2024 9:00,64.70762965
9/8/2024 9:15,63.05100831
9/8/2024 9:30,69.31303698
9/8/2024 9:45,65.1383512
9/8/2024 10:00,75.14434411
9/8/2024 10:15,71.40037987
9/8/2024 10:30,70.96965833
9/8/2024 10:45,83.06299413
9/8/2024 11:00,70.96965833
9/8/2024 11:15,78.49071922
9/8/2024 11:30,83.49371568
9/8/2024 11:45,78.05999767
9/8/2024 12:00,75.97265478
9/8/2024 12:15,79.31902989
9/8/2024 12:30,86.40936924
9/8/2024 12:45,69.71062611
9/8/2024 13:00,87.66840146
9/8/2024 13:15,81.83709433
9/8/2024 13:30,80.14734056
9/8/2024 13:45,85.58105857
9/8/2024 14:00,86.84009079
9/8/2024 14:15,81.40637279
9/8/2024 14:30,78.05999767
9/8/2024 14:45,87.23767991
9/8/2024 15:00,77.231687
9/8/2024 15:15,79.31902989
9/8/2024 15:30,72.22869055
9/8/2024 15:45,84.32202635
9/8/2024 16:00,73.48772277
9/8/2024 16:15,71.40037987
9/8/2024 16:30,82.66540501
9/8/2024 16:45,74.31603344
9/8/2024 17:00,69.31303698
9/8/2024 17:15,85.58105857
9/8/2024 17:30,74.31603344
9/8/2024 17:45,74.31603344
9/8/2024 18:00,90.1864659
9/8/2024 18:15,62.62028676
9/8/2024 18:30,71.40037987
9/8/2024 18:45,88.09912301
9/8/2024 19:00,63.05100831
9/8/2024 19:15,76.40337633
9/8/2024 19:30,75.57506566
9/8/2024 19:45,69.71062611
9/8/2024 20:00,57.6172903
9/8/2024 20:15,84.32202635
9/8/2024 20:30,65.96666187
9/8/2024 20:45,67.22569409
9/8/2024 21:00,59.27391165
9/8/2024 21:15,59.27391165
9/8/2024 21:30,63.87931898
9/8/2024 21:45,60.10222232
9/8/2024 22:00,60.53294387
9/8/2024 22:15,54.27091519
9/8/2024 22:30,59.27391165
9/8/2024 22:45,62.62028676
9/8/2024 23:00,56.35825808
9/8/2024 23:15,57.6172903
9/8/2024 23:30,53.01188297
9/8/2024 23:45,58.44560097
9/9/2024 0:00,53.44260452
9/9/2024 0:15,52.61429385
9/9/2024 0:30,53.01188297
9/9/2024 0:45,55.52994741
9/9/2024 1:00,53.84019364
9/9/2024 1:15,53.44260452
9/9/2024 1:30,53.44260452
9/9/2024 1:45,55.52994741
9/9/2024 2:00,53.44260452
9/9/2024 2:15,53.84019364
9/9/2024 2:30,53.84019364
9/9/2024 2:45,54.27091519
9/9/2024 3:00,53.01188297
9/9/2024 3:15,53.44260452
9/9/2024 3:30,54.70163674
9/9/2024 3:45,53.01188297
9/9/2024 4:00,50.52695096
9/9/2024 4:15,51.75285075
9/9/2024 4:30,53.44260452
9/9/2024 4:45,50.52695096
9/9/2024 5:00,48.00888651
9/9/2024 5:15,48.00888651
9/9/2024 5:30,49.26791874
9/9/2024 5:45,46.74985429
9/9/2024 6:00,46.74985429
9/9/2024 6:15,48.00888651
9/9/2024 6:30,46.35226517
9/9/2024 6:45,46.35226517
9/9/2024 7:00,46.35226517
9/9/2024 7:15,47.57816497
9/9/2024 7:30,46.35226517
9/9/2024 7:45,46.35226517
9/9/2024 8:00,46.35226517
9/9/2024 8:15,49.26791874
9/9/2024 8:30,55.52994741
9/9/2024 8:45,45.92154362
9/9/2024 9:00,46.35226517
9/9/2024 9:15,46.74985429
9/9/2024 9:30,45.92154362
9/9/2024 9:45,45.49082207
9/9/2024 10:00,47.18057584
9/9/2024 10:15,55.09922586
9/9/2024 10:30,49.26791874
9/9/2024 10:45,59.70463319
9/9/2024 11:00,75.57506566
9/9/2024 11:15,55.92753653
9/9/2024 11:30,80.14734056
9/9/2024 11:45,69.31303698
9/9/2024 12:00,68.88231543
9/9/2024 12:15,87.23767991
9/9/2024 12:30,68.88231543
9/9/2024 12:45,95.18946236
9/9/2024 13:00,75.57506566
9/9/2024 13:15,88.09912301
9/9/2024 13:30,96.44849458
9/9/2024 13:45,94.75874081
9/9/2024 14:00,85.15033702
9/9/2024 14:15,109.3701411
9/9/2024 14:30,93.49970859
9/9/2024 14:45,92.27380879
9/9/2024 15:00,105.1954553
9/9/2024 15:15,88.09912301
9/9/2024 15:30,98.93342659
9/9/2024 15:45,101.0207695
9/9/2024 16:00,88.92743368
9/9/2024 16:15,108.1111088
9/9/2024 16:30,90.58405502
9/9/2024 16:45,96.01777303
9/9/2024 17:00,103.5388339
9/9/2024 17:15,82.66540501
9/9/2024 17:30,97.67439437
9/9/2024 17:45,90.1864659
9/9/2024 18:00,89.3250228
9/9/2024 18:15,88.09912301
9/9/2024 18:30,86.84009079
9/9/2024 18:45,90.1864659
9/9/2024 19:00,75.57506566
9/9/2024 19:15,95.18946236
9/9/2024 19:30,73.48772277
9/9/2024 19:45,76.80096545
9/9/2024 20:00,95.18946236
9/9/2024 20:15,70.14134765
9/9/2024 20:30,72.22869055
9/9/2024 20:45,74.31603344
9/9/2024 21:00,80.57806211
9/9/2024 21:15,65.96666187
9/9/2024 21:30,64.2769081
9/9/2024 21:45,68.05400476
9/9/2024 22:00,78.88830834
9/9/2024 22:15,70.96965833
9/9/2024 22:30,63.87931898
9/9/2024 22:45,58.44560097
9/9/2024 23:00,64.2769081
9/9/2024 23:15,64.70762965
9/9/2024 23:30,63.44859743
9/9/2024 23:45,63.44859743
9/10/2024 0:00,60.10222232
9/10/2024 0:15,56.35825808
9/10/2024 0:30,57.18656875
9/10/2024 0:45,60.96366542
9/10/2024 1:00,57.18656875
9/10/2024 1:15,54.70163674
9/10/2024 1:30,59.70463319
9/10/2024 1:45,54.27091519
9/10/2024 2:00,57.6172903
9/10/2024 2:15,53.84019364
9/10/2024 2:30,55.52994741
9/10/2024 2:45,53.84019364
9/10/2024 3:00,53.01188297
9/10/2024 3:15,53.84019364
9/10/2024 3:30,56.35825808
9/10/2024 3:45,53.84019364
9/10/2024 4:00,53.44260452
9/10/2024 4:15,55.09922586
9/10/2024 4:30,53.84019364
9/10/2024 4:45,53.84019364
9/10/2024 5:00,53.01188297
9/10/2024 5:15,54.27091519
9/10/2024 5:30,49.66550786
9/10/2024 5:45,133.5899451
9/10/2024 6:00,124.4122628
9/10/2024 6:15,124.4122628
9/10/2024 6:30,124.4122628
9/10/2024 6:45,125.6712951
9/10/2024 7:00,134.8489773
9/10/2024 7:15,182.0295531
9/10/2024 7:30,158.6380598
9/10/2024 7:45,131.0718806
9/10/2024 8:00,149.029656
9/10/2024 8:15,196.2102318
9/10/2024 8:30,169.9030849
9/10/2024 8:45,153.2043418
9/10/2024 9:00,149.8579667
9/10/2024 9:15,142.3700382
9/10/2024 9:30,137.7646309
9/10/2024 9:45,174.5084923
9/10/2024 10:00,204.1288819
9/10/2024 10:15,178.683178
9/10/2024 10:30,193.6921674
9/10/2024 10:45,220.827625
9/10/2024 11:00,174.5084923
9/10/2024 11:15,202.041539
9/10/2024 11:30,193.6921674
9/10/2024 11:45,184.5144852
9/10/2024 12:00,182.4271423
9/10/2024 12:15,165.7283991
9/10/2024 12:30,160.2946811
9/10/2024 12:45,202.4722605
9/10/2024 13:00,192.0355461
9/10/2024 13:15,186.6018281
9/10/2024 13:30,194.5536105
9/10/2024 13:45,186.6018281
9/10/2024 14:00,179.9422103
9/10/2024 14:15,201.6439498
9/10/2024 14:30,196.2102318
9/10/2024 14:45,175.3368029
9/10/2024 15:00,183.6861745
9/10/2024 15:15,186.2042389
9/10/2024 15:30,128.1562271
9/10/2024 15:45,126.4996057
9/10/2024 16:00,99.76173726
9/10/2024 16:15,84.32202635
9/10/2024 16:30,81.40637279
9/10/2024 16:45,81.40637279
9/10/2024 17:00,81.40637279
9/10/2024 17:15,99.36414814
9/10/2024 17:30,90.58405502
9/10/2024 17:45,87.66840146
9/10/2024 18:00,94.75874081
9/10/2024 18:15,83.92443723
9/10/2024 18:30,92.67139792
9/10/2024 18:45,95.18946236
9/10/2024 19:00,67.62328321
9/10/2024 19:15,73.88531189
9/10/2024 19:30,64.2769081
9/10/2024 19:45,72.22869055
9/10/2024 20:00,63.05100831
9/10/2024 20:15,72.62627967
9/10/2024 20:30,80.97565124
9/10/2024 20:45,63.87931898
9/10/2024 21:00,64.2769081
9/10/2024 21:15,63.87931898
9/10/2024 21:30,64.70762965
9/10/2024 21:45,62.62028676
9/10/2024 22:00,63.44859743
9/10/2024 22:15,65.96666187
9/10/2024 22:30,64.70762965
9/10/2024 22:45,68.88231543
9/10/2024 23:00,62.62028676
9/10/2024 23:15,65.1383512
9/10/2024 23:30,63.05100831
9/10/2024 23:45,64.2769081
9/11/2024 0:00,64.70762965
9/11/2024 0:15,63.05100831
9/11/2024 0:30,63.05100831
9/11/2024 0:45,62.62028676
9/11/2024 1:00,64.2769081
9/11/2024 1:15,62.62028676
9/11/2024 1:30,63.05100831
9/11/2024 1:45,64.2769081
9/11/2024 2:00,59.27391165
9/11/2024 2:15,60.96366542
9/11/2024 2:30,58.01487943
9/11/2024 2:45,63.05100831
9/11/2024 3:00,58.01487943
9/11/2024 3:15,56.78897963
9/11/2024 3:30,58.87632252
9/11/2024 3:45,65.1383512
9/11/2024 4:00,55.09922586
9/11/2024 4:15,57.18656875
9/11/2024 4:30,60.10222232
9/11/2024 4:45,115.2345806
9/11/2024 5:00,596.9800671
9/11/2024 5:15,1754.627061
9/11/2024 5:30,1745.449379
9/11/2024 5:45,1748.365033
9/11/2024 6:00,1738.756629
9/11/2024 6:15,1913.66271
9/11/2024 6:30,2166.661922
9/11/2024 6:45,2161.658925
9/11/2024 7:00,2154.568586
9/11/2024 7:15,2114.909071
9/11/2024 7:30,2073.559802
9/11/2024 7:45,2208.839501
9/11/2024 8:00,2081.909174
9/11/2024 8:15,2063.123088
9/11/2024 8:30,2217.188873
9/11/2024 8:45,2115.30666
9/11/2024 9:00,2090.689267
9/11/2024 9:15,2243.462887
9/11/2024 9:30,2208.40878
9/11/2024 9:45,2068.556806
9/11/2024 10:00,2109.475353
9/11/2024 10:15,2209.667812
9/11/2024 10:30,2201.716029
9/11/2024 10:45,2114.909071
9/11/2024 11:00,2238.062302
9/11/2024 11:15,2154.568586
9/11/2024 11:30,2130.348782
9/11/2024 11:45,2086.91217
9/11/2024 12:00,2094.035642
9/11/2024 12:15,2107.38801
9/11/2024 12:30,2210.926844
9/11/2024 12:45,2250.155638
9/11/2024 13:00,2147.445114
9/11/2024 13:15,812.8046956
9/11/2024 13:30,722.6513622
9/11/2024 13:45,829.9341603
9/11/2024 14:00,697.1725259
9/11/2024 14:15,672.9527219
9/11/2024 14:30,508.8809441
9/11/2024 14:45,515.1429728
9/11/2024 15:00,548.1428699
9/11/2024 15:15,398.6824924
9/11/2024 15:30,301.8364087
9/11/2024 15:45,264.2642366
9/11/2024 16:00,173.24946
9/11/2024 16:15,166.9874314
9/11/2024 16:30,155.7224062
9/11/2024 16:45,188.6891709
9/11/2024 17:00,152.8067527
9/11/2024 17:15,182.4271423
9/11/2024 17:30,164.4693669
9/11/2024 17:45,169.9030849
9/11/2024 18:00,172.8187385
9/11/2024 18:15,162.8127456
9/11/2024 18:30,176.5958351
9/11/2024 18:45,157.3790276
9/11/2024 19:00,156.1199953
9/11/2024 19:15,169.9030849
9/11/2024 19:30,153.6350633
9/11/2024 19:45,157.3790276
9/11/2024 20:00,156.9814384
9/11/2024 20:15,141.9393167
9/11/2024 20:30,164.9000885
9/11/2024 20:45,133.1592235
9/11/2024 21:00,141.9393167
9/11/2024 21:15,144.8549702
9/11/2024 21:30,140.6802844
9/11/2024 21:45,125.6712951
9/11/2024 22:00,133.1592235
9/11/2024 22:15,151.5477204
9/11/2024 22:30,121.0658877
9/11/2024 22:45,139.4212522
9/11/2024 23:00,119.8068555
9/11/2024 23:15,139.0236631
9/11/2024 23:30,120.6351662
9/11/2024 23:45,157.3790276
9/12/2024 0:00,120.6351662
9/12/2024 0:15,123.1532306
9/12/2024 0:30,131.5026022
9/12/2024 0:45,124.809852
9/12/2024 1:00,130.24357
9/12/2024 1:15,121.4966093
9/12/2024 1:30,137.3339093
9/12/2024 1:45,118.5478233
9/12/2024 2:00,119.8068555
9/12/2024 2:15,132.3309129
9/12/2024 2:30,117.7195126
9/12/2024 2:45,120.2375771
9/12/2024 3:00,123.9815413
9/12/2024 3:15,121.8941984
9/12/2024 3:30,128.9845378
9/12/2024 3:45,115.6321697
9/12/2024 4:00,123.1532306
9/12/2024 4:15,122.7225091
9/12/2024 4:30,114.8038591
9/12/2024 4:45,288.8816298
9/12/2024 5:00,673.7810325
9/12/2024 5:15,555.2332093
9/12/2024 5:30,525.5796872
9/12/2024 5:45,523.9230659
9/12/2024 6:00,540.1910875
9/12/2024 6:15,547.3145592
9/12/2024 6:30,826.5877852
9/12/2024 6:45,1947.490918
9/12/2024 7:00,1995.930526
9/12/2024 7:15,1987.581155
9/12/2024 7:30,1982.147437
9/12/2024 7:45,2041.85207
9/12/2024 8:00,2108.647042
9/12/2024 8:15,2202.577473
9/12/2024 8:30,2189.191972
9/12/2024 8:45,2023.463573
9/12/2024 9:00,2126.571685
9/12/2024 9:15,2194.228101
9/12/2024 9:30,2027.638259
9/12/2024 9:45,2003.418455
9/12/2024 10:00,2039.764727
9/12/2024 10:15,2116.134971
9/12/2024 10:30,2134.523468
9/12/2024 10:45,2042.680381
9/12/2024 11:00,2145.788493
9/12/2024 11:15,2207.978058
9/12/2024 11:30,2140.354775
9/12/2024 11:45,2035.15932
9/12/2024 12:00,2023.894295
9/12/2024 12:15,2046.026756
9/12/2024 12:30,1282.887568
9/12/2024 12:45,769.4012165
9/12/2024 13:00,894.64179
9/12/2024 13:15,708.8682726
9/12/2024 13:30,740.178416
9/12/2024 13:45,679.2147505
9/12/2024 14:00,646.645575
9/12/2024 14:15,624.9438354
9/12/2024 14:30,602.4137851
9/12/2024 14:45,630.3775534
9/12/2024 15:00,749.3560982
9/12/2024 15:15,529.3567839
9/12/2024 15:30,341.8935127
9/12/2024 15:45,268.8365115
9/12/2024 16:00,166.1591207
9/12/2024 16:15,159.897092
9/12/2024 16:30,152.3760311
9/12/2024 16:45,150.2886882
9/12/2024 17:00,165.7283991
9/12/2024 17:15,154.463374
9/12/2024 17:30,154.0326525
9/12/2024 17:45,162.382024
9/12/2024 18:00,149.8579667
9/12/2024 18:15,146.544724
9/12/2024 18:30,159.4663705
9/12/2024 18:45,147.7706238
9/12/2024 19:00,146.544724
9/12/2024 19:15,157.3790276
9/12/2024 19:30,134.4182558
9/12/2024 19:45,134.0206666
9/12/2024 20:00,152.8067527
9/12/2024 20:15,151.5477204
9/12/2024 20:30,119.8068555
9/12/2024 20:45,131.0718806
9/12/2024 21:00,149.029656
9/12/2024 21:15,103.936423
9/12/2024 21:30,132.3309129
9/12/2024 21:45,129.4152593
9/12/2024 22:00,113.9755484
9/12/2024 22:15,122.32492
9/12/2024 22:30,123.5839522
9/12/2024 22:45,113.9755484
9/12/2024 23:00,106.0237659
9/12/2024 23:15,139.0236631
9/12/2024 23:30,92.67139792
9/12/2024 23:45,112.7165162
9/13/2024 0:00,115.2345806
9/13/2024 0:15,111.8882055
9/13/2024 0:30,97.27680525
9/13/2024 0:45,110.1984517
9/13/2024 1:00,121.4966093
9/13/2024 1:15,95.58705148
9/13/2024 1:30,110.1984517
9/13/2024 1:45,107.7135197
9/13/2024 2:00,102.2798017
9/13/2024 2:15,104.3671446
9/13/2024 2:30,112.2857946
9/13/2024 2:45,106.4544875
9/13/2024 3:00,97.67439437
9/13/2024 3:15,103.936423
9/13/2024 3:30,111.4574839
9/13/2024 3:45,87.23767991
9/13/2024 4:00,107.7135197
9/13/2024 4:15,110.6291733
9/13/2024 4:30,84.7527479
9/13/2024 4:45,283.4479118
9/13/2024 5:00,665.8623825
9/13/2024 5:15,712.6122368
9/13/2024 5:30,668.7780361
9/13/2024 5:45,588.6306955
9/13/2024 6:00,591.9770706
9/13/2024 6:15,596.5493455
9/13/2024 6:30,628.2902105
9/13/2024 6:45,644.1606429
9/13/2024 7:00,617.853496
9/13/2024 7:15,697.1725259
9/13/2024 7:30,784.0126167
9/13/2024 7:45,656.2539787
9/13/2024 8:00,689.2538759
9/13/2024 8:15,686.7358114
9/13/2024 8:30,787.3589918
9/13/2024 8:45,829.9341603
9/13/2024 9:00,993.5752166
9/13/2024 9:15,1147.607869
9/13/2024 9:30,1059.111157
9/13/2024 9:45,1042.412414
9/13/2024 10:00,932.213962
9/13/2024 10:15,906.7351258
9/13/2024 10:30,914.2561867
9/13/2024 10:45,1002.35531
9/13/2024 11:00,2166.661922
9/13/2024 11:15,2495.203067
9/13/2024 11:30,2520.681903
9/13/2024 11:45,2514.817463
9/13/2024 12:00,2541.952921
9/13/2024 12:15,2488.543449
9/13/2024 12:30,2503.98316
9/13/2024 12:45,2665.106151
9/13/2024 13:00,2675.973587
9/13/2024 13:15,2659.705566
9/13/2024 13:30,2691.015709
9/13/2024 13:45,2706.45542
9/13/2024 14:00,1908.262125
9/13/2024 14:15,1192.701102
9/13/2024 14:30,1164.737334
9/13/2024 14:45,729.7417015
9/13/2024 15:00,742.2657589
9/13/2024 15:15,625.772146
9/13/2024 15:30,327.2821125
9/13/2024 15:45,273.0111973
9/13/2024 16:00,178.683178
9/13/2024 16:15,164.4693669
9/13/2024 16:30,164.9000885
9/13/2024 16:45,175.7675245
9/13/2024 17:00,159.0687813
9/13/2024 17:15,164.0717778
9/13/2024 17:30,173.6801816
9/13/2024 17:45,155.2916847
9/13/2024 18:00,164.4693669
9/13/2024 18:15,169.5054958
9/13/2024 18:30,151.1169989
9/13/2024 18:45,159.4663705
9/13/2024 19:00,164.0717778
9/13/2024 19:15,150.2886882
9/13/2024 19:30,139.0236631
9/13/2024 19:45,161.5537134
9/13/2024 20:00,149.029656
9/13/2024 20:15,159.0687813
9/13/2024 20:30,140.2826953
9/13/2024 20:45,143.595938
9/13/2024 21:00,153.6350633
9/13/2024 21:15,151.1169989
9/13/2024 21:30,148.6320669
9/13/2024 21:45,136.1080095
9/13/2024 22:00,155.7224062
9/13/2024 22:15,132.3309129
9/13/2024 22:30,144.8549702
9/13/2024 22:45,148.2013453
9/13/2024 23:00,139.8519738
9/13/2024 23:15,138.1953524
9/13/2024 23:30,146.9423131
9/13/2024 23:45,129.4152593
9/14/2024 0:00,111.8882055
9/14/2024 0:15,133.5899451
9/14/2024 0:30,112.2857946
9/14/2024 0:45,134.0206666
9/14/2024 1:00,123.5839522
9/14/2024 1:15,119.4092664
9/14/2024 1:30,124.809852
9/14/2024 1:45,119.4092664
9/14/2024 2:00,134.0206666
9/14/2024 2:15,115.2345806
9/14/2024 2:30,114.8038591
9/14/2024 2:45,137.7646309
9/14/2024 3:00,113.5448268
9/14/2024 3:15,112.7165162
9/14/2024 3:30,128.1562271
9/14/2024 3:45,122.7225091
9/14/2024 4:00,111.4574839
9/14/2024 4:15,112.7165162
9/14/2024 4:30,112.2857946
9/14/2024 4:45,178.2524565
9/14/2024 5:00,252.5684899
9/14/2024 5:15,575.6759166
9/14/2024 5:30,658.7720432
9/14/2024 5:45,590.7180384
9/14/2024 6:00,612.8504996
9/14/2024 6:15,617.0251853
9/14/2024 6:30,628.720932
9/14/2024 6:45,756.8771591
9/14/2024 7:00,871.2502966
9/14/2024 7:15,938.4759907
9/14/2024 7:30,866.2473002
9/14/2024 7:45,709.6965833
9/14/2024 8:00,698.4315581
9/14/2024 8:15,725.5670157
9/14/2024 8:30,720.5640193
9/14/2024 8:45,717.6152333
9/14/2024 9:00,707.6092404
9/14/2024 9:15,643.7299214
9/14/2024 9:30,576.1066382
9/14/2024 9:45,615.3354316
9/14/2024 10:00,639.1576465
9/14/2024 10:15,596.9800671
9/14/2024 10:30,654.9949465
9/14/2024 10:45,635.8112714
9/14/2024 11:00,589.8897277
9/14/2024 11:15,652.5100145
9/14/2024 11:30,637.8986143
9/14/2024 11:45,579.8506024
9/14/2024 12:00,563.5825808
9/14/2024 12:15,563.1518593
9/14/2024 12:30,592.8053813
9/14/2024 12:45,609.934846
9/14/2024 13:00,604.8987171
9/14/2024 13:15,604.501128
9/14/2024 13:30,584.8867313
9/14/2024 13:45,273.4419188
9/14/2024 14:00,214.9963179
9/14/2024 14:15,209.1650107
9/14/2024 14:30,220.827625
9/14/2024 14:45,209.9933214
9/14/2024 15:00,165.7283991
9/14/2024 15:15,168.6440527
9/14/2024 15:30,155.2916847
9/14/2024 15:45,183.2554529
9/14/2024 16:00,159.0687813
9/14/2024 16:15,136.5055986
9/14/2024 16:30,140.2826953
9/14/2024 16:45,152.8067527
9/14/2024 17:00,151.5477204
9/14/2024 17:15,155.7224062
9/14/2024 17:30,154.0326525
9/14/2024 17:45,143.1983489
9/14/2024 18:00,146.544724
9/14/2024 18:15,139.4212522
9/14/2024 18:30,148.2013453
9/14/2024 18:45,144.4573811
9/14/2024 19:00,140.6802844
9/14/2024 19:15,146.1140024
9/14/2024 19:30,131.5026022
9/14/2024 19:45,127.758638
9/14/2024 20:00,141.9393167
9/14/2024 20:15,139.0236631
9/14/2024 20:30,121.0658877
9/14/2024 20:45,130.6742915
9/14/2024 21:00,129.8459808
9/14/2024 21:15,113.9755484
9/14/2024 21:30,135.677288
9/14/2024 21:45,108.5418304
9/14/2024 22:00,125.6712951
9/14/2024 22:15,123.9815413
9/14/2024 22:30,109.3701411
9/14/2024 22:45,126.4996057
9/14/2024 23:00,105.6261768
9/14/2024 23:15,117.3219235
9/14/2024 23:30,114.8038591
9/14/2024 23:45,104.3671446
9/15/2024 0:00,121.8941984
9/15/2024 0:15,106.0237659
9/15/2024 0:30,100.1924588
9/15/2024 0:45,118.5478233
9/15/2024 1:00,96.01777303
9/15/2024 1:15,96.01777303
9/15/2024 1:30,107.7135197
9/15/2024 1:45,101.0207695
9/15/2024 2:00,93.10211947
9/15/2024 2:15,107.2827982
9/15/2024 2:30,101.8490802
9/15/2024 2:45,95.18946236
9/15/2024 3:00,102.7105233
9/15/2024 3:15,106.0237659
9/15/2024 3:30,96.8460837
9/15/2024 3:45,97.67439437
9/15/2024 4:00,109.3701411
9/15/2024 4:15,95.58705148
9/15/2024 4:30,97.27680525
9/15/2024 4:45,105.6261768
9/15/2024 5:00,97.27680525
9/15/2024 5:15,95.58705148
9/15/2024 5:30,99.36414814
9/15/2024 5:45,106.0237659
9/15/2024 6:00,101.451491
9/15/2024 6:15,91.4123657
9/15/2024 6:30,104.7978661
9/15/2024 6:45,100.6231804
9/15/2024 7:00,93.49970859
9/15/2024 7:15,95.18946236
9/15/2024 7:30,107.7135197
9/15/2024 7:45,92.27380879
9/15/2024 8:00,96.01777303
9/15/2024 8:15,109.3701411
9/15/2024 8:30,101.451491
9/15/2024 8:45,100.1924588
9/15/2024 9:00,109.8008626
9/15/2024 9:15,101.8490802
9/15/2024 9:30,99.76173726
9/15/2024 9:45,115.2345806
9/15/2024 10:00,92.27380879
9/15/2024 10:15,111.0598948
9/15/2024 10:30,110.1984517
9/15/2024 10:45,104.3671446
9/15/2024 11:00,126.8971949
9/15/2024 11:15,106.0237659
9/15/2024 11:30,117.7195126
9/15/2024 11:45,121.8941984
9/15/2024 12:00,103.5388339
9/15/2024 12:15,123.1532306
9/15/2024 12:30,113.5448268
9/15/2024 12:45,117.7195126
9/15/2024 13:00,127.3279164
9/15/2024 13:15,113.5448268
9/15/2024 13:30,109.8008626
9/15/2024 13:45,125.2405735
9/15/2024 14:00,125.6712951
9/15/2024 14:15,104.3671446
9/15/2024 14:30,125.6712951
9/15/2024 14:45,127.758638
9/15/2024 15:00,123.1532306
9/15/2024 15:15,106.885209
9/15/2024 15:30,136.1080095
9/15/2024 15:45,133.1592235
9/15/2024 16:00,136.1080095
9/15/2024 16:15,137.7646309
9/15/2024 16:30,121.4966093
9/15/2024 16:45,129.4152593
9/15/2024 17:00,142.7676273
9/15/2024 17:15,132.7616344
9/15/2024 17:30,138.1953524
9/15/2024 17:45,141.111006
9/15/2024 18:00,130.24357
9/15/2024 18:15,121.4966093
9/15/2024 18:30,142.7676273
9/15/2024 18:45,141.9393167
9/15/2024 19:00,135.2465664
9/15/2024 19:15,137.3339093
9/15/2024 19:30,117.7195126
9/15/2024 19:45,134.4182558
9/15/2024 20:00,135.2465664
9/15/2024 20:15,132.7616344
9/15/2024 20:30,109.8008626
9/15/2024 20:45,128.1562271
9/15/2024 21:00,129.4152593
9/15/2024 21:15,114.3731375
9/15/2024 21:30,118.9785448
9/15/2024 21:45,130.24357
9/15/2024 22:00,108.5418304
9/15/2024 22:15,124.809852
9/15/2024 22:30,127.3279164
9/15/2024 22:45,106.885209
9/15/2024 23:00,127.3279164
9/15/2024 23:15,123.5839522
9/15/2024 23:30,109.8008626
9/15/2024 23:45,128.5869486
9/16/2024 0:00,123.5839522
9/16/2024 0:15,119.4092664
9/16/2024 0:30,128.1562271
9/16/2024 0:45,101.451491
9/16/2024 1:00,106.0237659
9/16/2024 1:15,115.2345806
9/16/2024 1:30,96.44849458
9/16/2024 1:45,113.1472377
9/16/2024 2:00,99.36414814
9/16/2024 2:15,107.7135197
9/16/2024 2:30,103.936423
9/16/2024 2:45,91.4123657
9/16/2024 3:00,111.8882055
9/16/2024 3:15,102.7105233
9/16/2024 3:30,92.67139792
9/16/2024 3:45,107.2827982
9/16/2024 4:00,100.1924588
9/16/2024 4:15,100.6231804
9/16/2024 4:30,111.8882055
9/16/2024 4:45,92.67139792
9/16/2024 5:00,103.5388339
9/16/2024 5:15,116.4604804
9/16/2024 5:30,94.75874081
9/16/2024 5:45,104.7978661
9/16/2024 6:00,111.0598948
9/16/2024 6:15,101.451491
9/16/2024 6:30,109.8008626
9/16/2024 6:45,113.5448268
9/16/2024 7:00,103.5388339
9/16/2024 7:15,126.0688842
9/16/2024 7:30,121.0658877
9/16/2024 7:45,104.7978661
9/16/2024 8:00,124.4122628
9/16/2024 8:15,129.4152593
9/16/2024 8:30,135.2465664
9/16/2024 8:45,140.6802844
9/16/2024 9:00,136.5055986
9/16/2024 9:15,138.5929415
9/16/2024 9:30,145.6832809
9/16/2024 9:45,139.0236631
9/16/2024 10:00,147.7706238
9/16/2024 10:15,148.6320669
9/16/2024 10:30,146.9423131
9/16/2024 10:45,148.2013453
9/16/2024 11:00,149.8579667
9/16/2024 11:15,153.6350633
9/16/2024 11:30,154.0326525
9/16/2024 11:45,150.7194098
9/16/2024 12:00,152.8067527
9/16/2024 12:15,152.3760311
9/16/2024 12:30,154.463374
9/16/2024 12:45,162.382024
9/16/2024 13:00,154.0326525
9/16/2024 13:15,154.0326525
9/16/2024 13:30,152.3760311
9/16/2024 13:45,152.8067527
9/16/2024 14:00,151.9453096
9/16/2024 14:15,154.463374
9/16/2024 14:30,154.0326525
9/16/2024 14:45,156.1199953
9/16/2024 15:00,154.8940956
9/16/2024 15:15,156.5507169
9/16/2024 15:30,156.5507169
9/16/2024 15:45,155.7224062
9/16/2024 16:00,157.3790276
9/16/2024 16:15,156.9814384
9/16/2024 16:30,155.7224062
9/16/2024 16:45,156.1199953
9/16/2024 17:00,157.8097491
9/16/2024 17:15,157.8097491
9/16/2024 17:30,155.7224062
9/16/2024 17:45,155.7224062
9/16/2024 18:00,158.6380598
9/16/2024 18:15,154.0326525
9/16/2024 18:30,156.5507169
9/16/2024 18:45,156.5507169
9/16/2024 19:00,157.3790276
9/16/2024 19:15,154.463374
9/16/2024 19:30,154.463374
9/16/2024 19:45,152.8067527
9/16/2024 20:00,153.6350633
9/16/2024 20:15,152.3760311
9/16/2024 20:30,151.5477204
9/16/2024 20:45,150.2886882
9/16/2024 21:00,150.7194098
9/16/2024 21:15,145.6832809
9/16/2024 21:30,148.2013453
9/16/2024 21:45,145.2856918
9/16/2024 22:00,149.4603775
9/16/2024 22:15,142.7676273
9/16/2024 22:30,149.029656
9/16/2024 22:45,144.4573811
9/16/2024 23:00,137.7646309
9/16/2024 23:15,139.4212522
9/16/2024 23:30,142.7676273
9/16/2024 23:45,137.7646309
9/17/2024 0:00,137.7646309
9/17/2024 0:15,145.2856918
9/17/2024 0:30,137.3339093
9/17/2024 0:45,135.677288
9/17/2024 1:00,126.0688842
9/17/2024 1:15,127.758638
9/17/2024 1:30,132.7616344
9/17/2024 1:45,137.7646309
9/17/2024 2:00,137.7646309
9/17/2024 2:15,132.3309129
9/17/2024 2:30,141.111006
9/17/2024 2:45,129.8459808
9/17/2024 3:00,111.4574839
9/17/2024 3:15,127.3279164
9/17/2024 3:30,134.8489773
9/17/2024 3:45,114.3731375
9/17/2024 4:00,112.7165162
9/17/2024 4:15,126.4996057
9/17/2024 4:30,116.4604804
9/17/2024 4:45,109.8008626
9/17/2024 5:00,115.6321697
9/17/2024 5:15,116.8912019
9/17/2024 5:30,117.3219235
9/17/2024 5:45,124.4122628
9/17/2024 6:00,146.9423131
9/17/2024 6:15,150.7194098
9/17/2024 6:30,185.7735174
9/17/2024 6:45,232.5233717
9/17/2024 7:00,305.5803729
9/17/2024 7:15,799.4523276
9/17/2024 7:30,1807.638944
9/17/2024 7:45,1897.394689
9/17/2024 8:00,1904.087439
9/17/2024 8:15,1932.051207
9/17/2024 8:30,1996.328115
9/17/2024 8:45,2020.978641
9/17/2024 9:00,2018.891298
9/17/2024 9:15,2016.373234
9/17/2024 9:30,2010.541926
9/17/2024 9:45,2002.192555
9/17/2024 10:00,2010.939516
9/17/2024 10:15,2028.897291
9/17/2024 10:30,2015.544923
9/17/2024 10:45,2029.328013
9/17/2024 11:00,2020.117198
9/17/2024 11:15,2016.803955
9/17/2024 11:30,1995.930526
9/17/2024 11:45,2018.460576
9/17/2024 12:00,2006.367241
9/17/2024 12:15,2000.502801
9/17/2024 12:30,2013.026858
9/17/2024 12:45,2025.550916
9/17/2024 13:00,2014.716612
9/17/2024 13:15,2023.894295
9/17/2024 13:30,2048.114099
9/17/2024 13:45,2051.029752
9/17/2024 14:00,2009.680483
9/17/2024 14:15,734.744698
9/17/2024 14:30,609.934846
9/17/2024 14:45,504.7062583
9/17/2024 15:00,406.6011424
9/17/2024 15:15,341.0652021
9/17/2024 15:30,345.2398878
9/17/2024 15:45,268.0082008
9/17/2024 16:00,260.0895508
9/17/2024 16:15,266.7491686
9/17/2024 16:30,257.1738973
9/17/2024 16:45,260.0895508
9/17/2024 17:00,263.4359259
9/17/2024 17:15,250.9118686
9/17/2024 17:30,254.6558328
9/17/2024 17:45,264.6618257
9/17/2024 18:00,250.9118686
9/17/2024 18:15,252.9992115
9/17/2024 18:30,262.5744828
9/17/2024 18:45,246.7371828
9/17/2024 19:00,253.3968006
9/17/2024 19:15,259.6588293
9/17/2024 19:30,246.7371828
9/17/2024 19:45,248.3938041
9/17/2024 20:00,258.0022079
9/17/2024 20:15,242.562497
9/17/2024 20:30,243.7883968
9/17/2024 20:45,259.6588293
9/17/2024 21:00,240.8727432
9/17/2024 21:15,240.4751541
9/17/2024 21:30,248.3938041
9/17/2024 21:45,234.2131254
9/17/2024 22:00,238.3878112
9/17/2024 22:15,249.2221148
9/17/2024 22:30,232.1257826
9/17/2024 22:45,238.3878112
9/17/2024 23:00,248.8245257
9/17/2024 23:15,231.2643395
9/17/2024 23:30,238.3878112
9/17/2024 23:45,208.7342892
9/18/2024 0:00,161.1561242
9/18/2024 0:15,160.7254027
9/18/2024 0:30,169.9030849
9/18/2024 0:45,173.24946
9/18/2024 1:00,160.7254027
9/18/2024 1:15,164.9000885
9/18/2024 1:30,175.3368029
9/18/2024 1:45,160.2946811
9/18/2024 2:00,164.0717778
9/18/2024 2:15,174.5084923
9/18/2024 2:30,160.7254027
9/18/2024 2:45,159.897092
9/18/2024 3:00,163.2434671
9/18/2024 3:15,174.9060814
9/18/2024 3:30,161.9844349
9/18/2024 3:45,163.2434671
9/18/2024 4:00,178.2524565
9/18/2024 4:15,197.8668532
9/18/2024 4:30,199.9541961
9/18/2024 4:45,286.3966977
9/18/2024 5:00,590.2873169
9/18/2024 5:15,1912.006089
9/18/2024 5:30,2132.005403
9/18/2024 5:45,2100.69526
9/18/2024 6:00,2071.472459
9/18/2024 6:15,2212.583465
9/18/2024 6:30,2245.152641
9/18/2024 6:45,2383.745583
9/18/2024 7:00,2423.405098
9/18/2024 7:15,2487.284417
9/18/2024 7:30,2510.245188
9/18/2024 7:45,2516.076495
9/18/2024 8:00,2605.83224
9/18/2024 8:15,2618.787019
9/18/2024 8:30,2788.690104
9/18/2024 8:45,2951.933571
9/18/2024 9:00,2936.063138
9/18/2024 9:15,2598.7419
9/18/2024 9:30,1246.574428
9/18/2024 9:45,1407.299831
9/18/2024 10:00,1359.688533
9/18/2024 10:15,1342.98979
9/18/2024 10:30,1323.375393
9/18/2024 10:45,1421.480509
9/18/2024 11:00,1422.739542
9/18/2024 11:15,1310.420615
9/18/2024 11:30,1420.652199
9/18/2024 11:45,1407.299831
9/18/2024 12:00,1215.661874
9/18/2024 12:15,1134.255501
9/18/2024 12:30,1057.454536
9/18/2024 12:45,1037.840139
9/18/2024 13:00,1019.882363
9/18/2024 13:15,1009.445649
9/18/2024 13:30,971.873477
9/18/2024 13:45,924.6929011
9/18/2024 14:00,1033.234732
9/18/2024 14:15,883.774354
9/18/2024 14:30,616.5944638
9/18/2024 14:45,654.9949465
9/18/2024 15:00,666.2931041
9/18/2024 15:15,647.0762965
9/18/2024 15:30,346.4989201
9/18/2024 15:45,298.9207551
9/18/2024 16:00,241.3034648
9/18/2024 16:15,241.3034648
9/18/2024 16:30,239.613711
9/18/2024 16:45,232.5233717
9/18/2024 17:00,234.2131254
9/18/2024 17:15,230.4360288
9/18/2024 17:30,232.1257826
9/18/2024 17:45,235.4390252
9/18/2024 18:00,230.0384397
9/18/2024 18:15,229.1769966
9/18/2024 18:30,226.6920645
9/18/2024 18:45,235.8697468
9/18/2024 19:00,231.2643395
9/18/2024 19:15,227.0896537
9/18/2024 19:30,229.6077181
9/18/2024 19:45,226.261343
9/18/2024 20:00,230.0384397
9/18/2024 20:15,228.3486859
9/18/2024 20:30,225.8637539
9/18/2024 20:45,222.9149679
9/18/2024 21:00,226.6920645
9/18/2024 21:15,225.4330323
9/18/2024 21:30,221.6890681
9/18/2024 21:45,225.8637539
9/18/2024 22:00,228.3486859
9/18/2024 22:15,219.6017252
9/18/2024 22:30,214.9963179
9/18/2024 22:45,213.7372856
9/18/2024 23:00,207.475257
9/18/2024 23:15,206.6469463
9/18/2024 23:30,200.8156392
9/18/2024 23:45,161.1561242
9/19/2024 0:00,136.9363202
9/19/2024 0:15,134.0206666
9/19/2024 0:30,143.1983489
9/19/2024 0:45,132.7616344
9/19/2024 1:00,132.3309129
9/19/2024 1:15,130.24357
9/19/2024 1:30,130.24357
9/19/2024 1:45,130.24357
9/19/2024 2:00,131.0718806
9/19/2024 2:15,118.5478233
9/19/2024 2:30,130.6742915
9/19/2024 2:45,133.5899451
9/19/2024 3:00,123.9815413
9/19/2024 3:15,126.0688842
9/19/2024 3:30,124.4122628
9/19/2024 3:45,123.1532306
9/19/2024 4:00,127.3279164
9/19/2024 4:15,118.5478233
9/19/2024 4:30,137.3339093
9/19/2024 4:45,213.7372856
9/19/2024 5:00,415.811957
9/19/2024 5:15,1371.815002
9/19/2024 5:30,1734.151222
9/19/2024 5:45,1760.060779
9/19/2024 6:00,1765.063776
9/19/2024 6:15,1987.150433
9/19/2024 6:30,2335.305975
9/19/2024 6:45,2380.001618
9/19/2024 7:00,2478.504323
9/19/2024 7:15,2483.938041
9/19/2024 7:30,2727.726438
9/19/2024 7:45,2177.926947
9/19/2024 8:00,1337.986794
9/19/2024 8:15,1285.803221
9/19/2024 8:30,1423.998574
9/19/2024 8:45,1385.16737
9/19/2024 9:00,1341.730758
9/19/2024 9:15,1238.225056
9/19/2024 9:30,1510.407943
9/19/2024 9:45,2304.857274
9/19/2024 10:00,2444.278526
9/19/2024 10:15,2592.04915
9/19/2024 10:30,2564.516104
9/19/2024 10:45,2713.976481
9/19/2024 11:00,2718.548756
9/19/2024 11:15,2675.973587
9/19/2024 11:30,2689.325955
9/19/2024 11:45,2618.787019
9/19/2024 12:00,2623.790015
9/19/2024 12:15,2581.214847
9/19/2024 12:30,2573.263064
9/19/2024 12:45,2692.672331
9/19/2024 13:00,2776.994357
9/19/2024 13:15,2887.225941
9/19/2024 13:30,2870.527198
9/19/2024 13:45,2579.525093
9/19/2024 14:00,2509.416878
9/19/2024 14:15,1404.351045
9/19/2024 14:30,1193.131824
9/19/2024 14:45,1028.231735
9/19/2024 15:00,700.0881795
9/19/2024 15:15,609.0734029
9/19/2024 15:30,404.5137995
9/19/2024 15:45,252.9992115
9/19/2024 16:00,210.3909105
9/19/2024 16:15,204.990325
9/19/2024 16:30,204.990325
9/19/2024 16:45,207.0776679
9/19/2024 17:00,203.3005712
9/19/2024 17:15,196.2102318
9/19/2024 17:30,192.4662676
9/19/2024 17:45,192.4662676
9/19/2024 18:00,188.2915818
9/19/2024 18:15,185.3427958
9/19/2024 18:30,189.5174816
9/19/2024 18:45,183.2554529
9/19/2024 19:00,180.3397994
9/19/2024 19:15,180.7705209
9/19/2024 19:30,177.8548674
9/19/2024 19:45,176.5958351
9/19/2024 20:00,176.9934243
9/19/2024 20:15,174.5084923
9/19/2024 20:30,174.5084923
9/19/2024 20:45,161.5537134
9/19/2024 21:00,177.8548674
9/19/2024 21:15,172.4211494
9/19/2024 21:30,170.3338065
9/19/2024 21:45,169.0747742
9/19/2024 22:00,164.0717778
9/19/2024 22:15,174.9060814
9/19/2024 22:30,160.2946811
9/19/2024 22:45,170.7313956
9/19/2024 23:00,158.2073382
9/19/2024 23:15,162.382024
9/19/2024 23:30,167.4181529
9/19/2024 23:45,117.7195126
9/20/2024 0:00,90.58405502
9/20/2024 0:15,83.06299413
9/20/2024 0:30,88.49671213
9/20/2024 0:45,86.84009079
9/20/2024 1:00,87.23767991
9/20/2024 1:15,87.23767991
9/20/2024 1:30,78.49071922
9/20/2024 1:45,91.84308725
9/20/2024 2:00,79.31902989
9/20/2024 2:15,87.66840146
9/20/2024 2:30,77.66240855
9/20/2024 2:45,92.27380879
9/20/2024 3:00,78.05999767
9/20/2024 3:15,88.49671213
9/20/2024 3:30,89.75574435
9/20/2024 3:45,83.92443723
9/20/2024 4:00,82.66540501
9/20/2024 4:15,85.15033702
9/20/2024 4:30,98.53583747
9/20/2024 4:45,390.3331208
9/20/2024 5:00,667.5190039
9/20/2024 5:15,1643.567167
9/20/2024 5:30,1720.401265
9/20/2024 5:45,1728.319915
9/20/2024 6:00,1741.274693
9/20/2024 6:15,1727.491604
9/20/2024 6:30,2033.502698
9/20/2024 6:45,2172.493229
9/20/2024 7:00,2116.996414
9/20/2024 7:15,2279.80916
9/20/2024 7:30,2424.66413
9/20/2024 7:45,2407.534665
9/20/2024 8:00,2377.914275
9/20/2024 8:15,2374.965489
9/20/2024 8:30,2414.625004
9/20/2024 8:45,2437.188187
9/20/2024 9:00,2476.019391
9/20/2024 9:15,2474.760359
9/20/2024 9:30,2460.148959
9/20/2024 9:45,2461.80558
9/20/2024 10:00,2440.932151
9/20/2024 10:15,2445.935148
9/20/2024 10:30,2452.627898
9/20/2024 10:45,2397.926261
9/20/2024 11:00,2440.932151
9/20/2024 11:15,2492.718135
9/20/2024 11:30,2484.766352
9/20/2024 11:45,2461.407991
9/20/2024 12:00,2391.266643
9/20/2024 12:15,2334.908385
9/20/2024 12:30,2358.266746
9/20/2024 12:45,2394.613019
9/20/2024 13:00,2390.007611
9/20/2024 13:15,2372.049836
9/20/2024 13:30,2385.004615
9/20/2024 13:45,2397.528672
9/20/2024 14:00,2412.537662
9/20/2024 14:15,1580.549291
9/20/2024 14:30,1254.062357
9/20/2024 14:45,1063.716564
9/20/2024 15:00,797.7957063
9/20/2024 15:15,633.7239285
9/20/2024 15:30,279.273226
9/20/2024 15:45,255.914865
9/20/2024 16:00,245.047429
9/20/2024 16:15,245.4781506
9/20/2024 16:30,252.9992115
9/20/2024 16:45,227.0896537
9/20/2024 17:00,223.3456894
9/20/2024 17:15,221.2583465
9/20/2024 17:30,216.2553501
9/20/2024 17:45,218.7402821
9/20/2024 18:00,214.5655963
9/20/2024 18:15,217.9119714
9/20/2024 18:30,213.7372856
9/20/2024 18:45,217.5143823
9/20/2024 19:00,216.2553501
9/20/2024 19:15,217.0836608
9/20/2024 19:30,216.6529392
9/20/2024 19:45,216.6529392
9/20/2024 20:00,214.5655963
9/20/2024 20:15,212.908975
9/20/2024 20:30,213.7372856
9/20/2024 20:45,212.0806643
9/20/2024 21:00,214.9963179
9/20/2024 21:15,216.2553501
9/20/2024 21:30,209.5625999
9/20/2024 21:45,211.6499428
9/20/2024 22:00,207.9059785
9/20/2024 22:15,203.7312927
9/20/2024 22:30,206.6469463
9/20/2024 22:45,189.9482032
9/20/2024 23:00,208.3035676
9/20/2024 23:15,195.3819212
9/20/2024 23:30,201.2132283
9/20/2024 23:45,180.3397994
9/21/2024 0:00,128.1562271
9/21/2024 0:15,108.9725519
9/21/2024 0:30,113.9755484
9/21/2024 0:45,112.2857946
9/21/2024 1:00,97.67439437
9/21/2024 1:15,105.6261768
9/21/2024 1:30,99.76173726
9/21/2024 1:45,102.7105233
9/21/2024 2:00,95.18946236
9/21/2024 2:15,101.451491
9/21/2024 2:30,92.67139792
9/21/2024 2:45,96.44849458
9/21/2024 3:00,93.93043014
9/21/2024 3:15,101.451491
9/21/2024 3:30,87.66840146
9/21/2024 3:45,102.2798017
9/21/2024 4:00,88.92743368
9/21/2024 4:15,98.93342659
9/21/2024 4:30,96.44849458
9/21/2024 4:45,140.2826953
9/21/2024 5:00,190.3789247
9/21/2024 5:15,226.6920645
9/21/2024 5:30,194.5536105
9/21/2024 5:45,188.2915818
9/21/2024 6:00,218.7402821
9/21/2024 6:15,239.613711
9/21/2024 6:30,346.0681985
9/21/2024 6:45,548.540459
9/21/2024 7:00,566.1006453
9/21/2024 7:15,594.4620027
9/21/2024 7:30,659.6003539
9/21/2024 7:45,651.2509823
9/21/2024 8:00,749.7868198
9/21/2024 8:15,720.9616084
9/21/2024 8:30,718.4766764
9/21/2024 8:45,695.9134937
9/21/2024 9:00,624.5462462
9/21/2024 9:15,626.6335891
9/21/2024 9:30,629.9468318
9/21/2024 9:45,629.5492427
9/21/2024 10:00,626.6335891
9/21/2024 10:15,625.3745569
9/21/2024 10:30,631.6365856
9/21/2024 10:45,597.8083778
9/21/2024 11:00,617.4227745
9/21/2024 11:15,611.5914673
9/21/2024 11:30,597.4107886
9/21/2024 11:45,609.934846
9/21/2024 12:00,549.7994912
9/21/2024 12:15,550.2302128
9/21/2024 12:30,533.5314697
9/21/2024 12:45,540.1910875
9/21/2024 13:00,551.489245
9/21/2024 13:15,274.7009511
9/21/2024 13:30,264.2642366
9/21/2024 13:45,231.2643395
9/21/2024 14:00,230.4360288
9/21/2024 14:15,218.342693
9/21/2024 14:30,217.9119714
9/21/2024 14:45,219.1710037
9/21/2024 15:00,216.2553501
9/21/2024 15:15,217.5143823
9/21/2024 15:30,211.2523536
9/21/2024 15:45,171.1621171
9/21/2024 16:00,165.33081
9/21/2024 16:15,165.33081
9/21/2024 16:30,167.4181529
9/21/2024 16:45,165.33081
9/21/2024 17:00,163.6410562
9/21/2024 17:15,166.9874314
9/21/2024 17:30,161.5537134
9/21/2024 17:45,164.9000885
9/21/2024 18:00,164.0717778
9/21/2024 18:15,166.9874314
9/21/2024 18:30,162.382024
9/21/2024 18:45,161.5537134
9/21/2024 19:00,163.2434671
9/21/2024 19:15,153.6350633
9/21/2024 19:30,158.2073382
9/21/2024 19:45,154.8940956
9/21/2024 20:00,147.7706238
9/21/2024 20:15,149.4603775
9/21/2024 20:30,143.1983489
9/21/2024 20:45,145.2856918
9/21/2024 21:00,143.595938
9/21/2024 21:15,142.7676273
9/21/2024 21:30,144.0266595
9/21/2024 21:45,145.2856918
9/21/2024 22:00,142.7676273
9/21/2024 22:15,139.4212522
9/21/2024 22:30,140.6802844
9/21/2024 22:45,131.5026022
9/21/2024 23:00,141.5085951
9/21/2024 23:15,133.1592235
9/21/2024 23:30,134.0206666
9/21/2024 23:45,144.0266595
9/22/2024 0:00,134.4182558
9/22/2024 0:15,133.5899451
9/22/2024 0:30,139.8519738
9/22/2024 0:45,134.0206666
9/22/2024 1:00,134.8489773
9/22/2024 1:15,134.4182558
9/22/2024 1:30,138.1953524
9/22/2024 1:45,131.0718806
9/22/2024 2:00,139.8519738
9/22/2024 2:15,129.4152593
9/22/2024 2:30,136.1080095
9/22/2024 2:45,135.677288
9/22/2024 3:00,130.6742915
9/22/2024 3:15,128.9845378
9/22/2024 3:30,138.1953524
9/22/2024 3:45,131.9333237
9/22/2024 4:00,126.0688842
9/22/2024 4:15,136.1080095
9/22/2024 4:30,130.6742915
9/22/2024 4:45,126.0688842
9/22/2024 5:00,132.3309129
9/22/2024 5:15,134.0206666
9/22/2024 5:30,126.8971949
9/22/2024 5:45,131.9333237
9/22/2024 6:00,131.9333237
9/22/2024 6:15,123.5839522
9/22/2024 6:30,120.6351662
9/22/2024 6:45,125.6712951
9/22/2024 7:00,119.8068555
9/22/2024 7:15,121.4966093
9/22/2024 7:30,127.758638
9/22/2024 7:45,123.5839522
9/22/2024 8:00,130.6742915
9/22/2024 8:15,128.1562271
9/22/2024 8:30,124.4122628
9/22/2024 8:45,126.4996057
9/22/2024 9:00,133.5899451
9/22/2024 9:15,129.8459808
9/22/2024 9:30,131.5026022
9/22/2024 9:45,135.2465664
9/22/2024 10:00,129.8459808
9/22/2024 10:15,137.7646309
9/22/2024 10:30,139.0236631
9/22/2024 10:45,136.5055986
9/22/2024 11:00,138.1953524
9/22/2024 11:15,145.2856918
9/22/2024 11:30,141.9393167
9/22/2024 11:45,141.5085951
9/22/2024 12:00,147.7706238
9/22/2024 12:15,142.3700382
9/22/2024 12:30,151.9453096
9/22/2024 12:45,146.9423131
9/22/2024 13:00,154.8940956
9/22/2024 13:15,159.4663705
9/22/2024 13:30,151.9453096
9/22/2024 13:45,154.463374
9/22/2024 14:00,162.8127456
9/22/2024 14:15,153.2043418
9/22/2024 14:30,161.9844349
9/22/2024 14:45,150.2886882
9/22/2024 15:00,160.2946811
9/22/2024 15:15,153.2043418
9/22/2024 15:30,156.1199953
9/22/2024 15:45,153.6350633
9/22/2024 16:00,156.9814384
9/22/2024 16:15,148.6320669
9/22/2024 16:30,151.9453096
9/22/2024 16:45,150.2886882
9/22/2024 17:00,152.8067527
9/22/2024 17:15,146.9423131
9/22/2024 17:30,151.1169989
9/22/2024 17:45,141.111006
9/22/2024 18:00,149.029656
9/22/2024 18:15,142.3700382
9/22/2024 18:30,141.111006
9/22/2024 18:45,140.2826953
9/22/2024 19:00,146.1140024
9/22/2024 19:15,138.5929415
9/22/2024 19:30,141.9393167
9/22/2024 19:45,135.2465664
9/22/2024 20:00,133.1592235
9/22/2024 20:15,134.4182558
9/22/2024 20:30,125.2405735
9/22/2024 20:45,124.809852
9/22/2024 21:00,126.0688842
9/22/2024 21:15,118.5478233
9/22/2024 21:30,126.0688842
9/22/2024 21:45,126.8971949
9/22/2024 22:00,119.4092664
9/22/2024 22:15,129.4152593
9/22/2024 22:30,120.6351662
9/22/2024 22:45,121.4966093
9/22/2024 23:00,126.4996057
9/22/2024 23:15,117.3219235
9/22/2024 23:30,122.32492
9/22/2024 23:45,116.4604804
9/23/2024 0:00,123.5839522
9/23/2024 0:15,122.32492
9/23/2024 0:30,115.6321697
9/23/2024 0:45,127.3279164
9/23/2024 1:00,119.8068555
9/23/2024 1:15,116.4604804
9/23/2024 1:30,119.4092664
9/23/2024 1:45,117.3219235
9/23/2024 2:00,117.3219235
9/23/2024 2:15,118.9785448
9/23/2024 2:30,113.9755484
9/23/2024 2:45,115.2345806
9/23/2024 3:00,113.5448268
9/23/2024 3:15,108.5418304
9/23/2024 3:30,117.7195126
9/23/2024 3:45,106.4544875
9/23/2024 4:00,102.7105233
9/23/2024 4:15,116.8912019
9/23/2024 4:30,99.36414814
9/23/2024 4:45,116.4604804
9/23/2024 5:00,111.0598948
9/23/2024 5:15,103.5388339
9/23/2024 5:30,105.6261768
9/23/2024 5:45,102.2798017
9/23/2024 6:00,104.3671446
9/23/2024 6:15,103.936423
9/23/2024 6:30,96.44849458
9/23/2024 6:45,109.3701411
9/23/2024 7:00,100.6231804
9/23/2024 7:15,106.0237659
9/23/2024 7:30,107.2827982
9/23/2024 7:45,109.3701411
9/23/2024 8:00,108.9725519
9/23/2024 8:15,116.0628913
9/23/2024 8:30,115.6321697
9/23/2024 8:45,110.6291733
9/23/2024 9:00,117.3219235
9/23/2024 9:15,121.4966093
9/23/2024 9:30,114.3731375
9/23/2024 9:45,115.2345806
9/23/2024 10:00,125.2405735
9/23/2024 10:15,123.9815413
9/23/2024 10:30,123.9815413
9/23/2024 10:45,130.24357
9/23/2024 11:00,133.1592235
9/23/2024 11:15,133.1592235
9/23/2024 11:30,131.9333237
9/23/2024 11:45,136.9363202
9/23/2024 12:00,137.3339093
9/23/2024 12:15,138.1953524
9/23/2024 12:30,134.4182558
9/23/2024 12:45,138.5929415
9/23/2024 13:00,136.1080095
9/23/2024 13:15,137.3339093
9/23/2024 13:30,144.8549702
9/23/2024 13:45,138.1953524
9/23/2024 14:00,143.1983489
9/23/2024 14:15,148.6320669
9/23/2024 14:30,141.5085951
9/23/2024 14:45,148.6320669
9/23/2024 15:00,142.3700382
9/23/2024 15:15,146.1140024
9/23/2024 15:30,145.2856918
9/23/2024 15:45,146.544724
9/23/2024 16:00,144.0266595
9/23/2024 16:15,141.5085951
9/23/2024 16:30,146.544724
9/23/2024 16:45,145.2856918
9/23/2024 17:00,140.6802844
9/23/2024 17:15,144.0266595
9/23/2024 17:30,145.6832809
9/23/2024 17:45,138.5929415
9/23/2024 18:00,139.0236631
9/23/2024 18:15,142.7676273
9/23/2024 18:30,138.5929415
9/23/2024 18:45,140.6802844
9/23/2024 19:00,136.1080095
9/23/2024 19:15,138.5929415
9/23/2024 19:30,136.5055986
9/23/2024 19:45,139.8519738
9/23/2024 20:00,136.9363202
9/23/2024 20:15,135.2465664
9/23/2024 20:30,128.5869486
9/23/2024 20:45,123.9815413
9/23/2024 21:00,129.4152593
9/23/2024 21:15,121.0658877
9/23/2024 21:30,124.809852
9/23/2024 21:45,128.5869486
9/23/2024 22:00,118.5478233
9/23/2024 22:15,126.8971949
9/23/2024 22:30,123.1532306
9/23/2024 22:45,118.9785448
9/23/2024 23:00,129.4152593
9/23/2024 23:15,117.3219235
9/23/2024 23:30,118.9785448
9/23/2024 23:45,124.809852
9/24/2024 0:00,123.5839522
9/24/2024 0:15,133.1592235
9/24/2024 0:30,111.4574839
9/24/2024 0:45,124.809852
9/24/2024 1:00,113.9755484
9/24/2024 1:15,117.7195126
9/24/2024 1:30,116.0628913
9/24/2024 1:45,112.2857946
9/24/2024 2:00,106.4544875
9/24/2024 2:15,111.4574839
9/24/2024 2:30,115.2345806
9/24/2024 2:45,111.0598948
9/24/2024 3:00,100.6231804
9/24/2024 3:15,117.3219235
9/24/2024 3:30,118.1502342
9/24/2024 3:45,97.27680525
9/24/2024 4:00,115.6321697
9/24/2024 4:15,101.0207695
9/24/2024 4:30,110.6291733
9/24/2024 4:45,105.6261768
9/24/2024 5:00,108.1111088
9/24/2024 5:15,149.029656
9/24/2024 5:30,153.2043418
9/24/2024 5:45,213.7372856
9/24/2024 6:00,227.0896537
9/24/2024 6:15,207.9059785
9/24/2024 6:30,305.5803729
9/24/2024 6:45,442.5166931
9/24/2024 7:00,1495.796543
9/24/2024 7:15,2123.258443
9/24/2024 7:30,2076.475456
9/24/2024 7:45,2156.655929
9/24/2024 8:00,2532.775239
9/24/2024 8:15,2689.756677
9/24/2024 8:30,2710.630106
9/24/2024 8:45,2865.491069
9/24/2024 9:00,2937.32217
9/24/2024 9:15,2934.373385
9/24/2024 9:30,3022.041786
9/24/2024 9:45,3093.011444
9/24/2024 10:00,3133.929991
9/24/2024 10:15,3271.297033
9/24/2024 10:30,3377.751521
9/24/2024 10:45,3356.878092
9/24/2024 11:00,3358.965435
9/24/2024 11:15,3415.721282
9/24/2024 11:30,3364.36602
9/24/2024 11:45,3343.492591
9/24/2024 12:00,3277.956651
9/24/2024 12:15,3219.113461
9/24/2024 12:30,3123.095688
9/24/2024 12:45,3196.550278
9/24/2024 13:00,3233.724861
9/24/2024 13:15,3118.490281
9/24/2024 13:30,3183.19791
9/24/2024 13:45,3189.459939
9/24/2024 14:00,2964.026907
9/24/2024 14:15,1548.377704
9/24/2024 14:30,1433.573845
9/24/2024 14:45,1058.713568
9/24/2024 15:00,750.1844089
9/24/2024 15:15,701.7779332
9/24/2024 15:30,571.5012308
9/24/2024 15:45,349.4145736
9/24/2024 16:00,312.6707122
9/24/2024 16:15,302.2339978
9/24/2024 16:30,285.5352546
9/24/2024 16:45,294.3153478
9/24/2024 17:00,284.3093549
9/24/2024 17:15,283.8786333
9/24/2024 17:30,286.3966977
9/24/2024 17:45,283.4479118
9/24/2024 18:00,276.788294
9/24/2024 18:15,277.1858831
9/24/2024 18:30,278.8756368
9/24/2024 18:45,277.1858831
9/24/2024 19:00,277.1858831
9/24/2024 19:15,279.273226
9/24/2024 19:30,275.5292617
9/24/2024 19:45,275.9599833
9/24/2024 20:00,276.788294
9/24/2024 20:15,274.7009511
9/24/2024 20:30,276.3575724
9/24/2024 20:45,275.5292617
9/24/2024 21:00,273.0111973
9/24/2024 21:15,276.3575724
9/24/2024 21:30,273.8726404
9/24/2024 21:45,271.354576
9/24/2024 22:00,273.8726404
9/24/2024 22:15,273.4419188
9/24/2024 22:30,271.7852975
9/24/2024 22:45,273.8726404
9/24/2024 23:00,270.9238544
9/24/2024 23:15,271.354576
9/24/2024 23:30,272.6136082
9/24/2024 23:45,247.1347719
9/25/2024 0:00,199.9541961
9/25/2024 0:15,198.2975747
9/25/2024 0:30,197.8668532
9/25/2024 0:45,200.3849176
9/25/2024 1:00,197.8668532
9/25/2024 1:15,197.4692641
9/25/2024 1:30,198.7282963
9/25/2024 1:45,197.8668532
9/25/2024 2:00,197.4692641
9/25/2024 2:15,196.2102318
9/25/2024 2:30,195.3819212
9/25/2024 2:45,193.6921674
9/25/2024 3:00,193.6921674
9/25/2024 3:15,195.3819212
9/25/2024 3:30,187.4301387
9/25/2024 3:45,188.6891709
9/25/2024 4:00,194.5536105
9/25/2024 4:15,192.0355461
9/25/2024 4:30,183.6861745
9/25/2024 4:45,250.0504255
9/25/2024 5:00,454.6100289
9/25/2024 5:15,771.4885593
9/25/2024 5:30,1093.336954
9/25/2024 5:45,1572.597508
9/25/2024 6:00,1671.961656
9/25/2024 6:15,2141.183086
9/25/2024 6:30,2261.420663
9/25/2024 6:45,2271.459788
9/25/2024 7:00,2471.844706
9/25/2024 7:15,2660.931466
9/25/2024 7:30,2698.503638
9/25/2024 7:45,2675.542866
9/25/2024 8:00,2722.723442
9/25/2024 8:15,2742.337838
9/25/2024 8:30,2723.551752
9/25/2024 8:45,2749.46131
9/25/2024 9:00,2726.069817
9/25/2024 9:15,2739.024596
9/25/2024 9:30,2713.115038
9/25/2024 9:45,2691.84402
9/25/2024 10:00,2703.937356
9/25/2024 10:15,2655.53088
9/25/2024 10:30,2721.46441
9/25/2024 10:45,2631.708665
9/25/2024 11:00,2618.356297
9/25/2024 11:15,2609.178615
9/25/2024 11:30,2637.970694
9/25/2024 11:45,2624.220737
9/25/2024 12:00,2564.913693
9/25/2024 12:15,2508.157845
9/25/2024 12:30,1777.587833
9/25/2024 12:45,1641.479824
9/25/2024 13:00,2049.77072
9/25/2024 13:15,2007.59314
9/25/2024 13:30,2060.638156
9/25/2024 13:45,2068.987527
9/25/2024 14:00,1091.680332
9/25/2024 14:15,938.4759907
9/25/2024 14:30,883.3767648
9/25/2024 14:45,484.2635509
9/25/2024 15:00,369.0289703
9/25/2024 15:15,377.3783419
9/25/2024 15:30,343.9808556
9/25/2024 15:45,267.6106117
9/25/2024 16:00,266.7491686
9/25/2024 16:15,261.348583
9/25/2024 16:30,259.2612401
9/25/2024 16:45,248.3938041
9/25/2024 17:00,238.3878112
9/25/2024 17:15,229.1769966
9/25/2024 17:30,222.9149679
9/25/2024 17:45,226.6920645
9/25/2024 18:00,228.3486859
9/25/2024 18:15,228.3486859
9/25/2024 18:30,227.9510968
9/25/2024 18:45,228.3486859
9/25/2024 19:00,230.8667503
9/25/2024 19:15,232.5233717
9/25/2024 19:30,233.3516823
9/25/2024 19:45,245.4781506
9/25/2024 20:00,233.3516823
9/25/2024 20:15,234.2131254
9/25/2024 20:30,232.9540932
9/25/2024 20:45,232.9540932
9/25/2024 21:00,232.5233717
9/25/2024 21:15,235.4390252
9/25/2024 21:30,235.4390252
9/25/2024 21:45,231.695061
9/25/2024 22:00,233.3516823
9/25/2024 22:15,232.9540932
9/25/2024 22:30,230.0384397
9/25/2024 22:45,232.5233717
9/25/2024 23:00,230.8667503
9/25/2024 23:15,230.0384397
9/25/2024 23:30,229.6077181
9/25/2024 23:45,213.3396965
9/26/2024 0:00,155.2916847
9/26/2024 0:15,149.8579667
9/26/2024 0:30,148.2013453
9/26/2024 0:45,143.595938
9/26/2024 1:00,143.1983489
9/26/2024 1:15,144.4573811
9/26/2024 1:30,139.8519738
9/26/2024 1:45,137.7646309
9/26/2024 2:00,143.595938
9/26/2024 2:15,144.0266595
9/26/2024 2:30,131.0718806
9/26/2024 2:45,137.3339093
9/26/2024 3:00,131.9333237
9/26/2024 3:15,131.0718806
9/26/2024 3:30,131.0718806
9/26/2024 3:45,123.1532306
9/26/2024 4:00,130.6742915
9/26/2024 4:15,121.4966093
9/26/2024 4:30,130.24357
9/26/2024 4:45,275.5292617
9/26/2024 5:00,401.5981459
9/26/2024 5:15,1128.821783
9/26/2024 5:30,1410.613073
9/26/2024 5:45,1666.95866
9/26/2024 6:00,1853.129766
9/26/2024 6:15,2182.101633
9/26/2024 6:30,2218.845494
9/26/2024 6:45,2443.019494
9/26/2024 7:00,2606.262961
9/26/2024 7:15,2627.533979
9/26/2024 7:30,2603.347308
9/26/2024 7:45,2580.784125
9/26/2024 8:00,2600.829243
9/26/2024 8:15,2593.308182
9/26/2024 8:30,2597.482868
9/26/2024 8:45,2630.880355
9/26/2024 9:00,2605.003929
9/26/2024 9:15,2589.564218
9/26/2024 9:30,2554.9077
9/26/2024 9:45,2576.21185
9/26/2024 10:00,2625.877358
9/26/2024 10:15,2628.793012
9/26/2024 10:30,2610.835236
9/26/2024 10:45,2654.271848
9/26/2024 11:00,2635.883351
9/26/2024 11:15,2637.142383
9/26/2024 11:30,2648.407408
9/26/2024 11:45,2612.922579
9/26/2024 12:00,2560.739007
9/26/2024 12:15,2591.22084
9/26/2024 12:30,2006.76483
9/26/2024 12:45,1082.50265
9/26/2024 13:00,1379.30293
9/26/2024 13:15,2546.98905
9/26/2024 13:30,2617.958708
9/26/2024 13:45,1611.428713
9/26/2024 14:00,1161.82168
9/26/2024 14:15,1044.102168
9/26/2024 14:30,698.0008366
9/26/2024 14:45,699.6905903
9/26/2024 15:00,669.2087576
9/26/2024 15:15,641.2449894
9/26/2024 15:30,387.8150564
9/26/2024 15:45,302.6647193
9/26/2024 16:00,259.6588293
9/26/2024 16:15,252.1377684
9/26/2024 16:30,240.8727432
9/26/2024 16:45,252.1377684
9/26/2024 17:00,242.1317755
9/26/2024 17:15,221.6890681
9/26/2024 17:30,224.1740001
9/26/2024 17:45,209.9933214
9/26/2024 18:00,223.3456894
9/26/2024 18:15,211.6499428
9/26/2024 18:30,219.9993143
9/26/2024 18:45,213.3396965
9/26/2024 19:00,214.5655963
9/26/2024 19:15,216.6529392
9/26/2024 19:30,216.6529392
9/26/2024 19:45,207.0776679
9/26/2024 20:00,217.5143823
9/26/2024 20:15,200.3849176
9/26/2024 20:30,215.4270394
9/26/2024 20:45,201.2132283
9/26/2024 21:00,208.3035676
9/26/2024 21:15,182.0295531
9/26/2024 21:30,134.4182558
9/26/2024 21:45,142.3700382
9/26/2024 22:00,129.8459808
9/26/2024 22:15,138.5929415
9/26/2024 22:30,166.1591207
9/26/2024 22:45,160.7254027
9/26/2024 23:00,171.5928387
9/26/2024 23:15,163.2434671
9/26/2024 23:30,161.1561242
9/26/2024 23:45,157.3790276
9/27/2024 0:00,106.885209
9/27/2024 0:15,108.5418304
9/27/2024 0:30,115.6321697
9/27/2024 0:45,107.7135197
9/27/2024 1:00,104.3671446
9/27/2024 1:15,107.7135197
9/27/2024 1:30,110.1984517
9/27/2024 1:45,107.2827982
9/27/2024 2:00,106.0237659
9/27/2024 2:15,107.7135197
9/27/2024 2:30,103.5388339
9/27/2024 2:45,105.6261768
9/27/2024 3:00,104.7978661
9/27/2024 3:15,110.1984517
9/27/2024 3:30,110.6291733
9/27/2024 3:45,103.936423
9/27/2024 4:00,101.0207695
9/27/2024 4:15,98.53583747
9/27/2024 4:30,106.885209
9/27/2024 4:45,172.4211494
9/27/2024 5:00,201.2132283
9/27/2024 5:15,233.3516823
9/27/2024 5:30,354.019981
9/27/2024 5:45,373.6343777
9/27/2024 6:00,390.3331208
9/27/2024 6:15,398.6824924
9/27/2024 6:30,405.3752426
9/27/2024 6:45,553.1458664
9/27/2024 7:00,759.3620911
9/27/2024 7:15,867.0756108
9/27/2024 7:30,880.0303897
9/27/2024 7:45,915.912808
9/27/2024 8:00,1088.333957
9/27/2024 8:15,1115.900137
9/27/2024 8:30,1131.339847
9/27/2024 8:45,1184.35173
9/27/2024 9:00,1212.315499
9/27/2024 9:15,1197.306509
9/27/2024 9:30,1084.589993
9/27/2024 9:45,1034.891353
9/27/2024 10:00,1097.942361
9/27/2024 10:15,1084.987582
9/27/2024 10:30,1112.553761
9/27/2024 10:45,1134.686223
9/27/2024 11:00,1156.387962
9/27/2024 11:15,1100.858015
9/27/2024 11:30,1088.764679
9/27/2024 11:45,1044.499757
9/27/2024 12:00,875.4249824
9/27/2024 12:15,857.8979286
9/27/2024 12:30,894.2110684
9/27/2024 12:45,969.7861341
9/27/2024 13:00,920.0874938
9/27/2024 13:15,840.3708748
9/27/2024 13:30,790.6722345
9/27/2024 13:45,738.4886622
9/27/2024 14:00,650.4226716
9/27/2024 14:15,658.3413216
9/27/2024 14:30,579.0222917
9/27/2024 14:45,586.9740742
9/27/2024 15:00,607.4167816
9/27/2024 15:15,659.1696323
9/27/2024 15:30,367.372349
9/27/2024 15:45,309.7550587
9/27/2024 16:00,263.4359259
9/27/2024 16:15,257.1738973
9/27/2024 16:30,255.4841435
9/27/2024 16:45,235.8697468
9/27/2024 17:00,232.5233717
9/27/2024 17:15,223.776411
9/27/2024 17:30,217.9119714
9/27/2024 17:45,211.6499428
9/27/2024 18:00,222.0866572
9/27/2024 18:15,214.1680072
9/27/2024 18:30,217.5143823
9/27/2024 18:45,217.9119714
9/27/2024 19:00,209.9933214
9/27/2024 19:15,219.9993143
9/27/2024 19:30,208.3035676
9/27/2024 19:45,218.7402821
9/27/2024 20:00,208.3035676
9/27/2024 20:15,214.9963179
9/27/2024 20:30,209.5625999
9/27/2024 20:45,215.4270394
9/27/2024 21:00,203.7312927
9/27/2024 21:15,223.776411
9/27/2024 21:30,206.6469463
9/27/2024 21:45,210.3909105
9/27/2024 22:00,210.3909105
9/27/2024 22:15,198.7282963
9/27/2024 22:30,207.9059785
9/27/2024 22:45,199.9541961
9/27/2024 23:00,199.1258854
9/27/2024 23:15,202.4722605
9/27/2024 23:30,200.8156392
9/27/2024 23:45,177.4241458
9/28/2024 0:00,119.8068555
9/28/2024 0:15,112.7165162
9/28/2024 0:30,111.4574839
9/28/2024 0:45,111.8882055
9/28/2024 1:00,106.4544875
9/28/2024 1:15,101.0207695
9/28/2024 1:30,105.6261768
9/28/2024 1:45,105.1954553
9/28/2024 2:00,109.3701411
9/28/2024 2:15,101.8490802
9/28/2024 2:30,105.1954553
9/28/2024 2:45,100.1924588
9/28/2024 3:00,103.936423
9/28/2024 3:15,100.6231804
9/28/2024 3:30,105.6261768
9/28/2024 3:45,99.36414814
9/28/2024 4:00,107.7135197
9/28/2024 4:15,98.10511592
9/28/2024 4:30,183.6861745
9/28/2024 4:45,458.3871256
9/28/2024 5:00,1747.106001
9/28/2024 5:15,1861.479138
9/28/2024 5:30,1866.912856
9/28/2024 5:45,1857.304452
9/28/2024 6:00,1866.515267
9/28/2024 6:15,1877.349571
9/28/2024 6:30,1984.632369
9/28/2024 6:45,2252.673702
9/28/2024 7:00,2319.468674
9/28/2024 7:15,2370.393215
9/28/2024 7:30,2388.35099
9/28/2024 7:45,2355.781814
9/28/2024 8:00,2356.610125
9/28/2024 8:15,2372.049836
9/28/2024 8:30,2360.354089
9/28/2024 8:45,2340.342103
9/28/2024 9:00,2331.992732
9/28/2024 9:15,2356.610125
9/28/2024 9:30,2270.200756
9/28/2024 9:45,2313.206646
9/28/2024 10:00,2355.351093
9/28/2024 10:15,2352.435439
9/28/2024 10:30,2334.908385
9/28/2024 10:45,2339.48066
9/28/2024 11:00,2300.682588
9/28/2024 11:15,1018.19261
9/28/2024 11:30,938.4759907
9/28/2024 11:45,839.1118426
9/28/2024 12:00,719.304987
9/28/2024 12:15,708.8682726
9/28/2024 12:30,718.0459548
9/28/2024 12:45,791.9312667
9/28/2024 13:00,761.0518449
9/28/2024 13:15,748.5277875
9/28/2024 13:30,413.7246142
9/28/2024 13:45,349.8452952
9/28/2024 14:00,318.1044302
9/28/2024 14:15,308.926748
9/28/2024 14:30,291.7972833
9/28/2024 14:45,305.5803729
9/28/2024 15:00,258.3997971
9/28/2024 15:15,212.4782534
9/28/2024 15:30,195.7795103
9/28/2024 15:45,189.5174816
9/28/2024 16:00,192.4662676
9/28/2024 16:15,172.4211494
9/28/2024 16:30,182.8578638
9/28/2024 16:45,163.6410562
9/28/2024 17:00,175.3368029
9/28/2024 17:15,171.9904278
9/28/2024 17:30,165.7283991
9/28/2024 17:45,170.3338065
9/28/2024 18:00,168.6440527
9/28/2024 18:15,162.382024
9/28/2024 18:30,173.6801816
9/28/2024 18:45,160.7254027
9/28/2024 19:00,163.6410562
9/28/2024 19:15,157.3790276
9/28/2024 19:30,156.1199953
9/28/2024 19:45,164.0717778
9/28/2024 20:00,156.1199953
9/28/2024 20:15,158.2073382
9/28/2024 20:30,155.7224062
9/28/2024 20:45,157.3790276
9/28/2024 21:00,158.2073382
9/28/2024 21:15,156.1199953
9/28/2024 21:30,151.5477204
9/28/2024 21:45,151.5477204
9/28/2024 22:00,151.5477204
9/28/2024 22:15,150.2886882
9/28/2024 22:30,155.2916847
9/28/2024 22:45,151.1169989
9/28/2024 23:00,149.8579667
9/28/2024 23:15,147.3730347
9/28/2024 23:30,146.1140024
9/28/2024 23:45,134.4182558
9/29/2024 0:00,80.97565124
9/29/2024 0:15,81.40637279
9/29/2024 0:30,75.14434411
9/29/2024 0:45,71.797969
9/29/2024 1:00,78.05999767
9/29/2024 1:15,72.62627967
9/29/2024 1:30,81.83709433
9/29/2024 1:45,75.97265478
9/29/2024 2:00,73.48772277
9/29/2024 2:15,73.05700122
9/29/2024 2:30,82.23468346
9/29/2024 2:45,78.49071922
9/29/2024 3:00,73.88531189
9/29/2024 3:15,75.97265478
9/29/2024 3:30,82.23468346
9/29/2024 3:45,76.80096545
9/29/2024 4:00,72.22869055
9/29/2024 4:15,83.49371568
9/29/2024 4:30,78.49071922
9/29/2024 4:45,76.80096545
9/29/2024 5:00,70.96965833
9/29/2024 5:15,79.31902989
9/29/2024 5:30,75.57506566
9/29/2024 5:45,81.83709433
9/29/2024 6:00,77.66240855
9/29/2024 6:15,70.53893678
9/29/2024 6:30,75.97265478
9/29/2024 6:45,70.14134765
9/29/2024 7:00,78.88830834
9/29/2024 7:15,69.71062611
9/29/2024 7:30,75.57506566
9/29/2024 7:45,85.15033702
9/29/2024 8:00,69.71062611
9/29/2024 8:15,75.57506566
9/29/2024 8:30,72.22869055
9/29/2024 8:45,75.97265478
9/29/2024 9:00,76.40337633
9/29/2024 9:15,72.22869055
9/29/2024 9:30,75.57506566
9/29/2024 9:45,78.49071922
9/29/2024 10:00,75.57506566
9/29/2024 10:15,75.97265478
9/29/2024 10:30,79.74975144
9/29/2024 10:45,80.97565124
9/29/2024 11:00,78.88830834
9/29/2024 11:15,77.231687
9/29/2024 11:30,85.58105857
9/29/2024 11:45,84.7527479
9/29/2024 12:00,89.75574435
9/29/2024 12:15,89.3250228
9/29/2024 12:30,91.84308725
9/29/2024 12:45,93.93043014
9/29/2024 13:00,91.84308725
9/29/2024 13:15,91.01477657
9/29/2024 13:30,91.84308725
9/29/2024 13:45,93.49970859
9/29/2024 14:00,93.93043014
9/29/2024 14:15,91.01477657
9/29/2024 14:30,94.36115169
9/29/2024 14:45,93.93043014
9/29/2024 15:00,89.3250228
9/29/2024 15:15,92.67139792
9/29/2024 15:30,90.1864659
9/29/2024 15:45,90.1864659
9/29/2024 16:00,92.27380879
9/29/2024 16:15,90.1864659
9/29/2024 16:30,89.75574435
9/29/2024 16:45,90.1864659
9/29/2024 17:00,90.1864659
9/29/2024 17:15,90.1864659
9/29/2024 17:30,83.06299413
9/29/2024 17:45,90.1864659
9/29/2024 18:00,80.14734056
9/29/2024 18:15,79.31902989
9/29/2024 18:30,88.92743368
9/29/2024 18:45,78.88830834
9/29/2024 19:00,74.71362256
9/29/2024 19:15,78.88830834
9/29/2024 19:30,80.14734056
9/29/2024 19:45,69.71062611
9/29/2024 20:00,75.14434411
9/29/2024 20:15,69.71062611
9/29/2024 20:30,74.71362256
9/29/2024 20:45,68.05400476
9/29/2024 21:00,75.57506566
9/29/2024 21:15,70.53893678
9/29/2024 21:30,69.31303698
9/29/2024 21:45,75.57506566
9/29/2024 22:00,70.96965833
9/29/2024 22:15,72.22869055
9/29/2024 22:30,70.14134765
9/29/2024 22:45,70.14134765
9/29/2024 23:00,69.31303698
9/29/2024 23:15,75.14434411
9/29/2024 23:30,70.14134765
9/29/2024 23:45,70.96965833
9/30/2024 0:00,73.88531189
9/30/2024 0:15,68.45159388
9/30/2024 0:30,69.71062611
9/30/2024 0:45,70.14134765
9/30/2024 1:00,74.31603344
9/30/2024 1:15,68.45159388
9/30/2024 1:30,70.14134765
9/30/2024 1:45,68.45159388
9/30/2024 2:00,68.88231543
9/30/2024 2:15,73.05700122
9/30/2024 2:30,70.53893678
9/30/2024 2:45,68.45159388
9/30/2024 3:00,68.88231543
9/30/2024 3:15,70.14134765
9/30/2024 3:30,68.88231543
9/30/2024 3:45,68.88231543
9/30/2024 4:00,68.45159388
9/30/2024 4:15,69.71062611
9/30/2024 4:30,69.71062611
9/30/2024 4:45,71.40037987
9/30/2024 5:00,68.05400476
9/30/2024 5:15,69.71062611
9/30/2024 5:30,68.05400476
9/30/2024 5:45,67.62328321
9/30/2024 6:00,67.62328321
9/30/2024 6:15,67.22569409
9/30/2024 6:30,68.05400476
9/30/2024 6:45,66.36425099
9/30/2024 7:00,68.05400476
9/30/2024 7:15,66.36425099
9/30/2024 7:30,66.36425099
9/30/2024 7:45,66.79497254
9/30/2024 8:00,68.45159388
9/30/2024 8:15,71.797969
9/30/2024 8:30,65.96666187
9/30/2024 8:45,68.88231543
9/30/2024 9:00,71.40037987
9/30/2024 9:15,77.231687
9/30/2024 9:30,73.88531189
9/30/2024 9:45,75.57506566
9/30/2024 10:00,68.88231543
9/30/2024 10:15,75.97265478
9/30/2024 10:30,71.40037987
9/30/2024 10:45,73.88531189
9/30/2024 11:00,77.66240855
9/30/2024 11:15,72.22869055
9/30/2024 11:30,73.05700122
9/30/2024 11:45,80.97565124
9/30/2024 12:00,75.57506566
9/30/2024 12:15,72.62627967
9/30/2024 12:30,85.58105857
9/30/2024 12:45,75.57506566
9/30/2024 13:00,76.80096545
9/30/2024 13:15,80.97565124
9/30/2024 13:30,78.88830834
9/30/2024 13:45,87.23767991
9/30/2024 14:00,79.31902989
9/30/2024 14:15,90.1864659
9/30/2024 14:30,80.57806211
9/30/2024 14:45,84.32202635
9/30/2024 15:00,82.23468346
9/30/2024 15:15,81.40637279
9/30/2024 15:30,89.3250228
9/30/2024 15:45,80.14734056
9/30/2024 16:00,83.92443723
9/30/2024 16:15,84.7527479
9/30/2024 16:30,85.58105857
9/30/2024 16:45,85.58105857
9/30/2024 17:00,84.32202635
9/30/2024 17:15,77.231687
9/30/2024 17:30,83.06299413
9/30/2024 17:45,81.83709433
9/30/2024 18:00,75.14434411
9/30/2024 18:15,79.74975144
9/30/2024 18:30,81.40637279
9/30/2024 18:45,74.31603344
9/30/2024 19:00,75.14434411
9/30/2024 19:15,76.80096545
9/30/2024 19:30,70.14134765
9/30/2024 19:45,76.40337633
9/30/2024 20:00,68.88231543
9/30/2024 20:15,74.71362256
9/30/2024 20:30,69.71062611
9/30/2024 20:45,74.71362256
9/30/2024 21:00,69.71062611
9/30/2024 21:15,75.97265478
9/30/2024 21:30,70.14134765
9/30/2024 21:45,73.48772277
9/30/2024 22:00,69.71062611
9/30/2024 22:15,69.31303698
9/30/2024 22:30,73.88531189
9/30/2024 22:45,68.45159388
9/30/2024 23:00,68.88231543
9/30/2024 23:15,70.14134765
9/30/2024 23:30,73.88531189
9/30/2024 23:45,68.45159388
10/1/2024 0:00,70.14134765
10/1/2024 0:15,69.31303698
10/1/2024 0:30,75.14434411
10/1/2024 0:45,68.05400476
10/1/2024 1:00,70.14134765
10/1/2024 1:15,68.05400476
10/1/2024 1:30,72.62627967
10/1/2024 1:45,68.45159388
10/1/2024 2:00,70.14134765
10/1/2024 2:15,68.05400476
10/1/2024 2:30,68.45159388
10/1/2024 2:45,73.05700122
10/1/2024 3:00,74.31603344
10/1/2024 3:15,68.05400476
10/1/2024 3:30,68.88231543
10/1/2024 3:45,69.71062611
10/1/2024 4:00,72.62627967
10/1/2024 4:15,68.45159388
10/1/2024 4:30,68.45159388
10/1/2024 4:45,70.53893678
10/1/2024 5:00,228.7794074
10/1/2024 5:15,618.6818067
10/1/2024 5:30,1403.125145
10/1/2024 5:45,1397.691427
10/1/2024 6:00,436.2546644
10/1/2024 6:15,321.0200838
10/1/2024 6:30,333.5441412
10/1/2024 6:45,333.5441412
10/1/2024 7:00,343.9808556
10/1/2024 7:15,810.7173527
10/1/2024 7:30,1508.718189
10/1/2024 7:45,1557.157797
10/1/2024 8:00,1585.121566
10/1/2024 8:15,1917.439807
10/1/2024 8:30,1982.545026
10/1/2024 8:45,1974.626376
10/1/2024 9:00,1922.442803
10/1/2024 9:15,1881.126667
10/1/2024 9:30,1804.723291
10/1/2024 9:45,1893.220003
10/1/2024 10:00,1992.98174
10/1/2024 10:15,1881.524256
10/1/2024 10:30,1911.177778
10/1/2024 10:45,1913.66271
10/1/2024 11:00,2051.427341
10/1/2024 11:15,2156.655929
10/1/2024 11:30,2133.264436
10/1/2024 11:45,1987.978744
10/1/2024 12:00,1928.274111
10/1/2024 12:15,1937.054204
10/1/2024 12:30,2033.900287
10/1/2024 12:45,1983.406469
10/1/2024 13:00,1925.358457
10/1/2024 13:15,1980.457683
10/1/2024 13:30,2160.830615
10/1/2024 13:45,2043.508691
10/1/2024 14:00,1646.48282
10/1/2024 14:15,867.0756108
10/1/2024 14:30,774.4042129
10/1/2024 14:45,609.934846
10/1/2024 15:00,766.883152
10/1/2024 15:15,491.3538903
10/1/2024 15:30,311.8424016
10/1/2024 15:45,268.4389224
10/1/2024 16:00,202.9029821
10/1/2024 16:15,198.7282963
10/1/2024 16:30,213.3396965
10/1/2024 16:45,207.0776679
10/1/2024 17:00,188.2915818
10/1/2024 17:15,185.3427958
10/1/2024 17:30,207.9059785
10/1/2024 17:45,192.4662676
10/1/2024 18:00,191.6048245
10/1/2024 18:15,189.5174816
10/1/2024 18:30,180.3397994
10/1/2024 18:45,184.116896
10/1/2024 19:00,187.8608603
10/1/2024 19:15,181.16811
10/1/2024 19:30,189.1198925
10/1/2024 19:45,184.9452067
10/1/2024 20:00,184.116896
10/1/2024 20:15,189.1198925
10/1/2024 20:30,193.2945783
10/1/2024 20:45,199.556607
10/1/2024 21:00,201.2132283
10/1/2024 21:15,202.4722605
10/1/2024 21:30,199.556607
10/1/2024 21:45,195.3819212
10/1/2024 22:00,202.4722605
10/1/2024 22:15,185.3427958
10/1/2024 22:30,179.9422103
10/1/2024 22:45,185.7735174
10/1/2024 23:00,190.7765138
10/1/2024 23:15,189.5174816
10/1/2024 23:30,123.5839522
10/1/2024 23:45,109.3701411
10/2/2024 0:00,102.2798017
10/2/2024 0:15,95.18946236
10/2/2024 0:30,102.2798017
10/2/2024 0:45,93.93043014
10/2/2024 1:00,101.0207695
10/2/2024 1:15,93.93043014
10/2/2024 1:30,108.5418304
10/2/2024 1:45,94.36115169
10/2/2024 2:00,97.67439437
10/2/2024 2:15,96.44849458
10/2/2024 2:30,94.75874081
10/2/2024 2:45,100.1924588
10/2/2024 3:00,95.18946236
10/2/2024 3:15,95.18946236
10/2/2024 3:30,99.36414814
10/2/2024 3:45,94.36115169
10/2/2024 4:00,95.58705148
10/2/2024 4:15,100.6231804
10/2/2024 4:30,92.67139792
10/2/2024 4:45,162.382024
10/2/2024 5:00,736.0037302
10/2/2024 5:15,1568.853544
10/2/2024 5:30,1735.840975
10/2/2024 5:45,1730.407257
10/2/2024 6:00,1745.449379
10/2/2024 6:15,1761.717401
10/2/2024 6:30,1851.473145
10/2/2024 6:45,2027.638259
10/2/2024 7:00,2053.117095
10/2/2024 7:15,2154.568586
10/2/2024 7:30,2369.564904
10/2/2024 7:45,2327.387325
10/2/2024 8:00,2208.839501
10/2/2024 8:15,2502.724127
10/2/2024 8:30,2606.262961
10/2/2024 8:45,2537.778235
10/2/2024 9:00,2665.106151
10/2/2024 9:15,2487.682006
10/2/2024 9:30,2415.055726
10/2/2024 9:45,2170.836608
10/2/2024 10:00,2111.960285
10/2/2024 10:15,2178.357669
10/2/2024 10:30,2114.047628
10/2/2024 10:45,2010.541926
10/2/2024 11:00,1963.75894
10/2/2024 11:15,1828.943095
10/2/2024 11:30,1957.496911
10/2/2024 11:45,1994.240772
10/2/2024 12:00,1957.927633
10/2/2024 12:15,1817.247348
10/2/2024 12:30,1755.024651
10/2/2024 12:45,1938.313236
10/2/2024 13:00,2001.331112
10/2/2024 13:15,1874.864639
10/2/2024 13:30,1820.593723
10/2/2024 13:45,1864.825513
10/2/2024 14:00,1009.843238
10/2/2024 14:15,756.4464376
10/2/2024 14:30,639.9859572
10/2/2024 14:45,683.3894363
10/2/2024 15:00,536.0164017
10/2/2024 15:15,351.5019165
10/2/2024 15:30,342.3242343
10/2/2024 15:45,290.9689727
10/2/2024 16:00,231.2643395
10/2/2024 16:15,224.6047217
10/2/2024 16:30,241.3034648
10/2/2024 16:45,233.7824039
10/2/2024 17:00,233.3516823
10/2/2024 17:15,234.6107146
10/2/2024 17:30,242.562497
10/2/2024 17:45,241.7010539
10/2/2024 18:00,227.0896537
10/2/2024 18:15,228.3486859
10/2/2024 18:30,221.6890681
10/2/2024 18:45,216.6529392
10/2/2024 19:00,224.6047217
10/2/2024 19:15,229.6077181
10/2/2024 19:30,235.0414361
10/2/2024 19:45,224.6047217
10/2/2024 20:00,210.8216321
10/2/2024 20:15,198.2975747
10/2/2024 20:30,205.3879141
10/2/2024 20:45,204.1288819
10/2/2024 21:00,207.475257
10/2/2024 21:15,200.3849176
10/2/2024 21:30,205.3879141
10/2/2024 21:45,199.1258854
10/2/2024 22:00,210.8216321
10/2/2024 22:15,206.2162248
10/2/2024 22:30,197.4692641
10/2/2024 22:45,204.990325
10/2/2024 23:00,198.7282963
10/2/2024 23:15,204.5596034
10/2/2024 23:30,196.6409534
10/2/2024 23:45,179.0807672
10/3/2024 0:00,122.7225091
10/3/2024 0:15,120.2375771
10/3/2024 0:30,123.5839522
10/3/2024 0:45,117.7195126
10/3/2024 1:00,116.8912019
10/3/2024 1:15,117.3219235
10/3/2024 1:30,108.9725519
10/3/2024 1:45,104.3671446
10/3/2024 2:00,103.936423
10/3/2024 2:15,108.1111088
10/3/2024 2:30,95.58705148
10/3/2024 2:45,101.451491
10/3/2024 3:00,101.451491
10/3/2024 3:15,93.49970859
10/3/2024 3:30,99.76173726
10/3/2024 3:45,108.9725519
10/3/2024 4:00,92.67139792
10/3/2024 4:15,99.36414814
10/3/2024 4:30,97.67439437
10/3/2024 4:45,149.4603775
10/3/2024 5:00,624.1155247
10/3/2024 5:15,1007.358306
10/3/2024 5:30,954.7440123
10/3/2024 5:45,880.8587004
10/3/2024 6:00,882.9460433
10/3/2024 6:15,857.467207
10/3/2024 6:30,553.974177
10/3/2024 6:45,690.4797757
10/3/2024 7:00,1561.332483
10/3/2024 7:15,1797.632952
10/3/2024 7:30,1848.557492
10/3/2024 7:45,1863.168892
10/3/2024 8:00,1948.319229
10/3/2024 8:15,1874.864639
10/3/2024 8:30,1925.789179
10/3/2024 8:45,1879.039324
10/3/2024 9:00,1805.551602
10/3/2024 9:15,1811.382909
10/3/2024 9:30,1791.768512
10/3/2024 9:45,1798.461262
10/3/2024 10:00,1919.52715
10/3/2024 10:15,1970.020968
10/3/2024 10:30,1573.856541
10/3/2024 10:45,798.1932954
10/3/2024 11:00,725.5670157
10/3/2024 11:15,829.5034388
10/3/2024 11:30,857.467207
10/3/2024 11:45,709.2658617
10/3/2024 12:00,812.8046956
10/3/2024 12:15,714.6995797
10/3/2024 12:30,665.0340719
10/3/2024 12:45,540.621809
10/3/2024 13:00,576.5373597
10/3/2024 13:15,539.3627768
10/3/2024 13:30,446.2606573
10/3/2024 13:45,328.1435556
10/3/2024 14:00,343.5832665
10/3/2024 14:15,298.4900335
10/3/2024 14:30,284.706944
10/3/2024 14:45,292.6587264
10/3/2024 15:00,290.5713835
10/3/2024 15:15,250.0504255
10/3/2024 15:30,245.4781506
10/3/2024 15:45,242.562497
10/3/2024 16:00,242.9600861
10/3/2024 16:15,236.3004683
10/3/2024 16:30,228.3486859
10/3/2024 16:45,226.261343
10/3/2024 17:00,226.261343
10/3/2024 17:15,227.9510968
10/3/2024 17:30,227.0896537
10/3/2024 17:45,222.5173788
10/3/2024 18:00,225.4330323
10/3/2024 18:15,224.1740001
10/3/2024 18:30,223.776411
10/3/2024 18:45,212.0806643
10/3/2024 19:00,210.3909105
10/3/2024 19:15,216.6529392
10/3/2024 19:30,214.9963179
10/3/2024 19:45,206.6469463
10/3/2024 20:00,216.6529392
10/3/2024 20:15,205.3879141
10/3/2024 20:30,215.4270394
10/3/2024 20:45,209.1650107
10/3/2024 21:00,205.8186356
10/3/2024 21:15,214.1680072
10/3/2024 21:30,204.5596034
10/3/2024 21:45,208.7342892
10/3/2024 22:00,210.3909105
10/3/2024 22:15,201.6439498
10/3/2024 22:30,208.3035676
10/3/2024 22:45,199.556607
10/3/2024 23:00,164.4693669
10/3/2024 23:15,149.029656
10/3/2024 23:30,144.4573811
10/3/2024 23:45,147.7706238
10/4/2024 0:00,125.2405735
10/4/2024 0:15,136.1080095
10/4/2024 0:30,128.5869486
10/4/2024 0:45,134.0206666
10/4/2024 1:00,128.9845378
10/4/2024 1:15,123.5839522
10/4/2024 1:30,125.2405735
10/4/2024 1:45,122.7225091
10/4/2024 2:00,117.3219235
10/4/2024 2:15,118.5478233
10/4/2024 2:30,112.7165162
10/4/2024 2:45,109.8008626
10/4/2024 3:00,107.2827982
10/4/2024 3:15,109.8008626
10/4/2024 3:30,108.1111088
10/4/2024 3:45,109.8008626
10/4/2024 4:00,109.3701411
10/4/2024 4:15,102.2798017
10/4/2024 4:30,100.1924588
10/4/2024 4:45,101.451491
10/4/2024 5:00,98.10511592
10/4/2024 5:15,95.18946236
10/4/2024 5:30,98.93342659
10/4/2024 5:45,93.93043014
10/4/2024 6:00,98.53583747
10/4/2024 6:15,92.27380879
10/4/2024 6:30,98.93342659
10/4/2024 6:45,91.01477657
10/4/2024 7:00,98.53583747
10/4/2024 7:15,91.4123657
10/4/2024 7:30,98.10511592
10/4/2024 7:45,91.4123657
10/4/2024 8:00,97.67439437
10/4/2024 8:15,93.10211947
10/4/2024 8:30,101.0207695
10/4/2024 8:45,106.0237659
10/4/2024 9:00,91.4123657
10/4/2024 9:15,98.93342659
10/4/2024 9:30,99.76173726
10/4/2024 9:45,91.84308725
10/4/2024 10:00,98.93342659
10/4/2024 10:15,98.93342659
10/4/2024 10:30,102.7105233
10/4/2024 10:45,100.6231804
10/4/2024 11:00,111.0598948
10/4/2024 11:15,98.93342659
10/4/2024 11:30,96.44849458
10/4/2024 11:45,116.8912019
10/4/2024 12:00,109.3701411
10/4/2024 12:15,116.4604804
10/4/2024 12:30,122.7225091
10/4/2024 12:45,116.4604804
10/4/2024 13:00,121.8941984
10/4/2024 13:15,121.4966093
10/4/2024 13:30,127.3279164
10/4/2024 13:45,117.7195126
10/4/2024 14:00,139.0236631
10/4/2024 14:15,121.4966093
10/4/2024 14:30,138.5929415
10/4/2024 14:45,128.1562271
10/4/2024 15:00,134.0206666
10/4/2024 15:15,127.3279164
10/4/2024 15:30,131.5026022
10/4/2024 15:45,131.9333237
10/4/2024 16:00,120.6351662
10/4/2024 16:15,133.5899451
10/4/2024 16:30,128.1562271
10/4/2024 16:45,125.2405735
10/4/2024 17:00,140.2826953
10/4/2024 17:15,131.5026022
10/4/2024 17:30,129.4152593
10/4/2024 17:45,134.4182558
10/4/2024 18:00,134.0206666
10/4/2024 18:15,131.5026022
10/4/2024 18:30,131.9333237
10/4/2024 18:45,130.6742915
10/4/2024 19:00,136.5055986
10/4/2024 19:15,122.7225091
10/4/2024 19:30,128.1562271
10/4/2024 19:45,131.0718806
10/4/2024 20:00,121.8941984
10/4/2024 20:15,130.6742915
10/4/2024 20:30,120.6351662
10/4/2024 20:45,124.4122628
10/4/2024 21:00,116.4604804
10/4/2024 21:15,125.2405735
10/4/2024 21:30,112.7165162
10/4/2024 21:45,126.8971949
10/4/2024 22:00,111.8882055
10/4/2024 22:15,101.8490802
10/4/2024 22:30,100.1924588
10/4/2024 22:45,104.7978661
10/4/2024 23:00,93.49970859
10/4/2024 23:15,99.76173726
10/4/2024 23:30,93.49970859
10/4/2024 23:45,94.75874081
10/5/2024 0:00,97.67439437
10/5/2024 0:15,92.27380879
10/5/2024 0:30,95.18946236
10/5/2024 0:45,97.27680525
10/5/2024 1:00,92.67139792
10/5/2024 1:15,93.49970859
10/5/2024 1:30,98.10511592
10/5/2024 1:45,92.67139792
10/5/2024 2:00,93.93043014
10/5/2024 2:15,94.75874081
10/5/2024 2:30,91.01477657
10/5/2024 2:45,92.67139792
10/5/2024 3:00,92.27380879
10/5/2024 3:15,94.75874081
10/5/2024 3:30,93.10211947
10/5/2024 3:45,93.93043014
10/5/2024 4:00,93.49970859
10/5/2024 4:15,93.10211947
10/5/2024 4:30,91.84308725
10/5/2024 4:45,91.84308725
10/5/2024 5:00,98.53583747
10/5/2024 5:15,98.93342659
10/5/2024 5:30,101.0207695
10/5/2024 5:45,99.76173726
10/5/2024 6:00,101.8490802
10/5/2024 6:15,98.10511592
10/5/2024 6:30,109.3701411
10/5/2024 6:45,111.0598948
10/5/2024 7:00,154.463374
10/5/2024 7:15,167.815742
10/5/2024 7:30,169.9030849
10/5/2024 7:45,213.3396965
10/5/2024 8:00,191.2072354
10/5/2024 8:15,186.6018281
10/5/2024 8:30,172.8187385
10/5/2024 8:45,200.8156392
10/5/2024 9:00,174.9060814
10/5/2024 9:15,171.5928387
10/5/2024 9:30,177.4241458
10/5/2024 9:45,170.7313956
10/5/2024 10:00,168.2464636
10/5/2024 10:15,168.2464636
10/5/2024 10:30,164.9000885
10/5/2024 10:45,162.382024
10/5/2024 11:00,172.4211494
10/5/2024 11:15,166.1591207
10/5/2024 11:30,163.2434671
10/5/2024 11:45,164.0717778
10/5/2024 12:00,165.7283991
10/5/2024 12:15,165.7283991
10/5/2024 12:30,165.7283991
10/5/2024 12:45,161.1561242
10/5/2024 13:00,170.7313956
10/5/2024 13:15,164.9000885
10/5/2024 13:30,175.7675245
10/5/2024 13:45,177.8548674
10/5/2024 14:00,169.5054958
10/5/2024 14:15,174.9060814
10/5/2024 14:30,175.7675245
10/5/2024 14:45,189.1198925
10/5/2024 15:00,176.5958351
10/5/2024 15:15,183.2554529
10/5/2024 15:30,185.7735174
10/5/2024 15:45,187.8608603
10/5/2024 16:00,196.2102318
10/5/2024 16:15,183.2554529
10/5/2024 16:30,192.8638567
10/5/2024 16:45,181.16811
10/5/2024 17:00,184.9452067
10/5/2024 17:15,192.4662676
10/5/2024 17:30,187.8608603
10/5/2024 17:45,183.2554529
10/5/2024 18:00,186.2042389
10/5/2024 18:15,189.5174816
10/5/2024 18:30,194.5536105
10/5/2024 18:45,184.5144852
10/5/2024 19:00,187.0325496
10/5/2024 19:15,176.1651136
10/5/2024 19:30,169.9030849
10/5/2024 19:45,167.4181529
10/5/2024 20:00,169.5054958
10/5/2024 20:15,169.9030849
10/5/2024 20:30,174.0777707
10/5/2024 20:45,166.9874314
10/5/2024 21:00,156.9814384
10/5/2024 21:15,114.3731375
10/5/2024 21:30,116.8912019
10/5/2024 21:45,106.885209
10/5/2024 22:00,105.1954553
10/5/2024 22:15,91.4123657
10/5/2024 22:30,103.5388339
10/5/2024 22:45,91.84308725
10/5/2024 23:00,91.84308725
10/5/2024 23:15,90.1864659
10/5/2024 23:30,96.8460837
10/5/2024 23:45,91.84308725
10/6/2024 0:00,90.58405502
10/6/2024 0:15,91.01477657
10/6/2024 0:30,96.01777303
10/6/2024 0:45,91.4123657
10/6/2024 1:00,89.75574435
10/6/2024 1:15,91.4123657
10/6/2024 1:30,91.4123657
10/6/2024 1:45,91.84308725
10/6/2024 2:00,91.84308725
10/6/2024 2:15,91.01477657
10/6/2024 2:30,91.84308725
10/6/2024 2:45,90.1864659
10/6/2024 3:00,91.4123657
10/6/2024 3:15,91.84308725
10/6/2024 3:30,90.1864659
10/6/2024 3:45,91.4123657
10/6/2024 4:00,89.75574435
10/6/2024 4:15,93.10211947
10/6/2024 4:30,90.1864659
10/6/2024 4:45,90.1864659
10/6/2024 5:00,92.67139792
10/6/2024 5:15,89.3250228
10/6/2024 5:30,90.58405502
10/6/2024 5:45,90.58405502
10/6/2024 6:00,90.1864659
10/6/2024 6:15,88.49671213
10/6/2024 6:30,91.84308725
10/6/2024 6:45,93.93043014
10/6/2024 7:00,89.75574435
10/6/2024 7:15,89.3250228
10/6/2024 7:30,88.49671213
10/6/2024 7:45,89.75574435
10/6/2024 8:00,89.75574435
10/6/2024 8:15,93.49970859
10/6/2024 8:30,91.4123657
10/6/2024 8:45,93.93043014
10/6/2024 9:00,91.01477657
10/6/2024 9:15,93.10211947
10/6/2024 9:30,99.36414814
10/6/2024 9:45,91.01477657
10/6/2024 10:00,94.36115169
10/6/2024 10:15,100.1924588
10/6/2024 10:30,98.10511592
10/6/2024 10:45,95.18946236
10/6/2024 11:00,101.0207695
10/6/2024 11:15,105.6261768
10/6/2024 11:30,100.1924588
10/6/2024 11:45,102.2798017
10/6/2024 12:00,110.1984517
10/6/2024 12:15,108.5418304
10/6/2024 12:30,104.3671446
10/6/2024 12:45,112.2857946
10/6/2024 13:00,113.1472377
10/6/2024 13:15,113.9755484
10/6/2024 13:30,111.4574839
10/6/2024 13:45,113.5448268
10/6/2024 14:00,111.0598948
10/6/2024 14:15,111.4574839
10/6/2024 14:30,118.1502342
10/6/2024 14:45,111.4574839
10/6/2024 15:00,116.0628913
10/6/2024 15:15,114.3731375
10/6/2024 15:30,117.3219235
10/6/2024 15:45,112.2857946
10/6/2024 16:00,118.9785448
10/6/2024 16:15,121.0658877
10/6/2024 16:30,115.6321697
10/6/2024 16:45,118.1502342
10/6/2024 17:00,126.8971949
10/6/2024 17:15,117.7195126
10/6/2024 17:30,113.5448268
10/6/2024 17:45,120.6351662
10/6/2024 18:00,117.3219235
10/6/2024 18:15,112.7165162
10/6/2024 18:30,116.8912019
10/6/2024 18:45,113.1472377
10/6/2024 19:00,110.1984517
10/6/2024 19:15,111.4574839
10/6/2024 19:30,111.0598948
10/6/2024 19:45,110.6291733
10/6/2024 20:00,108.9725519
10/6/2024 20:15,111.0598948
10/6/2024 20:30,102.7105233
10/6/2024 20:45,106.4544875
10/6/2024 21:00,103.1081124
10/6/2024 21:15,96.44849458
10/6/2024 21:30,101.8490802
10/6/2024 21:45,93.93043014
10/6/2024 22:00,105.6261768
10/6/2024 22:15,99.36414814
10/6/2024 22:30,91.84308725
10/6/2024 22:45,100.1924588
10/6/2024 23:00,91.84308725
10/6/2024 23:15,98.10511592
10/6/2024 23:30,93.49970859
10/6/2024 23:45,98.93342659
10/7/2024 0:00,89.3250228
10/7/2024 0:15,98.93342659
10/7/2024 0:30,92.27380879
10/7/2024 0:45,93.93043014
10/7/2024 1:00,92.27380879
10/7/2024 1:15,93.93043014
10/7/2024 1:30,90.1864659
10/7/2024 1:45,95.58705148
10/7/2024 2:00,91.01477657
10/7/2024 2:15,92.67139792
10/7/2024 2:30,93.10211947
10/7/2024 2:45,90.58405502
10/7/2024 3:00,93.49970859
10/7/2024 3:15,91.01477657
10/7/2024 3:30,91.4123657
10/7/2024 3:45,102.2798017
10/7/2024 4:00,95.18946236
10/7/2024 4:15,93.93043014
10/7/2024 4:30,90.58405502
10/7/2024 4:45,92.67139792
10/7/2024 5:00,90.1864659
10/7/2024 5:15,90.58405502
10/7/2024 5:30,91.4123657
10/7/2024 5:45,92.27380879
10/7/2024 6:00,90.58405502
10/7/2024 6:15,89.75574435
10/7/2024 6:30,90.1864659
10/7/2024 6:45,89.75574435
10/7/2024 7:00,89.75574435
10/7/2024 7:15,88.92743368
10/7/2024 7:30,90.58405502
10/7/2024 7:45,89.75574435
10/7/2024 8:00,88.49671213
10/7/2024 8:15,91.01477657
10/7/2024 8:30,90.1864659
10/7/2024 8:45,93.93043014
10/7/2024 9:00,89.3250228
10/7/2024 9:15,92.27380879
10/7/2024 9:30,88.92743368
10/7/2024 9:45,89.75574435
10/7/2024 10:00,100.6231804
10/7/2024 10:15,88.92743368
10/7/2024 10:30,88.49671213
10/7/2024 10:45,89.3250228
10/7/2024 11:00,91.01477657
10/7/2024 11:15,89.3250228
10/7/2024 11:30,94.75874081
10/7/2024 11:45,91.84308725
10/7/2024 12:00,93.49970859
10/7/2024 12:15,93.10211947
10/7/2024 12:30,98.10511592
10/7/2024 12:45,97.27680525
10/7/2024 13:00,96.44849458
10/7/2024 13:15,99.36414814
10/7/2024 13:30,104.3671446
10/7/2024 13:45,100.1924588
10/7/2024 14:00,99.76173726
10/7/2024 14:15,112.7165162
10/7/2024 14:30,102.2798017
10/7/2024 14:45,111.4574839
10/7/2024 15:00,110.1984517
10/7/2024 15:15,120.2375771
10/7/2024 15:30,115.6321697
10/7/2024 15:45,114.8038591
10/7/2024 16:00,112.7165162
10/7/2024 16:15,116.0628913
10/7/2024 16:30,117.3219235
10/7/2024 16:45,113.9755484
10/7/2024 17:00,118.1502342
10/7/2024 17:15,114.3731375
10/7/2024 17:30,116.0628913
10/7/2024 17:45,117.7195126
10/7/2024 18:00,111.0598948
10/7/2024 18:15,121.0658877
10/7/2024 18:30,119.8068555
10/7/2024 18:45,113.5448268
10/7/2024 19:00,118.9785448
10/7/2024 19:15,115.6321697
10/7/2024 19:30,111.8882055
10/7/2024 19:45,112.2857946
10/7/2024 20:00,110.1984517
10/7/2024 20:15,112.7165162
10/7/2024 20:30,107.2827982
10/7/2024 20:45,108.5418304
10/7/2024 21:00,109.3701411
10/7/2024 21:15,107.7135197
10/7/2024 21:30,103.1081124
10/7/2024 21:45,102.2798017
10/7/2024 22:00,98.53583747
10/7/2024 22:15,93.93043014
10/7/2024 22:30,92.67139792
10/7/2024 22:45,96.8460837
10/7/2024 23:00,95.18946236
10/7/2024 23:15,91.4123657
10/7/2024 23:30,89.75574435
10/7/2024 23:45,91.01477657
10/8/2024 0:00,91.4123657
10/8/2024 0:15,90.1864659
10/8/2024 0:30,91.01477657
10/8/2024 0:45,91.4123657
10/8/2024 1:00,89.3250228
10/8/2024 1:15,90.1864659
10/8/2024 1:30,90.58405502
10/8/2024 1:45,96.01777303
10/8/2024 2:00,98.10511592
10/8/2024 2:15,90.1864659
10/8/2024 2:30,90.58405502
10/8/2024 2:45,92.67139792
10/8/2024 3:00,90.58405502
10/8/2024 3:15,90.1864659
10/8/2024 3:30,92.67139792
10/8/2024 3:45,89.3250228
10/8/2024 4:00,88.49671213
10/8/2024 4:15,91.01477657
10/8/2024 4:30,100.6231804
10/8/2024 4:45,116.4604804
10/8/2024 5:00,182.4271423
10/8/2024 5:15,190.3789247
10/8/2024 5:30,305.1827838
10/8/2024 5:45,514.7453836
10/8/2024 6:00,514.7453836
10/8/2024 6:15,552.3175557
10/8/2024 6:30,1560.073451
10/8/2024 6:45,1737.100008
10/8/2024 7:00,1960.445697
10/8/2024 7:15,1950.837293
10/8/2024 7:30,1957.496911
10/8/2024 7:45,2586.217843
10/8/2024 8:00,2716.461413
10/8/2024 8:15,2655.100159
10/8/2024 8:30,2662.190498
10/8/2024 8:45,2665.536873
10/8/2024 9:00,2683.892237
10/8/2024 9:15,2659.705566
10/8/2024 9:30,2676.801898
10/8/2024 9:45,2874.271162
10/8/2024 10:00,3016.6412
10/8/2024 10:15,3019.126132
10/8/2024 10:30,3020.815886
10/8/2024 10:45,3067.135019
10/8/2024 11:00,3047.520622
10/8/2024 11:15,3052.95434
10/8/2024 11:30,3013.692414
10/8/2024 11:45,2849.223047
10/8/2024 12:00,2788.690104
10/8/2024 12:15,2685.97958
10/8/2024 12:30,2706.45542
10/8/2024 12:45,2791.208168
10/8/2024 13:00,2701.452424
10/8/2024 13:15,2687.238613
10/8/2024 13:30,2882.189812
10/8/2024 13:45,2906.012027
10/8/2024 14:00,1907.003093
10/8/2024 14:15,1562.160794
10/8/2024 14:30,1310.420615
10/8/2024 14:45,857.467207
10/8/2024 15:00,710.9556155
10/8/2024 15:15,668.380447
10/8/2024 15:30,462.9594005
10/8/2024 15:45,288.4840406
10/8/2024 16:00,247.1347719
10/8/2024 16:15,229.1769966
10/8/2024 16:30,227.9510968
10/8/2024 16:45,226.261343
10/8/2024 17:00,217.5143823
10/8/2024 17:15,211.6499428
10/8/2024 17:30,219.6017252
10/8/2024 17:45,214.5655963
10/8/2024 18:00,214.5655963
10/8/2024 18:15,212.908975
10/8/2024 18:30,215.4270394
10/8/2024 18:45,212.908975
10/8/2024 19:00,212.908975
10/8/2024 19:15,210.8216321
10/8/2024 19:30,212.4782534
10/8/2024 19:45,206.6469463
10/8/2024 20:00,214.5655963
10/8/2024 20:15,202.4722605
10/8/2024 20:30,213.3396965
10/8/2024 20:45,202.4722605
10/8/2024 21:00,207.475257
10/8/2024 21:15,208.3035676
10/8/2024 21:30,203.7312927
10/8/2024 21:45,212.0806643
10/8/2024 22:00,198.2975747
10/8/2024 22:15,209.9933214
10/8/2024 22:30,198.2975747
10/8/2024 22:45,211.6499428
10/8/2024 23:00,196.2102318
10/8/2024 23:15,208.7342892
10/8/2024 23:30,198.7282963
10/8/2024 23:45,183.6861745
10/9/2024 0:00,121.8941984
10/9/2024 0:15,116.0628913
10/9/2024 0:30,118.1502342
10/9/2024 0:45,113.9755484
10/9/2024 1:00,107.7135197
10/9/2024 1:15,115.6321697
10/9/2024 1:30,109.8008626
10/9/2024 1:45,103.5388339
10/9/2024 2:00,104.3671446
10/9/2024 2:15,106.885209
10/9/2024 2:30,102.2798017
10/9/2024 2:45,106.0237659
10/9/2024 3:00,98.93342659
10/9/2024 3:15,106.885209
10/9/2024 3:30,101.451491
10/9/2024 3:45,95.58705148
10/9/2024 4:00,107.7135197
10/9/2024 4:15,98.10511592
10/9/2024 4:30,111.4574839
10/9/2024 4:45,146.9423131
10/9/2024 5:00,610.3324351
10/9/2024 5:15,1958.755943
10/9/2024 5:30,2083.598928
10/9/2024 5:45,2094.863953
10/9/2024 6:00,2082.339895
10/9/2024 6:15,2215.499119
10/9/2024 6:30,2516.507217
10/9/2024 6:45,2537.380646
10/9/2024 7:00,2551.992046
10/9/2024 7:15,2521.510213
10/9/2024 7:30,2341.568003
10/9/2024 7:45,2335.736696
10/9/2024 8:00,2286.071188
10/9/2024 8:15,2425.923162
10/9/2024 8:30,2612.922579
10/9/2024 8:45,2636.744794
10/9/2024 9:00,2689.756677
10/9/2024 9:15,2660.931466
10/9/2024 9:30,2637.142383
10/9/2024 9:45,2613.784022
10/9/2024 10:00,2545.730017
10/9/2024 10:15,2663.880252
10/9/2024 10:30,2684.322959
10/9/2024 10:45,2717.289724
10/9/2024 11:00,2686.410302
10/9/2024 11:15,2534.034271
10/9/2024 11:30,2632.967697
10/9/2024 11:45,2624.220737
10/9/2024 12:00,2566.172725
10/9/2024 12:15,2578.299193
10/9/2024 12:30,2501.465095
10/9/2024 12:45,2478.935045
10/9/2024 13:00,2557.823353
10/9/2024 13:15,2471.413984
10/9/2024 13:30,2503.98316
10/9/2024 13:45,2453.05862
10/9/2024 14:00,2461.80558
10/9/2024 14:15,1310.023025
10/9/2024 14:30,1186.041484
10/9/2024 14:45,860.8135821
10/9/2024 15:00,682.5611257
10/9/2024 15:15,705.5218975
10/9/2024 15:30,551.489245
10/9/2024 15:45,343.5832665
10/9/2024 16:00,260.4871399
10/9/2024 16:15,248.8245257
10/9/2024 16:30,215.4270394
10/9/2024 16:45,228.3486859
10/9/2024 17:00,214.5655963
10/9/2024 17:15,225.4330323
10/9/2024 17:30,207.475257
10/9/2024 17:45,212.908975
10/9/2024 18:00,207.9059785
10/9/2024 18:15,206.6469463
10/9/2024 18:30,217.0836608
10/9/2024 18:45,209.5625999
10/9/2024 19:00,212.0806643
10/9/2024 19:15,207.475257
10/9/2024 19:30,208.7342892
10/9/2024 19:45,211.2523536
10/9/2024 20:00,199.556607
10/9/2024 20:15,210.3909105
10/9/2024 20:30,206.6469463
10/9/2024 20:45,199.9541961
10/9/2024 21:00,210.3909105
10/9/2024 21:15,198.2975747
10/9/2024 21:30,195.7795103
10/9/2024 21:45,145.6832809
10/9/2024 22:00,148.2013453
10/9/2024 22:15,141.9393167
10/9/2024 22:30,146.544724
10/9/2024 22:45,137.7646309
10/9/2024 23:00,148.6320669
10/9/2024 23:15,134.0206666
10/9/2024 23:30,131.9333237
10/9/2024 23:45,137.3339093
10/10/2024 0:00,107.7135197
10/10/2024 0:15,108.5418304
10/10/2024 0:30,117.7195126
10/10/2024 0:45,109.3701411
10/10/2024 1:00,102.2798017
10/10/2024 1:15,106.4544875
10/10/2024 1:30,106.4544875
10/10/2024 1:45,101.8490802
10/10/2024 2:00,103.5388339
10/10/2024 2:15,98.10511592
10/10/2024 2:30,96.44849458
10/10/2024 2:45,104.7978661
10/10/2024 3:00,106.0237659
10/10/2024 3:15,93.10211947
10/10/2024 3:30,98.93342659
10/10/2024 3:45,97.27680525
10/10/2024 4:00,95.58705148
10/10/2024 4:15,98.53583747
10/10/2024 4:30,311.0140909
10/10/2024 4:45,1338.417515
10/10/2024 5:00,1959.186665
10/10/2024 5:15,1970.882412
10/10/2024 5:30,2071.07487
10/10/2024 5:45,2256.417666
10/10/2024 6:00,2363.302875
10/10/2024 6:15,2632.570108
10/10/2024 6:30,2926.454734
10/10/2024 6:45,2943.981788
10/10/2024 7:00,2966.114249
10/10/2024 7:15,2969.460625
10/10/2024 7:30,2966.544971
10/10/2024 7:45,2994.078018
10/10/2024 8:00,3027.077915
10/10/2024 8:15,2971.117246
10/10/2024 8:30,2981.156371
10/10/2024 8:45,2894.31628
10/10/2024 9:00,2772.422082
10/10/2024 9:15,2836.268269
10/10/2024 9:30,2731.072813
10/10/2024 9:45,2661.792909
10/10/2024 10:00,2662.621219
10/10/2024 10:15,2714.37407
10/10/2024 10:30,2776.994357
10/10/2024 10:45,2548.645671
10/10/2024 11:00,2806.217157
10/10/2024 11:15,2868.439855
10/10/2024 11:30,2900.975898
10/10/2024 11:45,2826.262276
10/10/2024 12:00,2891.400627
10/10/2024 12:15,2852.138701
10/10/2024 12:30,2754.464307
10/10/2024 12:45,2688.928366
10/10/2024 13:00,2825.433965
10/10/2024 13:15,2838.786333
10/10/2024 13:30,2821.259279
10/10/2024 13:45,2809.994254
10/10/2024 14:00,2796.608754
10/10/2024 14:15,1498.712196
10/10/2024 14:30,1258.237042
10/10/2024 14:45,703.003833
10/10/2024 15:00,523.0947552
10/10/2024 15:15,455.471472
10/10/2024 15:30,281.7912904
10/10/2024 15:45,253.3968006
10/10/2024 16:00,233.3516823
10/10/2024 16:15,217.5143823
10/10/2024 16:30,216.6529392
10/10/2024 16:45,231.695061
10/10/2024 17:00,226.6920645
10/10/2024 17:15,218.7402821
10/10/2024 17:30,221.2583465
10/10/2024 17:45,197.8668532
10/10/2024 18:00,200.3849176
10/10/2024 18:15,195.3819212
10/10/2024 18:30,205.3879141
10/10/2024 18:45,199.556607
10/10/2024 19:00,202.4722605
10/10/2024 19:15,200.8156392
10/10/2024 19:30,201.2132283
10/10/2024 19:45,203.3005712
10/10/2024 20:00,194.9511996
10/10/2024 20:15,199.9541961
10/10/2024 20:30,202.041539
10/10/2024 20:45,194.5536105
10/10/2024 21:00,201.2132283
10/10/2024 21:15,199.9541961
10/10/2024 21:30,201.6439498
10/10/2024 21:45,188.6891709
10/10/2024 22:00,189.9482032
10/10/2024 22:15,196.6409534
10/10/2024 22:30,189.1198925
10/10/2024 22:45,188.6891709
10/10/2024 23:00,194.1228889
10/10/2024 23:15,190.3789247
10/10/2024 23:30,195.7795103
10/10/2024 23:45,139.4212522
10/11/2024 0:00,126.4996057
10/11/2024 0:15,110.1984517
10/11/2024 0:30,110.6291733
10/11/2024 0:45,108.1111088
10/11/2024 1:00,112.7165162
10/11/2024 1:15,105.6261768
10/11/2024 1:30,102.2798017
10/11/2024 1:45,100.6231804
10/11/2024 2:00,95.58705148
10/11/2024 2:15,99.76173726
10/11/2024 2:30,98.53583747
10/11/2024 2:45,90.1864659
10/11/2024 3:00,97.27680525
10/11/2024 3:15,91.4123657
10/11/2024 3:30,91.01477657
10/11/2024 3:45,89.75574435
10/11/2024 4:00,94.36115169
10/11/2024 4:15,92.27380879
10/11/2024 4:30,91.84308725
10/11/2024 4:45,187.0325496
10/11/2024 5:00,1271.191821
10/11/2024 5:15,1813.470252
10/11/2024 5:30,1836.431023
10/11/2024 5:45,1822.250345
10/11/2024 6:00,1839.379809
10/11/2024 6:15,1986.322122
10/11/2024 6:30,2273.94472
10/11/2024 6:45,2263.938727
10/11/2024 7:00,2275.634474
10/11/2024 7:15,2237.63158
10/11/2024 7:30,2382.48655
10/11/2024 7:45,2600.000933
10/11/2024 8:00,2762.813678
10/11/2024 8:15,3041.258594
10/11/2024 8:30,3046.26159
10/11/2024 8:45,3037.912218
10/11/2024 9:00,3006.602075
10/11/2024 9:15,3023.300818
10/11/2024 9:30,2957.764878
10/11/2024 9:45,2911.412613
10/11/2024 10:00,2901.837341
10/11/2024 10:15,2921.021016
10/11/2024 10:30,2935.234828
10/11/2024 10:45,2979.897339
10/11/2024 11:00,3028.734536
10/11/2024 11:15,2979.466617
10/11/2024 11:30,2893.057248
10/11/2024 11:45,2872.614541
10/11/2024 12:00,2837.129712
10/11/2024 12:15,2841.304397
10/11/2024 12:30,2876.358505
10/11/2024 12:45,2807.045468
10/11/2024 13:00,2814.566529
10/11/2024 13:15,2753.635996
10/11/2024 13:30,2809.994254
10/11/2024 13:45,2724.810785
10/11/2024 14:00,2778.684111
10/11/2024 14:15,1676.964653
10/11/2024 14:30,1229.875685
10/11/2024 14:45,938.4759907
10/11/2024 15:00,736.8320409
10/11/2024 15:15,695.085183
10/11/2024 15:30,376.9807528
10/11/2024 15:45,276.3575724
10/11/2024 16:00,269.2672331
10/11/2024 16:15,276.3575724
10/11/2024 16:30,263.0052044
10/11/2024 16:45,243.7883968
10/11/2024 17:00,240.0444326
10/11/2024 17:15,236.3004683
10/11/2024 17:30,227.0896537
10/11/2024 17:45,222.9149679
10/11/2024 18:00,214.9963179
10/11/2024 18:15,222.5173788
10/11/2024 18:30,225.4330323
10/11/2024 18:45,212.0806643
10/11/2024 19:00,223.3456894
10/11/2024 19:15,213.7372856
10/11/2024 19:30,221.6890681
10/11/2024 19:45,210.3909105
10/11/2024 20:00,218.342693
10/11/2024 20:15,205.8186356
10/11/2024 20:30,218.7402821
10/11/2024 20:45,202.041539
10/11/2024 21:00,205.3879141
10/11/2024 21:15,205.8186356
10/11/2024 21:30,205.8186356
10/11/2024 21:45,205.8186356
10/11/2024 22:00,202.041539
10/11/2024 22:15,202.4722605
10/11/2024 22:30,204.1288819
10/11/2024 22:45,202.9029821
10/11/2024 23:00,202.4722605
10/11/2024 23:15,201.6439498
10/11/2024 23:30,212.4782534
10/11/2024 23:45,164.4693669
10/12/2024 0:00,128.1562271
10/12/2024 0:15,127.758638
10/12/2024 0:30,119.4092664
10/12/2024 0:45,120.6351662
10/12/2024 1:00,115.6321697
10/12/2024 1:15,111.8882055
10/12/2024 1:30,113.5448268
10/12/2024 1:45,113.9755484
10/12/2024 2:00,111.4574839
10/12/2024 2:15,108.9725519
10/12/2024 2:30,100.1924588
10/12/2024 2:45,104.3671446
10/12/2024 3:00,103.5388339
10/12/2024 3:15,95.58705148
10/12/2024 3:30,102.2798017
10/12/2024 3:45,97.67439437
10/12/2024 4:00,103.5388339
10/12/2024 4:15,97.27680525
10/12/2024 4:30,98.53583747
10/12/2024 4:45,243.7883968
10/12/2024 5:00,1520.016347
10/12/2024 5:15,2099.038639
10/12/2024 5:30,2049.339998
10/12/2024 5:45,1964.620383
10/12/2024 6:00,2275.203752
10/12/2024 6:15,2428.010505
10/12/2024 6:30,2461.80558
10/12/2024 6:45,2515.678906
10/12/2024 7:00,2436.359876
10/12/2024 7:15,2507.727124
10/12/2024 7:30,2600.829243
10/12/2024 7:45,2683.063927
10/12/2024 8:00,2671.798902
10/12/2024 8:15,2662.621219
10/12/2024 8:30,2597.91359
10/12/2024 8:45,2594.997936
10/12/2024 9:00,2612.094268
10/12/2024 9:15,2648.407408
10/12/2024 9:30,2554.9077
10/12/2024 9:45,2742.76856
10/12/2024 10:00,2914.758988
10/12/2024 10:15,2496.89282
10/12/2024 10:30,1538.371711
10/12/2024 10:45,1455.308717
10/12/2024 11:00,1148.469312
10/12/2024 11:15,942.2199549
10/12/2024 11:30,906.7351258
10/12/2024 11:45,829.1058496
10/12/2024 12:00,791.5336776
10/12/2024 12:15,723.877262
10/12/2024 12:30,604.8987171
10/12/2024 12:45,785.669238
10/12/2024 13:00,664.2057612
10/12/2024 13:15,642.9016107
10/12/2024 13:30,581.5403562
10/12/2024 13:45,762.7084662
10/12/2024 14:00,814.0637279
10/12/2024 14:15,875.4249824
10/12/2024 14:30,817.410103
10/12/2024 14:45,541.8808412
10/12/2024 15:00,263.0052044
10/12/2024 15:15,230.0384397
10/12/2024 15:30,219.1710037
10/12/2024 15:45,201.6439498
10/12/2024 16:00,194.5536105
10/12/2024 16:15,196.2102318
10/12/2024 16:30,194.1228889
10/12/2024 16:45,197.4692641
10/12/2024 17:00,193.6921674
10/12/2024 17:15,185.3427958
10/12/2024 17:30,182.8578638
10/12/2024 17:45,184.5144852
10/12/2024 18:00,183.2554529
10/12/2024 18:15,183.2554529
10/12/2024 18:30,182.4271423
10/12/2024 18:45,182.0295531
10/12/2024 19:00,187.4301387
10/12/2024 19:15,189.5174816
10/12/2024 19:30,189.9482032
10/12/2024 19:45,188.2915818
10/12/2024 20:00,188.6891709
10/12/2024 20:15,185.7735174
10/12/2024 20:30,187.0325496
10/12/2024 20:45,187.0325496
10/12/2024 21:00,190.3789247
10/12/2024 21:15,185.7735174
10/12/2024 21:30,180.7705209
10/12/2024 21:45,177.8548674
10/12/2024 22:00,180.3397994
10/12/2024 22:15,178.2524565
10/12/2024 22:30,189.9482032
10/12/2024 22:45,177.4241458
10/12/2024 23:00,179.9422103
10/12/2024 23:15,176.1651136
10/12/2024 23:30,178.2524565
10/12/2024 23:45,155.7224062
10/13/2024 0:00,113.1472377
10/13/2024 0:15,116.0628913
10/13/2024 0:30,112.7165162
10/13/2024 0:45,106.0237659
10/13/2024 1:00,111.4574839
10/13/2024 1:15,105.6261768
10/13/2024 1:30,103.1081124
10/13/2024 1:45,103.936423
10/13/2024 2:00,105.1954553
10/13/2024 2:15,99.36414814
10/13/2024 2:30,98.53583747
10/13/2024 2:45,100.6231804
10/13/2024 3:00,98.53583747
10/13/2024 3:15,98.10511592
10/13/2024 3:30,100.6231804
10/13/2024 3:45,96.8460837
10/13/2024 4:00,101.8490802
10/13/2024 4:15,98.10511592
10/13/2024 4:30,97.27680525
10/13/2024 4:45,89.75574435
10/13/2024 5:00,99.36414814
10/13/2024 5:15,91.84308725
10/13/2024 5:30,94.75874081
10/13/2024 5:45,89.3250228
10/13/2024 6:00,96.01777303
10/13/2024 6:15,91.4123657
10/13/2024 6:30,87.23767991
10/13/2024 6:45,93.10211947
10/13/2024 7:00,91.4123657
10/13/2024 7:15,87.66840146
10/13/2024 7:30,93.10211947
10/13/2024 7:45,95.18946236
10/13/2024 8:00,89.3250228
10/13/2024 8:15,100.1924588
10/13/2024 8:30,91.4123657
10/13/2024 8:45,98.93342659
10/13/2024 9:00,95.58705148
10/13/2024 9:15,102.7105233
10/13/2024 9:30,104.3671446
10/13/2024 9:45,105.1954553
10/13/2024 10:00,103.1081124
10/13/2024 10:15,108.5418304
10/13/2024 10:30,110.6291733
10/13/2024 10:45,115.6321697
10/13/2024 11:00,108.5418304
10/13/2024 11:15,110.6291733
10/13/2024 11:30,122.7225091
10/13/2024 11:45,111.8882055
10/13/2024 12:00,120.2375771
10/13/2024 12:15,118.5478233
10/13/2024 12:30,121.4966093
10/13/2024 12:45,122.32492
10/13/2024 13:00,124.4122628
10/13/2024 13:15,121.8941984
10/13/2024 13:30,122.7225091
10/13/2024 13:45,123.9815413
10/13/2024 14:00,123.1532306
10/13/2024 14:15,123.1532306
10/13/2024 14:30,123.1532306
10/13/2024 14:45,125.2405735
10/13/2024 15:00,123.5839522
10/13/2024 15:15,123.1532306
10/13/2024 15:30,125.2405735
10/13/2024 15:45,122.32492
10/13/2024 16:00,125.6712951
10/13/2024 16:15,131.5026022
10/13/2024 16:30,122.7225091
10/13/2024 16:45,122.7225091
10/13/2024 17:00,125.2405735
10/13/2024 17:15,122.7225091
10/13/2024 17:30,122.7225091
10/13/2024 17:45,122.7225091
10/13/2024 18:00,123.9815413
10/13/2024 18:15,122.7225091
10/13/2024 18:30,121.4966093
10/13/2024 18:45,115.6321697
10/13/2024 19:00,120.6351662
10/13/2024 19:15,115.6321697
10/13/2024 19:30,122.7225091
10/13/2024 19:45,113.5448268
10/13/2024 20:00,119.8068555
10/13/2024 20:15,113.9755484
10/13/2024 20:30,118.5478233
10/13/2024 20:45,111.8882055
10/13/2024 21:00,114.8038591
10/13/2024 21:15,116.8912019
10/13/2024 21:30,112.2857946
10/13/2024 21:45,105.1954553
10/13/2024 22:00,106.4544875
10/13/2024 22:15,103.1081124
10/13/2024 22:30,107.7135197
10/13/2024 22:45,105.1954553
10/13/2024 23:00,102.7105233
10/13/2024 23:15,103.1081124
10/13/2024 23:30,104.3671446
10/13/2024 23:45,103.936423
10/14/2024 0:00,101.8490802
10/14/2024 0:15,99.76173726
10/14/2024 0:30,100.1924588
10/14/2024 0:45,99.76173726
10/14/2024 1:00,97.67439437
10/14/2024 1:15,97.67439437
10/14/2024 1:30,102.7105233
10/14/2024 1:45,96.01777303
10/14/2024 2:00,99.76173726
10/14/2024 2:15,97.27680525
10/14/2024 2:30,94.75874081
10/14/2024 2:45,101.8490802
10/14/2024 3:00,96.8460837
10/14/2024 3:15,93.49970859
10/14/2024 3:30,101.0207695
10/14/2024 3:45,96.01777303
10/14/2024 4:00,93.93043014
10/14/2024 4:15,98.53583747
10/14/2024 4:30,99.36414814
10/14/2024 4:45,93.49970859
10/14/2024 5:00,94.36115169
10/14/2024 5:15,99.36414814
10/14/2024 5:30,94.36115169
10/14/2024 5:45,94.75874081
10/14/2024 6:00,101.451491
10/14/2024 6:15,94.36115169
10/14/2024 6:30,90.1864659
10/14/2024 6:45,98.10511592
10/14/2024 7:00,100.1924588
10/14/2024 7:15,96.44849458
10/14/2024 7:30,98.93342659
10/14/2024 7:45,97.27680525
10/14/2024 8:00,93.93043014
10/14/2024 8:15,103.1081124
10/14/2024 8:30,93.10211947
10/14/2024 8:45,102.7105233
10/14/2024 9:00,106.0237659
10/14/2024 9:15,102.7105233
10/14/2024 9:30,104.7978661
10/14/2024 9:45,106.4544875
10/14/2024 10:00,104.3671446
10/14/2024 10:15,110.6291733
10/14/2024 10:30,107.2827982
10/14/2024 10:45,112.2857946
10/14/2024 11:00,113.1472377
10/14/2024 11:15,113.9755484
10/14/2024 11:30,117.7195126
10/14/2024 11:45,116.8912019
10/14/2024 12:00,118.1502342
10/14/2024 12:15,116.0628913
10/14/2024 12:30,121.0658877
10/14/2024 12:45,121.8941984
10/14/2024 13:00,123.5839522
10/14/2024 13:15,123.1532306
10/14/2024 13:30,123.1532306
10/14/2024 13:45,122.32492
10/14/2024 14:00,125.2405735
10/14/2024 14:15,123.1532306
10/14/2024 14:30,123.5839522
10/14/2024 14:45,126.0688842
10/14/2024 15:00,123.9815413
10/14/2024 15:15,123.5839522
10/14/2024 15:30,126.0688842
10/14/2024 15:45,124.809852
10/14/2024 16:00,123.9815413
10/14/2024 16:15,125.2405735
10/14/2024 16:30,124.4122628
10/14/2024 16:45,122.7225091
10/14/2024 17:00,123.1532306
10/14/2024 17:15,126.0688842
10/14/2024 17:30,124.809852
10/14/2024 17:45,124.4122628
10/14/2024 18:00,126.0688842
10/14/2024 18:15,121.8941984
10/14/2024 18:30,122.7225091
10/14/2024 18:45,123.5839522
10/14/2024 19:00,122.7225091
10/14/2024 19:15,121.4966093
10/14/2024 19:30,123.9815413
10/14/2024 19:45,117.7195126
10/14/2024 20:00,110.1984517
10/14/2024 20:15,107.7135197
10/14/2024 20:30,108.5418304
10/14/2024 20:45,108.9725519
10/14/2024 21:00,103.5388339
10/14/2024 21:15,108.9725519
10/14/2024 21:30,101.8490802
10/14/2024 21:45,101.451491
10/14/2024 22:00,105.6261768
10/14/2024 22:15,97.27680525
10/14/2024 22:30,96.8460837
10/14/2024 22:45,111.0598948
10/14/2024 23:00,99.36414814
10/14/2024 23:15,95.58705148
10/14/2024 23:30,101.8490802
10/14/2024 23:45,93.10211947
10/15/2024 0:00,93.93043014
10/15/2024 0:15,101.451491
10/15/2024 0:30,92.27380879
10/15/2024 0:45,88.49671213
10/15/2024 1:00,95.18946236
10/15/2024 1:15,92.67139792
10/15/2024 1:30,86.01178012
10/15/2024 1:45,91.4123657
10/15/2024 2:00,94.36115169
10/15/2024 2:15,86.40936924
10/15/2024 2:30,86.01178012
10/15/2024 2:45,92.27380879
10/15/2024 3:00,92.67139792
10/15/2024 3:15,83.49371568
10/15/2024 3:30,90.58405502
10/15/2024 3:45,88.49671213
10/15/2024 4:00,82.23468346
10/15/2024 4:15,91.01477657
10/15/2024 4:30,89.3250228
10/15/2024 4:45,117.7195126
10/15/2024 5:00,325.1947696
10/15/2024 5:15,1524.191033
10/15/2024 5:30,1814.331695
10/15/2024 5:45,1827.253341
10/15/2024 6:00,1828.943095
10/15/2024 6:15,2007.59314
10/15/2024 6:30,2338.65235
10/15/2024 6:45,2264.336316
10/15/2024 7:00,2290.643463
10/15/2024 7:15,2291.902495
10/15/2024 7:30,2301.510899
10/15/2024 7:45,2339.083071
10/15/2024 8:00,2316.122299
10/15/2024 8:15,2297.733802
10/15/2024 8:30,2305.254863
10/15/2024 8:45,2308.170517
10/15/2024 9:00,2345.3451
10/15/2024 9:15,2526.943931
10/15/2024 9:30,2519.422871
10/15/2024 9:45,2594.136493
10/15/2024 10:00,2683.063927
10/15/2024 10:15,2645.922476
10/15/2024 10:30,2706.45542
10/15/2024 10:45,2667.624216
10/15/2024 11:00,2639.229726
10/15/2024 11:15,2658.446534
10/15/2024 11:30,2657.187501
10/15/2024 11:45,2668.883248
10/15/2024 12:00,2609.609336
10/15/2024 12:15,2593.308182
10/15/2024 12:30,2592.479872
10/15/2024 12:45,2662.190498
10/15/2024 13:00,2703.539767
10/15/2024 13:15,2662.190498
10/15/2024 13:30,2629.223733
10/15/2024 13:45,2610.835236
10/15/2024 14:00,1344.679544
10/15/2024 14:15,1274.935785
10/15/2024 14:30,978.1355056
10/15/2024 14:45,707.1785188
10/15/2024 15:00,706.7809297
10/15/2024 15:15,696.7418044
10/15/2024 15:30,342.7549558
10/15/2024 15:45,278.8756368
10/15/2024 16:00,290.140662
10/15/2024 16:15,285.5352546
10/15/2024 16:30,257.1738973
10/15/2024 16:45,258.8305186
10/15/2024 17:00,244.6498399
10/15/2024 17:15,245.8757397
10/15/2024 17:30,241.3034648
10/15/2024 17:45,236.6980575
10/15/2024 18:00,225.0023108
10/15/2024 18:15,219.9993143
10/15/2024 18:30,225.8637539
10/15/2024 18:45,223.776411
10/15/2024 19:00,223.3456894
10/15/2024 19:15,209.5625999
10/15/2024 19:30,213.7372856
10/15/2024 19:45,214.9963179
10/15/2024 20:00,202.9029821
10/15/2024 20:15,219.9993143
10/15/2024 20:30,196.2102318
10/15/2024 20:45,222.5173788
10/15/2024 21:00,195.7795103
10/15/2024 21:15,209.9933214
10/15/2024 21:30,203.3005712
10/15/2024 21:45,197.0385425
10/15/2024 22:00,210.3909105
10/15/2024 22:15,194.1228889
10/15/2024 22:30,212.0806643
10/15/2024 22:45,199.556607
10/15/2024 23:00,199.1258854
10/15/2024 23:15,208.3035676
10/15/2024 23:30,188.6891709
10/15/2024 23:45,198.7282963
10/16/2024 0:00,117.7195126
10/16/2024 0:15,118.1502342
10/16/2024 0:30,118.9785448
10/16/2024 0:45,115.6321697
10/16/2024 1:00,116.4604804
10/16/2024 1:15,113.9755484
10/16/2024 1:30,118.9785448
10/16/2024 1:45,108.1111088
10/16/2024 2:00,112.2857946
10/16/2024 2:15,116.4604804
10/16/2024 2:30,106.0237659
10/16/2024 2:45,111.4574839
10/16/2024 3:00,112.7165162
10/16/2024 3:15,109.3701411
10/16/2024 3:30,110.1984517
10/16/2024 3:45,110.6291733
10/16/2024 4:00,106.885209
10/16/2024 4:15,103.936423
10/16/2024 4:30,108.1111088
10/16/2024 4:45,174.9060814
10/16/2024 5:00,1134.686223
10/16/2024 5:15,1909.090435
10/16/2024 5:30,1884.43991
10/16/2024 5:45,1577.202916
10/16/2024 6:00,407.0318639
10/16/2024 6:15,413.2938926
10/16/2024 6:30,428.3360144
10/16/2024 6:45,498.8749512
10/16/2024 7:00,705.952619
10/16/2024 7:15,753.1000624
10/16/2024 7:30,766.0548413
10/16/2024 7:45,813.6330063
10/16/2024 8:00,847.4612141
10/16/2024 8:15,917.1718402
10/16/2024 8:30,2388.748579
10/16/2024 8:45,2585.787122
10/16/2024 9:00,2880.963912
10/16/2024 9:15,2910.186713
10/16/2024 9:30,1892.391692
10/16/2024 9:45,1490.793546
10/16/2024 10:00,2254.761045
10/16/2024 10:15,2668.452527
10/16/2024 10:30,2635.485762
10/16/2024 10:45,2617.097265
10/16/2024 11:00,2598.311179
10/16/2024 11:15,2608.350304
10/16/2024 11:30,2564.516104
10/16/2024 11:45,2598.311179
10/16/2024 12:00,2533.603549
10/16/2024 12:15,2544.470985
10/16/2024 12:30,2547.386639
10/16/2024 12:45,2602.088276
10/16/2024 13:00,2539.865578
10/16/2024 13:15,2583.30219
10/16/2024 13:30,2618.787019
10/16/2024 13:45,2597.482868
10/16/2024 14:00,1484.531518
10/16/2024 14:15,1180.177045
10/16/2024 14:30,950.1717374
10/16/2024 14:45,735.1754195
10/16/2024 15:00,688.8231543
10/16/2024 15:15,490.5255796
10/16/2024 15:30,251.7401793
10/16/2024 15:45,225.0023108
10/16/2024 16:00,229.6077181
10/16/2024 16:15,206.2162248
10/16/2024 16:30,210.8216321
10/16/2024 16:45,214.9963179
10/16/2024 17:00,204.990325
10/16/2024 17:15,197.0385425
10/16/2024 17:30,204.990325
10/16/2024 17:45,202.9029821
10/16/2024 18:00,192.8638567
10/16/2024 18:15,202.041539
10/16/2024 18:30,197.4692641
10/16/2024 18:45,198.7282963
10/16/2024 19:00,208.7342892
10/16/2024 19:15,187.4301387
10/16/2024 19:30,199.556607
10/16/2024 19:45,193.2945783
10/16/2024 20:00,189.9482032
10/16/2024 20:15,189.9482032
10/16/2024 20:30,177.8548674
10/16/2024 20:45,173.6801816
10/16/2024 21:00,191.2072354
10/16/2024 21:15,174.5084923
10/16/2024 21:30,170.7313956
10/16/2024 21:45,174.5084923
10/16/2024 22:00,164.4693669
10/16/2024 22:15,164.0717778
10/16/2024 22:30,165.7283991
10/16/2024 22:45,164.4693669
10/16/2024 23:00,164.4693669
10/16/2024 23:15,168.6440527
10/16/2024 23:30,159.0687813
10/16/2024 23:45,154.0326525
10/17/2024 0:00,92.27380879
10/17/2024 0:15,98.53583747
10/17/2024 0:30,91.84308725
10/17/2024 0:45,92.27380879
10/17/2024 1:00,96.8460837
10/17/2024 1:15,93.10211947
10/17/2024 1:30,93.93043014
10/17/2024 1:45,93.10211947
10/17/2024 2:00,92.67139792
10/17/2024 2:15,92.27380879
10/17/2024 2:30,89.75574435
10/17/2024 2:45,92.67139792
10/17/2024 3:00,90.58405502
10/17/2024 3:15,89.75574435
10/17/2024 3:30,89.3250228
10/17/2024 3:45,91.84308725
10/17/2024 4:00,88.49671213
10/17/2024 4:15,90.58405502
10/17/2024 4:30,89.3250228
10/17/2024 4:45,161.1561242
10/17/2024 5:00,856.2413072
10/17/2024 5:15,2102.385014
10/17/2024 5:30,2135.351778
10/17/2024 5:45,2100.69526
10/17/2024 6:00,2080.252553
10/17/2024 6:15,2045.596034
10/17/2024 6:30,2053.514684
10/17/2024 6:45,2189.622694
10/17/2024 7:00,2168.318543
10/17/2024 7:15,2417.143069
10/17/2024 7:30,2458.061616
10/17/2024 7:45,2395.838918
10/17/2024 8:00,2344.914378
10/17/2024 8:15,2388.35099
10/17/2024 8:30,2362.872154
10/17/2024 8:45,2306.944617
10/17/2024 9:00,2329.905389
10/17/2024 9:15,2475.157948
10/17/2024 9:30,2476.019391
10/17/2024 9:45,2586.217843
10/17/2024 10:00,2721.46441
10/17/2024 10:15,2809.994254
10/17/2024 10:30,2866.750101
10/17/2024 10:45,2875.530194
10/17/2024 11:00,2839.614644
10/17/2024 11:15,2619.184608
10/17/2024 11:30,2620.44364
10/17/2024 11:45,2551.163735
10/17/2024 12:00,2515.248185
10/17/2024 12:15,2477.676013
10/17/2024 12:30,2217.188873
10/17/2024 12:45,2583.30219
10/17/2024 13:00,2531.946928
10/17/2024 13:15,2594.567215
10/17/2024 13:30,2535.293303
10/17/2024 13:45,1644.395477
10/17/2024 14:00,1275.366507
10/17/2024 14:15,1168.083709
10/17/2024 14:30,744.3531017
10/17/2024 14:45,684.6484686
10/17/2024 15:00,692.5671186
10/17/2024 15:15,371.1163132
10/17/2024 15:30,305.5803729
10/17/2024 15:45,247.5654935
10/17/2024 16:00,221.2583465
10/17/2024 16:15,228.3486859
10/17/2024 16:30,220.827625
10/17/2024 16:45,201.2132283
10/17/2024 17:00,207.9059785
10/17/2024 17:15,194.1228889
10/17/2024 17:30,196.2102318
10/17/2024 17:45,201.2132283
10/17/2024 18:00,185.3427958
10/17/2024 18:15,186.2042389
10/17/2024 18:30,198.2975747
10/17/2024 18:45,186.6018281
10/17/2024 19:00,182.0295531
10/17/2024 19:15,185.7735174
10/17/2024 19:30,194.1228889
10/17/2024 19:45,183.6861745
10/17/2024 20:00,181.5988316
10/17/2024 20:15,182.8578638
10/17/2024 20:30,180.7705209
10/17/2024 20:45,159.897092
10/17/2024 21:00,167.4181529
10/17/2024 21:15,168.2464636
10/17/2024 21:30,168.6440527
10/17/2024 21:45,169.9030849
10/17/2024 22:00,166.9874314
10/17/2024 22:15,167.4181529
10/17/2024 22:30,161.1561242
10/17/2024 22:45,168.2464636
10/17/2024 23:00,159.897092
10/17/2024 23:15,159.4663705
10/17/2024 23:30,161.5537134
10/17/2024 23:45,143.1983489
10/18/2024 0:00,87.23767991
10/18/2024 0:15,93.93043014
10/18/2024 0:30,85.15033702
10/18/2024 0:45,84.32202635
10/18/2024 1:00,88.09912301
10/18/2024 1:15,87.23767991
10/18/2024 1:30,83.06299413
10/18/2024 1:45,84.32202635
10/18/2024 2:00,86.01178012
10/18/2024 2:15,83.06299413
10/18/2024 2:30,84.32202635
10/18/2024 2:45,83.92443723
10/18/2024 3:00,84.32202635
10/18/2024 3:15,84.32202635
10/18/2024 3:30,84.7527479
10/18/2024 3:45,83.92443723
10/18/2024 4:00,85.58105857
10/18/2024 4:15,84.7527479
10/18/2024 4:30,84.32202635
10/18/2024 4:45,131.9333237
10/18/2024 5:00,174.5084923
10/18/2024 5:15,174.0777707
10/18/2024 5:30,178.2524565
10/18/2024 5:45,182.8578638
10/18/2024 6:00,189.9482032
10/18/2024 6:15,233.7824039
10/18/2024 6:30,278.8756368
10/18/2024 6:45,482.176208
10/18/2024 7:00,662.1184183
10/18/2024 7:15,675.0400648
10/18/2024 7:30,642.4708892
10/18/2024 7:45,657.9437325
10/18/2024 8:00,630.8082749
10/18/2024 8:15,618.6818067
10/18/2024 8:30,629.5492427
10/18/2024 8:45,630.8082749
10/18/2024 9:00,655.8563896
10/18/2024 9:15,644.1606429
10/18/2024 9:30,596.5493455
10/18/2024 9:45,636.2088605
10/18/2024 10:00,645.8172643
10/18/2024 10:15,620.3715605
10/18/2024 10:30,629.9468318
10/18/2024 10:45,648.3353287
10/18/2024 11:00,634.9829607
10/18/2024 11:15,643.3323323
10/18/2024 11:30,646.645575
10/18/2024 11:45,610.7631567
10/18/2024 12:00,604.8987171
10/18/2024 12:15,583.6276991
10/18/2024 12:30,618.6818067
10/18/2024 12:45,661.6876967
10/18/2024 13:00,671.6936897
10/18/2024 13:15,663.3443181
10/18/2024 13:30,665.431661
10/18/2024 13:45,619.9408389
10/18/2024 14:00,646.645575
10/18/2024 14:15,616.5944638
10/18/2024 14:30,563.5825808
10/18/2024 14:45,618.6818067
10/18/2024 15:00,642.0733
10/18/2024 15:15,563.1518593
10/18/2024 15:30,306.0110944
10/18/2024 15:45,262.5744828
10/18/2024 16:00,196.2102318
10/18/2024 16:15,207.475257
10/18/2024 16:30,189.5174816
10/18/2024 16:45,180.7705209
10/18/2024 17:00,194.9511996
10/18/2024 17:15,172.4211494
10/18/2024 17:30,176.1651136
10/18/2024 17:45,171.1621171
10/18/2024 18:00,176.1651136
10/18/2024 18:15,183.6861745
10/18/2024 18:30,170.3338065
10/18/2024 18:45,176.1651136
10/18/2024 19:00,173.24946
10/18/2024 19:15,176.5958351
10/18/2024 19:30,174.0777707
10/18/2024 19:45,171.9904278
10/18/2024 20:00,168.6440527
10/18/2024 20:15,169.0747742
10/18/2024 20:30,159.4663705
10/18/2024 20:45,159.0687813
10/18/2024 21:00,164.0717778
10/18/2024 21:15,158.6380598
10/18/2024 21:30,155.7224062
10/18/2024 21:45,160.2946811
10/18/2024 22:00,151.5477204
10/18/2024 22:15,158.2073382
10/18/2024 22:30,158.2073382
10/18/2024 22:45,152.8067527
10/18/2024 23:00,159.897092
10/18/2024 23:15,149.4603775
10/18/2024 23:30,157.8097491
10/18/2024 23:45,108.9725519
10/19/2024 0:00,89.75574435
10/19/2024 0:15,87.23767991
10/19/2024 0:30,85.15033702
10/19/2024 0:45,90.1864659
10/19/2024 1:00,86.40936924
10/19/2024 1:15,85.15033702
10/19/2024 1:30,83.49371568
10/19/2024 1:45,85.15033702
10/19/2024 2:00,97.67439437
10/19/2024 2:15,83.49371568
10/19/2024 2:30,84.7527479
10/19/2024 2:45,85.15033702
10/19/2024 3:00,83.06299413
10/19/2024 3:15,83.06299413
10/19/2024 3:30,83.92443723
10/19/2024 3:45,84.7527479
10/19/2024 4:00,82.66540501
10/19/2024 4:15,83.49371568
10/19/2024 4:30,83.49371568
10/19/2024 4:45,148.2013453
10/19/2024 5:00,323.5381482
10/19/2024 5:15,1346.766887
10/19/2024 5:30,1792.596823
10/19/2024 5:45,1809.295566
10/19/2024 6:00,1794.286576
10/19/2024 6:15,1815.160005
10/19/2024 6:30,2148.704146
10/19/2024 6:45,2281.465781
10/19/2024 7:00,2248.499016
10/19/2024 7:15,2182.929943
10/19/2024 7:30,2326.559014
10/19/2024 7:45,2311.947614
10/19/2024 8:00,2297.336213
10/19/2024 8:15,2300.682588
10/19/2024 8:30,2306.944617
10/19/2024 8:45,2397.926261
10/19/2024 9:00,2596.654558
10/19/2024 9:15,2628.793012
10/19/2024 9:30,2557.823353
10/19/2024 9:45,2592.479872
10/19/2024 10:00,2656.359191
10/19/2024 10:15,2626.30808
10/19/2024 10:30,2640.488758
10/19/2024 10:45,2650.925473
10/19/2024 11:00,2625.446637
10/19/2024 11:15,2612.094268
10/19/2024 11:30,2623.790015
10/19/2024 11:45,2685.15127
10/19/2024 12:00,2591.22084
10/19/2024 12:15,2599.570211
10/19/2024 12:30,2812.479186
10/19/2024 12:45,2789.518414
10/19/2024 13:00,2934.373385
10/19/2024 13:15,2955.677535
10/19/2024 13:30,2845.479083
10/19/2024 13:45,2496.89282
10/19/2024 14:00,2478.106734
10/19/2024 14:15,1957.099322
10/19/2024 14:30,1044.930478
10/19/2024 14:45,983.5692236
10/19/2024 15:00,473.8268365
10/19/2024 15:15,444.1733144
10/19/2024 15:30,429.1643251
10/19/2024 15:45,358.1946667
10/19/2024 16:00,278.0473262
10/19/2024 16:15,213.7372856
10/19/2024 16:30,226.6920645
10/19/2024 16:45,213.7372856
10/19/2024 17:00,227.5203752
10/19/2024 17:15,194.9511996
10/19/2024 17:30,210.3909105
10/19/2024 17:45,196.2102318
10/19/2024 18:00,204.5596034
10/19/2024 18:15,202.041539
10/19/2024 18:30,193.2945783
10/19/2024 18:45,207.9059785
10/19/2024 19:00,188.6891709
10/19/2024 19:15,209.5625999
10/19/2024 19:30,187.4301387
10/19/2024 19:45,195.3819212
10/19/2024 20:00,197.4692641
10/19/2024 20:15,184.116896
10/19/2024 20:30,199.9541961
10/19/2024 20:45,184.9452067
10/19/2024 21:00,182.0295531
10/19/2024 21:15,181.16811
10/19/2024 21:30,174.9060814
10/19/2024 21:45,176.9934243
10/19/2024 22:00,173.6801816
10/19/2024 22:15,181.16811
10/19/2024 22:30,171.1621171
10/19/2024 22:45,169.9030849
10/19/2024 23:00,167.815742
10/19/2024 23:15,165.33081
10/19/2024 23:30,158.2073382
10/19/2024 23:45,100.6231804
10/20/2024 0:00,97.67439437
10/20/2024 0:15,101.451491
10/20/2024 0:30,93.10211947
10/20/2024 0:45,95.18946236
10/20/2024 1:00,98.10511592
10/20/2024 1:15,92.27380879
10/20/2024 1:30,93.93043014
10/20/2024 1:45,98.93342659
10/20/2024 2:00,93.49970859
10/20/2024 2:15,92.27380879
10/20/2024 2:30,93.49970859
10/20/2024 2:45,93.10211947
10/20/2024 3:00,97.27680525
10/20/2024 3:15,90.1864659
10/20/2024 3:30,93.10211947
10/20/2024 3:45,91.01477657
10/20/2024 4:00,90.58405502
10/20/2024 4:15,96.44849458
10/20/2024 4:30,90.1864659
10/20/2024 4:45,90.1864659
10/20/2024 5:00,89.3250228
10/20/2024 5:15,92.67139792
10/20/2024 5:30,94.75874081
10/20/2024 5:45,89.75574435
10/20/2024 6:00,89.75574435
10/20/2024 6:15,94.36115169
10/20/2024 6:30,91.01477657
10/20/2024 6:45,88.49671213
10/20/2024 7:00,91.01477657
10/20/2024 7:15,88.92743368
10/20/2024 7:30,87.66840146
10/20/2024 7:45,93.93043014
10/20/2024 8:00,91.4123657
10/20/2024 8:15,88.49671213
10/20/2024 8:30,88.49671213
10/20/2024 8:45,95.18946236
10/20/2024 9:00,90.58405502
10/20/2024 9:15,88.49671213
10/20/2024 9:30,91.84308725
10/20/2024 9:45,93.49970859
10/20/2024 10:00,86.01178012
10/20/2024 10:15,90.1864659
10/20/2024 10:30,85.58105857
10/20/2024 10:45,91.84308725
10/20/2024 11:00,86.84009079
10/20/2024 11:15,86.01178012
10/20/2024 11:30,94.36115169
10/20/2024 11:45,85.58105857
10/20/2024 12:00,92.27380879
10/20/2024 12:15,85.15033702
10/20/2024 12:30,94.36115169
10/20/2024 12:45,87.23767991
10/20/2024 13:00,90.58405502
10/20/2024 13:15,93.93043014
10/20/2024 13:30,87.66840146
10/20/2024 13:45,93.49970859
10/20/2024 14:00,90.58405502
10/20/2024 14:15,91.01477657
10/20/2024 14:30,93.93043014
10/20/2024 14:45,100.6231804
10/20/2024 15:00,93.10211947
10/20/2024 15:15,95.18946236
10/20/2024 15:30,106.4544875
10/20/2024 15:45,87.66840146
10/20/2024 16:00,96.01777303
10/20/2024 16:15,97.67439437
10/20/2024 16:30,86.40936924
10/20/2024 16:45,96.8460837
10/20/2024 17:00,91.84308725
10/20/2024 17:15,87.66840146
10/20/2024 17:30,94.36115169
10/20/2024 17:45,86.40936924
10/20/2024 18:00,93.49970859
10/20/2024 18:15,84.32202635
10/20/2024 18:30,94.36115169
10/20/2024 18:45,87.66840146
10/20/2024 19:00,91.4123657
10/20/2024 19:15,85.58105857
10/20/2024 19:30,88.92743368
10/20/2024 19:45,91.01477657
10/20/2024 20:00,84.32202635
10/20/2024 20:15,92.67139792
10/20/2024 20:30,86.40936924
10/20/2024 20:45,86.40936924
10/20/2024 21:00,86.84009079
10/20/2024 21:15,89.3250228
10/20/2024 21:30,91.01477657
10/20/2024 21:45,86.01178012
10/20/2024 22:00,88.49671213
10/20/2024 22:15,87.66840146
10/20/2024 22:30,91.84308725
10/20/2024 22:45,86.01178012
10/20/2024 23:00,88.49671213
10/20/2024 23:15,86.84009079
10/20/2024 23:30,91.01477657
10/20/2024 23:45,87.66840146
10/21/2024 0:00,86.40936924
10/21/2024 0:15,85.15033702
10/21/2024 0:30,86.84009079
10/21/2024 0:45,91.4123657
10/21/2024 1:00,85.58105857
10/21/2024 1:15,86.01178012
10/21/2024 1:30,87.66840146
10/21/2024 1:45,86.40936924
10/21/2024 2:00,86.40936924
10/21/2024 2:15,87.66840146
10/21/2024 2:30,86.40936924
10/21/2024 2:45,85.58105857
10/21/2024 3:00,91.01477657
10/21/2024 3:15,87.66840146
10/21/2024 3:30,96.01777303
10/21/2024 3:45,84.7527479
10/21/2024 4:00,86.84009079
10/21/2024 4:15,88.09912301
10/21/2024 4:30,85.15033702
10/21/2024 4:45,86.01178012
10/21/2024 5:00,86.84009079
10/21/2024 5:15,84.32202635
10/21/2024 5:30,86.84009079
10/21/2024 5:45,84.7527479
10/21/2024 6:00,86.40936924
10/21/2024 6:15,83.92443723
10/21/2024 6:30,84.32202635
10/21/2024 6:45,85.58105857
10/21/2024 7:00,84.32202635
10/21/2024 7:15,83.06299413
10/21/2024 7:30,84.32202635
10/21/2024 7:45,86.40936924
10/21/2024 8:00,84.32202635
10/21/2024 8:15,84.7527479
10/21/2024 8:30,86.84009079
10/21/2024 8:45,91.4123657
10/21/2024 9:00,86.01178012
10/21/2024 9:15,92.67139792
10/21/2024 9:30,89.75574435
10/21/2024 9:45,91.84308725
10/21/2024 10:00,93.93043014
10/21/2024 10:15,88.49671213
10/21/2024 10:30,96.8460837
10/21/2024 10:45,97.27680525
10/21/2024 11:00,106.0237659
10/21/2024 11:15,103.5388339
10/21/2024 11:30,116.4604804
10/21/2024 11:45,108.1111088
10/21/2024 12:00,118.5478233
10/21/2024 12:15,127.758638
10/21/2024 12:30,106.0237659
10/21/2024 12:45,124.809852
10/21/2024 13:00,124.4122628
10/21/2024 13:15,111.8882055
10/21/2024 13:30,131.5026022
10/21/2024 13:45,114.3731375
10/21/2024 14:00,126.4996057
10/21/2024 14:15,123.1532306
10/21/2024 14:30,116.0628913
10/21/2024 14:45,130.6742915
10/21/2024 15:00,110.6291733
10/21/2024 15:15,126.4996057
10/21/2024 15:30,131.5026022
10/21/2024 15:45,111.0598948
10/21/2024 16:00,128.5869486
10/21/2024 16:15,113.9755484
10/21/2024 16:30,126.0688842
10/21/2024 16:45,112.7165162
10/21/2024 17:00,124.4122628
10/21/2024 17:15,108.9725519
10/21/2024 17:30,128.1562271
10/21/2024 17:45,116.0628913
10/21/2024 18:00,110.6291733
10/21/2024 18:15,118.5478233
10/21/2024 18:30,108.5418304
10/21/2024 18:45,125.2405735
10/21/2024 19:00,101.0207695
10/21/2024 19:15,126.4996057
10/21/2024 19:30,100.6231804
10/21/2024 19:45,117.7195126
10/21/2024 20:00,104.7978661
10/21/2024 20:15,101.8490802
10/21/2024 20:30,113.5448268
10/21/2024 20:45,95.58705148
10/21/2024 21:00,110.1984517
10/21/2024 21:15,101.0207695
10/21/2024 21:30,93.10211947
10/21/2024 21:45,90.58405502
10/21/2024 22:00,94.36115169
10/21/2024 22:15,87.66840146
10/21/2024 22:30,93.10211947
10/21/2024 22:45,88.49671213
10/21/2024 23:00,88.49671213
10/21/2024 23:15,90.1864659
10/21/2024 23:30,92.27380879
10/21/2024 23:45,87.66840146
10/22/2024 0:00,88.49671213
10/22/2024 0:15,87.66840146
10/22/2024 0:30,91.01477657
10/22/2024 0:45,86.40936924
10/22/2024 1:00,87.66840146
10/22/2024 1:15,87.23767991
10/22/2024 1:30,86.40936924
10/22/2024 1:45,86.40936924
10/22/2024 2:00,87.23767991
10/22/2024 2:15,86.01178012
10/22/2024 2:30,86.84009079
10/22/2024 2:45,86.40936924
10/22/2024 3:00,92.27380879
10/22/2024 3:15,86.84009079
10/22/2024 3:30,86.01178012
10/22/2024 3:45,87.66840146
10/22/2024 4:00,86.01178012
10/22/2024 4:15,86.01178012
10/22/2024 4:30,84.32202635
10/22/2024 4:45,121.4966093
10/22/2024 5:00,217.5143823
10/22/2024 5:15,1148.038591
10/22/2024 5:30,1809.726287
10/22/2024 5:45,1809.295566
10/22/2024 6:00,1808.069666
10/22/2024 6:15,1847.729181
10/22/2024 6:30,2164.143857
10/22/2024 6:45,2316.519888
10/22/2024 7:00,2311.516892
10/22/2024 7:15,2290.245874
10/22/2024 7:30,2218.414773
10/22/2024 7:45,2199.231097
10/22/2024 8:00,2303.16752
10/22/2024 8:15,2232.628584
10/22/2024 8:30,2312.345203
10/22/2024 8:45,2428.010505
10/22/2024 9:00,2629.223733
10/22/2024 9:15,2642.576101
10/22/2024 9:30,2685.15127
10/22/2024 9:45,2629.621322
10/22/2024 10:00,2627.13639
10/22/2024 10:15,2703.539767
10/22/2024 10:30,2721.46441
10/22/2024 10:45,2613.353301
10/22/2024 11:00,2726.069817
10/22/2024 11:15,2694.759673
10/22/2024 11:30,2665.106151
10/22/2024 11:45,2652.582094
10/22/2024 12:00,2653.443537
10/22/2024 12:15,2604.175618
10/22/2024 12:30,2648.407408
10/22/2024 12:45,2675.542866
10/22/2024 13:00,2674.316966
10/22/2024 13:15,2676.801898
10/22/2024 13:30,2635.883351
10/22/2024 13:45,2655.100159
10/22/2024 14:00,2628.793012
10/22/2024 14:15,1572.597508
10/22/2024 14:30,1030.319078
10/22/2024 14:45,804.4553241
10/22/2024 15:00,690.4797757
10/22/2024 15:15,643.3323323
10/22/2024 15:30,593.633692
10/22/2024 15:45,296.8334122
10/22/2024 16:00,232.5233717
10/22/2024 16:15,214.5655963
10/22/2024 16:30,218.7402821
10/22/2024 16:45,209.5625999
10/22/2024 17:00,221.6890681
10/22/2024 17:15,249.6528364
10/22/2024 17:30,239.2161219
10/22/2024 17:45,249.6528364
10/22/2024 18:00,241.7010539
10/22/2024 18:15,245.4781506
10/22/2024 18:30,237.9570897
10/22/2024 18:45,256.3124542
10/22/2024 19:00,241.3034648
10/22/2024 19:15,207.0776679
10/22/2024 19:30,209.1650107
10/22/2024 19:45,205.8186356
10/22/2024 20:00,200.3849176
10/22/2024 20:15,214.1680072
10/22/2024 20:30,202.041539
10/22/2024 20:45,208.7342892
10/22/2024 21:00,198.7282963
10/22/2024 21:15,194.1228889
10/22/2024 21:30,197.8668532
10/22/2024 21:45,193.2945783
10/22/2024 22:00,185.3427958
10/22/2024 22:15,187.8608603
10/22/2024 22:30,188.2915818
10/22/2024 22:45,187.8608603
10/22/2024 23:00,180.7705209
10/22/2024 23:15,186.2042389
10/22/2024 23:30,175.3368029
10/22/2024 23:45,159.4663705
10/23/2024 0:00,112.2857946
10/23/2024 0:15,105.1954553
10/23/2024 0:30,106.885209
10/23/2024 0:45,99.76173726
10/23/2024 1:00,96.8460837
10/23/2024 1:15,101.451491
10/23/2024 1:30,94.36115169
10/23/2024 1:45,98.53583747
10/23/2024 2:00,95.58705148
10/23/2024 2:15,95.18946236
10/23/2024 2:30,98.10511592
10/23/2024 2:45,89.3250228
10/23/2024 3:00,95.18946236
10/23/2024 3:15,93.10211947
10/23/2024 3:30,89.3250228
10/23/2024 3:45,97.67439437
10/23/2024 4:00,91.84308725
10/23/2024 4:15,87.23767991
10/23/2024 4:30,94.36115169
10/23/2024 4:45,154.463374
10/23/2024 5:00,1089.59299
10/23/2024 5:15,2141.613807
10/23/2024 5:30,2155.396897
10/23/2024 5:45,2131.607814
10/23/2024 6:00,2144.960182
10/23/2024 6:15,2089.430235
10/23/2024 6:30,2159.571582
10/23/2024 6:45,2152.878832
10/23/2024 7:00,2316.122299
10/23/2024 7:15,2339.48066
10/23/2024 7:30,2403.790701
10/23/2024 7:45,2632.967697
10/23/2024 8:00,2667.624216
10/23/2024 8:15,2658.844123
10/23/2024 8:30,2571.175721
10/23/2024 8:45,2580.784125
10/23/2024 9:00,2572.865475
10/23/2024 9:15,2595.826247
10/23/2024 9:30,2620.874362
10/23/2024 9:45,2622.530983
10/23/2024 10:00,2640.91948
10/23/2024 10:15,2680.148273
10/23/2024 10:30,2675.542866
10/23/2024 10:45,2507.727124
10/23/2024 11:00,2655.100159
10/23/2024 11:15,2668.452527
10/23/2024 11:30,2664.708562
10/23/2024 11:45,2648.83813
10/23/2024 12:00,2677.630209
10/23/2024 12:15,2618.356297
10/23/2024 12:30,2604.175618
10/23/2024 12:45,2635.883351
10/23/2024 13:00,2747.771556
10/23/2024 13:15,2700.193391
10/23/2024 13:30,2635.05504
10/23/2024 13:45,2661.362187
10/23/2024 14:00,1411.474516
10/23/2024 14:15,1172.258395
10/23/2024 14:30,1014.017924
10/23/2024 14:45,757.2747482
10/23/2024 15:00,712.2146477
10/23/2024 15:15,662.946729
10/23/2024 15:30,605.7601602
10/23/2024 15:45,389.0740886
10/23/2024 16:00,242.1317755
10/23/2024 16:15,247.5654935
10/23/2024 16:30,239.2161219
10/23/2024 16:45,238.7854004
10/23/2024 17:00,237.128779
10/23/2024 17:15,228.7794074
10/23/2024 17:30,213.3396965
10/23/2024 17:45,219.1710037
10/23/2024 18:00,214.5655963
10/23/2024 18:15,212.908975
10/23/2024 18:30,225.4330323
10/23/2024 18:45,204.990325
10/23/2024 19:00,231.2643395
10/23/2024 19:15,204.1288819
10/23/2024 19:30,225.8637539
10/23/2024 19:45,209.1650107
10/23/2024 20:00,214.9963179
10/23/2024 20:15,198.2975747
10/23/2024 20:30,208.3035676
10/23/2024 20:45,194.5536105
10/23/2024 21:00,205.3879141
10/23/2024 21:15,190.3789247
10/23/2024 21:30,185.7735174
10/23/2024 21:45,182.4271423
10/23/2024 22:00,204.990325
10/23/2024 22:15,182.8578638
10/23/2024 22:30,185.3427958
10/23/2024 22:45,182.8578638
10/23/2024 23:00,201.2132283
10/23/2024 23:15,177.8548674
10/23/2024 23:30,177.8548674
10/23/2024 23:45,117.7195126
10/24/2024 0:00,106.4544875
10/24/2024 0:15,105.6261768
10/24/2024 0:30,108.5418304
10/24/2024 0:45,105.1954553
10/24/2024 1:00,99.36414814
10/24/2024 1:15,99.36414814
10/24/2024 1:30,98.53583747
10/24/2024 1:45,96.44849458
10/24/2024 2:00,95.18946236
10/24/2024 2:15,96.8460837
10/24/2024 2:30,91.4123657
10/24/2024 2:45,97.67439437
10/24/2024 3:00,91.01477657
10/24/2024 3:15,96.44849458
10/24/2024 3:30,89.75574435
10/24/2024 3:45,88.92743368
10/24/2024 4:00,90.1864659
10/24/2024 4:15,91.01477657
10/24/2024 4:30,90.58405502
10/24/2024 4:45,157.8097491
10/24/2024 5:00,636.639582
10/24/2024 5:15,1805.551602
10/24/2024 5:30,1412.700416
10/24/2024 5:45,1820.593723
10/24/2024 6:00,2130.348782
10/24/2024 6:15,2104.041635
10/24/2024 6:30,2134.921057
10/24/2024 6:45,2145.788493
10/24/2024 7:00,2323.64336
10/24/2024 7:15,2355.781814
10/24/2024 7:30,2452.627898
10/24/2024 7:45,2544.901707
10/24/2024 8:00,2457.233305
10/24/2024 8:15,2646.320065
10/24/2024 8:30,2942.722756
10/24/2024 8:45,2932.716763
10/24/2024 9:00,2917.277052
10/24/2024 9:15,2864.662758
10/24/2024 9:30,2873.840441
10/24/2024 9:45,2830.00624
10/24/2024 10:00,2845.876672
10/24/2024 10:15,2855.915798
10/24/2024 10:30,2839.217055
10/24/2024 10:45,2780.340732
10/24/2024 11:00,2685.581991
10/24/2024 11:15,2587.046154
10/24/2024 11:30,2594.136493
10/24/2024 11:45,2623.790015
10/24/2024 12:00,2616.268954
10/24/2024 12:15,2594.567215
10/24/2024 12:30,2635.485762
10/24/2024 12:45,2677.23262
10/24/2024 13:00,2672.229623
10/24/2024 13:15,2663.44953
10/24/2024 13:30,2368.305872
10/24/2024 13:45,1304.158586
10/24/2024 14:00,1230.273274
10/24/2024 14:15,1211.089599
10/24/2024 14:30,887.5514506
10/24/2024 14:45,710.1273048
10/24/2024 15:00,691.7388079
10/24/2024 15:15,642.9016107
10/24/2024 15:30,303.0954409
10/24/2024 15:45,249.2221148
10/24/2024 16:00,232.9540932
10/24/2024 16:15,223.3456894
10/24/2024 16:30,232.5233717
10/24/2024 16:45,233.3516823
10/24/2024 17:00,222.0866572
10/24/2024 17:15,226.261343
10/24/2024 17:30,227.5203752
10/24/2024 17:45,218.342693
10/24/2024 18:00,220.827625
10/24/2024 18:15,226.261343
10/24/2024 18:30,212.4782534
10/24/2024 18:45,229.6077181
10/24/2024 19:00,215.4270394
10/24/2024 19:15,211.2523536
10/24/2024 19:30,221.2583465
10/24/2024 19:45,204.1288819
10/24/2024 20:00,218.342693
10/24/2024 20:15,204.990325
10/24/2024 20:30,210.8216321
10/24/2024 20:45,209.1650107
10/24/2024 21:00,206.2162248
10/24/2024 21:15,203.7312927
10/24/2024 21:30,201.6439498
10/24/2024 21:45,201.2132283
10/24/2024 22:00,214.5655963
10/24/2024 22:15,200.8156392
10/24/2024 22:30,200.3849176
10/24/2024 22:45,201.2132283
10/24/2024 23:00,201.6439498
10/24/2024 23:15,197.8668532
10/24/2024 23:30,201.6439498
10/24/2024 23:45,141.111006
10/25/2024 0:00,116.8912019
10/25/2024 0:15,108.9725519
10/25/2024 0:30,110.6291733
10/25/2024 0:45,106.885209
10/25/2024 1:00,105.6261768
10/25/2024 1:15,106.0237659
10/25/2024 1:30,107.2827982
10/25/2024 1:45,98.93342659
10/25/2024 2:00,103.5388339
10/25/2024 2:15,96.8460837
10/25/2024 2:30,96.8460837
10/25/2024 2:45,100.1924588
10/25/2024 3:00,94.36115169
10/25/2024 3:15,93.49970859
10/25/2024 3:30,95.18946236
10/25/2024 3:45,93.49970859
10/25/2024 4:00,92.67139792
10/25/2024 4:15,97.67439437
10/25/2024 4:30,101.0207695
10/25/2024 4:45,197.4692641
10/25/2024 5:00,535.188091
10/25/2024 5:15,686.3050899
10/25/2024 5:30,632.0341747
10/25/2024 5:45,538.1037446
10/25/2024 6:00,551.489245
10/25/2024 6:15,546.055527
10/25/2024 6:30,817.8076921
10/25/2024 6:45,2108.647042
10/25/2024 7:00,2215.499119
10/25/2024 7:15,2158.31255
10/25/2024 7:30,2323.64336
10/25/2024 7:45,2342.827035
10/25/2024 8:00,2579.955814
10/25/2024 8:15,2646.750787
10/25/2024 8:30,2597.91359
10/25/2024 8:45,2629.621322
10/25/2024 9:00,2647.579098
10/25/2024 9:15,2624.618326
10/25/2024 9:30,2604.175618
10/25/2024 9:45,2541.952921
10/25/2024 10:00,2704.368077
10/25/2024 10:15,2534.034271
10/25/2024 10:30,2613.784022
10/25/2024 10:45,2666.795905
10/25/2024 11:00,2604.573208
10/25/2024 11:15,2698.934359
10/25/2024 11:30,2620.44364
10/25/2024 11:45,2601.259965
10/25/2024 12:00,2605.83224
10/25/2024 12:15,2504.380749
10/25/2024 12:30,2528.202964
10/25/2024 12:45,2569.949822
10/25/2024 13:00,2723.982474
10/25/2024 13:15,2754.861896
10/25/2024 13:30,2664.708562
10/25/2024 13:45,2222.191869
10/25/2024 14:00,1294.980904
10/25/2024 14:15,1147.21028
10/25/2024 14:30,994.4035272
10/25/2024 14:45,880.0303897
10/25/2024 15:00,934.3013049
10/25/2024 15:15,877.9430468
10/25/2024 15:30,596.1517564
10/25/2024 15:45,294.7460693
10/25/2024 16:00,250.9118686
10/25/2024 16:15,248.8245257
10/25/2024 16:30,250.481147
10/25/2024 16:45,261.7461722
10/25/2024 17:00,256.7431757
10/25/2024 17:15,237.128779
10/25/2024 17:30,243.3908077
10/25/2024 17:45,220.4300359
10/25/2024 18:00,234.2131254
10/25/2024 18:15,232.1257826
10/25/2024 18:30,232.1257826
10/25/2024 18:45,229.6077181
10/25/2024 19:00,228.6137453
10/25/2024 19:15,228.6137453
10/25/2024 19:30,228.6137453
10/25/2024 19:45,228.6137453
10/25/2024 20:00,230.4360288
10/25/2024 20:15,214.5655963
10/25/2024 20:30,224.1740001
10/25/2024 20:45,206.6469463
10/25/2024 21:00,211.2523536
10/25/2024 21:15,211.6499428
10/25/2024 21:30,212.4782534
10/25/2024 21:45,209.9933214
10/25/2024 22:00,206.6469463
10/25/2024 22:15,202.041539
10/25/2024 22:30,217.9119714
10/25/2024 22:45,195.7795103
10/25/2024 23:00,205.3879141
10/25/2024 23:15,201.2132283
10/25/2024 23:30,195.7795103
10/25/2024 23:45,185.7735174
10/26/2024 0:00,123.5839522
10/26/2024 0:15,125.6712951
10/26/2024 0:30,133.5899451
10/26/2024 0:45,118.1502342
10/26/2024 1:00,127.3279164
10/26/2024 1:15,119.8068555
10/26/2024 1:30,113.5448268
10/26/2024 1:45,123.1532306
10/26/2024 2:00,109.8008626
10/26/2024 2:15,107.2827982
10/26/2024 2:30,117.7195126
10/26/2024 2:45,110.1984517
10/26/2024 3:00,100.6231804
10/26/2024 3:15,121.4966093
10/26/2024 3:30,101.451491
10/26/2024 3:45,121.4966093
10/26/2024 4:00,99.76173726
10/26/2024 4:15,108.1111088
10/26/2024 4:30,116.8912019
10/26/2024 4:45,123.9815413
10/26/2024 5:00,147.3730347
10/26/2024 5:15,160.7254027
10/26/2024 5:30,146.1140024
10/26/2024 5:45,156.1199953
10/26/2024 6:00,146.9423131
10/26/2024 6:15,252.9992115
10/26/2024 6:30,246.7371828
10/26/2024 6:45,253.8275221
10/26/2024 7:00,245.4781506
10/26/2024 7:15,252.5684899
10/26/2024 7:30,247.1347719
10/26/2024 7:45,275.5292617
10/26/2024 8:00,240.4751541
10/26/2024 8:15,247.5654935
10/26/2024 8:30,309.3574696
10/26/2024 8:45,475.4834578
10/26/2024 9:00,469.2214291
10/26/2024 9:15,482.6069296
10/26/2024 9:30,722.6513622
10/26/2024 9:45,715.5278904
10/26/2024 10:00,811.5456634
10/26/2024 10:15,805.7143563
10/26/2024 10:30,760.6211233
10/26/2024 10:45,753.1000624
10/26/2024 11:00,800.2806383
10/26/2024 11:15,811.1480743
10/26/2024 11:30,825.7594745
10/26/2024 11:45,785.669238
10/26/2024 12:00,771.0578378
10/26/2024 12:15,753.1000624
10/26/2024 12:30,741.0067266
10/26/2024 12:45,625.772146
10/26/2024 13:00,623.287214
10/26/2024 13:15,639.1576465
10/26/2024 13:30,630.3775534
10/26/2024 13:45,662.1184183
10/26/2024 14:00,621.5974602
10/26/2024 14:15,637.0703036
10/26/2024 14:30,578.6247026
10/26/2024 14:45,596.9800671
10/26/2024 15:00,611.5914673
10/26/2024 15:15,598.6366884
10/26/2024 15:30,370.2880025
10/26/2024 15:45,235.4390252
10/26/2024 16:00,189.5174816
10/26/2024 16:15,230.8667503
10/26/2024 16:30,227.0896537
10/26/2024 16:45,241.3034648
10/26/2024 17:00,222.5173788
10/26/2024 17:15,236.6980575
10/26/2024 17:30,237.9570897
10/26/2024 17:45,214.1680072
10/26/2024 18:00,222.5173788
10/26/2024 18:15,222.9149679
10/26/2024 18:30,214.5655963
10/26/2024 18:45,236.6980575
10/26/2024 19:00,234.6107146
10/26/2024 19:15,226.6920645
10/26/2024 19:30,230.0384397
10/26/2024 19:45,224.6047217
10/26/2024 20:00,231.695061
10/26/2024 20:15,211.6499428
10/26/2024 20:30,208.7342892
10/26/2024 20:45,204.5596034
10/26/2024 21:00,204.5596034
10/26/2024 21:15,202.4722605
10/26/2024 21:30,177.4241458
10/26/2024 21:45,159.0687813
10/26/2024 22:00,176.1651136
10/26/2024 22:15,158.2073382
10/26/2024 22:30,159.897092
10/26/2024 22:45,169.0747742
10/26/2024 23:00,159.4663705
10/26/2024 23:15,155.7224062
10/26/2024 23:30,167.4181529
10/26/2024 23:45,146.1140024
10/27/2024 0:00,88.49671213
10/27/2024 0:15,79.31902989
10/27/2024 0:30,88.09912301
10/27/2024 0:45,80.97565124
10/27/2024 1:00,79.31902989
10/27/2024 1:15,71.40037987
10/27/2024 1:30,87.23767991
10/27/2024 1:45,77.231687
10/27/2024 2:00,78.88830834
10/27/2024 2:15,68.45159388
10/27/2024 2:30,84.7527479
10/27/2024 2:45,76.80096545
10/27/2024 3:00,68.45159388
10/27/2024 3:15,88.09912301
10/27/2024 3:30,73.05700122
10/27/2024 3:45,72.22869055
10/27/2024 4:00,75.97265478
10/27/2024 4:15,68.45159388
10/27/2024 4:30,72.22869055
10/27/2024 4:45,75.14434411
10/27/2024 5:00,69.31303698
10/27/2024 5:15,74.31603344
10/27/2024 5:30,68.05400476
10/27/2024 5:45,76.40337633
10/27/2024 6:00,69.31303698
10/27/2024 6:15,71.40037987
10/27/2024 6:30,68.88231543
10/27/2024 6:45,73.48772277
10/27/2024 7:00,65.53594032
10/27/2024 7:15,74.31603344
10/27/2024 7:30,69.31303698
10/27/2024 7:45,69.71062611
10/27/2024 8:00,74.31603344
10/27/2024 8:15,68.05400476
10/27/2024 8:30,85.58105857
10/27/2024 8:45,79.31902989
10/27/2024 9:00,73.05700122
10/27/2024 9:15,72.62627967
10/27/2024 9:30,92.67139792
10/27/2024 9:45,78.88830834
10/27/2024 10:00,83.06299413
10/27/2024 10:15,83.92443723
10/27/2024 10:30,92.27380879
10/27/2024 10:45,99.76173726
10/27/2024 11:00,93.93043014
10/27/2024 11:15,97.27680525
10/27/2024 11:30,107.7135197
10/27/2024 11:45,97.27680525
10/27/2024 12:00,118.9785448
10/27/2024 12:15,96.44849458
10/27/2024 12:30,110.6291733
10/27/2024 12:45,104.7978661
10/27/2024 13:00,120.6351662
10/27/2024 13:15,100.1924588
10/27/2024 13:30,121.8941984
10/27/2024 13:45,101.8490802
10/27/2024 14:00,120.2375771
10/27/2024 14:15,108.5418304
10/27/2024 14:30,115.6321697
10/27/2024 14:45,112.7165162
10/27/2024 15:00,111.8882055
10/27/2024 15:15,112.7165162
10/27/2024 15:30,114.8038591
10/27/2024 15:45,106.4544875
10/27/2024 16:00,114.8038591
10/27/2024 16:15,96.8460837
10/27/2024 16:30,123.1532306
10/27/2024 16:45,101.8490802
10/27/2024 17:00,106.0237659
10/27/2024 17:15,114.8038591
10/27/2024 17:30,97.27680525
10/27/2024 17:45,115.2345806
10/27/2024 18:00,98.53583747
10/27/2024 18:15,107.7135197
10/27/2024 18:30,108.5418304
10/27/2024 18:45,84.7527479
10/27/2024 19:00,112.7165162
10/27/2024 19:15,85.15033702
10/27/2024 19:30,95.58705148
10/27/2024 19:45,93.10211947
10/27/2024 20:00,87.23767991
10/27/2024 20:15,88.09912301
10/27/2024 20:30,85.15033702
10/27/2024 20:45,87.23767991
10/27/2024 21:00,91.84308725
10/27/2024 21:15,83.49371568
10/27/2024 21:30,88.09912301
10/27/2024 21:45,79.74975144
10/27/2024 22:00,86.84009079
10/27/2024 22:15,83.49371568
10/27/2024 22:30,75.14434411
10/27/2024 22:45,74.71362256
10/27/2024 23:00,83.49371568
10/27/2024 23:15,77.66240855
10/27/2024 23:30,69.31303698
10/27/2024 23:45,73.48772277
10/28/2024 0:00,83.49371568
10/28/2024 0:15,73.48772277
10/28/2024 0:30,74.31603344
10/28/2024 0:45,71.40037987
10/28/2024 1:00,88.92743368
10/28/2024 1:15,67.22569409
10/28/2024 1:30,77.66240855
10/28/2024 1:45,67.62328321
10/28/2024 2:00,74.71362256
10/28/2024 2:15,80.57806211
10/28/2024 2:30,75.57506566
10/28/2024 2:45,66.36425099
10/28/2024 3:00,75.14434411
10/28/2024 3:15,68.05400476
10/28/2024 3:30,74.31603344
10/28/2024 3:45,68.05400476
10/28/2024 4:00,88.09912301
10/28/2024 4:15,67.22569409
10/28/2024 4:30,73.88531189
10/28/2024 4:45,71.40037987
10/28/2024 5:00,71.797969
10/28/2024 5:15,72.62627967
10/28/2024 5:30,70.96965833
10/28/2024 5:45,73.48772277
10/28/2024 6:00,78.88830834
10/28/2024 6:15,73.48772277
10/28/2024 6:30,67.22569409
10/28/2024 6:45,73.05700122
10/28/2024 7:00,65.1383512
10/28/2024 7:15,73.48772277
10/28/2024 7:30,67.22569409
10/28/2024 7:45,70.53893678
10/28/2024 8:00,83.49371568
10/28/2024 8:15,70.14134765
10/28/2024 8:30,77.231687
10/28/2024 8:45,70.53893678
10/28/2024 9:00,72.62627967
10/28/2024 9:15,88.49671213
10/28/2024 9:30,73.48772277
10/28/2024 9:45,86.40936924
10/28/2024 10:00,80.14734056
10/28/2024 10:15,86.01178012
10/28/2024 10:30,96.44849458
10/28/2024 10:45,88.92743368
10/28/2024 11:00,94.36115169
10/28/2024 11:15,106.4544875
10/28/2024 11:30,93.49970859
10/28/2024 11:45,115.6321697
10/28/2024 12:00,91.84308725
10/28/2024 12:15,112.7165162
10/28/2024 12:30,111.4574839
10/28/2024 12:45,103.1081124
10/28/2024 13:00,120.2375771
10/28/2024 13:15,102.7105233
10/28/2024 13:30,117.3219235
10/28/2024 13:45,121.4966093
10/28/2024 14:00,103.5388339
10/28/2024 14:15,120.2375771
10/28/2024 14:30,111.0598948
10/28/2024 14:45,113.9755484
10/28/2024 15:00,112.7165162
10/28/2024 15:15,110.6291733
10/28/2024 15:30,114.8038591
10/28/2024 15:45,103.5388339
10/28/2024 16:00,111.0598948
10/28/2024 16:15,108.5418304
10/28/2024 16:30,108.9725519
10/28/2024 16:45,113.9755484
10/28/2024 17:00,105.1954553
10/28/2024 17:15,119.4092664
10/28/2024 17:30,99.36414814
10/28/2024 17:45,118.9785448
10/28/2024 18:00,100.6231804
10/28/2024 18:15,119.4092664
10/28/2024 18:30,93.93043014
10/28/2024 18:45,116.0628913
10/28/2024 19:00,100.1924588
10/28/2024 19:15,103.5388339
10/28/2024 19:30,100.6231804
10/28/2024 19:45,90.1864659
10/28/2024 20:00,100.6231804
10/28/2024 20:15,83.06299413
10/28/2024 20:30,93.93043014
10/28/2024 20:45,82.66540501
10/28/2024 21:00,105.1954553
10/28/2024 21:15,80.14734056
10/28/2024 21:30,95.18946236
10/28/2024 21:45,76.80096545
10/28/2024 22:00,89.3250228
10/28/2024 22:15,78.05999767
10/28/2024 22:30,72.62627967
10/28/2024 22:45,75.14434411
10/28/2024 23:00,73.05700122
10/28/2024 23:15,70.96965833
10/28/2024 23:30,73.48772277
10/28/2024 23:45,78.88830834
10/29/2024 0:00,73.48772277
10/29/2024 0:15,69.71062611
10/29/2024 0:30,76.80096545
10/29/2024 0:45,84.7527479
10/29/2024 1:00,73.05700122
10/29/2024 1:15,67.22569409
10/29/2024 1:30,75.14434411
10/29/2024 1:45,67.22569409
10/29/2024 2:00,73.48772277
10/29/2024 2:15,68.45159388
10/29/2024 2:30,73.48772277
10/29/2024 2:45,69.71062611
10/29/2024 3:00,67.22569409
10/29/2024 3:15,74.71362256
10/29/2024 3:30,74.31603344
10/29/2024 3:45,77.231687
10/29/2024 4:00,69.31303698
10/29/2024 4:15,73.05700122
10/29/2024 4:30,65.1383512
10/29/2024 4:45,141.5085951
10/29/2024 5:00,364.8542845
10/29/2024 5:15,1702.012768
10/29/2024 5:30,1805.982323
10/29/2024 5:45,1754.627061
10/29/2024 6:00,1766.720397
10/29/2024 6:15,1822.681066
10/29/2024 6:30,2109.475353
10/29/2024 6:45,2166.661922
10/29/2024 7:00,2130.348782
10/29/2024 7:15,2154.137864
10/29/2024 7:30,2164.574579
10/29/2024 7:45,2169.577575
10/29/2024 8:00,2181.273322
10/29/2024 8:15,2191.710037
10/29/2024 8:30,2359.525779
10/29/2024 8:45,2533.20596
10/29/2024 9:00,2538.639678
10/29/2024 9:15,2507.329535
10/29/2024 9:30,2445.935148
10/29/2024 9:45,2500.206063
10/29/2024 10:00,2539.865578
10/29/2024 10:15,2531.946928
10/29/2024 10:30,2515.678906
10/29/2024 10:45,2495.203067
10/29/2024 11:00,2406.275633
10/29/2024 11:15,2415.055726
10/29/2024 11:30,2447.19418
10/29/2024 11:45,2523.166835
10/29/2024 12:00,2443.847805
10/29/2024 12:15,2453.456209
10/29/2024 12:30,2434.670123
10/29/2024 12:45,2408.362976
10/29/2024 13:00,2604.175618
10/29/2024 13:15,2626.30808
10/29/2024 13:30,2546.558328
10/29/2024 13:45,2521.510213
10/29/2024 14:00,1832.687059
10/29/2024 14:15,1259.926796
10/29/2024 14:30,1023.626328
10/29/2024 14:45,997.7499023
10/29/2024 15:00,752.7024733
10/29/2024 15:15,615.3354316
10/29/2024 15:30,291.3996942
10/29/2024 15:45,249.2221148
10/29/2024 16:00,230.4360288
10/29/2024 16:15,232.5233717
10/29/2024 16:30,218.342693
10/29/2024 16:45,215.8246285
10/29/2024 17:00,235.8697468
10/29/2024 17:15,214.9963179
10/29/2024 17:30,213.7372856
10/29/2024 17:45,202.9029821
10/29/2024 18:00,203.3005712
10/29/2024 18:15,214.5655963
10/29/2024 18:30,195.7795103
10/29/2024 18:45,216.2553501
10/29/2024 19:00,202.9029821
10/29/2024 19:15,207.0776679
10/29/2024 19:30,207.9059785
10/29/2024 19:45,191.2072354
10/29/2024 20:00,203.7312927
10/29/2024 20:15,183.6861745
10/29/2024 20:30,197.4692641
10/29/2024 20:45,201.6439498
10/29/2024 21:00,184.9452067
10/29/2024 21:15,193.6921674
10/29/2024 21:30,183.2554529
10/29/2024 21:45,191.6048245
10/29/2024 22:00,187.4301387
10/29/2024 22:15,187.8608603
10/29/2024 22:30,183.2554529
10/29/2024 22:45,182.0295531
10/29/2024 23:00,185.7735174
10/29/2024 23:15,176.9934243
10/29/2024 23:30,191.6048245
10/29/2024 23:45,135.677288
10/30/2024 0:00,124.809852
10/30/2024 0:15,101.8490802
10/30/2024 0:30,111.8882055
10/30/2024 0:45,111.0598948
10/30/2024 1:00,96.44849458
10/30/2024 1:15,113.9755484
10/30/2024 1:30,98.10511592
10/30/2024 1:45,92.67139792
10/30/2024 2:00,110.6291733
10/30/2024 2:15,90.58405502
10/30/2024 2:30,89.75574435
10/30/2024 2:45,104.7978661
10/30/2024 3:00,92.27380879
10/30/2024 3:15,88.49671213
10/30/2024 3:30,110.1984517
10/30/2024 3:45,94.36115169
10/30/2024 4:00,204.990325
10/30/2024 4:15,202.4722605
10/30/2024 4:30,198.7282963
10/30/2024 4:45,207.475257
10/30/2024 5:00,333.9748627
10/30/2024 5:15,1509.148911
10/30/2024 5:30,1768.80774
10/30/2024 5:45,606.1577493
10/30/2024 6:00,447.9504111
10/30/2024 6:15,471.308772
10/30/2024 6:30,594.8927242
10/30/2024 6:45,1370.953558
10/30/2024 7:00,1959.584254
10/30/2024 7:15,2096.520574
10/30/2024 7:30,2130.746371
10/30/2024 7:45,2505.242192
10/30/2024 8:00,2587.874464
10/30/2024 8:15,2602.485865
10/30/2024 8:30,2566.603446
10/30/2024 8:45,2577.868472
10/30/2024 9:00,2515.678906
10/30/2024 9:15,2516.507217
10/30/2024 9:30,2490.20007
10/30/2024 9:45,2530.687896
10/30/2024 10:00,2554.9077
10/30/2024 10:15,2534.464992
10/30/2024 10:30,2545.299296
10/30/2024 10:45,2572.037164
10/30/2024 11:00,2521.940935
10/30/2024 11:15,2544.901707
10/30/2024 11:30,2517.766249
10/30/2024 11:45,2492.718135
10/30/2024 12:00,2493.546445
10/30/2024 12:15,2456.802584
10/30/2024 12:30,2493.115724
10/30/2024 12:45,2539.467989
10/30/2024 13:00,2600.000933
10/30/2024 13:15,2600.829243
10/30/2024 13:30,2544.901707
10/30/2024 13:45,1643.567167
10/30/2024 14:00,1142.604873
10/30/2024 14:15,912.9971544
10/30/2024 14:30,679.2147505
10/30/2024 14:45,730.1392906
10/30/2024 15:00,723.4796728
10/30/2024 15:15,375.7217205
10/30/2024 15:30,288.8816298
10/30/2024 15:45,225.8637539
10/30/2024 16:00,196.2102318
10/30/2024 16:15,194.5536105
10/30/2024 16:30,212.4782534
10/30/2024 16:45,207.9059785
10/30/2024 17:00,211.6499428
10/30/2024 17:15,211.2523536
10/30/2024 17:30,197.0385425
10/30/2024 17:45,176.9934243
10/30/2024 18:00,193.6921674
10/30/2024 18:15,180.3397994
10/30/2024 18:30,180.3397994
10/30/2024 18:45,196.6409534
10/30/2024 19:00,178.2524565
10/30/2024 19:15,187.8608603
10/30/2024 19:30,182.4271423
10/30/2024 19:45,180.7705209
10/30/2024 20:00,187.8608603
10/30/2024 20:15,181.16811
10/30/2024 20:30,174.0777707
10/30/2024 20:45,177.4241458
10/30/2024 21:00,183.2554529
10/30/2024 21:15,179.5114887
10/30/2024 21:30,165.33081
10/30/2024 21:45,169.9030849
10/30/2024 22:00,167.4181529
10/30/2024 22:15,174.0777707
10/30/2024 22:30,164.4693669
10/30/2024 22:45,157.8097491
10/30/2024 23:00,152.3760311
10/30/2024 23:15,145.6832809
10/30/2024 23:30,165.33081
10/30/2024 23:45,101.8490802
10/31/2024 0:00,79.74975144
10/31/2024 0:15,85.15033702
10/31/2024 0:30,83.06299413
10/31/2024 0:45,73.88531189
10/31/2024 1:00,82.23468346
10/31/2024 1:15,80.14734056
10/31/2024 1:30,88.09912301
10/31/2024 1:45,80.97565124
10/31/2024 2:00,80.97565124
10/31/2024 2:15,72.62627967
10/31/2024 2:30,82.66540501
10/31/2024 2:45,74.31603344
10/31/2024 3:00,77.231687
10/31/2024 3:15,79.31902989
10/31/2024 3:30,74.31603344
10/31/2024 3:45,108.9725519
10/31/2024 4:00,215.8246285
10/31/2024 4:15,222.5173788
10/31/2024 4:30,232.1257826
10/31/2024 4:45,369.4596919
10/31/2024 5:00,1064.544875
10/31/2024 5:15,1942.487922
10/31/2024 5:30,1966.277004
10/31/2024 5:45,1950.008983
10/31/2024 6:00,1954.581258
10/31/2024 6:15,1980.457683
10/31/2024 6:30,2194.228101
10/31/2024 6:45,2410.05273
10/31/2024 7:00,2750.289621
10/31/2024 7:15,2779.910011
10/31/2024 7:30,2845.048362
10/31/2024 7:45,2841.701987
10/31/2024 8:00,2860.090483
10/31/2024 8:15,2825.433965
10/31/2024 8:30,2757.37996
10/31/2024 8:45,2867.578412
10/31/2024 9:00,2825.003243
10/31/2024 9:15,2815.39484
10/31/2024 9:30,2792.434068
10/31/2024 9:45,2690.154266
10/31/2024 10:00,2707.283731
10/31/2024 10:15,2833.352615
10/31/2024 10:30,2855.054355
10/31/2024 10:45,2789.120825
10/31/2024 11:00,2901.837341
10/31/2024 11:15,2745.684214
10/31/2024 11:30,2632.967697
10/31/2024 11:45,2597.91359
10/31/2024 12:00,2511.504221
10/31/2024 12:15,2467.67002
10/31/2024 12:30,2462.633891
10/31/2024 12:45,2526.943931
10/31/2024 13:00,2647.579098
10/31/2024 13:15,2621.702672
10/31/2024 13:30,2636.314073
10/31/2024 13:45,2531.946928
10/31/2024 14:00,1326.721769
10/31/2024 14:15,1235.706992
10/31/2024 14:30,1049.933475
10/31/2024 14:45,716.7869226
10/31/2024 15:00,747.6994769
10/31/2024 15:15,670.4677899
10/31/2024 15:30,573.1909846
10/31/2024 15:45,293.8846262
10/31/2024 16:00,299.3183442
10/31/2024 16:15,290.5713835
10/31/2024 16:30,275.9599833
10/31/2024 16:45,260.0895508
10/31/2024 17:00,251.7401793
10/31/2024 17:15,261.348583
10/31/2024 17:30,263.8335151
10/31/2024 17:45,247.5654935
10/31/2024 18:00,252.9992115
10/31/2024 18:15,258.8305186
10/31/2024 18:30,238.3878112
10/31/2024 18:45,256.3124542
10/31/2024 19:00,245.047429
10/31/2024 19:15,250.9118686
10/31/2024 19:30,244.6498399
10/31/2024 19:45,243.3908077
10/31/2024 20:00,241.7010539
10/31/2024 20:15,240.8727432
10/31/2024 20:30,241.3034648
10/31/2024 20:45,247.9630826
10/31/2024 21:00,233.7824039
10/31/2024 21:15,245.8757397
10/31/2024 21:30,227.5203752
10/31/2024 21:45,229.6077181
10/31/2024 22:00,230.4360288
10/31/2024 22:15,219.9993143
10/31/2024 22:30,234.6107146
10/31/2024 22:45,220.827625
10/31/2024 23:00,219.1710037
10/31/2024 23:15,226.6920645
10/31/2024 23:30,212.0806643
10/31/2024 23:45,187.4301387
11/1/2024 0:00,144.4573811
11/1/2024 0:15,154.8940956
11/1/2024 0:30,144.4573811
11/1/2024 0:45,144.0266595
11/1/2024 1:00,152.8067527
11/1/2024 1:15,137.7646309
11/1/2024 1:30,149.4603775
11/1/2024 1:45,140.6802844
11/1/2024 2:00,132.7616344
11/1/2024 2:15,148.6320669
11/1/2024 2:30,134.8489773
11/1/2024 2:45,132.3309129
11/1/2024 3:00,130.6742915
11/1/2024 3:15,144.0266595
11/1/2024 3:30,133.5899451
11/1/2024 3:45,151.1169989
11/1/2024 4:00,239.2161219
11/1/2024 4:15,235.8697468
11/1/2024 4:30,230.8667503
11/1/2024 4:45,239.2161219
11/1/2024 5:00,447.5196895
11/1/2024 5:15,1447.356935
11/1/2024 5:30,1864.427924
11/1/2024 5:45,1947.490918
11/1/2024 6:00,1966.277004
11/1/2024 6:15,1952.493915
11/1/2024 6:30,2051.029752
11/1/2024 6:45,2124.484342
11/1/2024 7:00,2217.586462
11/1/2024 7:15,2205.062405
11/1/2024 7:30,2187.104629
11/1/2024 7:45,2191.710037
11/1/2024 8:00,2153.707143
11/1/2024 8:15,2176.270326
11/1/2024 8:30,2203.803372
11/1/2024 8:45,2270.598345
11/1/2024 9:00,2247.239984
11/1/2024 9:15,2246.809262
11/1/2024 9:30,2237.63158
11/1/2024 9:45,2202.146751
11/1/2024 10:00,2225.107523
11/1/2024 10:15,2239.718923
11/1/2024 10:30,2511.073499
11/1/2024 10:45,2435.498433
11/1/2024 11:00,2381.65824
11/1/2024 11:15,2413.399105
11/1/2024 11:30,2521.510213
11/1/2024 11:45,2479.763356
11/1/2024 12:00,2481.419977
11/1/2024 12:15,2337.393317
11/1/2024 12:30,2463.495334
11/1/2024 12:45,2419.230412
11/1/2024 13:00,2511.504221
11/1/2024 13:15,2524.856589
11/1/2024 13:30,2384.176304
11/1/2024 13:45,2305.254863
11/1/2024 14:00,1041.584103
11/1/2024 14:15,841.1991854
11/1/2024 14:30,610.3324351
11/1/2024 14:45,320.6224947
11/1/2024 15:00,322.279116
11/1/2024 15:15,326.8845234
11/1/2024 15:30,264.6618257
11/1/2024 15:45,232.1257826
11/1/2024 16:00,227.9510968
11/1/2024 16:15,217.5143823
11/1/2024 16:30,212.0806643
11/1/2024 16:45,224.1740001
11/1/2024 17:00,229.6077181
11/1/2024 17:15,222.0866572
11/1/2024 17:30,241.7010539
11/1/2024 17:45,214.9963179
11/1/2024 18:00,230.4360288
11/1/2024 18:15,227.5203752
11/1/2024 18:30,217.5143823
11/1/2024 18:45,231.2643395
11/1/2024 19:00,209.9933214
11/1/2024 19:15,230.4360288
11/1/2024 19:30,213.7372856
11/1/2024 19:45,225.0023108
11/1/2024 20:00,211.2523536
11/1/2024 20:15,217.9119714
11/1/2024 20:30,199.556607
11/1/2024 20:45,212.4782534
11/1/2024 21:00,212.4782534
11/1/2024 21:15,196.2102318
11/1/2024 21:30,211.2523536
11/1/2024 21:45,196.6409534
11/1/2024 22:00,203.3005712
11/1/2024 22:15,192.0355461
11/1/2024 22:30,206.6469463
11/1/2024 22:45,187.8608603
11/1/2024 23:00,194.1228889
11/1/2024 23:15,196.2102318
11/1/2024 23:30,189.9482032
11/1/2024 23:45,134.0206666
11/2/2024 0:00,123.1532306
11/2/2024 0:15,124.809852
11/2/2024 0:30,118.9785448
11/2/2024 0:45,115.2345806
11/2/2024 1:00,113.5448268
11/2/2024 1:15,117.7195126
11/2/2024 1:30,111.0598948
11/2/2024 1:45,110.6291733
11/2/2024 2:00,112.2857946
11/2/2024 2:15,104.7978661
11/2/2024 2:30,107.7135197
11/2/2024 2:45,159.897092
11/2/2024 3:00,183.2554529
11/2/2024 3:15,187.8608603
11/2/2024 3:30,188.6891709
11/2/2024 3:45,191.2072354
11/2/2024 4:00,207.475257
11/2/2024 4:15,225.8637539
11/2/2024 4:30,227.5203752
11/2/2024 4:45,257.5714864
11/2/2024 5:00,971.873477
11/2/2024 5:15,1959.584254
11/2/2024 5:30,2095.261542
11/2/2024 5:45,2060.638156
11/2/2024 6:00,2058.948402
11/2/2024 6:15,2063.951399
11/2/2024 6:30,2057.291781
11/2/2024 6:45,2206.321437
11/2/2024 7:00,2465.582677
11/2/2024 7:15,2482.28142
11/2/2024 7:30,2435.929155
11/2/2024 7:45,2511.90181
11/2/2024 8:00,2534.862581
11/2/2024 8:15,2496.031377
11/2/2024 8:30,2446.365869
11/2/2024 8:45,2447.624902
11/2/2024 9:00,2472.242295
11/2/2024 9:15,2541.555332
11/2/2024 9:30,2381.65824
11/2/2024 9:45,2321.556017
11/2/2024 10:00,2420.058722
11/2/2024 10:15,2611.265958
11/2/2024 10:30,2848.792326
11/2/2024 10:45,2753.205274
11/2/2024 11:00,2766.988364
11/2/2024 11:15,2769.904018
11/2/2024 11:30,2727.328849
11/2/2024 11:45,2650.925473
11/2/2024 12:00,2629.621322
11/2/2024 12:15,2506.898813
11/2/2024 12:30,2516.507217
11/2/2024 12:45,2018.460576
11/2/2024 13:00,1335.899451
11/2/2024 13:15,1270.363511
11/2/2024 13:30,1071.237625
11/2/2024 13:45,909.6507793
11/2/2024 14:00,829.9341603
11/2/2024 14:15,663.7750396
11/2/2024 14:30,603.2420958
11/2/2024 14:45,614.5071209
11/2/2024 15:00,601.9830635
11/2/2024 15:15,578.6247026
11/2/2024 15:30,371.5470348
11/2/2024 15:45,261.7461722
11/2/2024 16:00,224.6047217
11/2/2024 16:15,195.7795103
11/2/2024 16:30,211.2523536
11/2/2024 16:45,198.7282963
11/2/2024 17:00,204.5596034
11/2/2024 17:15,209.9933214
11/2/2024 17:30,197.8668532
11/2/2024 17:45,207.9059785
11/2/2024 18:00,194.9511996
11/2/2024 18:15,202.041539
11/2/2024 18:30,199.9541961
11/2/2024 18:45,194.9511996
11/2/2024 19:00,204.1288819
11/2/2024 19:15,204.1288819
11/2/2024 19:30,205.8186356
11/2/2024 19:45,184.5144852
11/2/2024 20:00,204.5596034
11/2/2024 20:15,182.8578638
11/2/2024 20:30,203.7312927
11/2/2024 20:45,182.4271423
11/2/2024 21:00,197.0385425
11/2/2024 21:15,189.5174816
11/2/2024 21:30,182.8578638
11/2/2024 21:45,197.0385425
11/2/2024 22:00,179.0807672
11/2/2024 22:15,196.6409534
11/2/2024 22:30,178.2524565
11/2/2024 22:45,182.8578638
11/2/2024 23:00,191.6048245
11/2/2024 23:15,177.8548674
11/2/2024 23:30,190.3789247
11/2/2024 23:45,182.0295531
11/3/2024 0:00,155.7224062
11/3/2024 0:15,118.9785448
11/3/2024 0:30,106.4544875
11/3/2024 0:45,99.76173726
11/3/2024 1:00,103.5388339
11/3/2024 1:15,111.0598948
11/3/2024 1:30,95.18946236
11/3/2024 1:45,94.75874081
11/3/2024 2:00,114.3731375
11/3/2024 2:15,93.10211947
11/3/2024 2:30,94.75874081
11/3/2024 2:45,88.49671213
11/3/2024 3:00,107.7135197
11/3/2024 3:15,83.49371568
11/3/2024 3:30,90.58405502
11/3/2024 3:45,90.1864659
11/3/2024 4:00,96.44849458
11/3/2024 4:15,86.84009079
11/3/2024 4:30,90.58405502
11/3/2024 4:45,81.83709433
11/3/2024 5:00,98.10511592
11/3/2024 5:15,88.92743368
11/3/2024 5:30,83.49371568
11/3/2024 5:45,82.23468346
11/3/2024 6:00,79.74975144
11/3/2024 6:15,98.10511592
11/3/2024 6:30,77.66240855
11/3/2024 6:45,79.31902989
11/3/2024 7:00,77.231687
11/3/2024 7:15,83.92443723
11/3/2024 7:30,97.67439437
11/3/2024 7:45,78.05999767
11/3/2024 8:00,85.15033702
11/3/2024 8:15,101.0207695
11/3/2024 8:30,83.49371568
11/3/2024 8:45,96.01777303
11/3/2024 9:00,98.53583747
11/3/2024 9:15,102.7105233
11/3/2024 9:30,105.1954553
11/3/2024 9:45,104.3671446
11/3/2024 10:00,103.1081124
11/3/2024 10:15,118.5478233
11/3/2024 10:30,98.53583747
11/3/2024 10:45,123.1532306
11/3/2024 11:00,108.1111088
11/3/2024 11:15,117.7195126
11/3/2024 11:30,121.0658877
11/3/2024 11:45,117.3219235
11/3/2024 12:00,120.6351662
11/3/2024 12:15,131.9333237
11/3/2024 12:30,116.0628913
11/3/2024 12:45,131.0718806
11/3/2024 13:00,123.5839522
11/3/2024 13:15,131.9333237
11/3/2024 13:30,140.6802844
11/3/2024 13:45,118.9785448
11/3/2024 14:00,130.6742915
11/3/2024 14:15,135.2465664
11/3/2024 14:30,115.6321697
11/3/2024 14:45,121.8941984
11/3/2024 15:00,126.8971949
11/3/2024 15:15,115.2345806
11/3/2024 15:30,126.0688842
11/3/2024 15:45,113.5448268
11/3/2024 16:00,132.7616344
11/3/2024 16:15,108.9725519
11/3/2024 16:30,130.6742915
11/3/2024 16:45,118.9785448
11/3/2024 17:00,117.3219235
11/3/2024 17:15,116.0628913
11/3/2024 17:30,110.6291733
11/3/2024 17:45,126.0688842
11/3/2024 18:00,101.8490802
11/3/2024 18:15,121.0658877
11/3/2024 18:30,110.1984517
11/3/2024 18:45,103.5388339
11/3/2024 19:00,115.6321697
11/3/2024 19:15,96.44849458
11/3/2024 19:30,112.7165162
11/3/2024 19:45,101.8490802
11/3/2024 20:00,98.93342659
11/3/2024 20:15,88.49671213
11/3/2024 20:30,103.1081124
11/3/2024 20:45,83.06299413
11/3/2024 21:00,99.36414814
11/3/2024 21:15,84.32202635
11/3/2024 21:30,98.93342659
11/3/2024 21:45,82.23468346
11/3/2024 22:00,86.40936924
11/3/2024 22:15,93.49970859
11/3/2024 22:30,83.06299413
11/3/2024 22:45,95.18946236
11/3/2024 23:00,78.05999767
11/3/2024 23:15,83.06299413
11/3/2024 23:30,95.18946236
11/3/2024 23:45,76.40337633
11/4/2024 0:00,86.84009079
11/4/2024 0:15,75.14434411
11/4/2024 0:30,96.44849458
11/4/2024 0:45,77.231687
11/4/2024 1:00,82.66540501
11/4/2024 1:15,80.57806211
11/4/2024 1:30,89.3250228
11/4/2024 1:45,83.92443723
11/4/2024 2:00,71.40037987
11/4/2024 2:15,80.14734056
11/4/2024 2:30,75.14434411
11/4/2024 2:45,89.3250228
11/4/2024 3:00,75.57506566
11/4/2024 3:15,74.71362256
11/4/2024 3:30,79.31902989
11/4/2024 3:45,73.48772277
11/4/2024 4:00,77.66240855
11/4/2024 4:15,74.31603344
11/4/2024 4:30,88.92743368
11/4/2024 4:45,72.62627967
11/4/2024 5:00,80.14734056
11/4/2024 5:15,71.40037987
11/4/2024 5:30,78.49071922
11/4/2024 5:45,72.22869055
11/4/2024 6:00,84.7527479
11/4/2024 6:15,70.96965833
11/4/2024 6:30,77.231687
11/4/2024 6:45,69.31303698
11/4/2024 7:00,76.80096545
11/4/2024 7:15,69.31303698
11/4/2024 7:30,91.01477657
11/4/2024 7:45,72.22869055
11/4/2024 8:00,78.49071922
11/4/2024 8:15,72.62627967
11/4/2024 8:30,91.84308725
11/4/2024 8:45,86.01178012
11/4/2024 9:00,75.97265478
11/4/2024 9:15,105.1954553
11/4/2024 9:30,86.40936924
11/4/2024 9:45,103.5388339
11/4/2024 10:00,93.10211947
11/4/2024 10:15,113.9755484
11/4/2024 10:30,103.1081124
11/4/2024 10:45,112.7165162
11/4/2024 11:00,109.3701411
11/4/2024 11:15,112.7165162
11/4/2024 11:30,117.3219235
11/4/2024 11:45,122.7225091
11/4/2024 12:00,115.2345806
11/4/2024 12:15,132.3309129
11/4/2024 12:30,137.3339093
11/4/2024 12:45,122.32492
11/4/2024 13:00,123.9815413
11/4/2024 13:15,141.9393167
11/4/2024 13:30,137.7646309
11/4/2024 13:45,137.3339093
11/4/2024 14:00,142.3700382
11/4/2024 14:15,140.6802844
11/4/2024 14:30,141.5085951
11/4/2024 14:45,143.595938
11/4/2024 15:00,126.0688842
11/4/2024 15:15,142.7676273
11/4/2024 15:30,143.1983489
11/4/2024 15:45,137.3339093
11/4/2024 16:00,143.595938
11/4/2024 16:15,120.6351662
11/4/2024 16:30,137.3339093
11/4/2024 16:45,137.3339093
11/4/2024 17:00,136.9363202
11/4/2024 17:15,129.8459808
11/4/2024 17:30,120.2375771
11/4/2024 17:45,131.5026022
11/4/2024 18:00,134.0206666
11/4/2024 18:15,134.4182558
11/4/2024 18:30,111.8882055
11/4/2024 18:45,126.4996057
11/4/2024 19:00,126.0688842
11/4/2024 19:15,127.758638
11/4/2024 19:30,105.1954553
11/4/2024 19:45,121.8941984
11/4/2024 20:00,132.3309129
11/4/2024 20:15,107.7135197
11/4/2024 20:30,119.8068555
11/4/2024 20:45,116.0628913
11/4/2024 21:00,112.7165162
11/4/2024 21:15,110.6291733
11/4/2024 21:30,103.1081124
11/4/2024 21:45,109.3701411
11/4/2024 22:00,100.1924588
11/4/2024 22:15,106.4544875
11/4/2024 22:30,103.5388339
11/4/2024 22:45,94.36115169
11/4/2024 23:00,110.6291733
11/4/2024 23:15,94.75874081
11/4/2024 23:30,107.2827982
11/4/2024 23:45,98.53583747
11/5/2024 0:00,106.4544875
11/5/2024 0:15,97.67439437
11/5/2024 0:30,96.44849458
11/5/2024 0:45,108.1111088
11/5/2024 1:00,92.67139792
11/5/2024 1:15,99.36414814
11/5/2024 1:30,89.3250228
11/5/2024 1:45,107.2827982
11/5/2024 2:00,86.84009079
11/5/2024 2:15,96.44849458
11/5/2024 2:30,97.27680525
11/5/2024 2:45,91.4123657
11/5/2024 3:00,96.01777303
11/5/2024 3:15,87.23767991
11/5/2024 3:30,110.1984517
11/5/2024 3:45,86.01178012
11/5/2024 4:00,101.0207695
11/5/2024 4:15,95.58705148
11/5/2024 4:30,112.7165162
11/5/2024 4:45,142.3700382
11/5/2024 5:00,245.4781506
11/5/2024 5:15,832.0215032
11/5/2024 5:30,1748.365033
11/5/2024 5:45,1762.545711
11/5/2024 6:00,1755.886094
11/5/2024 6:15,1804.292569
11/5/2024 6:30,2078.562799
11/5/2024 6:45,2211.324433
11/5/2024 7:00,2239.718923
11/5/2024 7:15,2245.152641
11/5/2024 7:30,2252.673702
11/5/2024 7:45,2238.062302
11/5/2024 8:00,2258.935731
11/5/2024 8:15,2225.935833
11/5/2024 8:30,2232.628584
11/5/2024 8:45,2216.758151
11/5/2024 9:00,2228.851487
11/5/2024 9:15,2239.288201
11/5/2024 9:30,2214.670808
11/5/2024 9:45,2483.50732
11/5/2024 10:00,2543.642675
11/5/2024 10:15,2488.543449
11/5/2024 10:30,2502.724127
11/5/2024 10:45,2486.025384
11/5/2024 11:00,2534.034271
11/5/2024 11:15,2565.344414
11/5/2024 11:30,2556.995043
11/5/2024 11:45,2513.989153
11/5/2024 12:00,2458.061616
11/5/2024 12:15,2386.263647
11/5/2024 12:30,2436.757466
11/5/2024 12:45,2462.633891
11/5/2024 13:00,2571.175721
11/5/2024 13:15,2572.865475
11/5/2024 13:30,2559.910696
11/5/2024 13:45,2564.913693
11/5/2024 14:00,1405.610077
11/5/2024 14:15,1180.177045
11/5/2024 14:30,1027.403424
11/5/2024 14:45,742.663348
11/5/2024 15:00,723.877262
11/5/2024 15:15,633.2932069
11/5/2024 15:30,359.453699
11/5/2024 15:45,270.5262653
11/5/2024 16:00,260.9178615
11/5/2024 16:15,260.0895508
11/5/2024 16:30,262.1768937
11/5/2024 16:45,262.5744828
11/5/2024 17:00,261.348583
11/5/2024 17:15,259.6588293
11/5/2024 17:30,255.914865
11/5/2024 17:45,257.1738973
11/5/2024 18:00,257.5714864
11/5/2024 18:15,255.0865544
11/5/2024 18:30,268.0082008
11/5/2024 18:45,254.2251113
11/5/2024 19:00,256.7431757
11/5/2024 19:15,254.6558328
11/5/2024 19:30,252.5684899
11/5/2024 19:45,252.9992115
11/5/2024 20:00,252.5684899
11/5/2024 20:15,250.9118686
11/5/2024 20:30,253.3968006
11/5/2024 20:45,251.7401793
11/5/2024 21:00,250.0504255
11/5/2024 21:15,247.1347719
11/5/2024 21:30,247.9630826
11/5/2024 21:45,247.9630826
11/5/2024 22:00,234.6107146
11/5/2024 22:15,204.5596034
11/5/2024 22:30,214.1680072
11/5/2024 22:45,199.9541961
11/5/2024 23:00,207.0776679
11/5/2024 23:15,204.5596034
11/5/2024 23:30,200.3849176
11/5/2024 23:45,160.2946811
11/6/2024 0:00,140.2826953
11/6/2024 0:15,122.32492
11/6/2024 0:30,133.1592235
11/6/2024 0:45,126.0688842
11/6/2024 1:00,123.9815413
11/6/2024 1:15,128.9845378
11/6/2024 1:30,128.5869486
11/6/2024 1:45,124.4122628
11/6/2024 2:00,117.7195126
11/6/2024 2:15,118.9785448
11/6/2024 2:30,122.7225091
11/6/2024 2:45,116.8912019
11/6/2024 3:00,104.3671446
11/6/2024 3:15,103.1081124
11/6/2024 3:30,105.6261768
11/6/2024 3:45,92.67139792
11/6/2024 4:00,92.27380879
11/6/2024 4:15,88.92743368
11/6/2024 4:30,97.27680525
11/6/2024 4:45,153.2043418
11/6/2024 5:00,207.9059785
11/6/2024 5:15,608.6758138
11/6/2024 5:30,1767.548708
11/6/2024 5:45,1773.413147
11/6/2024 6:00,1771.723394
11/6/2024 6:15,1790.50948
11/6/2024 6:30,2144.960182
11/6/2024 6:45,2208.40878
11/6/2024 7:00,2353.26375
11/6/2024 7:15,2559.082386
11/6/2024 7:30,2494.374756
11/6/2024 7:45,2401.703358
11/6/2024 8:00,2470.983263
11/6/2024 8:15,2420.887033
11/6/2024 8:30,2378.742586
11/6/2024 8:45,2600.829243
11/6/2024 9:00,2496.89282
11/6/2024 9:15,2412.140072
11/6/2024 9:30,2517.335528
11/6/2024 9:45,2371.652247
11/6/2024 10:00,2434.272534
11/6/2024 10:15,2389.179301
11/6/2024 10:30,1187.267384
11/6/2024 10:45,1238.225056
11/6/2024 11:00,1025.316081
11/6/2024 11:15,1141.34584
11/6/2024 11:30,1084.987582
11/6/2024 11:45,980.2228485
11/6/2024 12:00,1011.10227
11/6/2024 12:15,837.0244997
11/6/2024 12:30,890.8646933
11/6/2024 12:45,996.4908701
11/6/2024 13:00,957.2620767
11/6/2024 13:15,867.0756108
11/6/2024 13:30,941.3916443
11/6/2024 13:45,1336.330172
11/6/2024 14:00,2528.202964
11/6/2024 14:15,1701.615178
11/6/2024 14:30,972.7017876
11/6/2024 14:45,868.334643
11/6/2024 15:00,903.8194722
11/6/2024 15:15,803.6270134
11/6/2024 15:30,488.0075152
11/6/2024 15:45,204.1288819
11/6/2024 16:00,199.9541961
11/6/2024 16:15,196.2102318
11/6/2024 16:30,195.7795103
11/6/2024 16:45,199.9541961
11/6/2024 17:00,189.5174816
11/6/2024 17:15,191.2072354
11/6/2024 17:30,166.9874314
11/6/2024 17:45,168.6440527
11/6/2024 18:00,170.7313956
11/6/2024 18:15,174.0777707
11/6/2024 18:30,169.0747742
11/6/2024 18:45,169.9030849
11/6/2024 19:00,161.9844349
11/6/2024 19:15,159.4663705
11/6/2024 19:30,159.897092
11/6/2024 19:45,154.0326525
11/6/2024 20:00,155.2916847
11/6/2024 20:15,151.5477204
11/6/2024 20:30,156.9814384
11/6/2024 20:45,155.2916847
11/6/2024 21:00,147.3730347
11/6/2024 21:15,155.7224062
11/6/2024 21:30,147.3730347
11/6/2024 21:45,146.9423131
11/6/2024 22:00,151.5477204
11/6/2024 22:15,145.6832809
11/6/2024 22:30,151.1169989
11/6/2024 22:45,129.4152593
11/6/2024 23:00,79.31902989
11/6/2024 23:15,86.84009079
11/6/2024 23:30,82.66540501
11/6/2024 23:45,74.31603344
11/7/2024 0:00,68.88231543
11/7/2024 0:15,60.53294387
11/7/2024 0:30,68.88231543
11/7/2024 0:45,60.53294387
11/7/2024 1:00,63.05100831
11/7/2024 1:15,66.36425099
11/7/2024 1:30,61.36125454
11/7/2024 1:45,66.79497254
11/7/2024 2:00,61.79197609
11/7/2024 2:15,63.05100831
11/7/2024 2:30,66.36425099
11/7/2024 2:45,60.53294387
11/7/2024 3:00,63.44859743
11/7/2024 3:15,60.96366542
11/7/2024 3:30,66.36425099
11/7/2024 3:45,62.18956521
11/7/2024 4:00,67.62328321
11/7/2024 4:15,65.96666187
11/7/2024 4:30,77.231687
11/7/2024 4:45,123.1532306
11/7/2024 5:00,187.4301387
11/7/2024 5:15,330.2308985
11/7/2024 5:30,419.9866428
11/7/2024 5:45,422.4715748
11/7/2024 6:00,417.0378568
11/7/2024 6:15,429.5619142
11/7/2024 6:30,465.4774649
11/7/2024 6:45,470.4804614
11/7/2024 7:00,468.3931185
11/7/2024 7:15,665.0340719
11/7/2024 7:30,719.304987
11/7/2024 7:45,510.5706979
11/7/2024 8:00,462.9594005
11/7/2024 8:15,482.176208
11/7/2024 8:30,465.9081865
11/7/2024 8:45,448.7787218
11/7/2024 9:00,426.6462606
11/7/2024 9:15,435.4263537
11/7/2024 9:30,318.5351518
11/7/2024 9:45,271.7852975
11/7/2024 10:00,261.348583
11/7/2024 10:15,295.1436584
11/7/2024 10:30,298.059312
11/7/2024 10:45,266.3515795
11/7/2024 11:00,282.222012
11/7/2024 11:15,263.4359259
11/7/2024 11:30,284.3093549
11/7/2024 11:45,277.1858831
11/7/2024 12:00,276.3575724
11/7/2024 12:15,285.5352546
11/7/2024 12:30,346.0681985
11/7/2024 12:45,598.2390993
11/7/2024 13:00,572.3626739
11/7/2024 13:15,559.8386166
11/7/2024 13:30,596.5493455
11/7/2024 13:45,609.5041244
11/7/2024 14:00,755.1874053
11/7/2024 14:15,645.4196752
11/7/2024 14:30,548.9711806
11/7/2024 14:45,578.6247026
11/7/2024 15:00,578.1939811
11/7/2024 15:15,558.1488628
11/7/2024 15:30,445.0347575
11/7/2024 15:45,186.2042389
11/7/2024 16:00,201.2132283
11/7/2024 16:15,174.0777707
11/7/2024 16:30,196.2102318
11/7/2024 16:45,172.4211494
11/7/2024 17:00,198.7282963
11/7/2024 17:15,171.5928387
11/7/2024 17:30,179.9422103
11/7/2024 17:45,163.2434671
11/7/2024 18:00,171.1621171
11/7/2024 18:15,151.9453096
11/7/2024 18:30,156.1199953
11/7/2024 18:45,158.2073382
11/7/2024 19:00,136.5055986
11/7/2024 19:15,157.8097491
11/7/2024 19:30,136.1080095
11/7/2024 19:45,145.2856918
11/7/2024 20:00,145.6832809
11/7/2024 20:15,131.9333237
11/7/2024 20:30,144.0266595
11/7/2024 20:45,131.9333237
11/7/2024 21:00,128.5869486
11/7/2024 21:15,141.5085951
11/7/2024 21:30,123.5839522
11/7/2024 21:45,124.809852
11/7/2024 22:00,128.1562271
11/7/2024 22:15,130.6742915
11/7/2024 22:30,123.5839522
11/7/2024 22:45,123.1532306
11/7/2024 23:00,117.7195126
11/7/2024 23:15,139.4212522
11/7/2024 23:30,84.7527479
11/7/2024 23:45,69.31303698
11/8/2024 0:00,58.44560097
11/8/2024 0:15,59.27391165
11/8/2024 0:30,77.231687
11/8/2024 0:45,55.52994741
11/8/2024 1:00,57.18656875
11/8/2024 1:15,62.62028676
11/8/2024 1:30,55.92753653
11/8/2024 1:45,57.6172903
11/8/2024 2:00,61.79197609
11/8/2024 2:15,55.09922586
11/8/2024 2:30,59.70463319
11/8/2024 2:45,54.70163674
11/8/2024 3:00,60.10222232
11/8/2024 3:15,72.62627967
11/8/2024 3:30,90.58405502
11/8/2024 3:45,166.1591207
11/8/2024 4:00,168.6440527
11/8/2024 4:15,179.5114887
11/8/2024 4:30,178.683178
11/8/2024 4:45,198.2975747
11/8/2024 5:00,198.7282963
11/8/2024 5:15,206.2162248
11/8/2024 5:30,209.1650107
11/8/2024 5:45,217.0836608
11/8/2024 6:00,219.1710037
11/8/2024 6:15,239.613711
11/8/2024 6:30,241.3034648
11/8/2024 6:45,502.2213263
11/8/2024 7:00,525.1820981
11/8/2024 7:15,562.7542702
11/8/2024 7:30,561.0645164
11/8/2024 7:45,459.6461578
11/8/2024 8:00,359.0229774
11/8/2024 8:15,510.5706979
11/8/2024 8:30,505.1369798
11/8/2024 8:45,463.390122
11/8/2024 9:00,465.4774649
11/8/2024 9:15,478.8298329
11/8/2024 9:30,479.6581436
11/8/2024 9:45,461.3027791
11/8/2024 10:00,401.2005568
11/8/2024 10:15,305.1827838
11/8/2024 10:30,282.6196011
11/8/2024 10:45,278.8756368
11/8/2024 11:00,315.1887767
11/8/2024 11:15,351.9326381
11/8/2024 11:30,601.5854744
11/8/2024 11:45,595.3234458
11/8/2024 12:00,563.5825808
11/8/2024 12:15,591.9770706
11/8/2024 12:30,580.7120455
11/8/2024 12:45,616.5944638
11/8/2024 13:00,619.1125282
11/8/2024 13:15,622.4589033
11/8/2024 13:30,597.4107886
11/8/2024 13:45,625.772146
11/8/2024 14:00,601.5854744
11/8/2024 14:15,608.6758138
11/8/2024 14:30,555.2332093
11/8/2024 14:45,577.3656704
11/8/2024 15:00,609.5041244
11/8/2024 15:15,606.1577493
11/8/2024 15:30,256.7431757
11/8/2024 15:45,207.9059785
11/8/2024 16:00,199.9541961
11/8/2024 16:15,199.556607
11/8/2024 16:30,206.6469463
11/8/2024 16:45,227.0896537
11/8/2024 17:00,193.2945783
11/8/2024 17:15,169.5054958
11/8/2024 17:30,171.5928387
11/8/2024 17:45,158.2073382
11/8/2024 18:00,163.6410562
11/8/2024 18:15,156.9814384
11/8/2024 18:30,159.4663705
11/8/2024 18:45,157.3790276
11/8/2024 19:00,154.8940956
11/8/2024 19:15,152.3760311
11/8/2024 19:30,150.7194098
11/8/2024 19:45,151.9453096
11/8/2024 20:00,148.6320669
11/8/2024 20:15,144.0266595
11/8/2024 20:30,149.8579667
11/8/2024 20:45,146.544724
11/8/2024 21:00,140.6802844
11/8/2024 21:15,149.4603775
11/8/2024 21:30,141.111006
11/8/2024 21:45,142.7676273
11/8/2024 22:00,144.0266595
11/8/2024 22:15,145.2856918
11/8/2024 22:30,141.5085951
11/8/2024 22:45,152.3760311
11/8/2024 23:00,137.3339093
11/8/2024 23:15,139.4212522
11/8/2024 23:30,140.6802844
11/8/2024 23:45,95.18946236
11/9/2024 0:00,73.05700122
11/9/2024 0:15,71.40037987
11/9/2024 0:30,70.53893678
11/9/2024 0:45,72.22869055
11/9/2024 1:00,73.48772277
11/9/2024 1:15,72.22869055
11/9/2024 1:30,72.62627967
11/9/2024 1:45,72.62627967
11/9/2024 2:00,72.22869055
11/9/2024 2:15,70.96965833
11/9/2024 2:30,71.797969
11/9/2024 2:45,71.40037987
11/9/2024 3:00,72.62627967
11/9/2024 3:15,69.71062611
11/9/2024 3:30,76.80096545
11/9/2024 3:45,70.96965833
11/9/2024 4:00,72.22869055
11/9/2024 4:15,72.22869055
11/9/2024 4:30,70.96965833
11/9/2024 4:45,91.84308725
11/9/2024 5:00,173.6801816
11/9/2024 5:15,182.4271423
11/9/2024 5:30,194.5536105
11/9/2024 5:45,195.7795103
11/9/2024 6:00,220.827625
11/9/2024 6:15,533.1007481
11/9/2024 6:30,569.8446095
11/9/2024 6:45,562.7542702
11/9/2024 7:00,554.4048986
11/9/2024 7:15,558.1488628
11/9/2024 7:30,556.4922415
11/9/2024 7:45,565.6699237
11/9/2024 8:00,539.7934983
11/9/2024 8:15,526.4411303
11/9/2024 8:30,556.0615199
11/9/2024 8:45,561.0645164
11/9/2024 9:00,556.8898306
11/9/2024 9:15,534.7905019
11/9/2024 9:30,496.3568867
11/9/2024 9:45,525.5796872
11/9/2024 10:00,562.7542702
11/9/2024 10:15,575.6759166
11/9/2024 10:30,571.5012308
11/9/2024 10:45,571.1036417
11/9/2024 11:00,591.5463491
11/9/2024 11:15,571.1036417
11/9/2024 11:30,579.0222917
11/9/2024 11:45,546.4531161
11/9/2024 12:00,510.5706979
11/9/2024 12:15,517.6610372
11/9/2024 12:30,552.3175557
11/9/2024 12:45,556.8898306
11/9/2024 13:00,572.7602631
11/9/2024 13:15,579.0222917
11/9/2024 13:30,571.9319524
11/9/2024 13:45,584.0252882
11/9/2024 14:00,568.5855773
11/9/2024 14:15,558.9771735
11/9/2024 14:30,523.9230659
11/9/2024 14:45,551.8868341
11/9/2024 15:00,498.8749512
11/9/2024 15:15,378.239785
11/9/2024 15:30,160.7254027
11/9/2024 15:45,152.8067527
11/9/2024 16:00,145.2856918
11/9/2024 16:15,134.8489773
11/9/2024 16:30,135.677288
11/9/2024 16:45,134.8489773
11/9/2024 17:00,124.809852
11/9/2024 17:15,137.3339093
11/9/2024 17:30,123.1532306
11/9/2024 17:45,128.9845378
11/9/2024 18:00,125.2405735
11/9/2024 18:15,121.8941984
11/9/2024 18:30,124.809852
11/9/2024 18:45,127.3279164
11/9/2024 19:00,121.4966093
11/9/2024 19:15,120.6351662
11/9/2024 19:30,126.8971949
11/9/2024 19:45,120.6351662
11/9/2024 20:00,119.4092664
11/9/2024 20:15,123.1532306
11/9/2024 20:30,130.6742915
11/9/2024 20:45,118.5478233
11/9/2024 21:00,123.9815413
11/9/2024 21:15,123.5839522
11/9/2024 21:30,114.8038591
11/9/2024 21:45,125.2405735
11/9/2024 22:00,117.7195126
11/9/2024 22:15,121.8941984
11/9/2024 22:30,121.0658877
11/9/2024 22:45,118.1502342
11/9/2024 23:00,120.6351662
11/9/2024 23:15,73.48772277
11/9/2024 23:30,68.88231543
11/9/2024 23:45,65.53594032
11/10/2024 0:00,49.66550786
11/10/2024 0:15,56.35825808
11/10/2024 0:30,48.83719719
11/10/2024 0:45,53.84019364
11/10/2024 1:00,48.83719719
11/10/2024 1:15,50.52695096
11/10/2024 1:30,53.01188297
11/10/2024 1:45,49.66550786
11/10/2024 2:00,49.66550786
11/10/2024 2:15,48.43960806
11/10/2024 2:30,51.35526163
11/10/2024 2:45,50.09622941
11/10/2024 3:00,50.09622941
11/10/2024 3:15,48.00888651
11/10/2024 3:30,52.61429385
11/10/2024 3:45,50.92454008
11/10/2024 4:00,48.83719719
11/10/2024 4:15,48.43960806
11/10/2024 4:30,49.26791874
11/10/2024 4:45,52.61429385
11/10/2024 5:00,47.57816497
11/10/2024 5:15,48.00888651
11/10/2024 5:30,50.52695096
11/10/2024 5:45,49.26791874
11/10/2024 6:00,48.83719719
11/10/2024 6:15,54.27091519
11/10/2024 6:30,47.18057584
11/10/2024 6:45,46.35226517
11/10/2024 7:00,46.74985429
11/10/2024 7:15,49.26791874
11/10/2024 7:30,48.00888651
11/10/2024 7:45,49.66550786
11/10/2024 8:00,48.83719719
11/10/2024 8:15,46.74985429
11/10/2024 8:30,49.26791874
11/10/2024 8:45,51.35526163
11/10/2024 9:00,48.00888651
11/10/2024 9:15,52.61429385
11/10/2024 9:30,47.57816497
11/10/2024 9:45,54.70163674
11/10/2024 10:00,52.1835723
11/10/2024 10:15,48.43960806
11/10/2024 10:30,55.09922586
11/10/2024 10:45,54.27091519
11/10/2024 11:00,50.09622941
11/10/2024 11:15,57.18656875
11/10/2024 11:30,59.70463319
11/10/2024 11:45,53.01188297
11/10/2024 12:00,55.52994741
11/10/2024 12:15,61.36125454
11/10/2024 12:30,54.27091519
11/10/2024 12:45,53.84019364
11/10/2024 13:00,60.96366542
11/10/2024 13:15,59.70463319
11/10/2024 13:30,55.09922586
11/10/2024 13:45,57.6172903
11/10/2024 14:00,60.96366542
11/10/2024 14:15,53.01188297
11/10/2024 14:30,55.09922586
11/10/2024 14:45,60.96366542
11/10/2024 15:00,58.87632252
11/10/2024 15:15,53.44260452
11/10/2024 15:30,60.10222232
11/10/2024 15:45,60.53294387
11/10/2024 16:00,54.27091519
11/10/2024 16:15,55.09922586
11/10/2024 16:30,59.70463319
11/10/2024 16:45,58.01487943
11/10/2024 17:00,52.61429385
11/10/2024 17:15,58.87632252
11/10/2024 17:30,59.27391165
11/10/2024 17:45,52.1835723
11/10/2024 18:00,55.09922586
11/10/2024 18:15,59.70463319
11/10/2024 18:30,56.78897963
11/10/2024 18:45,66.36425099
11/10/2024 19:00,58.44560097
11/10/2024 19:15,58.01487943
11/10/2024 19:30,48.83719719
11/10/2024 19:45,55.92753653
11/10/2024 20:00,56.78897963
11/10/2024 20:15,48.83719719
11/10/2024 20:30,56.78897963
11/10/2024 20:45,52.1835723
11/10/2024 21:00,53.84019364
11/10/2024 21:15,54.27091519
11/10/2024 21:30,48.43960806
11/10/2024 21:45,55.92753653
11/10/2024 22:00,49.66550786
11/10/2024 22:15,53.84019364
11/10/2024 22:30,48.00888651
11/10/2024 22:45,50.09622941
11/10/2024 23:00,53.01188297
11/10/2024 23:15,48.83719719
11/10/2024 23:30,50.09622941
11/10/2024 23:45,53.84019364
11/11/2024 0:00,48.00888651
11/11/2024 0:15,48.00888651
11/11/2024 0:30,49.66550786
11/11/2024 0:45,53.84019364
11/11/2024 1:00,48.83719719
11/11/2024 1:15,50.09622941
11/11/2024 1:30,48.83719719
11/11/2024 1:45,52.61429385
11/11/2024 2:00,48.43960806
11/11/2024 2:15,50.52695096
11/11/2024 2:30,48.83719719
11/11/2024 2:45,50.09622941
11/11/2024 3:00,53.84019364
11/11/2024 3:15,48.43960806
11/11/2024 3:30,48.00888651
11/11/2024 3:45,48.00888651
11/11/2024 4:00,49.66550786
11/11/2024 4:15,48.43960806
11/11/2024 4:30,53.44260452
11/11/2024 4:45,48.83719719
11/11/2024 5:00,50.92454008
11/11/2024 5:15,50.92454008
11/11/2024 5:30,48.83719719
11/11/2024 5:45,50.92454008
11/11/2024 6:00,48.83719719
11/11/2024 6:15,48.43960806
11/11/2024 6:30,48.43960806
11/11/2024 6:45,48.83719719
11/11/2024 7:00,46.35226517
11/11/2024 7:15,46.35226517
11/11/2024 7:30,52.1835723
11/11/2024 7:45,46.74985429
11/11/2024 8:00,45.92154362
11/11/2024 8:15,46.74985429
11/11/2024 8:30,53.84019364
11/11/2024 8:45,46.74985429
11/11/2024 9:00,52.1835723
11/11/2024 9:15,47.57816497
11/11/2024 9:30,53.01188297
11/11/2024 9:45,46.35226517
11/11/2024 10:00,54.27091519
11/11/2024 10:15,56.35825808
11/11/2024 10:30,49.66550786
11/11/2024 10:45,56.78897963
11/11/2024 11:00,57.18656875
11/11/2024 11:15,53.44260452
11/11/2024 11:30,58.87632252
11/11/2024 11:45,61.79197609
11/11/2024 12:00,59.27391165
11/11/2024 12:15,60.53294387
11/11/2024 12:30,65.1383512
11/11/2024 12:45,63.05100831
11/11/2024 13:00,67.22569409
11/11/2024 13:15,68.05400476
11/11/2024 13:30,74.71362256
11/11/2024 13:45,70.53893678
11/11/2024 14:00,70.53893678
11/11/2024 14:15,75.57506566
11/11/2024 14:30,62.62028676
11/11/2024 14:45,68.45159388
11/11/2024 15:00,73.88531189
11/11/2024 15:15,65.96666187
11/11/2024 15:30,64.2769081
11/11/2024 15:45,62.18956521
11/11/2024 16:00,82.23468346
11/11/2024 16:15,63.05100831
11/11/2024 16:30,67.62328321
11/11/2024 16:45,61.79197609
11/11/2024 17:00,80.57806211
11/11/2024 17:15,67.62328321
11/11/2024 17:30,61.36125454
11/11/2024 17:45,59.27391165
11/11/2024 18:00,78.49071922
11/11/2024 18:15,63.87931898
11/11/2024 18:30,56.35825808
11/11/2024 18:45,58.87632252
11/11/2024 19:00,61.36125454
11/11/2024 19:15,60.10222232
11/11/2024 19:30,64.70762965
11/11/2024 19:45,57.18656875
11/11/2024 20:00,59.70463319
11/11/2024 20:15,53.84019364
11/11/2024 20:30,57.6172903
11/11/2024 20:45,56.35825808
11/11/2024 21:00,49.26791874
11/11/2024 21:15,57.18656875
11/11/2024 21:30,50.52695096
11/11/2024 21:45,55.92753653
11/11/2024 22:00,52.1835723
11/11/2024 22:15,54.70163674
11/11/2024 22:30,52.61429385
11/11/2024 22:45,50.92454008
11/11/2024 23:00,54.27091519
11/11/2024 23:15,52.1835723
11/11/2024 23:30,50.09622941
11/11/2024 23:45,54.70163674
11/12/2024 0:00,50.09622941
11/12/2024 0:15,55.09922586
11/12/2024 0:30,48.83719719
11/12/2024 0:45,55.09922586
11/12/2024 1:00,50.92454008
11/12/2024 1:15,49.26791874
11/12/2024 1:30,55.09922586
11/12/2024 1:45,50.52695096
11/12/2024 2:00,54.70163674
11/12/2024 2:15,49.26791874
11/12/2024 2:30,55.09922586
11/12/2024 2:45,48.00888651
11/12/2024 3:00,52.1835723
11/12/2024 3:15,50.52695096
11/12/2024 3:30,48.83719719
11/12/2024 3:45,53.84019364
11/12/2024 4:00,52.1835723
11/12/2024 4:15,52.61429385
11/12/2024 4:30,58.87632252
11/12/2024 4:45,108.9725519
11/12/2024 5:00,165.33081
11/12/2024 5:15,333.9748627
11/12/2024 5:30,1670.305035
11/12/2024 5:45,1791.370923
11/12/2024 6:00,1798.858851
11/12/2024 6:15,1935.397582
11/12/2024 6:30,2100.297671
11/12/2024 6:45,2313.206646
11/12/2024 7:00,2477.676013
11/12/2024 7:15,2511.504221
11/12/2024 7:30,2516.904806
11/12/2024 7:45,2480.194077
11/12/2024 8:00,2478.106734
11/12/2024 8:15,2475.157948
11/12/2024 8:30,2477.676013
11/12/2024 8:45,2759.036582
11/12/2024 9:00,2832.524304
11/12/2024 9:15,2754.033585
11/12/2024 9:30,2658.844123
11/12/2024 9:45,2486.456106
11/12/2024 10:00,2555.338421
11/12/2024 10:15,2578.299193
11/12/2024 10:30,2610.835236
11/12/2024 10:45,2571.606443
11/12/2024 11:00,2623.359294
11/12/2024 11:15,2517.766249
11/12/2024 11:30,2561.998039
11/12/2024 11:45,2518.992149
11/12/2024 12:00,2345.742689
11/12/2024 12:15,2388.35099
11/12/2024 12:30,2513.989153
11/12/2024 12:45,2563.257071
11/12/2024 13:00,2714.804792
11/12/2024 13:15,2588.305186
11/12/2024 13:30,2377.052832
11/12/2024 13:45,1134.686223
11/12/2024 14:00,1130.080815
11/12/2024 14:15,1145.122937
11/12/2024 14:30,1049.502753
11/12/2024 14:45,723.877262
11/12/2024 15:00,749.3560982
11/12/2024 15:15,662.5160074
11/12/2024 15:30,433.3390109
11/12/2024 15:45,318.5351518
11/12/2024 16:00,202.4722605
11/12/2024 16:15,193.6921674
11/12/2024 16:30,192.0355461
11/12/2024 16:45,193.6921674
11/12/2024 17:00,185.7735174
11/12/2024 17:15,166.5567098
11/12/2024 17:30,162.382024
11/12/2024 17:45,164.0717778
11/12/2024 18:00,162.8127456
11/12/2024 18:15,156.9814384
11/12/2024 18:30,159.897092
11/12/2024 18:45,149.029656
11/12/2024 19:00,151.9453096
11/12/2024 19:15,152.8067527
11/12/2024 19:30,148.6320669
11/12/2024 19:45,148.6320669
11/12/2024 20:00,150.2886882
11/12/2024 20:15,149.8579667
11/12/2024 20:30,148.2013453
11/12/2024 20:45,153.6350633
11/12/2024 21:00,147.3730347
11/12/2024 21:15,151.9453096
11/12/2024 21:30,150.7194098
11/12/2024 21:45,149.029656
11/12/2024 22:00,145.6832809
11/12/2024 22:15,142.3700382
11/12/2024 22:30,144.4573811
11/12/2024 22:45,140.6802844
11/12/2024 23:00,147.7706238
11/12/2024 23:15,138.5929415
11/12/2024 23:30,145.6832809
11/12/2024 23:45,119.4092664
11/13/2024 0:00,68.05400476
11/13/2024 0:15,70.96965833
11/13/2024 0:30,65.96666187
11/13/2024 0:45,70.96965833
11/13/2024 1:00,65.96666187
11/13/2024 1:15,65.96666187
11/13/2024 1:30,65.96666187
11/13/2024 1:45,71.40037987
11/13/2024 2:00,65.96666187
11/13/2024 2:15,65.96666187
11/13/2024 2:30,65.96666187
11/13/2024 2:45,66.36425099
11/13/2024 3:00,66.36425099
11/13/2024 3:15,65.53594032
11/13/2024 3:30,65.53594032
11/13/2024 3:45,65.96666187
11/13/2024 4:00,65.96666187
11/13/2024 4:15,77.231687
11/13/2024 4:30,88.49671213
11/13/2024 4:45,296.4026907
11/13/2024 5:00,902.56044
11/13/2024 5:15,923.8645905
11/13/2024 5:30,2240.149645
11/13/2024 5:45,2369.962493
11/13/2024 6:00,2395.010608
11/13/2024 6:15,2382.48655
11/13/2024 6:30,2400.444326
11/13/2024 6:45,2582.473879
11/13/2024 7:00,2524.425867
11/13/2024 7:15,2596.654558
11/13/2024 7:30,2841.701987
11/13/2024 7:45,2918.105363
11/13/2024 8:00,3033.339944
11/13/2024 8:15,2900.578309
11/13/2024 8:30,2819.171936
11/13/2024 8:45,2719.807788
11/13/2024 9:00,2847.135705
11/13/2024 9:15,2884.277155
11/13/2024 9:30,2843.789329
11/13/2024 9:45,2796.608754
11/13/2024 10:00,2750.289621
11/13/2024 10:15,2839.217055
11/13/2024 10:30,2866.352512
11/13/2024 10:45,2677.630209
11/13/2024 11:00,2673.886245
11/13/2024 11:15,1460.709303
11/13/2024 11:30,1417.305824
11/13/2024 11:45,1404.351045
11/13/2024 12:00,1255.321389
11/13/2024 12:15,1218.577527
11/13/2024 12:30,1236.535303
11/13/2024 12:45,1229.875685
11/13/2024 13:00,1327.550079
11/13/2024 13:15,1214.005252
11/13/2024 13:30,1341.333169
11/13/2024 13:45,1177.261391
11/13/2024 14:00,1170.999362
11/13/2024 14:15,1198.963131
11/13/2024 14:30,1041.153382
11/13/2024 14:45,885.4641077
11/13/2024 15:00,711.3532046
11/13/2024 15:15,585.715042
11/13/2024 15:30,330.2308985
11/13/2024 15:45,282.222012
11/13/2024 16:00,232.1257826
11/13/2024 16:15,234.2131254
11/13/2024 16:30,242.1317755
11/13/2024 16:45,226.6920645
11/13/2024 17:00,211.6499428
11/13/2024 17:15,185.3427958
11/13/2024 17:30,194.9511996
11/13/2024 17:45,177.8548674
11/13/2024 18:00,189.1198925
11/13/2024 18:15,179.9422103
11/13/2024 18:30,191.2072354
11/13/2024 18:45,176.5958351
11/13/2024 19:00,187.0325496
11/13/2024 19:15,177.8548674
11/13/2024 19:30,182.4271423
11/13/2024 19:45,176.9934243
11/13/2024 20:00,184.9452067
11/13/2024 20:15,172.8187385
11/13/2024 20:30,175.7675245
11/13/2024 20:45,172.4211494
11/13/2024 21:00,169.5054958
11/13/2024 21:15,164.0717778
11/13/2024 21:30,169.9030849
11/13/2024 21:45,160.2946811
11/13/2024 22:00,159.4663705
11/13/2024 22:15,158.6380598
11/13/2024 22:30,158.2073382
11/13/2024 22:45,152.8067527
11/13/2024 23:00,154.8940956
11/13/2024 23:15,149.8579667
11/13/2024 23:30,147.3730347
11/13/2024 23:45,104.3671446
11/14/2024 0:00,72.62627967
11/14/2024 0:15,74.31603344
11/14/2024 0:30,71.797969
11/14/2024 0:45,74.31603344
11/14/2024 1:00,70.14134765
11/14/2024 1:15,69.31303698
11/14/2024 1:30,71.797969
11/14/2024 1:45,69.31303698
11/14/2024 2:00,68.05400476
11/14/2024 2:15,71.40037987
11/14/2024 2:30,68.05400476
11/14/2024 2:45,68.45159388
11/14/2024 3:00,70.53893678
11/14/2024 3:15,70.96965833
11/14/2024 3:30,69.31303698
11/14/2024 3:45,108.1111088
11/14/2024 4:00,378.239785
11/14/2024 4:15,414.9505139
11/14/2024 4:30,399.9415246
11/14/2024 4:45,393.2487744
11/14/2024 5:00,632.8956178
11/14/2024 5:15,978.5330948
11/14/2024 5:30,830.762471
11/14/2024 5:45,736.4013193
11/14/2024 6:00,485.9201723
11/14/2024 6:15,513.0556299
11/14/2024 6:30,614.9378424
11/14/2024 6:45,1370.555969
11/14/2024 7:00,2111.131974
11/14/2024 7:15,2118.222314
11/14/2024 7:30,2355.351093
11/14/2024 7:45,2289.815152
11/14/2024 8:00,2175.011293
11/14/2024 8:15,2139.957186
11/14/2024 8:30,2140.354775
11/14/2024 8:45,1443.612971
11/14/2024 9:00,745.612134
11/14/2024 9:15,745.1814124
11/14/2024 9:30,731.8290444
11/14/2024 9:45,707.1785188
11/14/2024 10:00,684.6484686
11/14/2024 10:15,700.9164901
11/14/2024 10:30,789.4463347
11/14/2024 10:45,718.4766764
11/14/2024 11:00,756.4464376
11/14/2024 11:15,765.2265307
11/14/2024 11:30,822.843821
11/14/2024 11:45,756.8771591
11/14/2024 12:00,719.304987
11/14/2024 12:15,714.6995797
11/14/2024 12:30,730.1392906
11/14/2024 12:45,763.5367769
11/14/2024 13:00,769.7988056
11/14/2024 13:15,789.4463347
11/14/2024 13:30,788.5848916
11/14/2024 13:45,740.178416
11/14/2024 14:00,793.6210205
11/14/2024 14:15,773.5759022
11/14/2024 14:30,708.437551
11/14/2024 14:45,664.6033503
11/14/2024 15:00,711.3532046
11/14/2024 15:15,528.0977517
11/14/2024 15:30,338.58027
11/14/2024 15:45,287.2250084
11/14/2024 16:00,275.5292617
11/14/2024 16:15,280.9629797
11/14/2024 16:30,279.273226
11/14/2024 16:45,280.1346691
11/14/2024 17:00,273.8726404
11/14/2024 17:15,216.2553501
11/14/2024 17:30,227.9510968
11/14/2024 17:45,217.9119714
11/14/2024 18:00,219.6017252
11/14/2024 18:15,209.1650107
11/14/2024 18:30,209.5625999
11/14/2024 18:45,204.990325
11/14/2024 19:00,225.0023108
11/14/2024 19:15,205.3879141
11/14/2024 19:30,207.475257
11/14/2024 19:45,208.7342892
11/14/2024 20:00,206.6469463
11/14/2024 20:15,204.1288819
11/14/2024 20:30,204.1288819
11/14/2024 20:45,204.5596034
11/14/2024 21:00,208.7342892
11/14/2024 21:15,207.0776679
11/14/2024 21:30,207.475257
11/14/2024 21:45,204.1288819
11/14/2024 22:00,200.8156392
11/14/2024 22:15,205.3879141
11/14/2024 22:30,198.7282963
11/14/2024 22:45,204.5596034
11/14/2024 23:00,199.556607
11/14/2024 23:15,195.7795103
11/14/2024 23:30,199.1258854
11/14/2024 23:45,121.8941984
11/15/2024 0:00,105.1954553
11/15/2024 0:15,103.936423
11/15/2024 0:30,95.18946236
11/15/2024 0:45,106.885209
11/15/2024 1:00,94.36115169
11/15/2024 1:15,100.6231804
11/15/2024 1:30,97.27680525
11/15/2024 1:45,101.0207695
11/15/2024 2:00,94.36115169
11/15/2024 2:15,102.2798017
11/15/2024 2:30,94.75874081
11/15/2024 2:45,95.18946236
11/15/2024 3:00,98.93342659
11/15/2024 3:15,94.75874081
11/15/2024 3:30,95.18946236
11/15/2024 3:45,94.75874081
11/15/2024 4:00,96.44849458
11/15/2024 4:15,94.75874081
11/15/2024 4:30,152.8067527
11/15/2024 4:45,217.0836608
11/15/2024 5:00,437.0829751
11/15/2024 5:15,1466.143021
11/15/2024 5:30,2075.249556
11/15/2024 5:45,2099.436228
11/15/2024 6:00,2108.647042
11/15/2024 6:15,2111.960285
11/15/2024 6:30,2210.065401
11/15/2024 6:45,2273.547131
11/15/2024 7:00,2261.851384
11/15/2024 7:15,2302.33921
11/15/2024 7:30,2438.447219
11/15/2024 7:45,2620.874362
11/15/2024 8:00,2625.049047
11/15/2024 8:15,2651.356194
11/15/2024 8:30,2630.482765
11/15/2024 8:45,2618.356297
11/15/2024 9:00,2618.356297
11/15/2024 9:15,2610.006926
11/15/2024 9:30,2579.955814
11/15/2024 9:45,2599.570211
11/15/2024 10:00,2599.570211
11/15/2024 10:15,1393.91433
11/15/2024 10:30,1201.481195
11/15/2024 10:45,1183.092698
11/15/2024 11:00,1187.267384
11/15/2024 11:15,1125.077819
11/15/2024 11:30,1044.930478
11/15/2024 11:45,1016.535988
11/15/2024 12:00,981.4818808
11/15/2024 12:15,928.0392762
11/15/2024 12:30,959.3494196
11/15/2024 12:45,912.5995653
11/15/2024 13:00,851.6358999
11/15/2024 13:15,858.3286501
11/15/2024 13:30,821.5847888
11/15/2024 13:45,837.8528103
11/15/2024 14:00,768.9704949
11/15/2024 14:15,683.3894363
11/15/2024 14:30,596.1517564
11/15/2024 14:45,642.4708892
11/15/2024 15:00,634.9829607
11/15/2024 15:15,565.6699237
11/15/2024 15:30,311.4448124
11/15/2024 15:45,280.9629797
11/15/2024 16:00,250.0504255
11/15/2024 16:15,250.9118686
11/15/2024 16:30,261.348583
11/15/2024 16:45,266.3515795
11/15/2024 17:00,265.9208579
11/15/2024 17:15,257.1738973
11/15/2024 17:30,255.4841435
11/15/2024 17:45,252.1377684
11/15/2024 18:00,242.9600861
11/15/2024 18:15,232.1257826
11/15/2024 18:30,226.261343
11/15/2024 18:45,218.7402821
11/15/2024 19:00,229.6077181
11/15/2024 19:15,194.5536105
11/15/2024 19:30,192.8638567
11/15/2024 19:45,204.5596034
11/15/2024 20:00,185.7735174
11/15/2024 20:15,202.9029821
11/15/2024 20:30,196.6409534
11/15/2024 20:45,193.6921674
11/15/2024 21:00,201.6439498
11/15/2024 21:15,191.6048245
11/15/2024 21:30,198.2975747
11/15/2024 21:45,179.5114887
11/15/2024 22:00,199.1258854
11/15/2024 22:15,176.1651136
11/15/2024 22:30,197.8668532
11/15/2024 22:45,176.9934243
11/15/2024 23:00,189.1198925
11/15/2024 23:15,173.6801816
11/15/2024 23:30,192.0355461
11/15/2024 23:45,135.2465664
11/16/2024 0:00,101.0207695
11/16/2024 0:15,84.32202635
11/16/2024 0:30,85.58105857
11/16/2024 0:45,88.09912301
11/16/2024 1:00,75.57506566
11/16/2024 1:15,79.31902989
11/16/2024 1:30,74.31603344
11/16/2024 1:45,67.22569409
11/16/2024 2:00,69.71062611
11/16/2024 2:15,68.88231543
11/16/2024 2:30,68.88231543
11/16/2024 2:45,68.88231543
11/16/2024 3:00,65.1383512
11/16/2024 3:15,68.45159388
11/16/2024 3:30,71.797969
11/16/2024 3:45,66.79497254
11/16/2024 4:00,67.22569409
11/16/2024 4:15,65.96666187
11/16/2024 4:30,134.0206666
11/16/2024 4:45,181.5988316
11/16/2024 5:00,781.4945523
11/16/2024 5:15,1828.943095
11/16/2024 5:30,998.1806239
11/16/2024 5:45,405.7728317
11/16/2024 6:00,444.1733144
11/16/2024 6:15,498.0466405
11/16/2024 6:30,571.9319524
11/16/2024 6:45,560.6669273
11/16/2024 7:00,568.5855773
11/16/2024 7:15,490.9563012
11/16/2024 7:30,442.9474146
11/16/2024 7:45,587.8023849
11/16/2024 8:00,940.132612
11/16/2024 8:15,1092.111054
11/16/2024 8:30,1106.722454
11/16/2024 8:45,1078.725554
11/16/2024 9:00,1030.319078
11/16/2024 9:15,1009.445649
11/16/2024 9:30,990.659563
11/16/2024 9:45,989.4005308
11/16/2024 10:00,979.3945379
11/16/2024 10:15,1056.195503
11/16/2024 10:30,1127.595883
11/16/2024 10:45,1334.640419
11/16/2024 11:00,1472.00746
11/16/2024 11:15,1280.800225
11/16/2024 11:30,1018.623331
11/16/2024 11:45,889.208072
11/16/2024 12:00,688.8231543
11/16/2024 12:15,679.2147505
11/16/2024 12:30,662.1184183
11/16/2024 12:45,710.5248939
11/16/2024 13:00,660.8593861
11/16/2024 13:15,618.6818067
11/16/2024 13:30,629.5492427
11/16/2024 13:45,638.7269249
11/16/2024 14:00,641.6425785
11/16/2024 14:15,624.5462462
11/16/2024 14:30,603.6728173
11/16/2024 14:45,571.9319524
11/16/2024 15:00,515.5736943
11/16/2024 15:15,263.8335151
11/16/2024 15:30,247.5654935
11/16/2024 15:45,192.4662676
11/16/2024 16:00,192.8638567
11/16/2024 16:15,168.2464636
11/16/2024 16:30,113.5448268
11/16/2024 16:45,94.36115169
11/16/2024 17:00,105.6261768
11/16/2024 17:15,90.1864659
11/16/2024 17:30,100.1924588
11/16/2024 17:45,98.93342659
11/16/2024 18:00,83.92443723
11/16/2024 18:15,98.10511592
11/16/2024 18:30,89.3250228
11/16/2024 18:45,75.14434411
11/16/2024 19:00,89.75574435
11/16/2024 19:15,74.31603344
11/16/2024 19:30,80.57806211
11/16/2024 19:45,77.66240855
11/16/2024 20:00,65.96666187
11/16/2024 20:15,78.49071922
11/16/2024 20:30,63.05100831
11/16/2024 20:45,69.31303698
11/16/2024 21:00,63.44859743
11/16/2024 21:15,65.96666187
11/16/2024 21:30,62.18956521
11/16/2024 21:45,63.44859743
11/16/2024 22:00,68.05400476
11/16/2024 22:15,58.01487943
11/16/2024 22:30,62.62028676
11/16/2024 22:45,61.36125454
11/16/2024 23:00,58.44560097
11/16/2024 23:15,51.35526163
11/16/2024 23:30,68.88231543
11/16/2024 23:45,49.26791874
11/17/2024 0:00,60.53294387
11/17/2024 0:15,50.09622941
11/17/2024 0:30,69.31303698
11/17/2024 0:45,50.92454008
11/17/2024 1:00,55.92753653
11/17/2024 1:15,52.1835723
11/17/2024 1:30,53.84019364
11/17/2024 1:45,55.52994741
11/17/2024 2:00,49.66550786
11/17/2024 2:15,56.35825808
11/17/2024 2:30,52.61429385
11/17/2024 2:45,57.18656875
11/17/2024 3:00,48.83719719
11/17/2024 3:15,53.84019364
11/17/2024 3:30,55.52994741
11/17/2024 3:45,48.43960806
11/17/2024 4:00,57.18656875
11/17/2024 4:15,52.1835723
11/17/2024 4:30,53.44260452
11/17/2024 4:45,51.35526163
11/17/2024 5:00,50.09622941
11/17/2024 5:15,54.70163674
11/17/2024 5:30,50.52695096
11/17/2024 5:45,53.84019364
11/17/2024 6:00,53.44260452
11/17/2024 6:15,48.83719719
11/17/2024 6:30,53.84019364
11/17/2024 6:45,49.26791874
11/17/2024 7:00,52.1835723
11/17/2024 7:15,48.43960806
11/17/2024 7:30,48.83719719
11/17/2024 7:45,54.70163674
11/17/2024 8:00,47.57816497
11/17/2024 8:15,51.35526163
11/17/2024 8:30,51.35526163
11/17/2024 8:45,49.66550786
11/17/2024 9:00,54.27091519
11/17/2024 9:15,50.92454008
11/17/2024 9:30,55.92753653
11/17/2024 9:45,50.09622941
11/17/2024 10:00,69.31303698
11/17/2024 10:15,51.35526163
11/17/2024 10:30,57.18656875
11/17/2024 10:45,72.62627967
11/17/2024 11:00,56.78897963
11/17/2024 11:15,74.71362256
11/17/2024 11:30,55.09922586
11/17/2024 11:45,69.31303698
11/17/2024 12:00,58.44560097
11/17/2024 12:15,69.31303698
11/17/2024 12:30,61.79197609
11/17/2024 12:45,70.96965833
11/17/2024 13:00,70.53893678
11/17/2024 13:15,69.31303698
11/17/2024 13:30,64.2769081
11/17/2024 13:45,84.32202635
11/17/2024 14:00,57.6172903
11/17/2024 14:15,79.31902989
11/17/2024 14:30,63.05100831
11/17/2024 14:45,79.74975144
11/17/2024 15:00,59.27391165
11/17/2024 15:15,86.84009079
11/17/2024 15:30,54.70163674
11/17/2024 15:45,87.23767991
11/17/2024 16:00,60.10222232
11/17/2024 16:15,78.49071922
11/17/2024 16:30,65.53594032
11/17/2024 16:45,76.40337633
11/17/2024 17:00,58.87632252
11/17/2024 17:15,79.31902989
11/17/2024 17:30,61.36125454
11/17/2024 17:45,70.96965833
11/17/2024 18:00,61.36125454
11/17/2024 18:15,75.14434411
11/17/2024 18:30,56.35825808
11/17/2024 18:45,69.31303698
11/17/2024 19:00,59.70463319
11/17/2024 19:15,72.62627967
11/17/2024 19:30,50.92454008
11/17/2024 19:45,60.53294387
11/17/2024 20:00,65.53594032
11/17/2024 20:15,56.78897963
11/17/2024 20:30,57.6172903
11/17/2024 20:45,74.31603344
11/17/2024 21:00,59.27391165
11/17/2024 21:15,52.61429385
11/17/2024 21:30,55.09922586
11/17/2024 21:45,53.84019364
11/17/2024 22:00,66.36425099
11/17/2024 22:15,56.35825808
11/17/2024 22:30,50.09622941
11/17/2024 22:45,60.10222232
11/17/2024 23:00,49.26791874
11/17/2024 23:15,57.18656875
11/17/2024 23:30,53.84019364
11/17/2024 23:45,55.92753653
11/18/2024 0:00,57.6172903
11/18/2024 0:15,52.61429385
11/18/2024 0:30,50.92454008
11/18/2024 0:45,57.18656875
11/18/2024 1:00,52.1835723
11/18/2024 1:15,54.70163674
11/18/2024 1:30,55.92753653
11/18/2024 1:45,50.09622941
11/18/2024 2:00,52.1835723
11/18/2024 2:15,56.35825808
11/18/2024 2:30,50.92454008
11/18/2024 2:45,53.44260452
11/18/2024 3:00,56.35825808
11/18/2024 3:15,49.66550786
11/18/2024 3:30,52.61429385
11/18/2024 3:45,56.78897963
11/18/2024 4:00,50.92454008
11/18/2024 4:15,51.35526163
11/18/2024 4:30,52.1835723
11/18/2024 4:45,55.09922586
11/18/2024 5:00,52.61429385
11/18/2024 5:15,51.35526163
11/18/2024 5:30,52.1835723
11/18/2024 5:45,56.78897963
11/18/2024 6:00,50.09622941
11/18/2024 6:15,51.35526163
11/18/2024 6:30,49.66550786
11/18/2024 6:45,53.84019364
11/18/2024 7:00,49.26791874
11/18/2024 7:15,49.66550786
11/18/2024 7:30,50.09622941
11/18/2024 7:45,52.61429385
11/18/2024 8:00,50.09622941
11/18/2024 8:15,50.92454008
11/18/2024 8:30,52.61429385
11/18/2024 8:45,48.83719719
11/18/2024 9:00,55.52994741
11/18/2024 9:15,48.00888651
11/18/2024 9:30,54.27091519
11/18/2024 9:45,48.43960806
11/18/2024 10:00,55.09922586
11/18/2024 10:15,50.09622941
11/18/2024 10:30,69.71062611
11/18/2024 10:45,55.92753653
11/18/2024 11:00,63.44859743
11/18/2024 11:15,58.87632252
11/18/2024 11:30,70.96965833
11/18/2024 11:45,64.70762965
11/18/2024 12:00,78.88830834
11/18/2024 12:15,67.62328321
11/18/2024 12:30,75.57506566
11/18/2024 12:45,82.23468346
11/18/2024 13:00,68.05400476
11/18/2024 13:15,92.27380879
11/18/2024 13:30,70.14134765
11/18/2024 13:45,80.97565124
11/18/2024 14:00,85.58105857
11/18/2024 14:15,66.36425099
11/18/2024 14:30,85.58105857
11/18/2024 14:45,75.97265478
11/18/2024 15:00,76.40337633
11/18/2024 15:15,80.57806211
11/18/2024 15:30,67.62328321
11/18/2024 15:45,86.84009079
11/18/2024 16:00,62.62028676
11/18/2024 16:15,88.49671213
11/18/2024 16:30,65.96666187
11/18/2024 16:45,81.40637279
11/18/2024 17:00,63.44859743
11/18/2024 17:15,76.80096545
11/18/2024 17:30,71.797969
11/18/2024 17:45,72.22869055
11/18/2024 18:00,64.70762965
11/18/2024 18:15,78.05999767
11/18/2024 18:30,57.6172903
11/18/2024 18:45,73.05700122
11/18/2024 19:00,63.87931898
11/18/2024 19:15,65.96666187
11/18/2024 19:30,59.27391165
11/18/2024 19:45,64.2769081
11/18/2024 20:00,61.36125454
11/18/2024 20:15,59.27391165
11/18/2024 20:30,60.53294387
11/18/2024 20:45,66.36425099
11/18/2024 21:00,52.1835723
11/18/2024 21:15,63.44859743
11/18/2024 21:30,58.44560097
11/18/2024 21:45,55.09922586
11/18/2024 22:00,49.26791874
11/18/2024 22:15,58.87632252
11/18/2024 22:30,60.53294387
11/18/2024 22:45,50.92454008
11/18/2024 23:00,52.61429385
11/18/2024 23:15,50.09622941
11/18/2024 23:30,56.78897963
11/18/2024 23:45,48.83719719
11/19/2024 0:00,51.35526163
11/19/2024 0:15,56.35825808
11/19/2024 0:30,54.27091519
11/19/2024 0:45,50.52695096
11/19/2024 1:00,67.62328321
11/19/2024 1:15,49.66550786
11/19/2024 1:30,48.43960806
11/19/2024 1:45,56.78897963
11/19/2024 2:00,49.66550786
11/19/2024 2:15,48.83719719
11/19/2024 2:30,55.92753653
11/19/2024 2:45,50.09622941
11/19/2024 3:00,49.66550786
11/19/2024 3:15,48.00888651
11/19/2024 3:30,56.35825808
11/19/2024 3:45,49.66550786
11/19/2024 4:00,50.09622941
11/19/2024 4:15,151.1169989
11/19/2024 4:30,165.7283991
11/19/2024 4:45,164.4693669
11/19/2024 5:00,382.8120599
11/19/2024 5:15,1737.928318
11/19/2024 5:30,1831.428027
11/19/2024 5:45,1910.747057
11/19/2024 6:00,2099.866949
11/19/2024 6:15,2363.302875
11/19/2024 6:30,2556.564321
11/19/2024 6:45,2420.887033
11/19/2024 7:00,2268.511002
11/19/2024 7:15,2197.541344
11/19/2024 7:30,2164.574579
11/19/2024 7:45,2273.116409
11/19/2024 8:00,2329.474667
11/19/2024 8:15,2330.7337
11/19/2024 8:30,2531.516206
11/19/2024 8:45,2577.868472
11/19/2024 9:00,2674.316966
11/19/2024 9:15,2700.193391
11/19/2024 9:30,2518.163838
11/19/2024 9:45,2489.371759
11/19/2024 10:00,2626.705669
11/19/2024 10:15,2586.217843
11/19/2024 10:30,2572.434754
11/19/2024 10:45,2629.621322
11/19/2024 11:00,2626.30808
11/19/2024 11:15,2546.127607
11/19/2024 11:30,2527.772242
11/19/2024 11:45,2531.946928
11/19/2024 12:00,2497.721131
11/19/2024 12:15,1955.84029
11/19/2024 12:30,1128.424194
11/19/2024 12:45,1217.351628
11/19/2024 13:00,1118.385069
11/19/2024 13:15,1091.249611
11/19/2024 13:30,1020.710674
11/19/2024 13:45,1010.27396
11/19/2024 14:00,1129.252505
11/19/2024 14:15,1079.156275
11/19/2024 14:30,1050.364196
11/19/2024 14:45,753.9615055
11/19/2024 15:00,688.3924328
11/19/2024 15:15,657.513011
11/19/2024 15:30,648.7329178
11/19/2024 15:45,360.6795988
11/19/2024 16:00,202.041539
11/19/2024 16:15,212.908975
11/19/2024 16:30,210.8216321
11/19/2024 16:45,205.8186356
11/19/2024 17:00,208.3035676
11/19/2024 17:15,223.3456894
11/19/2024 17:30,211.2523536
11/19/2024 17:45,194.9511996
11/19/2024 18:00,212.0806643
11/19/2024 18:15,203.7312927
11/19/2024 18:30,199.9541961
11/19/2024 18:45,208.7342892
11/19/2024 19:00,193.6921674
11/19/2024 19:15,202.4722605
11/19/2024 19:30,191.2072354
11/19/2024 19:45,191.6048245
11/19/2024 20:00,189.5174816
11/19/2024 20:15,191.6048245
11/19/2024 20:30,187.8608603
11/19/2024 20:45,185.3427958
11/19/2024 21:00,187.8608603
11/19/2024 21:15,154.8940956
11/19/2024 21:30,145.2856918
11/19/2024 21:45,144.0266595
11/19/2024 22:00,136.9363202
11/19/2024 22:15,137.7646309
11/19/2024 22:30,137.3339093
11/19/2024 22:45,129.4152593
11/19/2024 23:00,135.2465664
11/19/2024 23:15,131.9333237
11/19/2024 23:30,132.7616344
11/19/2024 23:45,100.6231804
11/20/2024 0:00,75.57506566
11/20/2024 0:15,72.22869055
11/20/2024 0:30,66.79497254
11/20/2024 0:45,68.88231543
11/20/2024 1:00,67.62328321
11/20/2024 1:15,70.14134765
11/20/2024 1:30,67.62328321
11/20/2024 1:45,68.88231543
11/20/2024 2:00,68.88231543
11/20/2024 2:15,66.36425099
11/20/2024 2:30,68.45159388
11/20/2024 2:45,68.45159388
11/20/2024 3:00,69.31303698
11/20/2024 3:15,67.62328321
11/20/2024 3:30,67.62328321
11/20/2024 3:45,96.44849458
11/20/2024 4:00,183.6861745
11/20/2024 4:15,210.3909105
11/20/2024 4:30,680.9045043
11/20/2024 4:45,680.4737828
11/20/2024 5:00,612.0221889
11/20/2024 5:15,598.2390993
11/20/2024 5:30,618.6818067
11/20/2024 5:45,1597.645623
11/20/2024 6:00,2428.010505
11/20/2024 6:15,2503.98316
11/20/2024 6:30,2536.552335
11/20/2024 6:45,2628.395422
11/20/2024 7:00,2887.62353
11/20/2024 7:15,2822.915901
11/20/2024 7:30,2909.32527
11/20/2024 7:45,3072.568737
11/20/2024 8:00,2897.231934
11/20/2024 8:15,2942.722756
11/20/2024 8:30,3010.776761
11/20/2024 8:45,2880.963912
11/20/2024 9:00,2866.352512
11/20/2024 9:15,2549.473982
11/20/2024 9:30,2651.356194
11/20/2024 9:45,2676.801898
11/20/2024 10:00,2627.533979
11/20/2024 10:15,2609.609336
11/20/2024 10:30,2693.500641
11/20/2024 10:45,2619.615329
11/20/2024 11:00,2544.470985
11/20/2024 11:15,2641.747791
11/20/2024 11:30,2502.724127
11/20/2024 11:45,2566.172725
11/20/2024 12:00,2544.901707
11/20/2024 12:15,2441.362873
11/20/2024 12:30,2484.766352
11/20/2024 12:45,2573.693786
11/20/2024 13:00,2653.012816
11/20/2024 13:15,2576.21185
11/20/2024 13:30,2504.380749
11/20/2024 13:45,2154.966175
11/20/2024 14:00,1602.25103
11/20/2024 14:15,1496.194132
11/20/2024 14:30,1432.347945
11/20/2024 14:45,1160.131926
11/20/2024 15:00,827.4160959
11/20/2024 15:15,666.2931041
11/20/2024 15:30,601.9830635
11/20/2024 15:45,312.2731231
11/20/2024 16:00,256.7431757
11/20/2024 16:15,254.6558328
11/20/2024 16:30,258.3997971
11/20/2024 16:45,258.0022079
11/20/2024 17:00,250.9118686
11/20/2024 17:15,240.4751541
11/20/2024 17:30,234.6107146
11/20/2024 17:45,192.8638567
11/20/2024 18:00,206.2162248
11/20/2024 18:15,192.0355461
11/20/2024 18:30,194.5536105
11/20/2024 18:45,195.7795103
11/20/2024 19:00,194.1228889
11/20/2024 19:15,195.3819212
11/20/2024 19:30,188.2915818
11/20/2024 19:45,185.3427958
11/20/2024 20:00,187.0325496
11/20/2024 20:15,187.4301387
11/20/2024 20:30,179.9422103
11/20/2024 20:45,182.0295531
11/20/2024 21:00,178.683178
11/20/2024 21:15,174.5084923
11/20/2024 21:30,168.2464636
11/20/2024 21:45,161.1561242
11/20/2024 22:00,168.6440527
11/20/2024 22:15,157.8097491
11/20/2024 22:30,161.5537134
11/20/2024 22:45,154.463374
11/20/2024 23:00,151.5477204
11/20/2024 23:15,151.9453096
11/20/2024 23:30,154.0326525
11/20/2024 23:45,105.1954553
11/21/2024 0:00,83.92443723
11/21/2024 0:15,79.31902989
11/21/2024 0:30,86.40936924
11/21/2024 0:45,75.14434411
11/21/2024 1:00,85.15033702
11/21/2024 1:15,83.49371568
11/21/2024 1:30,83.92443723
11/21/2024 1:45,76.40337633
11/21/2024 2:00,73.88531189
11/21/2024 2:15,84.32202635
11/21/2024 2:30,75.97265478
11/21/2024 2:45,74.71362256
11/21/2024 3:00,75.57506566
11/21/2024 3:15,82.23468346
11/21/2024 3:30,75.14434411
11/21/2024 3:45,136.5055986
11/21/2024 4:00,252.5684899
11/21/2024 4:15,479.2605545
11/21/2024 4:30,456.2997827
11/21/2024 4:45,501.3930156
11/21/2024 5:00,1046.18951
11/21/2024 5:15,1292.06525
11/21/2024 5:30,1346.766887
11/21/2024 5:45,1259.098485
11/21/2024 6:00,1247.800328
11/21/2024 6:15,1214.833563
11/21/2024 6:30,1220.66487
11/21/2024 6:45,1479.495389
11/21/2024 7:00,2222.191869
11/21/2024 7:15,2473.932048
11/21/2024 7:30,2455.145962
11/21/2024 7:45,2428.408094
11/21/2024 8:00,2417.97138
11/21/2024 8:15,2579.955814
11/21/2024 8:30,2561.998039
11/21/2024 8:45,2425.061719
11/21/2024 9:00,2513.989153
11/21/2024 9:15,2568.690789
11/21/2024 9:30,2447.624902
11/21/2024 9:45,2503.154849
11/21/2024 10:00,2469.326641
11/21/2024 10:15,2336.167418
11/21/2024 10:30,2412.968383
11/21/2024 10:45,2481.419977
11/21/2024 11:00,2340.739693
11/21/2024 11:15,2309.03196
11/21/2024 11:30,2524.425867
11/21/2024 11:45,2618.787019
11/21/2024 12:00,2605.003929
11/21/2024 12:15,2598.7419
11/21/2024 12:30,2449.712244
11/21/2024 12:45,2368.703461
11/21/2024 13:00,2484.368763
11/21/2024 13:15,2483.938041
11/21/2024 13:30,2470.585673
11/21/2024 13:45,1688.6604
11/21/2024 14:00,1461.140024
11/21/2024 14:15,1500.799539
11/21/2024 14:30,1062.457532
11/21/2024 14:45,805.7143563
11/21/2024 15:00,515.5736943
11/21/2024 15:15,389.0740886
11/21/2024 15:30,320.1917731
11/21/2024 15:45,250.481147
11/21/2024 16:00,217.9119714
11/21/2024 16:15,228.3486859
11/21/2024 16:30,214.9963179
11/21/2024 16:45,219.1710037
11/21/2024 17:00,204.1288819
11/21/2024 17:15,193.2945783
11/21/2024 17:30,171.9904278
11/21/2024 17:45,152.8067527
11/21/2024 18:00,157.3790276
11/21/2024 18:15,161.1561242
11/21/2024 18:30,153.6350633
11/21/2024 18:45,156.9814384
11/21/2024 19:00,149.029656
11/21/2024 19:15,153.6350633
11/21/2024 19:30,150.2886882
11/21/2024 19:45,146.1140024
11/21/2024 20:00,142.3700382
11/21/2024 20:15,147.7706238
11/21/2024 20:30,136.5055986
11/21/2024 20:45,140.6802844
11/21/2024 21:00,128.5869486
11/21/2024 21:15,135.677288
11/21/2024 21:30,139.4212522
11/21/2024 21:45,126.8971949
11/21/2024 22:00,128.9845378
11/21/2024 22:15,128.1562271
11/21/2024 22:30,128.9845378
11/21/2024 22:45,122.7225091
11/21/2024 23:00,124.809852
11/21/2024 23:15,123.5839522
11/21/2024 23:30,123.5839522
11/21/2024 23:45,86.84009079
11/22/2024 0:00,66.36425099
11/22/2024 0:15,61.79197609
11/22/2024 0:30,61.79197609
11/22/2024 0:45,63.44859743
11/22/2024 1:00,61.79197609
11/22/2024 1:15,60.53294387
11/22/2024 1:30,66.79497254
11/22/2024 1:45,61.79197609
11/22/2024 2:00,61.79197609
11/22/2024 2:15,60.96366542
11/22/2024 2:30,63.44859743
11/22/2024 2:45,62.18956521
11/22/2024 3:00,63.05100831
11/22/2024 3:15,61.79197609
11/22/2024 3:30,62.18956521
11/22/2024 3:45,61.79197609
11/22/2024 4:00,60.96366542
11/22/2024 4:15,68.88231543
11/22/2024 4:30,73.05700122
11/22/2024 4:45,230.4360288
11/22/2024 5:00,483.8328294
11/22/2024 5:15,896.7291329
11/22/2024 5:30,856.6388964
11/22/2024 5:45,800.7113598
11/22/2024 6:00,910.9098116
11/22/2024 6:15,863.3316466
11/22/2024 6:30,731.8290444
11/22/2024 6:45,755.1874053
11/22/2024 7:00,981.8794699
11/22/2024 7:15,1992.15343
11/22/2024 7:30,2822.915901
11/22/2024 7:45,2762.813678
11/22/2024 8:00,2745.286624
11/22/2024 8:15,1579.687848
11/22/2024 8:30,1447.356935
11/22/2024 8:45,2649.666441
11/22/2024 9:00,2891.400627
11/22/2024 9:15,2875.530194
11/22/2024 9:30,2804.129815
11/22/2024 9:45,2812.909908
11/22/2024 10:00,2961.111253
11/22/2024 10:15,3142.710085
11/22/2024 10:30,3145.625738
11/22/2024 10:45,3128.926995
11/22/2024 11:00,3139.363709
11/22/2024 11:15,2978.207585
11/22/2024 11:30,3002.858111
11/22/2024 11:45,2975.722653
11/22/2024 12:00,2871.355509
11/22/2024 12:15,2699.76267
11/22/2024 12:30,2643.835133
11/22/2024 12:45,2667.193494
11/22/2024 13:00,2803.732225
11/22/2024 13:15,2876.789227
11/22/2024 13:30,2731.503535
11/22/2024 13:45,2809.994254
11/22/2024 14:00,2868.837444
11/22/2024 14:15,2128.659028
11/22/2024 14:30,1345.077133
11/22/2024 14:45,845.3738712
11/22/2024 15:00,789.8439238
11/22/2024 15:15,756.8771591
11/22/2024 15:30,611.5914673
11/22/2024 15:45,502.2213263
11/22/2024 16:00,244.2191184
11/22/2024 16:15,262.1768937
11/22/2024 16:30,242.1317755
11/22/2024 16:45,245.4781506
11/22/2024 17:00,243.7883968
11/22/2024 17:15,212.4782534
11/22/2024 17:30,238.7854004
11/22/2024 17:45,209.1650107
11/22/2024 18:00,214.1680072
11/22/2024 18:15,241.3034648
11/22/2024 18:30,212.4782534
11/22/2024 18:45,214.9963179
11/22/2024 19:00,228.3486859
11/22/2024 19:15,204.990325
11/22/2024 19:30,216.2553501
11/22/2024 19:45,202.9029821
11/22/2024 20:00,192.4662676
11/22/2024 20:15,205.3879141
11/22/2024 20:30,189.5174816
11/22/2024 20:45,190.7765138
11/22/2024 21:00,198.2975747
11/22/2024 21:15,180.7705209
11/22/2024 21:30,184.5144852
11/22/2024 21:45,193.6921674
11/22/2024 22:00,176.9934243
11/22/2024 22:15,185.3427958
11/22/2024 22:30,187.4301387
11/22/2024 22:45,172.4211494
11/22/2024 23:00,191.6048245
11/22/2024 23:15,176.9934243
11/22/2024 23:30,159.897092
11/22/2024 23:45,113.1472377
11/23/2024 0:00,102.7105233
11/23/2024 0:15,102.2798017
11/23/2024 0:30,111.0598948
11/23/2024 0:45,102.7105233
11/23/2024 1:00,98.53583747
11/23/2024 1:15,101.451491
11/23/2024 1:30,111.4574839
11/23/2024 1:45,100.1924588
11/23/2024 2:00,98.93342659
11/23/2024 2:15,116.0628913
11/23/2024 2:30,98.93342659
11/23/2024 2:45,101.0207695
11/23/2024 3:00,104.7978661
11/23/2024 3:15,107.2827982
11/23/2024 3:30,101.0207695
11/23/2024 3:45,100.1924588
11/23/2024 4:00,112.7165162
11/23/2024 4:15,99.76173726
11/23/2024 4:30,100.6231804
11/23/2024 4:45,141.9393167
11/23/2024 5:00,367.372349
11/23/2024 5:15,1790.940201
11/23/2024 5:30,2149.963179
11/23/2024 5:45,2039.764727
11/23/2024 6:00,2158.31255
11/23/2024 6:15,2174.580572
11/23/2024 6:30,2177.098636
11/23/2024 6:45,2323.64336
11/23/2024 7:00,2228.851487
11/23/2024 7:15,2608.350304
11/23/2024 7:30,2521.510213
11/23/2024 7:45,2669.280837
11/23/2024 8:00,2680.976584
11/23/2024 8:15,2560.739007
11/23/2024 8:30,2509.814467
11/23/2024 8:45,2493.944034
11/23/2024 9:00,2497.721131
11/23/2024 9:15,2470.154952
11/23/2024 9:30,2402.100947
11/23/2024 9:45,2426.751473
11/23/2024 10:00,2490.20007
11/23/2024 10:15,2467.67002
11/23/2024 10:30,2440.534562
11/23/2024 10:45,1710.792861
11/23/2024 11:00,1226.52931
11/23/2024 11:15,1226.52931
11/23/2024 11:30,968.0963803
11/23/2024 11:45,640.3835463
11/23/2024 12:00,563.5825808
11/23/2024 12:15,571.5012308
11/23/2024 12:30,595.3234458
11/23/2024 12:45,628.2902105
11/23/2024 13:00,649.5943609
11/23/2024 13:15,643.3323323
11/23/2024 13:30,592.3746598
11/23/2024 13:45,575.6759166
11/23/2024 14:00,557.3205521
11/23/2024 14:15,570.6729202
11/23/2024 14:30,536.0164017
11/23/2024 14:45,391.592153
11/23/2024 15:00,285.9659762
11/23/2024 15:15,277.6166046
11/23/2024 15:30,221.2583465
11/23/2024 15:45,202.9029821
11/23/2024 16:00,192.0355461
11/23/2024 16:15,178.683178
11/23/2024 16:30,193.2945783
11/23/2024 16:45,196.2102318
11/23/2024 17:00,184.9452067
11/23/2024 17:15,185.3427958
11/23/2024 17:30,169.0747742
11/23/2024 17:45,182.4271423
11/23/2024 18:00,166.5567098
11/23/2024 18:15,165.33081
11/23/2024 18:30,171.9904278
11/23/2024 18:45,158.6380598
11/23/2024 19:00,169.0747742
11/23/2024 19:15,171.5928387
11/23/2024 19:30,157.3790276
11/23/2024 19:45,170.7313956
11/23/2024 20:00,159.0687813
11/23/2024 20:15,159.0687813
11/23/2024 20:30,162.8127456
11/23/2024 20:45,151.9453096
11/23/2024 21:00,152.8067527
11/23/2024 21:15,151.9453096
11/23/2024 21:30,111.4574839
11/23/2024 21:45,84.7527479
11/23/2024 22:00,81.83709433
11/23/2024 22:15,83.92443723
11/23/2024 22:30,79.74975144
11/23/2024 22:45,81.83709433
11/23/2024 23:00,77.66240855
11/23/2024 23:15,86.01178012
11/23/2024 23:30,78.05999767
11/23/2024 23:45,82.66540501
11/24/2024 0:00,61.36125454
11/24/2024 0:15,68.05400476
11/24/2024 0:30,60.96366542
11/24/2024 0:45,67.62328321
11/24/2024 1:00,61.79197609
11/24/2024 1:15,67.62328321
11/24/2024 1:30,60.96366542
11/24/2024 1:45,62.62028676
11/24/2024 2:00,65.96666187
11/24/2024 2:15,61.36125454
11/24/2024 2:30,66.36425099
11/24/2024 2:45,61.79197609
11/24/2024 3:00,67.22569409
11/24/2024 3:15,60.10222232
11/24/2024 3:30,65.1383512
11/24/2024 3:45,62.18956521
11/24/2024 4:00,60.53294387
11/24/2024 4:15,68.45159388
11/24/2024 4:30,60.96366542
11/24/2024 4:45,63.87931898
11/24/2024 5:00,63.05100831
11/24/2024 5:15,62.62028676
11/24/2024 5:30,63.44859743
11/24/2024 5:45,61.79197609
11/24/2024 6:00,66.79497254
11/24/2024 6:15,59.27391165
11/24/2024 6:30,61.79197609
11/24/2024 6:45,63.44859743
11/24/2024 7:00,62.62028676
11/24/2024 7:15,65.96666187
11/24/2024 7:30,57.6172903
11/24/2024 7:45,65.96666187
11/24/2024 8:00,58.87632252
11/24/2024 8:15,65.1383512
11/24/2024 8:30,61.79197609
11/24/2024 8:45,65.96666187
11/24/2024 9:00,68.45159388
11/24/2024 9:15,65.96666187
11/24/2024 9:30,78.88830834
11/24/2024 9:45,60.10222232
11/24/2024 10:00,81.40637279
11/24/2024 10:15,81.40637279
11/24/2024 10:30,75.97265478
11/24/2024 10:45,83.06299413
11/24/2024 11:00,89.75574435
11/24/2024 11:15,85.15033702
11/24/2024 11:30,90.1864659
11/24/2024 11:45,96.01777303
11/24/2024 12:00,92.27380879
11/24/2024 12:15,103.1081124
11/24/2024 12:30,97.27680525
11/24/2024 12:45,106.4544875
11/24/2024 13:00,105.6261768
11/24/2024 13:15,103.5388339
11/24/2024 13:30,104.3671446
11/24/2024 13:45,98.10511592
11/24/2024 14:00,100.1924588
11/24/2024 14:15,106.885209
11/24/2024 14:30,104.3671446
11/24/2024 14:45,106.4544875
11/24/2024 15:00,106.0237659
11/24/2024 15:15,107.2827982
11/24/2024 15:30,105.6261768
11/24/2024 15:45,106.4544875
11/24/2024 16:00,107.2827982
11/24/2024 16:15,107.7135197
11/24/2024 16:30,101.8490802
11/24/2024 16:45,107.7135197
11/24/2024 17:00,106.0237659
11/24/2024 17:15,106.885209
11/24/2024 17:30,105.1954553
11/24/2024 17:45,107.2827982
11/24/2024 18:00,106.885209
11/24/2024 18:15,102.7105233
11/24/2024 18:30,106.885209
11/24/2024 18:45,101.451491
11/24/2024 19:00,93.93043014
11/24/2024 19:15,106.0237659
11/24/2024 19:30,86.01178012
11/24/2024 19:45,94.36115169
11/24/2024 20:00,74.31603344
11/24/2024 20:15,91.84308725
11/24/2024 20:30,75.14434411
11/24/2024 20:45,89.75574435
11/24/2024 21:00,81.40637279
11/24/2024 21:15,74.71362256
11/24/2024 21:30,83.49371568
11/24/2024 21:45,80.97565124
11/24/2024 22:00,80.97565124
11/24/2024 22:15,78.05999767
11/24/2024 22:30,79.74975144
11/24/2024 22:45,76.80096545
11/24/2024 23:00,85.15033702
11/24/2024 23:15,81.83709433
11/24/2024 23:30,71.40037987
11/24/2024 23:45,86.01178012
11/25/2024 0:00,77.66240855
11/25/2024 0:15,72.22869055
11/25/2024 0:30,81.40637279
11/25/2024 0:45,79.74975144
11/25/2024 1:00,69.31303698
11/25/2024 1:15,86.84009079
11/25/2024 1:30,65.53594032
11/25/2024 1:45,80.57806211
11/25/2024 2:00,73.88531189
11/25/2024 2:15,73.05700122
11/25/2024 2:30,70.14134765
11/25/2024 2:45,68.88231543
11/25/2024 3:00,69.31303698
11/25/2024 3:15,70.14134765
11/25/2024 3:30,69.71062611
11/25/2024 3:45,74.71362256
11/25/2024 4:00,65.53594032
11/25/2024 4:15,66.36425099
11/25/2024 4:30,74.71362256
11/25/2024 4:45,67.62328321
11/25/2024 5:00,65.1383512
11/25/2024 5:15,75.14434411
11/25/2024 5:30,64.2769081
11/25/2024 5:45,73.05700122
11/25/2024 6:00,69.31303698
11/25/2024 6:15,65.1383512
11/25/2024 6:30,77.231687
11/25/2024 6:45,59.70463319
11/25/2024 7:00,67.22569409
11/25/2024 7:15,70.53893678
11/25/2024 7:30,64.70762965
11/25/2024 7:45,78.05999767
11/25/2024 8:00,59.70463319
11/25/2024 8:15,78.05999767
11/25/2024 8:30,67.22569409
11/25/2024 8:45,76.40337633
11/25/2024 9:00,83.06299413
11/25/2024 9:15,80.14734056
11/25/2024 9:30,85.58105857
11/25/2024 9:45,82.23468346
11/25/2024 10:00,83.49371568
11/25/2024 10:15,95.18946236
11/25/2024 10:30,89.3250228
11/25/2024 10:45,95.58705148
11/25/2024 11:00,91.84308725
11/25/2024 11:15,106.0237659
11/25/2024 11:30,99.76173726
11/25/2024 11:45,108.1111088
11/25/2024 12:00,108.5418304
11/25/2024 12:15,109.8008626
11/25/2024 12:30,111.4574839
11/25/2024 12:45,115.2345806
11/25/2024 13:00,111.0598948
11/25/2024 13:15,113.5448268
11/25/2024 13:30,114.3731375
11/25/2024 13:45,112.7165162
11/25/2024 14:00,119.8068555
11/25/2024 14:15,111.8882055
11/25/2024 14:30,121.0658877
11/25/2024 14:45,120.2375771
11/25/2024 15:00,116.4604804
11/25/2024 15:15,119.4092664
11/25/2024 15:30,121.4966093
11/25/2024 15:45,117.7195126
11/25/2024 16:00,117.7195126
11/25/2024 16:15,119.4092664
11/25/2024 16:30,118.5478233
11/25/2024 16:45,116.4604804
11/25/2024 17:00,121.0658877
11/25/2024 17:15,116.4604804
11/25/2024 17:30,113.9755484
11/25/2024 17:45,120.6351662
11/25/2024 18:00,113.9755484
11/25/2024 18:15,112.2857946
11/25/2024 18:30,119.8068555
11/25/2024 18:45,113.1472377
11/25/2024 19:00,111.8882055
11/25/2024 19:15,112.7165162
11/25/2024 19:30,113.5448268
11/25/2024 19:45,108.1111088
11/25/2024 20:00,101.8490802
11/25/2024 20:15,103.5388339
11/25/2024 20:30,96.01777303
11/25/2024 20:45,98.93342659
11/25/2024 21:00,97.27680525
11/25/2024 21:15,80.57806211
11/25/2024 21:30,92.67139792
11/25/2024 21:45,85.58105857
11/25/2024 22:00,88.49671213
11/25/2024 22:15,95.58705148
11/25/2024 22:30,79.31902989
11/25/2024 22:45,96.01777303
11/25/2024 23:00,80.57806211
11/25/2024 23:15,89.3250228
11/25/2024 23:30,83.06299413
11/25/2024 23:45,93.49970859
11/26/2024 0:00,81.83709433
11/26/2024 0:15,92.67139792
11/26/2024 0:30,84.7527479
11/26/2024 0:45,90.1864659
11/26/2024 1:00,85.58105857
11/26/2024 1:15,80.57806211
11/26/2024 1:30,90.1864659
11/26/2024 1:45,75.14434411
11/26/2024 2:00,85.15033702
11/26/2024 2:15,84.7527479
11/26/2024 2:30,78.05999767
11/26/2024 2:45,83.49371568
11/26/2024 3:00,84.32202635
11/26/2024 3:15,75.97265478
11/26/2024 3:30,85.58105857
11/26/2024 3:45,79.74975144
11/26/2024 4:00,73.05700122
11/26/2024 4:15,83.92443723
11/26/2024 4:30,94.36115169
11/26/2024 4:45,104.3671446
11/26/2024 5:00,131.5026022
11/26/2024 5:15,139.8519738
11/26/2024 5:30,211.2523536
11/26/2024 5:45,398.2517708
11/26/2024 6:00,1173.517427
11/26/2024 6:15,1535.853647
11/26/2024 6:30,1523.760311
11/26/2024 6:45,1522.10369
11/26/2024 7:00,1897.394689
11/26/2024 7:15,2173.354672
11/26/2024 7:30,2134.523468
11/26/2024 7:45,2159.969172
11/26/2024 8:00,2210.065401
11/26/2024 8:15,2258.935731
11/26/2024 8:30,2440.932151
11/26/2024 8:45,2382.088961
11/26/2024 9:00,2307.772928
11/26/2024 9:15,2449.281523
11/26/2024 9:30,2382.917272
11/26/2024 9:45,2407.137076
11/26/2024 10:00,2428.010505
11/26/2024 10:15,2368.305872
11/26/2024 10:30,2368.703461
11/26/2024 10:45,2404.18829
11/26/2024 11:00,2434.670123
11/26/2024 11:15,2453.456209
11/26/2024 11:30,2494.805477
11/26/2024 11:45,2426.751473
11/26/2024 12:00,2312.775924
11/26/2024 12:15,2243.462887
11/26/2024 12:30,2210.496123
11/26/2024 12:45,2183.360665
11/26/2024 13:00,2202.146751
11/26/2024 13:15,2433.013501
11/26/2024 13:30,2351.176407
11/26/2024 13:45,2213.014187
11/26/2024 14:00,1539.200022
11/26/2024 14:15,1452.359931
11/26/2024 14:30,1031.147389
11/26/2024 14:45,695.5159046
11/26/2024 15:00,705.0911759
11/26/2024 15:15,677.9557183
11/26/2024 15:30,647.9046072
11/26/2024 15:45,635.3805498
11/26/2024 16:00,634.1215176
11/26/2024 16:15,443.3450038
11/26/2024 16:30,326.4538018
11/26/2024 16:45,323.9688698
11/26/2024 17:00,328.9718663
11/26/2024 17:15,332.3182414
11/26/2024 17:30,318.5351518
11/26/2024 17:45,297.6617229
11/26/2024 18:00,293.8846262
11/26/2024 18:15,298.9207551
11/26/2024 18:30,302.2339978
11/26/2024 18:45,298.059312
11/26/2024 19:00,294.7460693
11/26/2024 19:15,299.7490658
11/26/2024 19:30,294.7460693
11/26/2024 19:45,292.6587264
11/26/2024 20:00,296.4026907
11/26/2024 20:15,293.8846262
11/26/2024 20:30,293.4870371
11/26/2024 20:45,296.4026907
11/26/2024 21:00,293.0563155
11/26/2024 21:15,294.3153478
11/26/2024 21:30,296.4026907
11/26/2024 21:45,291.3996942
11/26/2024 22:00,293.4870371
11/26/2024 22:15,292.6587264
11/26/2024 22:30,290.140662
11/26/2024 22:45,293.0563155
11/26/2024 23:00,292.2280049
11/26/2024 23:15,290.5713835
11/26/2024 23:30,297.2310013
11/26/2024 23:45,255.4841435
11/27/2024 0:00,217.5143823
11/27/2024 0:15,215.4270394
11/27/2024 0:30,214.9963179
11/27/2024 0:45,215.4270394
11/27/2024 1:00,215.4270394
11/27/2024 1:15,217.0836608
11/27/2024 1:30,212.908975
11/27/2024 1:45,214.1680072
11/27/2024 2:00,213.7372856
11/27/2024 2:15,213.7372856
11/27/2024 2:30,212.4782534
11/27/2024 2:45,214.9963179
11/27/2024 3:00,208.7342892
11/27/2024 3:15,214.5655963
11/27/2024 3:30,209.9933214
11/27/2024 3:45,212.908975
11/27/2024 4:00,211.2523536
11/27/2024 4:15,281.3605689
11/27/2024 4:30,493.8719547
11/27/2024 4:45,1406.869109
11/27/2024 5:00,1700.356146
11/27/2024 5:15,1600.163687
11/27/2024 5:30,1542.115676
11/27/2024 5:45,1517.498282
11/27/2024 6:00,1527.934997
11/27/2024 6:15,1704.530832
11/27/2024 6:30,1870.689953
11/27/2024 6:45,2015.544923
11/27/2024 7:00,2010.541926
11/27/2024 7:15,2029.725602
11/27/2024 7:30,2061.035745
11/27/2024 7:45,2195.884722
11/27/2024 8:00,1998.415458
11/27/2024 8:15,2125.743375
11/27/2024 8:30,2157.053518
11/27/2024 8:45,2078.16521
11/27/2024 9:00,2074.388113
11/27/2024 9:15,2251.812259
11/27/2024 9:30,2198.800376
11/27/2024 9:45,2131.177093
11/27/2024 10:00,2018.891298
11/27/2024 10:15,2076.906177
11/27/2024 10:30,2172.09564
11/27/2024 10:45,2383.745583
11/27/2024 11:00,2327.818046
11/27/2024 11:15,2258.935731
11/27/2024 11:30,2332.390321
11/27/2024 11:45,2358.697468
11/27/2024 12:00,2165.833611
11/27/2024 12:15,2145.357771
11/27/2024 12:30,2172.923951
11/27/2024 12:45,2329.474667
11/27/2024 13:00,2354.522782
11/27/2024 13:15,2264.767038
11/27/2024 13:30,2451.799587
11/27/2024 13:45,1635.648517
11/27/2024 14:00,1110.89714
11/27/2024 14:15,932.213962
11/27/2024 14:30,787.7565809
11/27/2024 14:45,846.2021819
11/27/2024 15:00,859.5545499
11/27/2024 15:15,771.4885593
11/27/2024 15:30,698.8291472
11/27/2024 15:45,399.9415246
11/27/2024 16:00,361.938631
11/27/2024 16:15,362.3693525
11/27/2024 16:30,355.6766023
11/27/2024 16:45,344.4115772
11/27/2024 17:00,299.7490658
11/27/2024 17:15,275.0985402
11/27/2024 17:30,277.6166046
11/27/2024 17:45,281.3605689
11/27/2024 18:00,270.0955437
11/27/2024 18:15,272.1828866
11/27/2024 18:30,282.222012
11/27/2024 18:45,264.2642366
11/27/2024 19:00,271.7852975
11/27/2024 19:15,278.0473262
11/27/2024 19:30,267.1798902
11/27/2024 19:45,271.7852975
11/27/2024 20:00,280.9629797
11/27/2024 20:15,265.0925473
11/27/2024 20:30,269.6979546
11/27/2024 20:45,277.6166046
11/27/2024 21:00,274.7009511
11/27/2024 21:15,264.6618257
11/27/2024 21:30,264.6618257
11/27/2024 21:45,273.8726404
11/27/2024 22:00,256.7431757
11/27/2024 22:15,258.8305186
11/27/2024 22:30,268.0082008
11/27/2024 22:45,245.047429
11/27/2024 23:00,240.4751541
11/27/2024 23:15,246.7371828
11/27/2024 23:30,258.8305186
11/27/2024 23:45,233.3516823
11/28/2024 0:00,240.4751541
11/28/2024 0:15,170.7313956
11/28/2024 0:30,198.2975747
11/28/2024 0:45,171.5928387
11/28/2024 1:00,179.5114887
11/28/2024 1:15,188.2915818
11/28/2024 1:30,177.4241458
11/28/2024 1:45,176.5958351
11/28/2024 2:00,183.6861745
11/28/2024 2:15,178.2524565
11/28/2024 2:30,186.2042389
11/28/2024 2:45,165.7283991
11/28/2024 3:00,184.116896
11/28/2024 3:15,181.5988316
11/28/2024 3:30,169.5054958
11/28/2024 3:45,170.7313956
11/28/2024 4:00,166.9874314
11/28/2024 4:15,185.3427958
11/28/2024 4:30,217.5143823
11/28/2024 4:45,247.5654935
11/28/2024 5:00,262.1768937
11/28/2024 5:15,268.0082008
11/28/2024 5:30,265.9208579
11/28/2024 5:45,251.3094577
11/28/2024 6:00,271.7852975
11/28/2024 6:15,282.6196011
11/28/2024 6:30,271.354576
11/28/2024 6:45,419.1251997
11/28/2024 7:00,672.1244112
11/28/2024 7:15,711.7839261
11/28/2024 7:30,827.8468174
11/28/2024 7:45,836.196189
11/28/2024 8:00,841.629907
11/28/2024 8:15,836.196189
11/28/2024 8:30,842.8558068
11/28/2024 8:45,856.6388964
11/28/2024 9:00,844.5455606
11/28/2024 9:15,739.7476944
11/28/2024 9:30,614.5071209
11/28/2024 9:45,698.4315581
11/28/2024 10:00,729.31098
11/28/2024 10:15,796.536674
11/28/2024 10:30,806.542667
11/28/2024 10:45,816.1510707
11/28/2024 11:00,818.2384136
11/28/2024 11:15,821.9823779
11/28/2024 11:30,826.1570637
11/28/2024 11:45,716.3893335
11/28/2024 12:00,586.9740742
11/28/2024 12:15,588.6306955
11/28/2024 12:30,976.0481628
11/28/2024 12:45,1176.002359
11/28/2024 13:00,1197.704098
11/28/2024 13:15,1124.249508
11/28/2024 13:30,971.4427554
11/28/2024 13:45,1064.975596
11/28/2024 14:00,1043.240724
11/28/2024 14:15,1129.683226
11/28/2024 14:30,918.0001509
11/28/2024 14:45,842.4582177
11/28/2024 15:00,704.2628653
11/28/2024 15:15,665.0340719
11/28/2024 15:30,516.0044159
11/28/2024 15:45,316.0170874
11/28/2024 16:00,271.354576
11/28/2024 16:15,223.776411
11/28/2024 16:30,239.613711
11/28/2024 16:45,226.6920645
11/28/2024 17:00,217.5143823
11/28/2024 17:15,219.1710037
11/28/2024 17:30,220.827625
11/28/2024 17:45,214.1680072
11/28/2024 18:00,217.5143823
11/28/2024 18:15,217.0836608
11/28/2024 18:30,214.1680072
11/28/2024 18:45,215.8246285
11/28/2024 19:00,214.9963179
11/28/2024 19:15,214.9963179
11/28/2024 19:30,216.2553501
11/28/2024 19:45,211.6499428
11/28/2024 20:00,214.9963179
11/28/2024 20:15,210.3909105
11/28/2024 20:30,210.8216321
11/28/2024 20:45,211.2523536
11/28/2024 21:00,209.5625999
11/28/2024 21:15,211.6499428
11/28/2024 21:30,197.8668532
11/28/2024 21:45,201.2132283
11/28/2024 22:00,202.041539
11/28/2024 22:15,196.2102318
11/28/2024 22:30,202.4722605
11/28/2024 22:45,192.0355461
11/28/2024 23:00,199.556607
11/28/2024 23:15,191.6048245
11/28/2024 23:30,186.6018281
11/28/2024 23:45,121.8941984
11/29/2024 0:00,132.3309129
11/29/2024 0:15,110.1984517
11/29/2024 0:30,113.1472377
11/29/2024 0:45,115.2345806
11/29/2024 1:00,106.4544875
11/29/2024 1:15,109.8008626
11/29/2024 1:30,103.5388339
11/29/2024 1:45,105.1954553
11/29/2024 2:00,109.8008626
11/29/2024 2:15,101.8490802
11/29/2024 2:30,108.5418304
11/29/2024 2:45,107.7135197
11/29/2024 3:00,102.2798017
11/29/2024 3:15,108.9725519
11/29/2024 3:30,108.1111088
11/29/2024 3:45,99.36414814
11/29/2024 4:00,112.2857946
11/29/2024 4:15,104.7978661
11/29/2024 4:30,103.936423
11/29/2024 4:45,161.1561242
11/29/2024 5:00,374.8934099
11/29/2024 5:15,1193.960134
11/29/2024 5:30,1788.852858
11/29/2024 5:45,1797.632952
11/29/2024 6:00,857.467207
11/29/2024 6:15,729.7417015
11/29/2024 6:30,725.1362942
11/29/2024 6:45,733.4856657
11/29/2024 7:00,918.861594
11/29/2024 7:15,2062.294777
11/29/2024 7:30,2406.275633
11/29/2024 7:45,2331.56201
11/29/2024 8:00,2331.56201
11/29/2024 8:15,2296.077181
11/29/2024 8:30,2303.598242
11/29/2024 8:45,2330.302978
11/29/2024 9:00,2302.33921
11/29/2024 9:15,2315.691578
11/29/2024 9:30,2295.24887
11/29/2024 9:45,2129.08975
11/29/2024 10:00,1972.969754
11/29/2024 10:15,2035.590041
11/29/2024 10:30,1749.193343
11/29/2024 10:45,2048.114099
11/29/2024 11:00,2026.809948
11/29/2024 11:15,2050.599031
11/29/2024 11:30,1976.713719
11/29/2024 11:45,1977.542029
11/29/2024 12:00,2028.466569
11/29/2024 12:15,1894.048314
11/29/2024 12:30,2227.194866
11/29/2024 12:45,2344.086068
11/29/2024 13:00,2310.25786
11/29/2024 13:15,2271.459788
11/29/2024 13:30,2248.068295
11/29/2024 13:45,2320.694574
11/29/2024 14:00,2428.838816
11/29/2024 14:15,1621.865427
11/29/2024 14:30,1107.120043
11/29/2024 14:45,1072.894246
11/29/2024 15:00,994.0059381
11/29/2024 15:15,781.9252738
11/29/2024 15:30,635.3805498
11/29/2024 15:45,360.6795988
11/29/2024 16:00,338.58027
11/29/2024 16:15,310.5833693
11/29/2024 16:30,260.0895508
11/29/2024 16:45,258.3997971
11/29/2024 17:00,259.2612401
11/29/2024 17:15,260.4871399
11/29/2024 17:30,281.7912904
11/29/2024 17:45,281.7912904
11/29/2024 18:00,283.4479118
11/29/2024 18:15,279.273226
11/29/2024 18:30,281.7912904
11/29/2024 18:45,282.222012
11/29/2024 19:00,279.273226
11/29/2024 19:15,267.1798902
11/29/2024 19:30,261.7461722
11/29/2024 19:45,257.5714864
11/29/2024 20:00,258.3997971
11/29/2024 20:15,259.2612401
11/29/2024 20:30,226.6920645
11/29/2024 20:45,228.7794074
11/29/2024 21:00,222.0866572
11/29/2024 21:15,213.3396965
11/29/2024 21:30,209.5625999
11/29/2024 21:45,204.990325
11/29/2024 22:00,202.4722605
11/29/2024 22:15,205.8186356
11/29/2024 22:30,213.7372856
11/29/2024 22:45,211.2523536
11/29/2024 23:00,200.8156392
11/29/2024 23:15,202.4722605
11/29/2024 23:30,200.8156392
11/29/2024 23:45,205.3879141
11/30/2024 0:00,188.2915818
11/30/2024 0:15,139.4212522
11/30/2024 0:30,135.2465664
11/30/2024 0:45,131.5026022
11/30/2024 1:00,139.4212522
11/30/2024 1:15,137.7646309
11/30/2024 1:30,131.9333237
11/30/2024 1:45,128.9845378
11/30/2024 2:00,132.3309129
11/30/2024 2:15,134.0206666
11/30/2024 2:30,128.5869486
11/30/2024 2:45,180.3397994
11/30/2024 3:00,225.8637539
11/30/2024 3:15,231.2643395
11/30/2024 3:30,242.9600861
11/30/2024 3:45,237.5263681
11/30/2024 4:00,235.0414361
11/30/2024 4:15,247.1347719
11/30/2024 4:30,261.7461722
11/30/2024 4:45,272.1828866
11/30/2024 5:00,266.3515795
11/30/2024 5:15,277.6166046
11/30/2024 5:30,579.8506024
11/30/2024 5:45,699.2598688
11/30/2024 6:00,620.3715605
11/30/2024 6:15,794.0186096
11/30/2024 6:30,967.6987912
11/30/2024 6:45,958.0903874
11/30/2024 7:00,1523.32959
11/30/2024 7:15,2247.637573
11/30/2024 7:30,2264.336316
11/30/2024 7:45,2240.149645
11/30/2024 8:00,2123.656032
11/30/2024 8:15,2274.375442
11/30/2024 8:30,2228.453898
11/30/2024 8:45,2276.860374
11/30/2024 9:00,2256.417666
11/30/2024 9:15,2223.848491
11/30/2024 9:30,2189.622694
11/30/2024 9:45,2183.360665
11/30/2024 10:00,2196.315444
11/30/2024 10:15,2213.411776
11/30/2024 10:30,2203.405783
11/30/2024 10:45,2233.456894
11/30/2024 11:00,1254.493078
11/30/2024 11:15,1242.797331
11/30/2024 11:30,1142.207283
11/30/2024 11:45,1100.460426
11/30/2024 12:00,1195.219166
11/30/2024 12:15,1100.029704
11/30/2024 12:30,1024.88536
11/30/2024 12:45,988.1414986
11/30/2024 13:00,1001.924588
11/30/2024 13:15,1054.538882
11/30/2024 13:30,1077.068932
11/30/2024 13:45,977.307195
11/30/2024 14:00,888.7773504
11/30/2024 14:15,810.3197636
11/30/2024 14:30,667.9497254
11/30/2024 14:45,662.1184183
11/30/2024 15:00,714.3019906
11/30/2024 15:15,652.079293
11/30/2024 15:30,372.3753454
11/30/2024 15:45,175.7675245
11/30/2024 16:00,94.75874081
11/30/2024 16:15,94.75874081
11/30/2024 16:30,96.44849458
11/30/2024 16:45,90.58405502
11/30/2024 17:00,98.93342659
11/30/2024 17:15,86.84009079
11/30/2024 17:30,96.8460837
11/30/2024 17:45,85.15033702
11/30/2024 18:00,77.66240855
11/30/2024 18:15,94.75874081
11/30/2024 18:30,75.97265478
11/30/2024 18:45,74.31603344
11/30/2024 19:00,86.40936924
11/30/2024 19:15,70.96965833
11/30/2024 19:30,69.71062611
11/30/2024 19:45,64.70762965
11/30/2024 20:00,75.97265478
11/30/2024 20:15,68.05400476
11/30/2024 20:30,63.44859743
11/30/2024 20:45,64.70762965
11/30/2024 21:00,77.66240855
11/30/2024 21:15,59.70463319
11/30/2024 21:30,63.87931898
11/30/2024 21:45,64.70762965
11/30/2024 22:00,58.01487943
11/30/2024 22:15,65.1383512
11/30/2024 22:30,58.01487943
11/30/2024 22:45,62.62028676
11/30/2024 23:00,56.78897963
11/30/2024 23:15,63.87931898
11/30/2024 23:30,56.78897963
11/30/2024 23:45,61.36125454
12/1/2024 0:00,55.92753653
12/1/2024 0:15,57.18656875
12/1/2024 0:30,62.18956521
12/1/2024 0:45,56.78897963
12/1/2024 1:00,58.01487943
12/1/2024 1:15,61.79197609
12/1/2024 1:30,56.78897963
12/1/2024 1:45,56.35825808
12/1/2024 2:00,61.79197609
12/1/2024 2:15,58.01487943
12/1/2024 2:30,58.01487943
12/1/2024 2:45,61.36125454
12/1/2024 3:00,56.35825808
12/1/2024 3:15,56.35825808
12/1/2024 3:30,56.35825808
12/1/2024 3:45,62.18956521
12/1/2024 4:00,55.92753653
12/1/2024 4:15,56.35825808
12/1/2024 4:30,58.87632252
12/1/2024 4:45,63.44859743
12/1/2024 5:00,56.35825808
12/1/2024 5:15,56.35825808
12/1/2024 5:30,60.10222232
12/1/2024 5:45,55.52994741
12/1/2024 6:00,56.35825808
12/1/2024 6:15,56.35825808
12/1/2024 6:30,58.01487943
12/1/2024 6:45,55.09922586
12/1/2024 7:00,54.70163674
12/1/2024 7:15,53.84019364
12/1/2024 7:30,59.27391165
12/1/2024 7:45,53.01188297
12/1/2024 8:00,53.44260452
12/1/2024 8:15,59.27391165
12/1/2024 8:30,53.84019364
12/1/2024 8:45,60.53294387
12/1/2024 9:00,55.52994741
12/1/2024 9:15,60.53294387
12/1/2024 9:30,57.18656875
12/1/2024 9:45,74.31603344
12/1/2024 10:00,55.52994741
12/1/2024 10:15,71.797969
12/1/2024 10:30,65.53594032
12/1/2024 10:45,68.05400476
12/1/2024 11:00,75.97265478
12/1/2024 11:15,75.57506566
12/1/2024 11:30,70.96965833
12/1/2024 11:45,88.92743368
12/1/2024 12:00,69.31303698
12/1/2024 12:15,91.01477657
12/1/2024 12:30,75.97265478
12/1/2024 12:45,83.49371568
12/1/2024 13:00,93.93043014
12/1/2024 13:15,80.14734056
12/1/2024 13:30,92.27380879
12/1/2024 13:45,88.49671213
12/1/2024 14:00,82.23468346
12/1/2024 14:15,94.36115169
12/1/2024 14:30,81.83709433
12/1/2024 14:45,87.23767991
12/1/2024 15:00,88.09912301
12/1/2024 15:15,85.58105857
12/1/2024 15:30,91.01477657
12/1/2024 15:45,79.31902989
12/1/2024 16:00,90.58405502
12/1/2024 16:15,79.31902989
12/1/2024 16:30,91.01477657
12/1/2024 16:45,77.231687
12/1/2024 17:00,92.67139792
12/1/2024 17:15,76.80096545
12/1/2024 17:30,88.49671213
12/1/2024 17:45,73.88531189
12/1/2024 18:00,78.88830834
12/1/2024 18:15,73.88531189
12/1/2024 18:30,82.66540501
12/1/2024 18:45,59.27391165
12/1/2024 19:00,74.31603344
12/1/2024 19:15,72.62627967
12/1/2024 19:30,60.53294387
12/1/2024 19:45,77.66240855
12/1/2024 20:00,60.10222232
12/1/2024 20:15,73.48772277
12/1/2024 20:30,65.53594032
12/1/2024 20:45,67.22569409
12/1/2024 21:00,69.31303698
12/1/2024 21:15,65.53594032
12/1/2024 21:30,60.10222232
12/1/2024 21:45,66.79497254
12/1/2024 22:00,66.36425099
12/1/2024 22:15,55.92753653
12/1/2024 22:30,58.44560097
12/1/2024 22:45,72.22869055
12/1/2024 23:00,57.6172903
12/1/2024 23:15,62.62028676
12/1/2024 23:30,58.87632252
12/1/2024 23:45,64.2769081
12/2/2024 0:00,62.62028676
12/2/2024 0:15,58.01487943
12/2/2024 0:30,59.27391165
12/2/2024 0:45,66.36425099
12/2/2024 1:00,58.01487943
12/2/2024 1:15,61.79197609
12/2/2024 1:30,57.6172903
12/2/2024 1:45,61.79197609
12/2/2024 2:00,64.70762965
12/2/2024 2:15,58.01487943
12/2/2024 2:30,63.44859743
12/2/2024 2:45,55.92753653
12/2/2024 3:00,57.6172903
12/2/2024 3:15,60.53294387
12/2/2024 3:30,56.78897963
12/2/2024 3:45,57.6172903
12/2/2024 4:00,59.70463319
12/2/2024 4:15,56.35825808
12/2/2024 4:30,55.52994741
12/2/2024 4:45,56.78897963
12/2/2024 5:00,56.35825808
12/2/2024 5:15,57.6172903
12/2/2024 5:30,65.96666187
12/2/2024 5:45,56.35825808
12/2/2024 6:00,55.52994741
12/2/2024 6:15,57.6172903
12/2/2024 6:30,60.96366542
12/2/2024 6:45,55.52994741
12/2/2024 7:00,53.44260452
12/2/2024 7:15,54.27091519
12/2/2024 7:30,54.70163674
12/2/2024 7:45,53.84019364
12/2/2024 8:00,56.35825808
12/2/2024 8:15,54.27091519
12/2/2024 8:30,53.01188297
12/2/2024 8:45,53.84019364
12/2/2024 9:00,54.70163674
12/2/2024 9:15,55.52994741
12/2/2024 9:30,53.84019364
12/2/2024 9:45,54.70163674
12/2/2024 10:00,57.6172903
12/2/2024 10:15,65.96666187
12/2/2024 10:30,54.27091519
12/2/2024 10:45,63.87931898
12/2/2024 11:00,64.2769081
12/2/2024 11:15,58.87632252
12/2/2024 11:30,69.71062611
12/2/2024 11:45,59.70463319
12/2/2024 12:00,60.53294387
12/2/2024 12:15,77.231687
12/2/2024 12:30,55.09922586
12/2/2024 12:45,76.80096545
12/2/2024 13:00,66.36425099
12/2/2024 13:15,65.1383512
12/2/2024 13:30,66.36425099
12/2/2024 13:45,68.45159388
12/2/2024 14:00,66.79497254
12/2/2024 14:15,67.22569409
12/2/2024 14:30,70.14134765
12/2/2024 14:45,63.05100831
12/2/2024 15:00,69.71062611
12/2/2024 15:15,65.1383512
12/2/2024 15:30,67.22569409
12/2/2024 15:45,69.71062611
12/2/2024 16:00,62.18956521
12/2/2024 16:15,66.79497254
12/2/2024 16:30,68.05400476
12/2/2024 16:45,63.05100831
12/2/2024 17:00,64.70762965
12/2/2024 17:15,63.44859743
12/2/2024 17:30,65.53594032
12/2/2024 17:45,55.52994741
12/2/2024 18:00,62.18956521
12/2/2024 18:15,65.96666187
12/2/2024 18:30,63.87931898
12/2/2024 18:45,56.35825808
12/2/2024 19:00,61.36125454
12/2/2024 19:15,63.05100831
12/2/2024 19:30,60.96366542
12/2/2024 19:45,61.36125454
12/2/2024 20:00,57.6172903
12/2/2024 20:15,56.35825808
12/2/2024 20:30,58.01487943
12/2/2024 20:45,55.52994741
12/2/2024 21:00,58.01487943
12/2/2024 21:15,56.78897963
12/2/2024 21:30,56.35825808
12/2/2024 21:45,54.70163674
12/2/2024 22:00,56.78897963
12/2/2024 22:15,55.92753653
12/2/2024 22:30,56.78897963
12/2/2024 22:45,55.09922586
12/2/2024 23:00,55.92753653
12/2/2024 23:15,55.92753653
12/2/2024 23:30,56.35825808
12/2/2024 23:45,56.35825808
12/3/2024 0:00,56.35825808
12/3/2024 0:15,55.92753653
12/3/2024 0:30,56.35825808
12/3/2024 0:45,56.35825808
12/3/2024 1:00,55.52994741
12/3/2024 1:15,54.70163674
12/3/2024 1:30,58.01487943
12/3/2024 1:45,56.78897963
12/3/2024 2:00,55.52994741
12/3/2024 2:15,55.92753653
12/3/2024 2:30,56.35825808
12/3/2024 2:45,56.35825808
12/3/2024 3:00,55.09922586
12/3/2024 3:15,57.6172903
12/3/2024 3:30,55.09922586
12/3/2024 3:45,55.92753653
12/3/2024 4:00,55.92753653
12/3/2024 4:15,55.52994741
12/3/2024 4:30,56.78897963
12/3/2024 4:45,54.70163674
12/3/2024 5:00,55.52994741
12/3/2024 5:15,55.92753653
12/3/2024 5:30,55.09922586
12/3/2024 5:45,55.52994741
12/3/2024 6:00,61.79197609
12/3/2024 6:15,55.09922586
12/3/2024 6:30,54.70163674
12/3/2024 6:45,55.09922586
12/3/2024 7:00,53.84019364
12/3/2024 7:15,53.44260452
12/3/2024 7:30,54.27091519
12/3/2024 7:45,54.27091519
12/3/2024 8:00,54.27091519
12/3/2024 8:15,53.84019364
12/3/2024 8:30,65.1383512
12/3/2024 8:45,53.44260452
12/3/2024 9:00,54.27091519
12/3/2024 9:15,53.44260452
12/3/2024 9:30,52.61429385
12/3/2024 9:45,53.44260452
12/3/2024 10:00,53.44260452
12/3/2024 10:15,53.84019364
12/3/2024 10:30,54.27091519
12/3/2024 10:45,54.70163674
12/3/2024 11:00,54.70163674
12/3/2024 11:15,63.44859743
12/3/2024 11:30,58.01487943
12/3/2024 11:45,62.18956521
12/3/2024 12:00,65.96666187
12/3/2024 12:15,62.18956521
12/3/2024 12:30,68.88231543
12/3/2024 12:45,67.22569409
12/3/2024 13:00,64.70762965
12/3/2024 13:15,70.53893678
12/3/2024 13:30,76.40337633
12/3/2024 13:45,60.10222232
12/3/2024 14:00,80.14734056
12/3/2024 14:15,67.22569409
12/3/2024 14:30,65.1383512
12/3/2024 14:45,75.57506566
12/3/2024 15:00,65.1383512
12/3/2024 15:15,73.88531189
12/3/2024 15:30,71.797969
12/3/2024 15:45,67.22569409
12/3/2024 16:00,68.45159388
12/3/2024 16:15,70.14134765
12/3/2024 16:30,73.05700122
12/3/2024 16:45,65.1383512
12/3/2024 17:00,69.31303698
12/3/2024 17:15,65.53594032
12/3/2024 17:30,68.05400476
12/3/2024 17:45,59.70463319
12/3/2024 18:00,61.79197609
12/3/2024 18:15,75.14434411
12/3/2024 18:30,55.52994741
12/3/2024 18:45,62.62028676
12/3/2024 19:00,56.35825808
12/3/2024 19:15,62.18956521
12/3/2024 19:30,61.79197609
12/3/2024 19:45,55.09922586
12/3/2024 20:00,55.92753653
12/3/2024 20:15,55.92753653
12/3/2024 20:30,54.27091519
12/3/2024 20:45,57.6172903
12/3/2024 21:00,56.35825808
12/3/2024 21:15,56.35825808
12/3/2024 21:30,55.92753653
12/3/2024 21:45,56.78897963
12/3/2024 22:00,55.92753653
12/3/2024 22:15,56.35825808
12/3/2024 22:30,55.52994741
12/3/2024 22:45,56.35825808
12/3/2024 23:00,54.70163674
12/3/2024 23:15,55.52994741
12/3/2024 23:30,55.92753653
12/3/2024 23:45,55.92753653
12/4/2024 0:00,56.35825808
12/4/2024 0:15,55.09922586
12/4/2024 0:30,55.92753653
12/4/2024 0:45,57.18656875
12/4/2024 1:00,55.52994741
12/4/2024 1:15,55.52994741
12/4/2024 1:30,55.52994741
12/4/2024 1:45,57.6172903
12/4/2024 2:00,55.52994741
12/4/2024 2:15,55.52994741
12/4/2024 2:30,56.35825808
12/4/2024 2:45,55.92753653
12/4/2024 3:00,56.78897963
12/4/2024 3:15,55.92753653
12/4/2024 3:30,55.09922586
12/4/2024 3:45,56.35825808
12/4/2024 4:00,55.52994741
12/4/2024 4:15,61.79197609
12/4/2024 4:30,76.40337633
12/4/2024 4:45,180.7705209
12/4/2024 5:00,174.9060814
12/4/2024 5:15,168.6440527
12/4/2024 5:30,291.7972833
12/4/2024 5:45,1644.395477
12/4/2024 6:00,2051.427341
12/4/2024 6:15,2034.728598
12/4/2024 6:30,2057.291781
12/4/2024 6:45,2346.173411
12/4/2024 7:00,2382.088961
12/4/2024 7:15,2369.134182
12/4/2024 7:30,2305.685585
12/4/2024 7:45,2349.089064
12/4/2024 8:00,2444.278526
12/4/2024 8:15,2483.938041
12/4/2024 8:30,2412.968383
12/4/2024 8:45,2370.790804
12/4/2024 9:00,2347.830032
12/4/2024 9:15,2336.167418
12/4/2024 9:30,2336.995728
12/4/2024 9:45,2514.817463
12/4/2024 10:00,2560.739007
12/4/2024 10:15,2588.735908
12/4/2024 10:30,2738.163153
12/4/2024 10:45,2737.334842
12/4/2024 11:00,2675.145277
12/4/2024 11:15,2524.028278
12/4/2024 11:30,2480.591666
12/4/2024 11:45,2451.799587
12/4/2024 12:00,2398.356983
12/4/2024 12:15,2303.598242
12/4/2024 12:30,2363.700464
12/4/2024 12:45,2547.386639
12/4/2024 13:00,2589.133497
12/4/2024 13:15,2553.648668
12/4/2024 13:30,2577.040161
12/4/2024 13:45,2481.419977
12/4/2024 14:00,1860.650827
12/4/2024 14:15,1214.402842
12/4/2024 14:30,961.4367625
12/4/2024 14:45,684.217747
12/4/2024 15:00,699.6905903
12/4/2024 15:15,712.6122368
12/4/2024 15:30,551.8868341
12/4/2024 15:45,443.7757253
12/4/2024 16:00,275.0985402
12/4/2024 16:15,252.5684899
12/4/2024 16:30,248.8245257
12/4/2024 16:45,220.827625
12/4/2024 17:00,219.6017252
12/4/2024 17:15,221.2583465
12/4/2024 17:30,222.0866572
12/4/2024 17:45,216.2553501
12/4/2024 18:00,221.6890681
12/4/2024 18:15,216.6529392
12/4/2024 18:30,218.7402821
12/4/2024 18:45,214.9963179
12/4/2024 19:00,213.3396965
12/4/2024 19:15,207.475257
12/4/2024 19:30,209.9933214
12/4/2024 19:45,209.5625999
12/4/2024 20:00,207.0776679
12/4/2024 20:15,208.3035676
12/4/2024 20:30,210.8216321
12/4/2024 20:45,222.5173788
12/4/2024 21:00,214.1680072
12/4/2024 21:15,195.7795103
12/4/2024 21:30,199.9541961
12/4/2024 21:45,182.4271423
12/4/2024 22:00,185.7735174
12/4/2024 22:15,180.7705209
12/4/2024 22:30,179.0807672
12/4/2024 22:45,154.0326525
12/4/2024 23:00,140.6802844
12/4/2024 23:15,132.3309129
12/4/2024 23:30,127.758638
12/4/2024 23:45,128.5869486
12/5/2024 0:00,129.8459808
12/5/2024 0:15,79.74975144
12/5/2024 0:30,64.70762965
12/5/2024 0:45,59.70463319
12/5/2024 1:00,55.09922586
12/5/2024 1:15,59.27391165
12/5/2024 1:30,56.78897963
12/5/2024 1:45,57.6172903
12/5/2024 2:00,53.01188297
12/5/2024 2:15,59.27391165
12/5/2024 2:30,55.52994741
12/5/2024 2:45,53.84019364
12/5/2024 3:00,58.01487943
12/5/2024 3:15,54.27091519
12/5/2024 3:30,53.01188297
12/5/2024 3:45,58.01487943
12/5/2024 4:00,60.53294387
12/5/2024 4:15,61.36125454
12/5/2024 4:30,113.1472377
12/5/2024 4:45,263.8335151
12/5/2024 5:00,1145.520526
12/5/2024 5:15,1495.365821
12/5/2024 5:30,1478.667078
12/5/2024 5:45,1686.142335
12/5/2024 6:00,1793.458266
12/5/2024 6:15,1835.602713
12/5/2024 6:30,2054.773716
12/5/2024 6:45,2308.601238
12/5/2024 7:00,2307.342206
12/5/2024 7:15,2347.432443
12/5/2024 7:30,1876.090538
12/5/2024 7:45,1359.290944
12/5/2024 8:00,2427.149062
12/5/2024 8:15,2483.938041
12/5/2024 8:30,2466.410988
12/5/2024 8:45,2686.410302
12/5/2024 9:00,2772.422082
12/5/2024 9:15,2781.997353
12/5/2024 9:30,2736.506531
12/5/2024 9:45,2799.126818
12/5/2024 10:00,2781.169043
12/5/2024 10:15,2704.765666
12/5/2024 10:30,2710.199384
12/5/2024 10:45,2674.316966
12/5/2024 11:00,2596.654558
12/5/2024 11:15,2589.961807
12/5/2024 11:30,2591.22084
12/5/2024 11:45,2606.262961
12/5/2024 12:00,2534.034271
12/5/2024 12:15,2539.467989
12/5/2024 12:30,2586.217843
12/5/2024 12:45,2638.401415
12/5/2024 13:00,2603.744897
12/5/2024 13:15,2615.871365
12/5/2024 13:30,2631.708665
12/5/2024 13:45,2612.094268
12/5/2024 14:00,2609.178615
12/5/2024 14:15,1337.556072
12/5/2024 14:30,1084.987582
12/5/2024 14:45,730.1392906
12/5/2024 15:00,706.3502081
12/5/2024 15:15,657.9437325
12/5/2024 15:30,641.6425785
12/5/2024 15:45,450.037754
12/5/2024 16:00,267.6106117
12/5/2024 16:15,276.788294
12/5/2024 16:30,263.4359259
12/5/2024 16:45,263.8335151
12/5/2024 17:00,266.3515795
12/5/2024 17:15,268.8365115
12/5/2024 17:30,262.1768937
12/5/2024 17:45,265.0925473
12/5/2024 18:00,281.7912904
12/5/2024 18:15,256.7431757
12/5/2024 18:30,258.3997971
12/5/2024 18:45,253.8275221
12/5/2024 19:00,258.8305186
12/5/2024 19:15,245.8757397
12/5/2024 19:30,248.3938041
12/5/2024 19:45,247.5654935
12/5/2024 20:00,241.7010539
12/5/2024 20:15,235.8697468
12/5/2024 20:30,242.9600861
12/5/2024 20:45,242.9600861
12/5/2024 21:00,237.9570897
12/5/2024 21:15,227.5203752
12/5/2024 21:30,235.4390252
12/5/2024 21:45,242.9600861
12/5/2024 22:00,232.1257826
12/5/2024 22:15,230.4360288
12/5/2024 22:30,234.6107146
12/5/2024 22:45,244.2191184
12/5/2024 23:00,225.8637539
12/5/2024 23:15,227.9510968
12/5/2024 23:30,212.908975
12/5/2024 23:45,214.9963179
12/6/2024 0:00,204.5596034
12/6/2024 0:15,120.6351662
12/6/2024 0:30,85.58105857
12/6/2024 0:45,96.44849458
12/6/2024 1:00,84.7527479
12/6/2024 1:15,91.4123657
12/6/2024 1:30,84.32202635
12/6/2024 1:45,97.27680525
12/6/2024 2:00,83.06299413
12/6/2024 2:15,88.09912301
12/6/2024 2:30,82.23468346
12/6/2024 2:45,98.93342659
12/6/2024 3:00,83.92443723
12/6/2024 3:15,85.15033702
12/6/2024 3:30,86.84009079
12/6/2024 3:45,96.8460837
12/6/2024 4:00,83.49371568
12/6/2024 4:15,79.31902989
12/6/2024 4:30,86.40936924
12/6/2024 4:45,216.6529392
12/6/2024 5:00,229.6077181
12/6/2024 5:15,286.7942869
12/6/2024 5:30,1229.444963
12/6/2024 5:45,2051.858063
12/6/2024 6:00,2088.601924
12/6/2024 6:15,2083.996517
12/6/2024 6:30,2080.252553
12/6/2024 6:45,2061.466467
12/6/2024 7:00,2119.083757
12/6/2024 7:15,2164.143857
12/6/2024 7:30,2154.568586
12/6/2024 7:45,2429.236405
12/6/2024 8:00,2562.428761
12/6/2024 8:15,2628.793012
12/6/2024 8:30,2763.211267
12/6/2024 8:45,2821.656868
12/6/2024 9:00,2807.47619
12/6/2024 9:15,2761.554646
12/6/2024 9:30,2686.841023
12/6/2024 9:45,2713.115038
12/6/2024 10:00,2793.6931
12/6/2024 10:15,2808.735222
12/6/2024 10:30,2836.268269
12/6/2024 10:45,2848.792326
12/6/2024 11:00,2835.439958
12/6/2024 11:15,2753.635996
12/6/2024 11:30,2587.874464
12/6/2024 11:45,2551.992046
12/6/2024 12:00,2518.59456
12/6/2024 12:15,2557.823353
12/6/2024 12:30,2536.121614
12/6/2024 12:45,2658.844123
12/6/2024 13:00,2557.425764
12/6/2024 13:15,2706.853009
12/6/2024 13:30,2650.925473
12/6/2024 13:45,2649.666441
12/6/2024 14:00,1912.436811
12/6/2024 14:15,1206.914913
12/6/2024 14:30,1092.508643
12/6/2024 14:45,702.6062439
12/6/2024 15:00,783.5818951
12/6/2024 15:15,647.507018
12/6/2024 15:30,579.8506024
12/6/2024 15:45,414.1222033
12/6/2024 16:00,240.0444326
12/6/2024 16:15,235.8697468
12/6/2024 16:30,232.9540932
12/6/2024 16:45,230.8667503
12/6/2024 17:00,234.2131254
12/6/2024 17:15,231.2643395
12/6/2024 17:30,230.0384397
12/6/2024 17:45,232.1257826
12/6/2024 18:00,230.8667503
12/6/2024 18:15,229.1769966
12/6/2024 18:30,230.0384397
12/6/2024 18:45,230.4360288
12/6/2024 19:00,227.5203752
12/6/2024 19:15,227.5203752
12/6/2024 19:30,226.261343
12/6/2024 19:45,224.6047217
12/6/2024 20:00,222.5173788
12/6/2024 20:15,224.1740001
12/6/2024 20:30,218.7402821
12/6/2024 20:45,217.9119714
12/6/2024 21:00,216.6529392
12/6/2024 21:15,217.9119714
12/6/2024 21:30,215.4270394
12/6/2024 21:45,218.7402821
12/6/2024 22:00,206.6469463
12/6/2024 22:15,218.7402821
12/6/2024 22:30,213.3396965
12/6/2024 22:45,214.5655963
12/6/2024 23:00,214.5655963
12/6/2024 23:15,194.5536105
12/6/2024 23:30,189.1198925
12/6/2024 23:45,187.4301387
12/7/2024 0:00,129.8459808
12/7/2024 0:15,108.9725519
12/7/2024 0:30,101.8490802
12/7/2024 0:45,93.10211947
12/7/2024 1:00,60.53294387
12/7/2024 1:15,56.35825808
12/7/2024 1:30,55.09922586
12/7/2024 1:45,61.79197609
12/7/2024 2:00,55.52994741
12/7/2024 2:15,67.62328321
12/7/2024 2:30,57.18656875
12/7/2024 2:45,60.53294387
12/7/2024 3:00,53.84019364
12/7/2024 3:15,57.6172903
12/7/2024 3:30,214.1680072
12/7/2024 3:45,1328.37839
12/7/2024 4:00,1759.630058
12/7/2024 4:15,1744.190347
12/7/2024 4:30,1927.4458
12/7/2024 4:45,2113.219317
12/7/2024 5:00,2322.781917
12/7/2024 5:15,2461.407991
12/7/2024 5:30,2377.052832
12/7/2024 5:45,2394.182297
12/7/2024 6:00,2460.546548
12/7/2024 6:15,2406.706354
12/7/2024 6:30,2423.835819
12/7/2024 6:45,2558.651664
12/7/2024 7:00,2607.091272
12/7/2024 7:15,2603.744897
12/7/2024 7:30,2552.820357
12/7/2024 7:45,2472.673016
12/7/2024 8:00,2573.693786
12/7/2024 8:15,2558.254075
12/7/2024 8:30,2563.257071
12/7/2024 8:45,2571.606443
12/7/2024 9:00,2564.085382
12/7/2024 9:15,2569.949822
12/7/2024 9:30,2538.208957
12/7/2024 9:45,2555.73601
12/7/2024 10:00,2556.564321
12/7/2024 10:15,2542.383642
12/7/2024 10:30,2518.992149
12/7/2024 10:45,2564.516104
12/7/2024 11:00,2549.473982
12/7/2024 11:15,2292.333217
12/7/2024 11:30,1169.342741
12/7/2024 11:45,1145.951248
12/7/2024 12:00,1140.119941
12/7/2024 12:15,1031.975699
12/7/2024 12:30,982.3101914
12/7/2024 12:45,878.7713575
12/7/2024 13:00,681.732815
12/7/2024 13:15,680.4737828
12/7/2024 13:30,419.1251997
12/7/2024 13:45,290.140662
12/7/2024 14:00,241.3034648
12/7/2024 14:15,212.908975
12/7/2024 14:30,229.1769966
12/7/2024 14:45,189.1198925
12/7/2024 15:00,235.4390252
12/7/2024 15:15,191.2072354
12/7/2024 15:30,185.7735174
12/7/2024 15:45,162.382024
12/7/2024 16:00,86.84009079
12/7/2024 16:15,84.32202635
12/7/2024 16:30,86.84009079
12/7/2024 16:45,76.40337633
12/7/2024 17:00,80.14734056
12/7/2024 17:15,82.66540501
12/7/2024 17:30,88.92743368
12/7/2024 17:45,81.83709433
12/7/2024 18:00,85.15033702
12/7/2024 18:15,82.23468346
12/7/2024 18:30,83.49371568
12/7/2024 18:45,83.06299413
12/7/2024 19:00,84.32202635
12/7/2024 19:15,82.23468346
12/7/2024 19:30,75.97265478
12/7/2024 19:45,80.14734056
12/7/2024 20:00,85.15033702
12/7/2024 20:15,85.15033702
12/7/2024 20:30,83.92443723
12/7/2024 20:45,85.15033702
12/7/2024 21:00,86.01178012
12/7/2024 21:15,83.49371568
12/7/2024 21:30,85.58105857
12/7/2024 21:45,83.49371568
12/7/2024 22:00,84.32202635
12/7/2024 22:15,77.66240855
12/7/2024 22:30,79.74975144
12/7/2024 22:45,77.66240855
12/7/2024 23:00,77.231687
12/7/2024 23:15,77.231687
12/7/2024 23:30,78.05999767
12/7/2024 23:45,83.06299413
12/8/2024 0:00,76.80096545
12/8/2024 0:15,78.05999767
12/8/2024 0:30,77.66240855
12/8/2024 0:45,77.231687
12/8/2024 1:00,76.80096545
12/8/2024 1:15,76.40337633
12/8/2024 1:30,78.49071922
12/8/2024 1:45,78.05999767
12/8/2024 2:00,75.97265478
12/8/2024 2:15,76.40337633
12/8/2024 2:30,77.66240855
12/8/2024 2:45,78.49071922
12/8/2024 3:00,75.97265478
12/8/2024 3:15,77.231687
12/8/2024 3:30,76.80096545
12/8/2024 3:45,76.80096545
12/8/2024 4:00,76.80096545
12/8/2024 4:15,77.231687
12/8/2024 4:30,77.231687
12/8/2024 4:45,75.57506566
12/8/2024 5:00,75.97265478
12/8/2024 5:15,77.231687
12/8/2024 5:30,76.80096545
12/8/2024 5:45,76.80096545
12/8/2024 6:00,77.231687
12/8/2024 6:15,75.57506566
12/8/2024 6:30,77.66240855
12/8/2024 6:45,76.40337633
12/8/2024 7:00,74.71362256
12/8/2024 7:15,75.57506566
12/8/2024 7:30,75.57506566
12/8/2024 7:45,75.97265478
12/8/2024 8:00,76.40337633
12/8/2024 8:15,75.14434411
12/8/2024 8:30,74.31603344
12/8/2024 8:45,76.80096545
12/8/2024 9:00,74.71362256
12/8/2024 9:15,75.14434411
12/8/2024 9:30,75.14434411
12/8/2024 9:45,74.71362256
12/8/2024 10:00,75.14434411
12/8/2024 10:15,75.57506566
12/8/2024 10:30,75.14434411
12/8/2024 10:45,83.49371568
12/8/2024 11:00,76.80096545
12/8/2024 11:15,75.97265478
12/8/2024 11:30,76.40337633
12/8/2024 11:45,77.231687
12/8/2024 12:00,81.40637279
12/8/2024 12:15,75.14434411
12/8/2024 12:30,76.80096545
12/8/2024 12:45,76.80096545
12/8/2024 13:00,75.97265478
12/8/2024 13:15,76.80096545
12/8/2024 13:30,77.231687
12/8/2024 13:45,76.80096545
12/8/2024 14:00,75.97265478
12/8/2024 14:15,78.88830834
12/8/2024 14:30,77.231687
12/8/2024 14:45,77.231687
12/8/2024 15:00,78.05999767
12/8/2024 15:15,77.231687
12/8/2024 15:30,78.88830834
12/8/2024 15:45,77.231687
12/8/2024 16:00,76.80096545
12/8/2024 16:15,78.49071922
12/8/2024 16:30,78.05999767
12/8/2024 16:45,76.80096545
12/8/2024 17:00,78.05999767
12/8/2024 17:15,77.231687
12/8/2024 17:30,76.40337633
12/8/2024 17:45,78.05999767
12/8/2024 18:00,78.05999767
12/8/2024 18:15,76.80096545
12/8/2024 18:30,76.40337633
12/8/2024 18:45,75.97265478
12/8/2024 19:00,78.05999767
12/8/2024 19:15,75.97265478
12/8/2024 19:30,75.97265478
12/8/2024 19:45,79.31902989
12/8/2024 20:00,76.80096545
12/8/2024 20:15,76.80096545
12/8/2024 20:30,79.31902989
12/8/2024 20:45,77.231687
12/8/2024 21:00,78.05999767
12/8/2024 21:15,76.40337633
12/8/2024 21:30,77.66240855
12/8/2024 21:45,77.231687
12/8/2024 22:00,75.97265478
12/8/2024 22:15,77.231687
12/8/2024 22:30,77.66240855
12/8/2024 22:45,75.97265478
12/8/2024 23:00,78.05999767
12/8/2024 23:15,80.97565124
12/8/2024 23:30,78.05999767
12/8/2024 23:45,78.05999767
12/9/2024 0:00,77.66240855
12/9/2024 0:15,77.66240855
12/9/2024 0:30,77.231687
12/9/2024 0:45,76.40337633
12/9/2024 1:00,76.80096545
12/9/2024 1:15,77.231687
12/9/2024 1:30,75.97265478
12/9/2024 1:45,77.66240855
12/9/2024 2:00,76.40337633
12/9/2024 2:15,76.40337633
12/9/2024 2:30,77.231687
12/9/2024 2:45,76.80096545
12/9/2024 3:00,77.231687
12/9/2024 3:15,77.231687
12/9/2024 3:30,76.40337633
12/9/2024 3:45,77.66240855
12/9/2024 4:00,78.49071922
12/9/2024 4:15,77.231687
12/9/2024 4:30,75.57506566
12/9/2024 4:45,77.231687
12/9/2024 5:00,78.05999767
12/9/2024 5:15,76.80096545
12/9/2024 5:30,76.40337633
12/9/2024 5:45,77.231687
12/9/2024 6:00,76.40337633
12/9/2024 6:15,75.57506566
12/9/2024 6:30,76.40337633
12/9/2024 6:45,78.49071922
12/9/2024 7:00,83.49371568
12/9/2024 7:15,74.31603344
12/9/2024 7:30,75.97265478
12/9/2024 7:45,74.31603344
12/9/2024 8:00,75.97265478
12/9/2024 8:15,75.97265478
12/9/2024 8:30,80.14734056
12/9/2024 8:45,74.31603344
12/9/2024 9:00,74.31603344
12/9/2024 9:15,75.57506566
12/9/2024 9:30,74.71362256
12/9/2024 9:45,74.31603344
12/9/2024 10:00,75.14434411
12/9/2024 10:15,74.71362256
12/9/2024 10:30,73.88531189
12/9/2024 10:45,74.71362256
12/9/2024 11:00,75.97265478
12/9/2024 11:15,75.14434411
12/9/2024 11:30,73.88531189
12/9/2024 11:45,75.97265478
12/9/2024 12:00,75.57506566
12/9/2024 12:15,75.57506566
12/9/2024 12:30,75.97265478
12/9/2024 12:45,76.80096545
12/9/2024 13:00,76.80096545
12/9/2024 13:15,74.71362256
12/9/2024 13:30,75.97265478
12/9/2024 13:45,77.231687
12/9/2024 14:00,76.80096545
12/9/2024 14:15,75.97265478
12/9/2024 14:30,77.231687
12/9/2024 14:45,77.231687
12/9/2024 15:00,77.231687
12/9/2024 15:15,77.66240855
12/9/2024 15:30,92.27380879
12/9/2024 15:45,75.97265478
12/9/2024 16:00,76.40337633
12/9/2024 16:15,76.80096545
12/9/2024 16:30,77.66240855
12/9/2024 16:45,77.66240855
12/9/2024 17:00,76.40337633
12/9/2024 17:15,75.97265478
12/9/2024 17:30,77.231687
12/9/2024 17:45,77.231687
12/9/2024 18:00,76.80096545
12/9/2024 18:15,78.05999767
12/9/2024 18:30,75.57506566
12/9/2024 18:45,75.57506566
12/9/2024 19:00,76.40337633
12/9/2024 19:15,75.97265478
12/9/2024 19:30,76.40337633
12/9/2024 19:45,78.05999767
12/9/2024 20:00,77.231687
12/9/2024 20:15,76.80096545
12/9/2024 20:30,82.23468346
12/9/2024 20:45,77.66240855
12/9/2024 21:00,77.231687
12/9/2024 21:15,78.05999767
12/9/2024 21:30,76.80096545
12/9/2024 21:45,76.40337633
12/9/2024 22:00,76.80096545
12/9/2024 22:15,78.05999767
12/9/2024 22:30,77.66240855
12/9/2024 22:45,76.40337633
12/9/2024 23:00,75.57506566
12/9/2024 23:15,76.80096545
12/9/2024 23:30,76.80096545
12/9/2024 23:45,76.80096545
12/10/2024 0:00,77.66240855
12/10/2024 0:15,76.40337633
12/10/2024 0:30,76.80096545
12/10/2024 0:45,76.80096545
12/10/2024 1:00,77.231687
12/10/2024 1:15,76.40337633
12/10/2024 1:30,78.49071922
12/10/2024 1:45,75.97265478
12/10/2024 2:00,86.01178012
12/10/2024 2:15,78.88830834
12/10/2024 2:30,78.05999767
12/10/2024 2:45,76.80096545
12/10/2024 3:00,77.231687
12/10/2024 3:15,76.40337633
12/10/2024 3:30,75.97265478
12/10/2024 3:45,78.05999767
12/10/2024 4:00,76.40337633
12/10/2024 4:15,76.80096545
12/10/2024 4:30,76.80096545
12/10/2024 4:45,77.231687
12/10/2024 5:00,75.57506566
12/10/2024 5:15,76.80096545
12/10/2024 5:30,77.231687
12/10/2024 5:45,116.4604804
12/10/2024 6:00,761.0518449
12/10/2024 6:15,1075.8099
12/10/2024 6:30,1797.20223
12/10/2024 6:45,1826.42503
12/10/2024 7:00,1901.569375
12/10/2024 7:15,2111.131974
12/10/2024 7:30,2195.454001
12/10/2024 7:45,2175.011293
12/10/2024 8:00,2256.417666
12/10/2024 8:15,2268.113413
12/10/2024 8:30,2259.764041
12/10/2024 8:45,2222.589458
12/10/2024 9:00,2271.029066
12/10/2024 9:15,2265.595348
12/10/2024 9:30,2245.55023
12/10/2024 9:45,2254.330323
12/10/2024 10:00,2268.941724
12/10/2024 10:15,2496.462099
12/10/2024 10:30,2756.120928
12/10/2024 10:45,2782.858796
12/10/2024 11:00,2852.138701
12/10/2024 11:15,2834.611647
12/10/2024 11:30,2813.738218
12/10/2024 11:45,2775.337736
12/10/2024 12:00,2713.976481
12/10/2024 12:15,2706.853009
12/10/2024 12:30,2787.861793
12/10/2024 12:45,2849.223047
12/10/2024 13:00,2847.964015
12/10/2024 13:15,2830.867683
12/10/2024 13:30,2794.521411
12/10/2024 13:45,2721.895131
12/10/2024 14:00,1300.414622
12/10/2024 14:15,1183.954141
12/10/2024 14:30,898.8164758
12/10/2024 14:45,677.1274077
12/10/2024 15:00,665.8623825
12/10/2024 15:15,635.3805498
12/10/2024 15:30,580.7120455
12/10/2024 15:45,313.9297445
12/10/2024 16:00,260.0895508
12/10/2024 16:15,247.1347719
12/10/2024 16:30,250.481147
12/10/2024 16:45,259.6588293
12/10/2024 17:00,253.8275221
12/10/2024 17:15,248.3938041
12/10/2024 17:30,251.3094577
12/10/2024 17:45,252.1377684
12/10/2024 18:00,236.6980575
12/10/2024 18:15,241.3034648
12/10/2024 18:30,247.1347719
12/10/2024 18:45,228.3486859
12/10/2024 19:00,225.8637539
12/10/2024 19:15,232.1257826
12/10/2024 19:30,236.6980575
12/10/2024 19:45,222.5173788
12/10/2024 20:00,232.5233717
12/10/2024 20:15,237.128779
12/10/2024 20:30,222.5173788
12/10/2024 20:45,221.2583465
12/10/2024 21:00,227.0896537
12/10/2024 21:15,231.2643395
12/10/2024 21:30,219.9993143
12/10/2024 21:45,220.4300359
12/10/2024 22:00,212.4782534
12/10/2024 22:15,220.4300359
12/10/2024 22:30,215.4270394
12/10/2024 22:45,215.4270394
12/10/2024 23:00,228.3486859
12/10/2024 23:15,212.0806643
12/10/2024 23:30,194.1228889
12/10/2024 23:45,195.7795103
12/11/2024 0:00,205.3879141
12/11/2024 0:15,101.8490802
12/11/2024 0:30,75.97265478
12/11/2024 0:45,75.14434411
12/11/2024 1:00,90.1864659
12/11/2024 1:15,70.53893678
12/11/2024 1:30,75.97265478
12/11/2024 1:45,75.97265478
12/11/2024 2:00,81.83709433
12/11/2024 2:15,70.96965833
12/11/2024 2:30,86.01178012
12/11/2024 2:45,78.49071922
12/11/2024 3:00,79.31902989
12/11/2024 3:15,70.96965833
12/11/2024 3:30,80.97565124
12/11/2024 3:45,75.57506566
12/11/2024 4:00,77.231687
12/11/2024 4:15,69.31303698
12/11/2024 4:30,83.49371568
12/11/2024 4:45,272.6136082
12/11/2024 5:00,1592.211905
12/11/2024 5:15,1848.955081
12/11/2024 5:30,1836.431023
12/11/2024 5:45,2163.746268
12/11/2024 6:00,2350.348096
12/11/2024 6:15,2571.175721
12/11/2024 6:30,2536.121614
12/11/2024 6:45,2597.482868
12/11/2024 7:00,2607.091272
12/11/2024 7:15,2728.98547
12/11/2024 7:30,2761.554646
12/11/2024 7:45,2822.518311
12/11/2024 8:00,2814.566529
12/11/2024 8:15,2813.738218
12/11/2024 8:30,2802.870782
12/11/2024 8:45,2772.422082
12/11/2024 9:00,2757.810682
12/11/2024 9:15,2743.199282
12/11/2024 9:30,2696.018706
12/11/2024 9:45,2763.641989
12/11/2024 10:00,2726.069817
12/11/2024 10:15,2643.006823
12/11/2024 10:30,2588.735908
12/11/2024 10:45,2591.651561
12/11/2024 11:00,2597.085279
12/11/2024 11:15,2589.961807
12/11/2024 11:30,2597.482868
12/11/2024 11:45,2605.434651
12/11/2024 12:00,2550.302292
12/11/2024 12:15,2541.12461
12/11/2024 12:30,2598.311179
12/11/2024 12:45,2632.570108
12/11/2024 13:00,2405.447322
12/11/2024 13:15,2625.877358
12/11/2024 13:30,2631.311076
12/11/2024 13:45,2637.142383
12/11/2024 14:00,2448.883934
12/11/2024 14:15,1401.037802
12/11/2024 14:30,1251.577424
12/11/2024 14:45,724.3079835
12/11/2024 15:00,690.9104972
12/11/2024 15:15,623.6848031
12/11/2024 15:30,505.5677014
12/11/2024 15:45,244.6498399
12/11/2024 16:00,230.8667503
12/11/2024 16:15,228.3486859
12/11/2024 16:30,227.0896537
12/11/2024 16:45,239.2161219
12/11/2024 17:00,247.5654935
12/11/2024 17:15,226.261343
12/11/2024 17:30,227.0896537
12/11/2024 17:45,225.0023108
12/11/2024 18:00,226.261343
12/11/2024 18:15,234.6107146
12/11/2024 18:30,222.9149679
12/11/2024 18:45,219.9993143
12/11/2024 19:00,218.7402821
12/11/2024 19:15,217.5143823
12/11/2024 19:30,219.9993143
12/11/2024 19:45,217.5143823
12/11/2024 20:00,210.8216321
12/11/2024 20:15,214.1680072
12/11/2024 20:30,209.9933214
12/11/2024 20:45,212.0806643
12/11/2024 21:00,209.9933214
12/11/2024 21:15,211.6499428
12/11/2024 21:30,208.7342892
12/11/2024 21:45,209.9933214
12/11/2024 22:00,209.9933214
12/11/2024 22:15,209.5625999
12/11/2024 22:30,198.2975747
12/11/2024 22:45,202.9029821
12/11/2024 23:00,191.2072354
12/11/2024 23:15,171.5928387
12/11/2024 23:30,181.16811
12/11/2024 23:45,177.8548674
12/12/2024 0:00,154.463374
12/12/2024 0:15,73.88531189
12/12/2024 0:30,59.70463319
12/12/2024 0:45,63.44859743
12/12/2024 1:00,59.27391165
12/12/2024 1:15,63.05100831
12/12/2024 1:30,58.01487943
12/12/2024 1:45,62.18956521
12/12/2024 2:00,59.27391165
12/12/2024 2:15,57.18656875
12/12/2024 2:30,60.96366542
12/12/2024 2:45,70.14134765
12/12/2024 3:00,57.18656875
12/12/2024 3:15,61.79197609
12/12/2024 3:30,59.70463319
12/12/2024 3:45,61.79197609
12/12/2024 4:00,56.78897963
12/12/2024 4:15,56.35825808
12/12/2024 4:30,88.92743368
12/12/2024 4:45,193.2945783
12/12/2024 5:00,828.2444065
12/12/2024 5:15,1839.777398
12/12/2024 5:30,1704.928421
12/12/2024 5:45,2056.861059
12/12/2024 6:00,2195.056412
12/12/2024 6:15,2250.983948
12/12/2024 6:30,2569.5191
12/12/2024 6:45,2566.172725
12/12/2024 7:00,2529.428863
12/12/2024 7:15,2591.651561
12/12/2024 7:30,2648.407408
12/12/2024 7:45,2694.759673
12/12/2024 8:00,2737.334842
12/12/2024 8:15,2776.166046
12/12/2024 8:30,2728.98547
12/12/2024 8:45,2779.512421
12/12/2024 9:00,2793.6931
12/12/2024 9:15,2737.334842
12/12/2024 9:30,2678.491652
12/12/2024 9:45,2739.852906
12/12/2024 10:00,2758.208271
12/12/2024 10:15,2733.160156
12/12/2024 10:30,2600.000933
12/12/2024 10:45,2570.778132
12/12/2024 11:00,2601.657554
12/12/2024 11:15,2635.883351
12/12/2024 11:30,2636.744794
12/12/2024 11:45,2570.778132
12/12/2024 12:00,2565.775136
12/12/2024 12:15,2526.943931
12/12/2024 12:30,2612.922579
12/12/2024 12:45,2833.783337
12/12/2024 13:00,2835.439958
12/12/2024 13:15,2798.298507
12/12/2024 13:30,2739.422185
12/12/2024 13:45,2535.690892
12/12/2024 14:00,1259.496075
12/12/2024 14:15,1202.309506
12/12/2024 14:30,852.8949321
12/12/2024 14:45,783.5818951
12/12/2024 15:00,818.6691352
12/12/2024 15:15,726.8260479
12/12/2024 15:30,631.6365856
12/12/2024 15:45,574.4500168
12/12/2024 16:00,342.7549558
12/12/2024 16:15,264.6618257
12/12/2024 16:30,294.7460693
12/12/2024 16:45,265.0925473
12/12/2024 17:00,281.3605689
12/12/2024 17:15,273.0111973
12/12/2024 17:30,272.1828866
12/12/2024 17:45,266.3515795
12/12/2024 18:00,278.8756368
12/12/2024 18:15,261.7461722
12/12/2024 18:30,256.3124542
12/12/2024 18:45,275.5292617
12/12/2024 19:00,261.348583
12/12/2024 19:15,269.2672331
12/12/2024 19:30,261.7461722
12/12/2024 19:45,259.6588293
12/12/2024 20:00,258.0022079
12/12/2024 20:15,239.613711
12/12/2024 20:30,238.7854004
12/12/2024 20:45,248.3938041
12/12/2024 21:00,232.5233717
12/12/2024 21:15,242.562497
12/12/2024 21:30,247.5654935
12/12/2024 21:45,227.0896537
12/12/2024 22:00,218.342693
12/12/2024 22:15,227.5203752
12/12/2024 22:30,235.4390252
12/12/2024 22:45,225.8637539
12/12/2024 23:00,209.1650107
12/12/2024 23:15,217.5143823
12/12/2024 23:30,198.2975747
12/12/2024 23:45,198.7282963
12/13/2024 0:00,176.1651136
12/13/2024 0:15,134.8489773
12/13/2024 0:30,83.92443723
12/13/2024 0:45,79.31902989
12/13/2024 1:00,88.09912301
12/13/2024 1:15,90.1864659
12/13/2024 1:30,84.32202635
12/13/2024 1:45,80.97565124
12/13/2024 2:00,86.84009079
12/13/2024 2:15,86.01178012
12/13/2024 2:30,78.49071922
12/13/2024 2:45,86.01178012
12/13/2024 3:00,90.58405502
12/13/2024 3:15,80.97565124
12/13/2024 3:30,81.40637279
12/13/2024 3:45,88.49671213
12/13/2024 4:00,90.58405502
12/13/2024 4:15,88.09912301
12/13/2024 4:30,209.5625999
12/13/2024 4:45,227.5203752
12/13/2024 5:00,249.2221148
12/13/2024 5:15,231.695061
12/13/2024 5:30,439.170318
12/13/2024 5:45,528.9260623
12/13/2024 6:00,570.275331
12/13/2024 6:15,600.7240313
12/13/2024 6:30,591.5463491
12/13/2024 6:45,595.7210349
12/13/2024 7:00,541.4501197
12/13/2024 7:15,598.6366884
12/13/2024 7:30,590.7180384
12/13/2024 7:45,603.2420958
12/13/2024 8:00,619.1125282
12/13/2024 8:15,619.1125282
12/13/2024 8:30,619.1125282
12/13/2024 8:45,601.9830635
12/13/2024 9:00,632.0341747
12/13/2024 9:15,571.9319524
12/13/2024 9:30,536.8778448
12/13/2024 9:45,598.6366884
12/13/2024 10:00,754.3590947
12/13/2024 10:15,827.0185068
12/13/2024 10:30,832.8498139
12/13/2024 10:45,829.9341603
12/13/2024 11:00,828.2444065
12/13/2024 11:15,809.0607314
12/13/2024 11:30,809.0607314
12/13/2024 11:45,786.0999596
12/13/2024 12:00,738.0910731
12/13/2024 12:15,757.2747482
12/13/2024 12:30,655.4256681
12/13/2024 12:45,581.9379453
12/13/2024 13:00,637.0703036
12/13/2024 13:15,647.9046072
12/13/2024 13:30,641.6425785
12/13/2024 13:45,647.507018
12/13/2024 14:00,634.1215176
12/13/2024 14:15,638.2962034
12/13/2024 14:30,606.5884709
12/13/2024 14:45,614.1095318
12/13/2024 15:00,659.6003539
12/13/2024 15:15,625.772146
12/13/2024 15:30,582.7993884
12/13/2024 15:45,246.3064612
12/13/2024 16:00,244.6498399
12/13/2024 16:15,230.8667503
12/13/2024 16:30,247.1347719
12/13/2024 16:45,228.7794074
12/13/2024 17:00,240.4751541
12/13/2024 17:15,225.0023108
12/13/2024 17:30,210.8216321
12/13/2024 17:45,228.3486859
12/13/2024 18:00,190.3789247
12/13/2024 18:15,204.990325
12/13/2024 18:30,201.6439498
12/13/2024 18:45,180.7705209
12/13/2024 19:00,187.8608603
12/13/2024 19:15,185.7735174
12/13/2024 19:30,177.4241458
12/13/2024 19:45,171.1621171
12/13/2024 20:00,176.5958351
12/13/2024 20:15,177.4241458
12/13/2024 20:30,181.16811
12/13/2024 20:45,182.8578638
12/13/2024 21:00,173.24946
12/13/2024 21:15,174.5084923
12/13/2024 21:30,181.5988316
12/13/2024 21:45,168.6440527
12/13/2024 22:00,144.0266595
12/13/2024 22:15,138.5929415
12/13/2024 22:30,136.9363202
12/13/2024 22:45,146.544724
12/13/2024 23:00,152.3760311
12/13/2024 23:15,140.2826953
12/13/2024 23:30,133.5899451
12/13/2024 23:45,132.7616344
12/14/2024 0:00,70.53893678
12/14/2024 0:15,59.27391165
12/14/2024 0:30,60.96366542
12/14/2024 0:45,58.87632252
12/14/2024 1:00,57.6172903
12/14/2024 1:15,63.05100831
12/14/2024 1:30,58.44560097
12/14/2024 1:45,57.18656875
12/14/2024 2:00,60.96366542
12/14/2024 2:15,56.78897963
12/14/2024 2:30,57.6172903
12/14/2024 2:45,56.78897963
12/14/2024 3:00,55.92753653
12/14/2024 3:15,64.2769081
12/14/2024 3:30,55.92753653
12/14/2024 3:45,57.18656875
12/14/2024 4:00,57.18656875
12/14/2024 4:15,63.05100831
12/14/2024 4:30,129.4152593
12/14/2024 4:45,168.6440527
12/14/2024 5:00,856.2413072
12/14/2024 5:15,1347.164476
12/14/2024 5:30,671.2961005
12/14/2024 5:45,1214.833563
12/14/2024 6:00,2127.002407
12/14/2024 6:15,2159.969172
12/14/2024 6:30,2152.481243
12/14/2024 6:45,2377.052832
12/14/2024 7:00,2343.257757
12/14/2024 7:15,2319.866264
12/14/2024 7:30,2356.610125
12/14/2024 7:45,2431.323748
12/14/2024 8:00,2435.929155
12/14/2024 8:15,2440.534562
12/14/2024 8:30,2504.81147
12/14/2024 8:45,2514.419874
12/14/2024 9:00,2500.636785
12/14/2024 9:15,2522.338524
12/14/2024 9:30,2454.715241
12/14/2024 9:45,2508.157845
12/14/2024 10:00,2554.9077
12/14/2024 10:15,2561.169728
12/14/2024 10:30,2338.254761
12/14/2024 10:45,2582.473879
12/14/2024 11:00,2578.299193
12/14/2024 11:15,2562.82635
12/14/2024 11:30,2577.43775
12/14/2024 11:45,1724.145229
12/14/2024 12:00,1052.451539
12/14/2024 12:15,992.7469059
12/14/2024 12:30,1013.189613
12/14/2024 12:45,1024.88536
12/14/2024 13:00,967.6987912
12/14/2024 13:15,1012.361303
12/14/2024 13:30,758.1361913
12/14/2024 13:45,556.8898306
12/14/2024 14:00,645.8172643
12/14/2024 14:15,717.6152333
12/14/2024 14:30,482.176208
12/14/2024 14:45,303.9237516
12/14/2024 15:00,333.5441412
12/14/2024 15:15,321.0200838
12/14/2024 15:30,322.7098376
12/14/2024 15:45,260.0895508
12/14/2024 16:00,213.3396965
12/14/2024 16:15,207.0776679
12/14/2024 16:30,204.1288819
12/14/2024 16:45,206.2162248
12/14/2024 17:00,204.990325
12/14/2024 17:15,194.9511996
12/14/2024 17:30,202.041539
12/14/2024 17:45,206.6469463
12/14/2024 18:00,201.2132283
12/14/2024 18:15,200.3849176
12/14/2024 18:30,192.0355461
12/14/2024 18:45,203.7312927
12/14/2024 19:00,199.556607
12/14/2024 19:15,191.6048245
12/14/2024 19:30,196.2102318
12/14/2024 19:45,187.4301387
12/14/2024 20:00,187.0325496
12/14/2024 20:15,182.8578638
12/14/2024 20:30,182.8578638
12/14/2024 20:45,183.6861745
12/14/2024 21:00,181.5988316
12/14/2024 21:15,187.8608603
12/14/2024 21:30,182.0295531
12/14/2024 21:45,183.2554529
12/14/2024 22:00,173.24946
12/14/2024 22:15,172.8187385
12/14/2024 22:30,176.9934243
12/14/2024 22:45,175.3368029
12/14/2024 23:00,170.3338065
12/14/2024 23:15,168.6440527
12/14/2024 23:30,175.3368029
12/14/2024 23:45,173.24946
12/15/2024 0:00,120.6351662
12/15/2024 0:15,92.27380879
12/15/2024 0:30,98.53583747
12/15/2024 0:45,94.36115169
12/15/2024 1:00,95.18946236
12/15/2024 1:15,95.58705148
12/15/2024 1:30,90.1864659
12/15/2024 1:45,98.93342659
12/15/2024 2:00,90.58405502
12/15/2024 2:15,94.75874081
12/15/2024 2:30,93.93043014
12/15/2024 2:45,93.49970859
12/15/2024 3:00,96.01777303
12/15/2024 3:15,91.01477657
12/15/2024 3:30,93.10211947
12/15/2024 3:45,94.75874081
12/15/2024 4:00,91.4123657
12/15/2024 4:15,96.44849458
12/15/2024 4:30,90.58405502
12/15/2024 4:45,96.44849458
12/15/2024 5:00,90.1864659
12/15/2024 5:15,96.44849458
12/15/2024 5:30,90.58405502
12/15/2024 5:45,95.58705148
12/15/2024 6:00,91.01477657
12/15/2024 6:15,95.18946236
12/15/2024 6:30,92.27380879
12/15/2024 6:45,95.18946236
12/15/2024 7:00,91.01477657
12/15/2024 7:15,93.49970859
12/15/2024 7:30,88.92743368
12/15/2024 7:45,95.18946236
12/15/2024 8:00,88.49671213
12/15/2024 8:15,95.18946236
12/15/2024 8:30,88.49671213
12/15/2024 8:45,95.18946236
12/15/2024 9:00,90.1864659
12/15/2024 9:15,93.49970859
12/15/2024 9:30,98.10511592
12/15/2024 9:45,95.58705148
12/15/2024 10:00,88.92743368
12/15/2024 10:15,97.67439437
12/15/2024 10:30,98.53583747
12/15/2024 10:45,94.36115169
12/15/2024 11:00,102.7105233
12/15/2024 11:15,98.53583747
12/15/2024 11:30,102.7105233
12/15/2024 11:45,100.6231804
12/15/2024 12:00,111.4574839
12/15/2024 12:15,104.7978661
12/15/2024 12:30,110.1984517
12/15/2024 12:45,105.1954553
12/15/2024 13:00,108.1111088
12/15/2024 13:15,106.885209
12/15/2024 13:30,106.885209
12/15/2024 13:45,109.8008626
12/15/2024 14:00,109.8008626
12/15/2024 14:15,103.936423
12/15/2024 14:30,104.7978661
12/15/2024 14:45,110.1984517
12/15/2024 15:00,104.7978661
12/15/2024 15:15,111.0598948
12/15/2024 15:30,104.3671446
12/15/2024 15:45,109.3701411
12/15/2024 16:00,104.7978661
12/15/2024 16:15,104.7978661
12/15/2024 16:30,112.7165162
12/15/2024 16:45,103.5388339
12/15/2024 17:00,108.5418304
12/15/2024 17:15,108.1111088
12/15/2024 17:30,103.1081124
12/15/2024 17:45,101.0207695
12/15/2024 18:00,108.1111088
12/15/2024 18:15,103.5388339
12/15/2024 18:30,96.44849458
12/15/2024 18:45,99.36414814
12/15/2024 19:00,103.5388339
12/15/2024 19:15,100.1924588
12/15/2024 19:30,98.53583747
12/15/2024 19:45,96.44849458
12/15/2024 20:00,99.76173726
12/15/2024 20:15,111.4574839
12/15/2024 20:30,94.75874081
12/15/2024 20:45,99.36414814
12/15/2024 21:00,99.76173726
12/15/2024 21:15,91.84308725
12/15/2024 21:30,101.0207695
12/15/2024 21:45,91.01477657
12/15/2024 22:00,96.01777303
12/15/2024 22:15,89.3250228
12/15/2024 22:30,98.53583747
12/15/2024 22:45,89.3250228
12/15/2024 23:00,96.8460837
12/15/2024 23:15,92.27380879
12/15/2024 23:30,96.44849458
12/15/2024 23:45,90.1864659
12/16/2024 0:00,102.2798017
12/16/2024 0:15,89.75574435
12/16/2024 0:30,97.27680525
12/16/2024 0:45,90.58405502
12/16/2024 1:00,93.10211947
12/16/2024 1:15,93.49970859
12/16/2024 1:30,90.1864659
12/16/2024 1:45,97.27680525
12/16/2024 2:00,92.67139792
12/16/2024 2:15,94.75874081
12/16/2024 2:30,89.3250228
12/16/2024 2:45,98.53583747
12/16/2024 3:00,88.92743368
12/16/2024 3:15,93.10211947
12/16/2024 3:30,93.93043014
12/16/2024 3:45,90.1864659
12/16/2024 4:00,94.36115169
12/16/2024 4:15,88.92743368
12/16/2024 4:30,95.58705148
12/16/2024 4:45,91.4123657
12/16/2024 5:00,87.66840146
12/16/2024 5:15,97.67439437
12/16/2024 5:30,88.49671213
12/16/2024 5:45,92.27380879
12/16/2024 6:00,91.01477657
12/16/2024 6:15,91.01477657
12/16/2024 6:30,95.18946236
12/16/2024 6:45,87.23767991
12/16/2024 7:00,90.1864659
12/16/2024 7:15,93.49970859
12/16/2024 7:30,87.23767991
12/16/2024 7:45,89.3250228
12/16/2024 8:00,93.49970859
12/16/2024 8:15,90.1864659
12/16/2024 8:30,93.10211947
12/16/2024 8:45,92.27380879
12/16/2024 9:00,95.18946236
12/16/2024 9:15,89.3250228
12/16/2024 9:30,97.27680525
12/16/2024 9:45,97.27680525
12/16/2024 10:00,91.4123657
12/16/2024 10:15,101.451491
12/16/2024 10:30,103.936423
12/16/2024 10:45,103.1081124
12/16/2024 11:00,103.936423
12/16/2024 11:15,111.4574839
12/16/2024 11:30,115.2345806
12/16/2024 11:45,105.1954553
12/16/2024 12:00,116.0628913
12/16/2024 12:15,112.2857946
12/16/2024 12:30,113.5448268
12/16/2024 12:45,112.7165162
12/16/2024 13:00,117.3219235
12/16/2024 13:15,114.3731375
12/16/2024 13:30,113.9755484
12/16/2024 13:45,115.2345806
12/16/2024 14:00,113.5448268
12/16/2024 14:15,112.2857946
12/16/2024 14:30,113.9755484
12/16/2024 14:45,119.4092664
12/16/2024 15:00,113.5448268
12/16/2024 15:15,109.8008626
12/16/2024 15:30,115.2345806
12/16/2024 15:45,112.7165162
12/16/2024 16:00,113.5448268
12/16/2024 16:15,115.2345806
12/16/2024 16:30,108.1111088
12/16/2024 16:45,109.3701411
12/16/2024 17:00,109.8008626
12/16/2024 17:15,103.936423
12/16/2024 17:30,109.3701411
12/16/2024 17:45,98.53583747
12/16/2024 18:00,102.7105233
12/16/2024 18:15,100.6231804
12/16/2024 18:30,104.7978661
12/16/2024 18:45,104.3671446
12/16/2024 19:00,95.18946236
12/16/2024 19:15,98.10511592
12/16/2024 19:30,101.8490802
12/16/2024 19:45,99.76173726
12/16/2024 20:00,96.01777303
12/16/2024 20:15,101.451491
12/16/2024 20:30,100.6231804
12/16/2024 20:45,97.27680525
12/16/2024 21:00,95.58705148
12/16/2024 21:15,99.36414814
12/16/2024 21:30,96.01777303
12/16/2024 21:45,98.10511592
12/16/2024 22:00,92.67139792
12/16/2024 22:15,100.6231804
12/16/2024 22:30,103.5388339
12/16/2024 22:45,99.76173726
12/16/2024 23:00,93.10211947
12/16/2024 23:15,98.93342659
12/16/2024 23:30,93.49970859
12/16/2024 23:45,95.58705148
12/17/2024 0:00,92.67139792
12/17/2024 0:15,98.10511592
12/17/2024 0:30,90.1864659
12/17/2024 0:45,98.10511592
12/17/2024 1:00,92.27380879
12/17/2024 1:15,93.49970859
12/17/2024 1:30,93.49970859
12/17/2024 1:45,91.4123657
12/17/2024 2:00,97.67439437
12/17/2024 2:15,89.75574435
12/17/2024 2:30,97.27680525
12/17/2024 2:45,89.75574435
12/17/2024 3:00,96.8460837
12/17/2024 3:15,89.75574435
12/17/2024 3:30,97.67439437
12/17/2024 3:45,88.49671213
12/17/2024 4:00,91.84308725
12/17/2024 4:15,96.8460837
12/17/2024 4:30,96.44849458
12/17/2024 4:45,94.75874081
12/17/2024 5:00,103.936423
12/17/2024 5:15,119.8068555
12/17/2024 5:30,116.4604804
12/17/2024 5:45,179.9422103
12/17/2024 6:00,1246.972017
12/17/2024 6:15,1832.256338
12/17/2024 6:30,1850.644834
12/17/2024 6:45,2148.704146
12/17/2024 7:00,2159.571582
12/17/2024 7:15,2195.454001
12/17/2024 7:30,2177.926947
12/17/2024 7:45,2235.974959
12/17/2024 8:00,2232.197862
12/17/2024 8:15,2297.336213
12/17/2024 8:30,2567.862479
12/17/2024 8:45,2572.434754
12/17/2024 9:00,2539.467989
12/17/2024 9:15,2526.115621
12/17/2024 9:30,2456.802584
12/17/2024 9:45,2473.932048
12/17/2024 10:00,2661.362187
12/17/2024 10:15,2693.103052
12/17/2024 10:30,2573.693786
12/17/2024 10:45,2528.600553
12/17/2024 11:00,2639.229726
12/17/2024 11:15,2557.823353
12/17/2024 11:30,2480.194077
12/17/2024 11:45,2511.90181
12/17/2024 12:00,2613.784022
12/17/2024 12:15,2599.570211
12/17/2024 12:30,2472.673016
12/17/2024 12:45,2555.338421
12/17/2024 13:00,2532.775239
12/17/2024 13:15,2539.865578
12/17/2024 13:30,2718.979478
12/17/2024 13:45,1940.798168
12/17/2024 14:00,1413.959449
12/17/2024 14:15,1313.369401
12/17/2024 14:30,1174.345737
12/17/2024 14:45,945.56633
12/17/2024 15:00,904.6477829
12/17/2024 15:15,873.768361
12/17/2024 15:30,814.4944494
12/17/2024 15:45,440.8600717
12/17/2024 16:00,290.5713835
12/17/2024 16:15,244.6498399
12/17/2024 16:30,237.5263681
12/17/2024 16:45,238.7854004
12/17/2024 17:00,236.3004683
12/17/2024 17:15,234.2131254
12/17/2024 17:30,233.7824039
12/17/2024 17:45,235.0414361
12/17/2024 18:00,230.8667503
12/17/2024 18:15,231.695061
12/17/2024 18:30,232.1257826
12/17/2024 18:45,232.9540932
12/17/2024 19:00,240.8727432
12/17/2024 19:15,235.0414361
12/17/2024 19:30,230.8667503
12/17/2024 19:45,230.4360288
12/17/2024 20:00,230.8667503
12/17/2024 20:15,229.1769966
12/17/2024 20:30,230.8667503
12/17/2024 20:45,230.4360288
12/17/2024 21:00,229.6077181
12/17/2024 21:15,233.3516823
12/17/2024 21:30,231.2643395
12/17/2024 21:45,226.6920645
12/17/2024 22:00,227.5203752
12/17/2024 22:15,224.6047217
12/17/2024 22:30,222.5173788
12/17/2024 22:45,220.827625
12/17/2024 23:00,217.5143823
12/17/2024 23:15,210.8216321
12/17/2024 23:30,215.8246285
12/17/2024 23:45,221.6890681
12/18/2024 0:00,210.8216321
12/18/2024 0:15,148.2013453
12/18/2024 0:30,127.758638
12/18/2024 0:45,122.32492
12/18/2024 1:00,107.2827982
12/18/2024 1:15,86.01178012
12/18/2024 1:30,77.66240855
12/18/2024 1:45,79.31902989
12/18/2024 2:00,78.05999767
12/18/2024 2:15,77.66240855
12/18/2024 2:30,73.48772277
12/18/2024 2:45,83.49371568
12/18/2024 3:00,75.57506566
12/18/2024 3:15,81.83709433
12/18/2024 3:30,75.14434411
12/18/2024 3:45,82.66540501
12/18/2024 4:00,73.05700122
12/18/2024 4:15,81.83709433
12/18/2024 4:30,75.97265478
12/18/2024 4:45,272.1828866
12/18/2024 5:00,574.0192953
12/18/2024 5:15,582.3686668
12/18/2024 5:30,539.7934983
12/18/2024 5:45,500.9622941
12/18/2024 6:00,512.6580407
12/18/2024 6:15,513.917073
12/18/2024 6:30,920.0874938
12/18/2024 6:45,2386.263647
12/18/2024 7:00,2570.347411
12/18/2024 7:15,2512.73012
12/18/2024 7:30,2497.290409
12/18/2024 7:45,2500.206063
12/18/2024 8:00,2657.187501
12/18/2024 8:15,2677.23262
12/18/2024 8:30,2860.090483
12/18/2024 8:45,2755.723339
12/18/2024 9:00,2744.425181
12/18/2024 9:15,2868.009134
12/18/2024 9:30,2627.964701
12/18/2024 9:45,2614.612333
12/18/2024 10:00,2686.410302
12/18/2024 10:15,2760.726335
12/18/2024 10:30,2820.828558
12/18/2024 10:45,2785.77445
12/18/2024 11:00,2670.539869
12/18/2024 11:15,2726.898128
12/18/2024 11:30,2812.909908
12/18/2024 11:45,2895.144591
12/18/2024 12:00,2706.45542
12/18/2024 12:15,2578.299193
12/18/2024 12:30,2584.958811
12/18/2024 12:45,2376.224522
12/18/2024 13:00,2530.687896
12/18/2024 13:15,2556.166732
12/18/2024 13:30,2578.299193
12/18/2024 13:45,2016.803955
12/18/2024 14:00,1264.499071
12/18/2024 14:15,1146.779558
12/18/2024 14:30,874.1659502
12/18/2024 14:45,736.0037302
12/18/2024 15:00,722.6513622
12/18/2024 15:15,718.4766764
12/18/2024 15:30,646.645575
12/18/2024 15:45,450.4353431
12/18/2024 16:00,255.0865544
12/18/2024 16:15,255.914865
12/18/2024 16:30,258.3997971
12/18/2024 16:45,252.9992115
12/18/2024 17:00,255.914865
12/18/2024 17:15,255.4841435
12/18/2024 17:30,252.5684899
12/18/2024 17:45,254.2251113
12/18/2024 18:00,253.3968006
12/18/2024 18:15,252.9992115
12/18/2024 18:30,249.2221148
12/18/2024 18:45,252.9992115
12/18/2024 19:00,248.8245257
12/18/2024 19:15,249.6528364
12/18/2024 19:30,252.5684899
12/18/2024 19:45,250.9118686
12/18/2024 20:00,249.2221148
12/18/2024 20:15,251.7401793
12/18/2024 20:30,248.8245257
12/18/2024 20:45,247.1347719
12/18/2024 21:00,245.047429
12/18/2024 21:15,244.2191184
12/18/2024 21:30,245.8757397
12/18/2024 21:45,244.2191184
12/18/2024 22:00,245.047429
12/18/2024 22:15,247.5654935
12/18/2024 22:30,239.613711
12/18/2024 22:45,240.0444326
12/18/2024 23:00,252.5684899
12/18/2024 23:15,243.7883968
12/18/2024 23:30,246.7371828
12/18/2024 23:45,244.2191184
12/19/2024 0:00,247.1347719
12/19/2024 0:15,171.5928387
12/19/2024 0:30,162.8127456
12/19/2024 0:45,158.6380598
12/19/2024 1:00,106.4544875
12/19/2024 1:15,86.40936924
12/19/2024 1:30,80.57806211
12/19/2024 1:45,80.14734056
12/19/2024 2:00,78.05999767
12/19/2024 2:15,82.66540501
12/19/2024 2:30,75.97265478
12/19/2024 2:45,84.7527479
12/19/2024 3:00,78.49071922
12/19/2024 3:15,78.05999767
12/19/2024 3:30,80.14734056
12/19/2024 3:45,77.66240855
12/19/2024 4:00,75.97265478
12/19/2024 4:15,82.66540501
12/19/2024 4:30,81.83709433
12/19/2024 4:45,101.451491
12/19/2024 5:00,619.5101174
12/19/2024 5:15,701.3472117
12/19/2024 5:30,668.7780361
12/19/2024 5:45,587.3716633
12/19/2024 6:00,624.1155247
12/19/2024 6:15,590.2873169
12/19/2024 6:30,555.6639308
12/19/2024 6:45,835.3678783
12/19/2024 7:00,955.572323
12/19/2024 7:15,955.1747338
12/19/2024 7:30,1084.589993
12/19/2024 7:45,1074.153279
12/19/2024 8:00,2433.841812
12/19/2024 8:15,2147.875836
12/19/2024 8:30,2076.077867
12/19/2024 8:45,2653.443537
12/19/2024 9:00,2622.133394
12/19/2024 9:15,2507.329535
12/19/2024 9:30,2454.715241
12/19/2024 9:45,2500.206063
12/19/2024 10:00,2674.714555
12/19/2024 10:15,2702.678324
12/19/2024 10:30,2588.305186
12/19/2024 10:45,2619.615329
12/19/2024 11:00,2625.877358
12/19/2024 11:15,2573.693786
12/19/2024 11:30,2660.931466
12/19/2024 11:45,2608.350304
12/19/2024 12:00,2509.416878
12/19/2024 12:15,2531.118617
12/19/2024 12:30,1767.548708
12/19/2024 12:45,1293.324282
12/19/2024 13:00,1357.203601
12/19/2024 13:15,1317.544086
12/19/2024 13:30,1160.993369
12/19/2024 13:45,1273.709886
12/19/2024 14:00,1263.273171
12/19/2024 14:15,1179.348734
12/19/2024 14:30,1202.309506
12/19/2024 14:45,951.0000481
12/19/2024 15:00,756.0488484
12/19/2024 15:15,745.1814124
12/19/2024 15:30,585.715042
12/19/2024 15:45,333.9748627
12/19/2024 16:00,257.1738973
12/19/2024 16:15,253.3968006
12/19/2024 16:30,252.9992115
12/19/2024 16:45,250.9118686
12/19/2024 17:00,252.1377684
12/19/2024 17:15,253.8275221
12/19/2024 17:30,248.3938041
12/19/2024 17:45,250.0504255
12/19/2024 18:00,251.7401793
12/19/2024 18:15,250.481147
12/19/2024 18:30,244.6498399
12/19/2024 18:45,250.9118686
12/19/2024 19:00,249.6528364
12/19/2024 19:15,248.3938041
12/19/2024 19:30,247.5654935
12/19/2024 19:45,251.3094577
12/19/2024 20:00,244.6498399
12/19/2024 20:15,240.0444326
12/19/2024 20:30,248.8245257
12/19/2024 20:45,237.9570897
12/19/2024 21:00,246.7371828
12/19/2024 21:15,247.1347719
12/19/2024 21:30,243.7883968
12/19/2024 21:45,231.2643395
12/19/2024 22:00,230.0384397
12/19/2024 22:15,222.0866572
12/19/2024 22:30,229.1769966
12/19/2024 22:45,217.9119714
12/19/2024 23:00,178.2524565
12/19/2024 23:15,171.9904278
12/19/2024 23:30,172.4211494
12/19/2024 23:45,171.5928387
12/20/2024 0:00,172.4211494
12/20/2024 0:15,98.93342659
12/20/2024 0:30,98.93342659
12/20/2024 0:45,96.01777303
12/20/2024 1:00,96.01777303
12/20/2024 1:15,88.49671213
12/20/2024 1:30,90.58405502
12/20/2024 1:45,88.92743368
12/20/2024 2:00,88.09912301
12/20/2024 2:15,86.40936924
12/20/2024 2:30,81.40637279
12/20/2024 2:45,91.4123657
12/20/2024 3:00,69.71062611
12/20/2024 3:15,76.80096545
12/20/2024 3:30,71.797969
12/20/2024 3:45,76.40337633
12/20/2024 4:00,68.88231543
12/20/2024 4:15,75.14434411
12/20/2024 4:30,70.96965833
12/20/2024 4:45,138.5929415
12/20/2024 5:00,620.7691496
12/20/2024 5:15,789.0156132
12/20/2024 5:30,724.3079835
12/20/2024 5:45,734.3139764
12/20/2024 6:00,737.2627624
12/20/2024 6:15,695.9134937
12/20/2024 6:30,955.1747338
12/20/2024 6:45,2395.838918
12/20/2024 7:00,2517.766249
12/20/2024 7:15,2504.81147
12/20/2024 7:30,2524.856589
12/20/2024 7:45,2521.940935
12/20/2024 8:00,2542.383642
12/20/2024 8:15,2635.883351
12/20/2024 8:30,2606.66055
12/20/2024 8:45,2508.986156
12/20/2024 9:00,2669.280837
12/20/2024 9:15,2583.699779
12/20/2024 9:30,2488.543449
12/20/2024 9:45,2635.05504
12/20/2024 10:00,2624.220737
12/20/2024 10:15,2561.60045
12/20/2024 10:30,2554.9077
12/20/2024 10:45,2502.293406
12/20/2024 11:00,2603.347308
12/20/2024 11:15,2421.748476
12/20/2024 11:30,2403.359979
12/20/2024 11:45,2346.604132
12/20/2024 12:00,1252.836457
12/20/2024 12:15,1072.065936
12/20/2024 12:30,1088.333957
12/20/2024 12:45,1144.692215
12/20/2024 13:00,1038.237728
12/20/2024 13:15,1098.373083
12/20/2024 13:30,981.0511592
12/20/2024 13:45,1053.677439
12/20/2024 14:00,1115.900137
12/20/2024 14:15,966.439759
12/20/2024 14:30,1000.267967
12/20/2024 14:45,844.9431497
12/20/2024 15:00,871.6810182
12/20/2024 15:15,806.9733885
12/20/2024 15:30,667.5190039
12/20/2024 15:45,434.5980431
12/20/2024 16:00,262.1768937
12/20/2024 16:15,252.5684899
12/20/2024 16:30,251.7401793
12/20/2024 16:45,251.7401793
12/20/2024 17:00,250.481147
12/20/2024 17:15,243.7883968
12/20/2024 17:30,259.6588293
12/20/2024 17:45,253.3968006
12/20/2024 18:00,249.2221148
12/20/2024 18:15,248.8245257
12/20/2024 18:30,243.3908077
12/20/2024 18:45,227.5203752
12/20/2024 19:00,230.4360288
12/20/2024 19:15,227.9510968
12/20/2024 19:30,240.4751541
12/20/2024 19:45,215.8246285
12/20/2024 20:00,207.9059785
12/20/2024 20:15,192.8638567
12/20/2024 20:30,182.4271423
12/20/2024 20:45,180.3397994
12/20/2024 21:00,179.5114887
12/20/2024 21:15,178.2524565
12/20/2024 21:30,177.4241458
12/20/2024 21:45,189.1198925
12/20/2024 22:00,176.5958351
12/20/2024 22:15,179.9422103
12/20/2024 22:30,173.6801816
12/20/2024 22:45,180.7705209
12/20/2024 23:00,171.1621171
12/20/2024 23:15,173.24946
12/20/2024 23:30,171.9904278
12/20/2024 23:45,168.6440527
12/21/2024 0:00,145.2856918
12/21/2024 0:15,94.36115169
12/21/2024 0:30,94.75874081
12/21/2024 0:45,96.01777303
12/21/2024 1:00,93.93043014
12/21/2024 1:15,89.75574435
12/21/2024 1:30,91.01477657
12/21/2024 1:45,87.66840146
12/21/2024 2:00,82.23468346
12/21/2024 2:15,84.7527479
12/21/2024 2:30,84.32202635
12/21/2024 2:45,84.32202635
12/21/2024 3:00,82.23468346
12/21/2024 3:15,75.14434411
12/21/2024 3:30,78.49071922
12/21/2024 3:45,76.80096545
12/21/2024 4:00,75.57506566
12/21/2024 4:15,75.97265478
12/21/2024 4:30,75.57506566
12/21/2024 4:45,69.31303698
12/21/2024 5:00,80.97565124
12/21/2024 5:15,210.8216321
12/21/2024 5:30,245.4781506
12/21/2024 5:45,193.6921674
12/21/2024 6:00,227.5203752
12/21/2024 6:15,267.6106117
12/21/2024 6:30,421.2125426
12/21/2024 6:45,938.0452691
12/21/2024 7:00,1009.014927
12/21/2024 7:15,1098.373083
12/21/2024 7:30,1180.177045
12/21/2024 7:45,1290.806218
12/21/2024 8:00,1158.044583
12/21/2024 8:15,1135.945255
12/21/2024 8:30,1234.050371
12/21/2024 8:45,1267.447857
12/21/2024 9:00,1157.646994
12/21/2024 9:15,1102.945358
12/21/2024 9:30,1084.589993
12/21/2024 9:45,791.9312667
12/21/2024 10:00,699.2598688
12/21/2024 10:15,689.2538759
12/21/2024 10:30,717.6152333
12/21/2024 10:45,732.2266335
12/21/2024 11:00,714.6995797
12/21/2024 11:15,714.6995797
12/21/2024 11:30,629.5492427
12/21/2024 11:45,632.0341747
12/21/2024 12:00,630.8082749
12/21/2024 12:15,631.205864
12/21/2024 12:30,643.3323323
12/21/2024 12:45,662.946729
12/21/2024 13:00,660.4286645
12/21/2024 13:15,632.8956178
12/21/2024 13:30,652.9076036
12/21/2024 13:45,652.9076036
12/21/2024 14:00,625.772146
12/21/2024 14:15,632.8956178
12/21/2024 14:30,622.4589033
12/21/2024 14:45,579.4530133
12/21/2024 15:00,294.3153478
12/21/2024 15:15,246.7371828
12/21/2024 15:30,245.047429
12/21/2024 15:45,208.7342892
12/21/2024 16:00,209.9933214
12/21/2024 16:15,172.4211494
12/21/2024 16:30,183.6861745
12/21/2024 16:45,164.9000885
12/21/2024 17:00,180.3397994
12/21/2024 17:15,168.2464636
12/21/2024 17:30,162.8127456
12/21/2024 17:45,179.5114887
12/21/2024 18:00,172.4211494
12/21/2024 18:15,157.8097491
12/21/2024 18:30,186.6018281
12/21/2024 18:45,188.6891709
12/21/2024 19:00,165.7283991
12/21/2024 19:15,168.2464636
12/21/2024 19:30,172.8187385
12/21/2024 19:45,161.9844349
12/21/2024 20:00,180.7705209
12/21/2024 20:15,158.2073382
12/21/2024 20:30,155.2916847
12/21/2024 20:45,177.4241458
12/21/2024 21:00,155.7224062
12/21/2024 21:15,160.7254027
12/21/2024 21:30,170.7313956
12/21/2024 21:45,159.0687813
12/21/2024 22:00,153.2043418
12/21/2024 22:15,148.2013453
12/21/2024 22:30,152.8067527
12/21/2024 22:45,152.3760311
12/21/2024 23:00,145.2856918
12/21/2024 23:15,141.111006
12/21/2024 23:30,141.5085951
12/21/2024 23:45,139.8519738
12/22/2024 0:00,142.3700382
12/22/2024 0:15,56.78897963
12/22/2024 0:30,61.79197609
12/22/2024 0:45,55.52994741
12/22/2024 1:00,53.44260452
12/22/2024 1:15,60.53294387
12/22/2024 1:30,55.09922586
12/22/2024 1:45,59.70463319
12/22/2024 2:00,51.75285075
12/22/2024 2:15,53.01188297
12/22/2024 2:30,60.96366542
12/22/2024 2:45,53.44260452
12/22/2024 3:00,57.18656875
12/22/2024 3:15,55.52994741
12/22/2024 3:30,52.61429385
12/22/2024 3:45,59.70463319
12/22/2024 4:00,52.61429385
12/22/2024 4:15,58.01487943
12/22/2024 4:30,56.35825808
12/22/2024 4:45,52.61429385
12/22/2024 5:00,60.10222232
12/22/2024 5:15,52.1835723
12/22/2024 5:30,59.27391165
12/22/2024 5:45,53.44260452
12/22/2024 6:00,54.70163674
12/22/2024 6:15,55.52994741
12/22/2024 6:30,54.27091519
12/22/2024 6:45,63.44859743
12/22/2024 7:00,50.92454008
12/22/2024 7:15,57.18656875
12/22/2024 7:30,50.52695096
12/22/2024 7:45,53.84019364
12/22/2024 8:00,55.92753653
12/22/2024 8:15,50.92454008
12/22/2024 8:30,60.53294387
12/22/2024 8:45,51.35526163
12/22/2024 9:00,58.87632252
12/22/2024 9:15,56.35825808
12/22/2024 9:30,56.78897963
12/22/2024 9:45,62.62028676
12/22/2024 10:00,58.01487943
12/22/2024 10:15,61.36125454
12/22/2024 10:30,65.53594032
12/22/2024 10:45,66.36425099
12/22/2024 11:00,62.62028676
12/22/2024 11:15,70.14134765
12/22/2024 11:30,68.45159388
12/22/2024 11:45,67.62328321
12/22/2024 12:00,74.31603344
12/22/2024 12:15,65.1383512
12/22/2024 12:30,73.88531189
12/22/2024 12:45,78.49071922
12/22/2024 13:00,77.231687
12/22/2024 13:15,75.97265478
12/22/2024 13:30,73.88531189
12/22/2024 13:45,85.15033702
12/22/2024 14:00,84.7527479
12/22/2024 14:15,81.83709433
12/22/2024 14:30,83.49371568
12/22/2024 14:45,87.66840146
12/22/2024 15:00,86.84009079
12/22/2024 15:15,83.49371568
12/22/2024 15:30,86.01178012
12/22/2024 15:45,91.4123657
12/22/2024 16:00,84.32202635
12/22/2024 16:15,88.49671213
12/22/2024 16:30,84.7527479
12/22/2024 16:45,78.05999767
12/22/2024 17:00,90.1864659
12/22/2024 17:15,80.14734056
12/22/2024 17:30,78.05999767
12/22/2024 17:45,82.23468346
12/22/2024 18:00,73.88531189
12/22/2024 18:15,78.88830834
12/22/2024 18:30,73.48772277
12/22/2024 18:45,73.88531189
12/22/2024 19:00,74.31603344
12/22/2024 19:15,71.40037987
12/22/2024 19:30,68.88231543
12/22/2024 19:45,62.62028676
12/22/2024 20:00,64.2769081
12/22/2024 20:15,56.35825808
12/22/2024 20:30,67.22569409
12/22/2024 20:45,54.27091519
12/22/2024 21:00,63.05100831
12/22/2024 21:15,68.45159388
12/22/2024 21:30,56.78897963
12/22/2024 21:45,65.1383512
12/22/2024 22:00,55.09922586
12/22/2024 22:15,67.22569409
12/22/2024 22:30,56.35825808
12/22/2024 22:45,63.05100831
12/22/2024 23:00,57.6172903
12/22/2024 23:15,60.96366542
12/22/2024 23:30,60.96366542
12/22/2024 23:45,57.6172903
12/23/2024 0:00,63.05100831
12/23/2024 0:15,61.36125454
12/23/2024 0:30,59.27391165
12/23/2024 0:45,54.27091519
12/23/2024 1:00,60.10222232
12/23/2024 1:15,51.75285075
12/23/2024 1:30,56.78897963
12/23/2024 1:45,57.18656875
12/23/2024 2:00,52.61429385
12/23/2024 2:15,58.87632252
12/23/2024 2:30,54.70163674
12/23/2024 2:45,53.84019364
12/23/2024 3:00,53.84019364
12/23/2024 3:15,59.27391165
12/23/2024 3:30,52.61429385
12/23/2024 3:45,52.61429385
12/23/2024 4:00,54.27091519
12/23/2024 4:15,55.09922586
12/23/2024 4:30,55.52994741
12/23/2024 4:45,51.75285075
12/23/2024 5:00,53.44260452
12/23/2024 5:15,51.75285075
12/23/2024 5:30,58.44560097
12/23/2024 5:45,54.27091519
12/23/2024 6:00,53.44260452
12/23/2024 6:15,51.75285075
12/23/2024 6:30,51.75285075
12/23/2024 6:45,53.84019364
12/23/2024 7:00,56.78897963
12/23/2024 7:15,52.1835723
12/23/2024 7:30,50.92454008
12/23/2024 7:45,52.1835723
12/23/2024 8:00,50.09622941
12/23/2024 8:15,50.52695096
12/23/2024 8:30,51.75285075
12/23/2024 8:45,50.52695096
12/23/2024 9:00,49.26791874
12/23/2024 9:15,53.84019364
12/23/2024 9:30,57.6172903
12/23/2024 9:45,50.92454008
12/23/2024 10:00,51.35526163
12/23/2024 10:15,52.1835723
12/23/2024 10:30,55.09922586
12/23/2024 10:45,50.92454008
12/23/2024 11:00,50.52695096
12/23/2024 11:15,52.61429385
12/23/2024 11:30,53.44260452
12/23/2024 11:45,53.44260452
12/23/2024 12:00,52.1835723
12/23/2024 12:15,49.66550786
12/23/2024 12:30,50.52695096
12/23/2024 12:45,55.92753653
12/23/2024 13:00,53.01188297
12/23/2024 13:15,50.52695096
12/23/2024 13:30,50.52695096
12/23/2024 13:45,56.35825808
12/23/2024 14:00,51.35526163
12/23/2024 14:15,51.75285075
12/23/2024 14:30,50.52695096
12/23/2024 14:45,57.6172903
12/23/2024 15:00,50.09622941
12/23/2024 15:15,50.92454008
12/23/2024 15:30,50.52695096
12/23/2024 15:45,55.09922586
12/23/2024 16:00,53.84019364
12/23/2024 16:15,50.52695096
12/23/2024 16:30,50.92454008
12/23/2024 16:45,55.52994741
12/23/2024 17:00,50.52695096
12/23/2024 17:15,51.35526163
12/23/2024 17:30,50.92454008
12/23/2024 17:45,49.26791874
12/23/2024 18:00,55.92753653
12/23/2024 18:15,50.09622941
12/23/2024 18:30,51.75285075
12/23/2024 18:45,50.09622941
12/23/2024 19:00,49.66550786
12/23/2024 19:15,56.78897963
12/23/2024 19:30,52.1835723
12/23/2024 19:45,52.1835723
12/23/2024 20:00,52.61429385
12/23/2024 20:15,53.01188297
12/23/2024 20:30,52.61429385
12/23/2024 20:45,51.35526163
12/23/2024 21:00,53.84019364
12/23/2024 21:15,55.92753653
12/23/2024 21:30,52.1835723
12/23/2024 21:45,53.01188297
12/23/2024 22:00,53.01188297
12/23/2024 22:15,51.35526163
12/23/2024 22:30,52.1835723
12/23/2024 22:45,53.01188297
12/23/2024 23:00,51.35526163
12/23/2024 23:15,51.35526163
12/23/2024 23:30,51.35526163
12/23/2024 23:45,53.44260452
12/24/2024 0:00,62.18956521
12/24/2024 0:15,51.75285075
12/24/2024 0:30,52.1835723
12/24/2024 0:45,53.44260452
12/24/2024 1:00,52.1835723
12/24/2024 1:15,52.61429385
12/24/2024 1:30,53.44260452
12/24/2024 1:45,52.1835723
12/24/2024 2:00,52.61429385
12/24/2024 2:15,53.44260452
12/24/2024 2:30,52.1835723
12/24/2024 2:45,51.75285075
12/24/2024 3:00,51.75285075
12/24/2024 3:15,54.70163674
12/24/2024 3:30,52.1835723
12/24/2024 3:45,51.75285075
12/24/2024 4:00,51.75285075
12/24/2024 4:15,53.44260452
12/24/2024 4:30,75.97265478
12/24/2024 4:45,181.16811
12/24/2024 5:00,189.9482032
12/24/2024 5:15,868.334643
12/24/2024 5:30,1656.521946
12/24/2024 5:45,1651.916538
12/24/2024 6:00,1669.046003
12/24/2024 6:15,1669.046003
12/24/2024 6:30,1816.419038
12/24/2024 6:45,2056.861059
12/24/2024 7:00,2070.644149
12/24/2024 7:15,2092.77661
12/24/2024 7:30,2097.779606
12/24/2024 7:45,2101.523571
12/24/2024 8:00,2106.957289
12/24/2024 8:15,2093.174199
12/24/2024 8:30,2108.216321
12/24/2024 8:45,2097.348885
12/24/2024 9:00,2076.077867
12/24/2024 9:15,2122.827721
12/24/2024 9:30,2163.315547
12/24/2024 9:45,2407.137076
12/24/2024 10:00,2465.151955
12/24/2024 10:15,2422.974376
12/24/2024 10:30,2443.450216
12/24/2024 10:45,2440.932151
12/24/2024 11:00,2492.718135
12/24/2024 11:15,2618.787019
12/24/2024 11:30,2656.359191
12/24/2024 11:45,2611.265958
12/24/2024 12:00,2560.341418
12/24/2024 12:15,2431.323748
12/24/2024 12:30,2534.464992
12/24/2024 12:45,2736.506531
12/24/2024 13:00,2721.06682
12/24/2024 13:15,2731.072813
12/24/2024 13:30,2396.700361
12/24/2024 13:45,1988.409465
12/24/2024 14:00,1340.902447
12/24/2024 14:15,1235.27627
12/24/2024 14:30,988.5722201
12/24/2024 14:45,710.5248939
12/24/2024 15:00,705.952619
12/24/2024 15:15,701.3472117
12/24/2024 15:30,647.0762965
12/24/2024 15:45,593.2361029
12/24/2024 16:00,585.2843204
12/24/2024 16:15,583.6276991
12/24/2024 16:30,581.5403562
12/24/2024 16:45,586.9740742
12/24/2024 17:00,583.1969775
12/24/2024 17:15,580.281324
12/24/2024 17:30,577.7632595
12/24/2024 17:45,579.8506024
12/24/2024 18:00,533.9290588
12/24/2024 18:15,568.1879882
12/24/2024 18:30,599.06741
12/24/2024 18:45,585.715042
12/24/2024 19:00,575.6759166
12/24/2024 19:15,578.6247026
12/24/2024 19:30,578.6247026
12/24/2024 19:45,571.9319524
12/24/2024 20:00,537.2754339
12/24/2024 20:15,534.7905019
12/24/2024 20:30,556.4922415
12/24/2024 20:45,600.3264422
12/24/2024 21:00,545.2272163
12/24/2024 21:15,576.9349488
12/24/2024 21:30,598.2390993
12/24/2024 21:45,599.06741
12/24/2024 22:00,528.5284732
12/24/2024 22:15,531.0134052
12/24/2024 22:30,536.0164017
12/24/2024 22:45,533.5314697
12/24/2024 23:00,507.2243227
12/24/2024 23:15,505.9652905
12/24/2024 23:30,505.9652905
12/24/2024 23:45,243.3908077
12/25/2024 0:00,191.2072354
12/25/2024 0:15,91.84308725
12/25/2024 0:30,73.05700122
12/25/2024 0:45,89.3250228
12/25/2024 1:00,72.22869055
12/25/2024 1:15,71.40037987
12/25/2024 1:30,72.22869055
12/25/2024 1:45,72.62627967
12/25/2024 2:00,70.96965833
12/25/2024 2:15,71.40037987
12/25/2024 2:30,73.05700122
12/25/2024 2:45,71.40037987
12/25/2024 3:00,71.40037987
12/25/2024 3:15,72.22869055
12/25/2024 3:30,72.62627967
12/25/2024 3:45,71.40037987
12/25/2024 4:00,70.96965833
12/25/2024 4:15,74.31603344
12/25/2024 4:30,108.5418304
12/25/2024 4:45,216.2553501
12/25/2024 5:00,230.4360288
12/25/2024 5:15,1039.49676
12/25/2024 5:30,1674.87731
12/25/2024 5:45,1692.835085
12/25/2024 6:00,1799.720294
12/25/2024 6:15,1810.554598
12/25/2024 6:30,2232.628584
12/25/2024 6:45,2266.423659
12/25/2024 7:00,2673.057934
12/25/2024 7:15,2666.795905
12/25/2024 7:30,2728.15716
12/25/2024 7:45,2870.096476
12/25/2024 8:00,2958.593189
12/25/2024 8:15,3066.73743
12/25/2024 8:30,3024.990572
12/25/2024 8:45,2862.575416
12/25/2024 9:00,2869.268166
12/25/2024 9:15,2816.256283
12/25/2024 9:30,2770.732328
12/25/2024 9:45,2780.771454
12/25/2024 10:00,2798.696097
12/25/2024 10:15,2862.177826
12/25/2024 10:30,2789.949136
12/25/2024 10:45,2773.647982
12/25/2024 11:00,2761.123924
12/25/2024 11:15,2769.075707
12/25/2024 11:30,2837.958022
12/25/2024 11:45,2809.563533
12/25/2024 12:00,2730.675224
12/25/2024 12:15,2693.931363
12/25/2024 12:30,2655.100159
12/25/2024 12:45,2835.439958
12/25/2024 13:00,2901.40662
12/25/2024 13:15,2873.840441
12/25/2024 13:30,2794.123822
12/25/2024 13:45,2805.819568
12/25/2024 14:00,2308.170517
12/25/2024 14:15,1631.043109
12/25/2024 14:30,1328.37839
12/25/2024 14:45,924.6929011
12/25/2024 15:00,748.5277875
12/25/2024 15:15,700.518901
12/25/2024 15:30,617.0251853
12/25/2024 15:45,624.1155247
12/25/2024 16:00,746.4404446
12/25/2024 16:15,841.1991854
12/25/2024 16:30,824.0697208
12/25/2024 16:45,832.0215032
12/25/2024 17:00,684.6484686
12/25/2024 17:15,571.1036417
12/25/2024 17:30,553.5765879
12/25/2024 17:45,612.8504996
12/25/2024 18:00,570.275331
12/25/2024 18:15,577.7632595
12/25/2024 18:30,609.0734029
12/25/2024 18:45,600.7240313
12/25/2024 19:00,598.6366884
12/25/2024 19:15,589.8897277
12/25/2024 19:30,584.4560097
12/25/2024 19:45,568.5855773
12/25/2024 20:00,549.7994912
12/25/2024 20:15,550.2302128
12/25/2024 20:30,544.7964948
12/25/2024 20:45,576.9349488
12/25/2024 21:00,611.1607458
12/25/2024 21:15,620.7691496
12/25/2024 21:30,540.1910875
12/25/2024 21:45,601.5854744
12/25/2024 22:00,554.8024877
12/25/2024 22:15,546.8838377
12/25/2024 22:30,525.5796872
12/25/2024 22:45,349.4145736
12/25/2024 23:00,211.2523536
12/25/2024 23:15,215.8246285
12/25/2024 23:30,204.990325
12/25/2024 23:45,153.6350633
12/26/2024 0:00,141.5085951
12/26/2024 0:15,101.8490802
12/26/2024 0:30,85.58105857
12/26/2024 0:45,86.84009079
12/26/2024 1:00,93.10211947
12/26/2024 1:15,104.3671446
12/26/2024 1:30,85.58105857
12/26/2024 1:45,86.01178012
12/26/2024 2:00,93.10211947
12/26/2024 2:15,107.7135197
12/26/2024 2:30,86.01178012
12/26/2024 2:45,88.92743368
12/26/2024 3:00,91.01477657
12/26/2024 3:15,91.01477657
12/26/2024 3:30,93.49970859
12/26/2024 3:45,88.09912301
12/26/2024 4:00,86.84009079
12/26/2024 4:15,88.49671213
12/26/2024 4:30,111.4574839
12/26/2024 4:45,292.6587264
12/26/2024 5:00,1727.491604
12/26/2024 5:15,2071.472459
12/26/2024 5:30,2151.6198
12/26/2024 5:45,2329.474667
12/26/2024 6:00,2614.181611
12/26/2024 6:15,2635.883351
12/26/2024 6:30,2586.648565
12/26/2024 6:45,2560.341418
12/26/2024 7:00,2929.370388
12/26/2024 7:15,3039.171251
12/26/2024 7:30,3004.117143
12/26/2024 7:45,3034.565843
12/26/2024 8:00,3003.686421
12/26/2024 8:15,3027.475504
12/26/2024 8:30,2987.4184
12/26/2024 8:45,2731.901124
12/26/2024 9:00,2676.404309
12/26/2024 9:15,2652.184505
12/26/2024 9:30,2631.311076
12/26/2024 9:45,2676.801898
12/26/2024 10:00,2699.365081
12/26/2024 10:15,2693.500641
12/26/2024 10:30,2724.413196
12/26/2024 10:45,2699.76267
12/26/2024 11:00,2734.419188
12/26/2024 11:15,2703.937356
12/26/2024 11:30,2741.940249
12/26/2024 11:45,2875.099473
12/26/2024 12:00,2874.701884
12/26/2024 12:15,2855.485076
12/26/2024 12:30,2790.777447
12/26/2024 12:45,2875.927784
12/26/2024 13:00,2768.644985
12/26/2024 13:15,2543.642675
12/26/2024 13:30,2374.965489
12/26/2024 13:45,2347.001721
12/26/2024 14:00,1573.856541
12/26/2024 14:15,1050.364196
12/26/2024 14:30,1029.888356
12/26/2024 14:45,543.9681841
12/26/2024 15:00,537.7061554
12/26/2024 15:15,398.2517708
12/26/2024 15:30,259.2612401
12/26/2024 15:45,212.4782534
12/26/2024 16:00,217.5143823
12/26/2024 16:15,213.3396965
12/26/2024 16:30,214.5655963
12/26/2024 16:45,224.1740001
12/26/2024 17:00,205.3879141
12/26/2024 17:15,195.3819212
12/26/2024 17:30,196.2102318
12/26/2024 17:45,171.5928387
12/26/2024 18:00,192.4662676
12/26/2024 18:15,176.5958351
12/26/2024 18:30,175.3368029
12/26/2024 18:45,179.9422103
12/26/2024 19:00,186.6018281
12/26/2024 19:15,178.683178
12/26/2024 19:30,169.0747742
12/26/2024 19:45,175.7675245
12/26/2024 20:00,179.0807672
12/26/2024 20:15,162.382024
12/26/2024 20:30,168.2464636
12/26/2024 20:45,167.4181529
12/26/2024 21:00,164.0717778
12/26/2024 21:15,165.33081
12/26/2024 21:30,169.5054958
12/26/2024 21:45,176.9934243
12/26/2024 22:00,166.1591207
12/26/2024 22:15,166.1591207
12/26/2024 22:30,156.9814384
12/26/2024 22:45,165.33081
12/26/2024 23:00,162.8127456
12/26/2024 23:15,157.8097491
12/26/2024 23:30,162.8127456
12/26/2024 23:45,156.5507169
12/27/2024 0:00,119.8068555
12/27/2024 0:15,91.01477657
12/27/2024 0:30,90.58405502
12/27/2024 0:45,96.8460837
12/27/2024 1:00,89.75574435
12/27/2024 1:15,90.1864659
12/27/2024 1:30,93.93043014
12/27/2024 1:45,90.58405502
12/27/2024 2:00,93.93043014
12/27/2024 2:15,89.75574435
12/27/2024 2:30,92.27380879
12/27/2024 2:45,90.1864659
12/27/2024 3:00,90.1864659
12/27/2024 3:15,91.84308725
12/27/2024 3:30,89.75574435
12/27/2024 3:45,89.75574435
12/27/2024 4:00,90.1864659
12/27/2024 4:15,92.27380879
12/27/2024 4:30,102.7105233
12/27/2024 4:45,263.0052044
12/27/2024 5:00,983.1385021
12/27/2024 5:15,2063.951399
12/27/2024 5:30,2013.026858
12/27/2024 5:45,1939.141547
12/27/2024 6:00,1994.671494
12/27/2024 6:15,1960.445697
12/27/2024 6:30,1938.313236
12/27/2024 6:45,2087.342892
12/27/2024 7:00,2421.317755
12/27/2024 7:15,2509.416878
12/27/2024 7:30,2506.898813
12/27/2024 7:45,2400.013604
12/27/2024 8:00,2476.416981
12/27/2024 8:15,2526.943931
12/27/2024 8:30,2507.329535
12/27/2024 8:45,2432.185191
12/27/2024 9:00,2380.001618
12/27/2024 9:15,2403.359979
12/27/2024 9:30,2366.616118
12/27/2024 9:45,2414.625004
12/27/2024 10:00,2446.365869
12/27/2024 10:15,2337.824039
12/27/2024 10:30,2450.109834
12/27/2024 10:45,2440.534562
12/27/2024 11:00,2606.66055
12/27/2024 11:15,2632.967697
12/27/2024 11:30,2586.217843
12/27/2024 11:45,2622.961704
12/27/2024 12:00,2574.522096
12/27/2024 12:15,2546.98905
12/27/2024 12:30,2584.1305
12/27/2024 12:45,2450.540555
12/27/2024 13:00,2614.612333
12/27/2024 13:15,2685.15127
12/27/2024 13:30,2714.37407
12/27/2024 13:45,2412.968383
12/27/2024 14:00,1535.025336
12/27/2024 14:15,1511.236254
12/27/2024 14:30,1371.38428
12/27/2024 14:45,986.0541557
12/27/2024 15:00,778.5788987
12/27/2024 15:15,650.4226716
12/27/2024 15:30,601.5854744
12/27/2024 15:45,481.3478974
12/27/2024 16:00,246.7371828
12/27/2024 16:15,245.047429
12/27/2024 16:30,235.0414361
12/27/2024 16:45,236.3004683
12/27/2024 17:00,251.7401793
12/27/2024 17:15,233.3516823
12/27/2024 17:30,228.3486859
12/27/2024 17:45,227.9510968
12/27/2024 18:00,245.8757397
12/27/2024 18:15,227.9510968
12/27/2024 18:30,229.1769966
12/27/2024 18:45,221.2583465
12/27/2024 19:00,227.0896537
12/27/2024 19:15,220.827625
12/27/2024 19:30,237.128779
12/27/2024 19:45,227.9510968
12/27/2024 20:00,217.5143823
12/27/2024 20:15,222.5173788
12/27/2024 20:30,218.7402821
12/27/2024 20:45,217.0836608
12/27/2024 21:00,214.5655963
12/27/2024 21:15,218.7402821
12/27/2024 21:30,209.5625999
12/27/2024 21:45,197.0385425
12/27/2024 22:00,197.0385425
12/27/2024 22:15,189.1198925
12/27/2024 22:30,196.6409534
12/27/2024 22:45,204.5596034
12/27/2024 23:00,192.4662676
12/27/2024 23:15,187.0325496
12/27/2024 23:30,187.8608603
12/27/2024 23:45,131.9333237
12/28/2024 0:00,129.8459808
12/28/2024 0:15,65.1383512
12/28/2024 0:30,66.36425099
12/28/2024 0:45,60.10222232
12/28/2024 1:00,65.53594032
12/28/2024 1:15,63.44859743
12/28/2024 1:30,60.10222232
12/28/2024 1:45,61.79197609
12/28/2024 2:00,70.96965833
12/28/2024 2:15,61.36125454
12/28/2024 2:30,60.53294387
12/28/2024 2:45,60.10222232
12/28/2024 3:00,66.36425099
12/28/2024 3:15,60.10222232
12/28/2024 3:30,58.87632252
12/28/2024 3:45,59.70463319
12/28/2024 4:00,61.79197609
12/28/2024 4:15,63.44859743
12/28/2024 4:30,79.74975144
12/28/2024 4:45,1017.795021
12/28/2024 5:00,2112.821728
12/28/2024 5:15,2237.63158
12/28/2024 5:30,2135.7825
12/28/2024 5:45,2267.682691
12/28/2024 6:00,2509.814467
12/28/2024 6:15,2657.187501
12/28/2024 6:30,2610.835236
12/28/2024 6:45,2635.485762
12/28/2024 7:00,2434.272534
12/28/2024 7:15,2630.880355
12/28/2024 7:30,2661.362187
12/28/2024 7:45,2484.766352
12/28/2024 8:00,2443.847805
12/28/2024 8:15,2493.944034
12/28/2024 8:30,2467.67002
12/28/2024 8:45,2465.980266
12/28/2024 9:00,2656.359191
12/28/2024 9:15,2509.814467
12/28/2024 9:30,2233.887616
12/28/2024 9:45,2342.429446
12/28/2024 10:00,2425.49244
12/28/2024 10:15,2135.351778
12/28/2024 10:30,1296.670657
12/28/2024 10:45,1273.709886
12/28/2024 11:00,1107.120043
12/28/2024 11:15,1059.541878
12/28/2024 11:30,1028.231735
12/28/2024 11:45,857.0696179
12/28/2024 12:00,761.8801556
12/28/2024 12:15,743.0940695
12/28/2024 12:30,674.6424756
12/28/2024 12:45,688.3924328
12/28/2024 13:00,642.9016107
12/28/2024 13:15,596.5493455
12/28/2024 13:30,612.8504996
12/28/2024 13:45,642.9016107
12/28/2024 14:00,627.0311783
12/28/2024 14:15,605.7601602
12/28/2024 14:30,548.1428699
12/28/2024 14:45,591.14876
12/28/2024 15:00,599.4981315
12/28/2024 15:15,605.7601602
12/28/2024 15:30,615.7661531
12/28/2024 15:45,580.281324
12/28/2024 16:00,612.8504996
12/28/2024 16:15,604.8987171
12/28/2024 16:30,540.621809
12/28/2024 16:45,561.4952379
12/28/2024 17:00,591.14876
12/28/2024 17:15,582.7993884
12/28/2024 17:30,582.3686668
12/28/2024 17:45,575.6759166
12/28/2024 18:00,510.5706979
12/28/2024 18:15,498.0466405
12/28/2024 18:30,508.0526334
12/28/2024 18:45,494.2695438
12/28/2024 19:00,560.2362057
12/28/2024 19:15,561.9259595
12/28/2024 19:30,566.9289559
12/28/2024 19:45,513.0556299
12/28/2024 20:00,489.2665474
12/28/2024 20:15,489.6972689
12/28/2024 20:30,521.0074123
12/28/2024 20:45,560.2362057
12/28/2024 21:00,555.2332093
12/28/2024 21:15,549.4019021
12/28/2024 21:30,514.3146621
12/28/2024 21:45,529.3567839
12/28/2024 22:00,544.7964948
12/28/2024 22:15,550.2302128
12/28/2024 22:30,500.5315725
12/28/2024 22:45,484.6942725
12/28/2024 23:00,493.8719547
12/28/2024 23:15,200.3849176
12/28/2024 23:30,150.7194098
12/28/2024 23:45,134.4182558
12/29/2024 0:00,138.1953524
12/29/2024 0:15,82.66540501
12/29/2024 0:30,67.62328321
12/29/2024 0:45,70.53893678
12/29/2024 1:00,66.79497254
12/29/2024 1:15,67.62328321
12/29/2024 1:30,65.53594032
12/29/2024 1:45,69.71062611
12/29/2024 2:00,68.05400476
12/29/2024 2:15,66.36425099
12/29/2024 2:30,67.62328321
12/29/2024 2:45,67.62328321
12/29/2024 3:00,67.22569409
12/29/2024 3:15,65.96666187
12/29/2024 3:30,67.62328321
12/29/2024 3:45,70.53893678
12/29/2024 4:00,66.79497254
12/29/2024 4:15,66.36425099
12/29/2024 4:30,66.79497254
12/29/2024 4:45,66.36425099
12/29/2024 5:00,65.96666187
12/29/2024 5:15,71.797969
12/29/2024 5:30,67.62328321
12/29/2024 5:45,65.1383512
12/29/2024 6:00,66.79497254
12/29/2024 6:15,66.79497254
12/29/2024 6:30,66.36425099
12/29/2024 6:45,66.36425099
12/29/2024 7:00,65.53594032
12/29/2024 7:15,65.96666187
12/29/2024 7:30,63.87931898
12/29/2024 7:45,64.70762965
12/29/2024 8:00,64.2769081
12/29/2024 8:15,66.36425099
12/29/2024 8:30,64.70762965
12/29/2024 8:45,64.70762965
12/29/2024 9:00,70.14134765
12/29/2024 9:15,65.1383512
12/29/2024 9:30,64.70762965
12/29/2024 9:45,72.22869055
12/29/2024 10:00,65.96666187
12/29/2024 10:15,69.71062611
12/29/2024 10:30,66.79497254
12/29/2024 10:45,75.97265478
12/29/2024 11:00,64.2769081
12/29/2024 11:15,73.48772277
12/29/2024 11:30,71.40037987
12/29/2024 11:45,71.797969
12/29/2024 12:00,80.14734056
12/29/2024 12:15,80.57806211
12/29/2024 12:30,79.31902989
12/29/2024 12:45,83.49371568
12/29/2024 13:00,86.01178012
12/29/2024 13:15,81.40637279
12/29/2024 13:30,78.88830834
12/29/2024 13:45,88.09912301
12/29/2024 14:00,82.23468346
12/29/2024 14:15,81.40637279
12/29/2024 14:30,90.1864659
12/29/2024 14:45,82.23468346
12/29/2024 15:00,83.92443723
12/29/2024 15:15,89.75574435
12/29/2024 15:30,81.83709433
12/29/2024 15:45,90.1864659
12/29/2024 16:00,83.49371568
12/29/2024 16:15,80.97565124
12/29/2024 16:30,92.27380879
12/29/2024 16:45,81.83709433
12/29/2024 17:00,80.97565124
12/29/2024 17:15,83.92443723
12/29/2024 17:30,77.66240855
12/29/2024 17:45,79.31902989
12/29/2024 18:00,78.05999767
12/29/2024 18:15,73.88531189
12/29/2024 18:30,77.66240855
12/29/2024 18:45,80.57806211
12/29/2024 19:00,73.48772277
12/29/2024 19:15,77.66240855
12/29/2024 19:30,76.80096545
12/29/2024 19:45,68.45159388
12/29/2024 20:00,75.57506566
12/29/2024 20:15,70.96965833
12/29/2024 20:30,67.62328321
12/29/2024 20:45,73.88531189
12/29/2024 21:00,66.79497254
12/29/2024 21:15,68.05400476
12/29/2024 21:30,69.71062611
12/29/2024 21:45,68.05400476
12/29/2024 22:00,65.53594032
12/29/2024 22:15,71.40037987
12/29/2024 22:30,68.05400476
12/29/2024 22:45,74.71362256
12/29/2024 23:00,65.96666187
12/29/2024 23:15,65.96666187
12/29/2024 23:30,73.48772277
12/29/2024 23:45,65.96666187
12/30/2024 0:00,65.53594032
12/30/2024 0:15,68.05400476
12/30/2024 0:30,65.96666187
12/30/2024 0:45,70.14134765
12/30/2024 1:00,66.36425099
12/30/2024 1:15,68.05400476
12/30/2024 1:30,65.96666187
12/30/2024 1:45,65.96666187
12/30/2024 2:00,67.22569409
12/30/2024 2:15,65.53594032
12/30/2024 2:30,65.96666187
12/30/2024 2:45,65.1383512
12/30/2024 3:00,67.22569409
12/30/2024 3:15,65.1383512
12/30/2024 3:30,65.53594032
12/30/2024 3:45,66.36425099
12/30/2024 4:00,68.05400476
12/30/2024 4:15,65.96666187
12/30/2024 4:30,66.36425099
12/30/2024 4:45,69.31303698
12/30/2024 5:00,69.71062611
12/30/2024 5:15,66.79497254
12/30/2024 5:30,65.53594032
12/30/2024 5:45,66.79497254
12/30/2024 6:00,64.2769081
12/30/2024 6:15,65.1383512
12/30/2024 6:30,66.79497254
12/30/2024 6:45,65.53594032
12/30/2024 7:00,65.53594032
12/30/2024 7:15,63.44859743
12/30/2024 7:30,65.96666187
12/30/2024 7:45,63.87931898
12/30/2024 8:00,65.1383512
12/30/2024 8:15,64.2769081
12/30/2024 8:30,65.96666187
12/30/2024 8:45,64.2769081
12/30/2024 9:00,64.2769081
12/30/2024 9:15,65.53594032
12/30/2024 9:30,66.36425099
12/30/2024 9:45,69.71062611
12/30/2024 10:00,63.87931898
12/30/2024 10:15,69.71062611
12/30/2024 10:30,67.62328321
12/30/2024 10:45,76.40337633
12/30/2024 11:00,66.36425099
12/30/2024 11:15,74.71362256
12/30/2024 11:30,68.05400476
12/30/2024 11:45,73.88531189
12/30/2024 12:00,78.05999767
12/30/2024 12:15,71.797969
12/30/2024 12:30,78.49071922
12/30/2024 12:45,84.7527479
12/30/2024 13:00,82.66540501
12/30/2024 13:15,76.40337633
12/30/2024 13:30,83.92443723
12/30/2024 13:45,84.32202635
12/30/2024 14:00,77.231687
12/30/2024 14:15,85.15033702
12/30/2024 14:30,82.23468346
12/30/2024 14:45,79.31902989
12/30/2024 15:00,84.32202635
12/30/2024 15:15,84.7527479
12/30/2024 15:30,80.14734056
12/30/2024 15:45,83.92443723
12/30/2024 16:00,86.01178012
12/30/2024 16:15,79.31902989
12/30/2024 16:30,83.06299413
12/30/2024 16:45,86.84009079
12/30/2024 17:00,79.31902989
12/30/2024 17:15,80.14734056
12/30/2024 17:30,83.06299413
12/30/2024 17:45,75.14434411
12/30/2024 18:00,71.40037987
12/30/2024 18:15,77.66240855
12/30/2024 18:30,80.97565124
12/30/2024 18:45,67.22569409
12/30/2024 19:00,77.66240855
12/30/2024 19:15,73.05700122
12/30/2024 19:30,68.45159388
12/30/2024 19:45,75.57506566
12/30/2024 20:00,66.36425099
12/30/2024 20:15,73.05700122
12/30/2024 20:30,65.53594032
12/30/2024 20:45,68.88231543
12/30/2024 21:00,69.31303698
12/30/2024 21:15,65.96666187
12/30/2024 21:30,67.62328321
12/30/2024 21:45,65.53594032
12/30/2024 22:00,65.1383512
12/30/2024 22:15,65.1383512
12/30/2024 22:30,67.22569409
12/30/2024 22:45,65.1383512
12/30/2024 23:00,65.1383512
12/30/2024 23:15,67.62328321
12/30/2024 23:30,65.53594032
12/30/2024 23:45,65.53594032
12/31/2024 0:00,77.231687
12/31/2024 0:15,66.79497254
12/31/2024 0:30,65.1383512
12/31/2024 0:45,65.1383512
12/31/2024 1:00,65.96666187
12/31/2024 1:15,67.62328321
12/31/2024 1:30,65.96666187
12/31/2024 1:45,65.96666187
12/31/2024 2:00,68.45159388
12/31/2024 2:15,66.36425099
12/31/2024 2:30,65.53594032
12/31/2024 2:45,66.79497254
12/31/2024 3:00,67.22569409
12/31/2024 3:15,65.96666187
12/31/2024 3:30,65.1383512
12/31/2024 3:45,67.62328321
12/31/2024 4:00,64.70762965
12/31/2024 4:15,64.70762965
12/31/2024 4:30,66.36425099
12/31/2024 4:45,197.8668532
12/31/2024 5:00,209.5625999
12/31/2024 5:15,207.475257
12/31/2024 5:30,208.3035676
12/31/2024 5:45,285.1376655
12/31/2024 6:00,453.3841291
12/31/2024 6:15,450.037754
12/31/2024 6:30,493.4412332
12/31/2024 6:45,523.4923443
12/31/2024 7:00,497.2183298
12/31/2024 7:15,509.7423872
12/31/2024 7:30,539.7934983
12/31/2024 7:45,543.5374626
12/31/2024 8:00,540.1910875
12/31/2024 8:15,543.1398735
12/31/2024 8:30,561.0645164
12/31/2024 8:45,573.1909846
12/31/2024 9:00,598.2390993
12/31/2024 9:15,650.4226716
12/31/2024 9:30,628.2902105
12/31/2024 9:45,772.7475916
12/31/2024 10:00,966.439759
12/31/2024 10:15,993.144495
12/31/2024 10:30,994.0059381
12/31/2024 10:45,1033.665453
12/31/2024 11:00,927.2109656
12/31/2024 11:15,931.7832405
12/31/2024 11:30,934.698894
12/31/2024 11:45,905.9068151
12/31/2024 12:00,875.8557039
12/31/2024 12:15,877.9430468
12/31/2024 12:30,895.9008222
12/31/2024 12:45,948.4819836
12/31/2024 13:00,950.1717374
12/31/2024 13:15,888.3797613
12/31/2024 13:30,910.0815009
12/31/2024 13:45,854.982275
12/31/2024 14:00,856.2413072
12/31/2024 14:15,807.3709776
12/31/2024 14:30,792.3619883
12/31/2024 14:45,718.0459548
12/31/2024 15:00,620.7691496
12/31/2024 15:15,615.7661531
12/31/2024 15:30,639.5552356
12/31/2024 15:45,651.2509823
12/31/2024 16:00,643.7299214
12/31/2024 16:15,640.8142678
12/31/2024 16:30,569.4138879
12/31/2024 16:45,550.2302128
12/31/2024 17:00,599.4981315
12/31/2024 17:15,533.9290588
12/31/2024 17:30,546.8838377
12/31/2024 17:45,534.3597803
12/31/2024 18:00,468.3931185
12/31/2024 18:15,249.2221148
12/31/2024 18:30,215.8246285
12/31/2024 18:45,211.6499428
12/31/2024 19:00,206.6469463
12/31/2024 19:15,220.4300359
12/31/2024 19:30,205.3879141
12/31/2024 19:45,176.1651136
12/31/2024 20:00,179.5114887
12/31/2024 20:15,193.2945783
12/31/2024 20:30,170.7313956
12/31/2024 20:45,180.7705209
12/31/2024 21:00,188.6891709
12/31/2024 21:15,179.9422103
12/31/2024 21:30,169.0747742
12/31/2024 21:45,172.8187385
12/31/2024 22:00,167.815742
12/31/2024 22:15,166.1591207
12/31/2024 22:30,180.3397994
12/31/2024 22:45,159.897092
12/31/2024 23:00,169.5054958
12/31/2024 23:15,165.33081
12/31/2024 23:30,161.5537134
12/31/2024 23:45,146.544724
